NAME	GS<br> follow link to MSigDB	GS DETAILS	SIZE	ES	NES	NOM p-val	FDR q-val	FWER p-val	RANK AT MAX	LEADING EDGE	
PROTEIN SYNTHESIS: ASPARTIC ACID%SMPDB%SMP0111858	PROTEIN SYNTHESIS: ASPARTIC ACID%SMPDB%SMP0111858	Details ...	78	-0.73907155	-2.678651	0.0	0.0	0.0	2336	tags=87%, list=21%, signal=110%	
PROTEIN SYNTHESIS: GLUTAMIC ACID%PATHWHIZ%PW112922	PROTEIN SYNTHESIS: GLUTAMIC ACID%PATHWHIZ%PW112922	Details ...	78	-0.73789537	-2.6661522	0.0	0.0	0.0	2336	tags=86%, list=21%, signal=108%	
EUKARYOTIC TRANSLATION TERMINATION%REACTOME%R-HSA-72764.6	EUKARYOTIC TRANSLATION TERMINATION%REACTOME%R-HSA-72764.6	Details ...	89	-0.7153792	-2.6602657	0.0	0.0	0.0	2336	tags=79%, list=21%, signal=99%	
PROTEIN SYNTHESIS: METHIONINE%PATHWHIZ%PW112933	PROTEIN SYNTHESIS: METHIONINE%PATHWHIZ%PW112933	Details ...	78	-0.7350109	-2.6570451	0.0	0.0	0.0	2336	tags=86%, list=21%, signal=108%	
PROTEIN SYNTHESIS: ARGININE%SMPDB%SMP0111853	PROTEIN SYNTHESIS: ARGININE%SMPDB%SMP0111853	Details ...	78	-0.7390828	-2.6506634	0.0	0.0	0.0	2336	tags=87%, list=21%, signal=110%	
PROTEIN SYNTHESIS: LEUCINE%SMPDB%SMP0111873	PROTEIN SYNTHESIS: LEUCINE%SMPDB%SMP0111873	Details ...	78	-0.7395188	-2.6469162	0.0	0.0	0.0	2336	tags=87%, list=21%, signal=110%	
PEPTIDE CHAIN ELONGATION%REACTOME%R-HSA-156902.4	PEPTIDE CHAIN ELONGATION%REACTOME%R-HSA-156902.4	Details ...	85	-0.72385675	-2.6419418	0.0	0.0	0.0	2336	tags=81%, list=21%, signal=102%	
PROTEIN SYNTHESIS: PROLINE%PATHWHIZ%PW113695	PROTEIN SYNTHESIS: PROLINE%PATHWHIZ%PW113695	Details ...	78	-0.73789537	-2.6326232	0.0	0.0	0.0	2336	tags=86%, list=21%, signal=108%	
PROTEIN SYNTHESIS: LYSINE%SMPDB%SMP0111874	PROTEIN SYNTHESIS: LYSINE%SMPDB%SMP0111874	Details ...	78	-0.7374049	-2.6323485	0.0	0.0	0.0	2336	tags=86%, list=21%, signal=108%	
PROTEIN SYNTHESIS: TYROSINE%PATHWHIZ%PW120527	PROTEIN SYNTHESIS: TYROSINE%PATHWHIZ%PW120527	Details ...	78	-0.73721176	-2.6316092	0.0	0.0	0.0	2336	tags=86%, list=21%, signal=108%	
PROTEIN SYNTHESIS: ALANINE%PATHWHIZ%PW101384	PROTEIN SYNTHESIS: ALANINE%PATHWHIZ%PW101384	Details ...	78	-0.7374817	-2.6299584	0.0	0.0	0.0	2336	tags=86%, list=21%, signal=108%	
PROTEIN SYNTHESIS: ISOLEUCINE%SMPDB%SMP0111872	PROTEIN SYNTHESIS: ISOLEUCINE%SMPDB%SMP0111872	Details ...	78	-0.73811686	-2.6294904	0.0	0.0	0.0	2336	tags=86%, list=21%, signal=108%	
PROTEIN SYNTHESIS: GLUTAMINE%SMPDB%SMP0111862	PROTEIN SYNTHESIS: GLUTAMINE%SMPDB%SMP0111862	Details ...	78	-0.73335516	-2.6170287	0.0	0.0	0.0	2336	tags=86%, list=21%, signal=108%	
PROTEIN SYNTHESIS: VALINE%PATHWHIZ%PW120528	PROTEIN SYNTHESIS: VALINE%PATHWHIZ%PW120528	Details ...	78	-0.7339401	-2.615236	0.0	0.0	0.0	2336	tags=86%, list=21%, signal=108%	
PROTEIN SYNTHESIS: THREONINE%PATHWHIZ%PW120525	PROTEIN SYNTHESIS: THREONINE%PATHWHIZ%PW120525	Details ...	78	-0.7391216	-2.6126456	0.0	0.0	0.0	2336	tags=87%, list=21%, signal=110%	
PROTEIN SYNTHESIS: ASPARAGINE%SMPDB%SMP0111854	PROTEIN SYNTHESIS: ASPARAGINE%SMPDB%SMP0111854	Details ...	78	-0.7335784	-2.6077902	0.0	0.0	0.0	2336	tags=86%, list=21%, signal=108%	
VIRAL MRNA TRANSLATION%REACTOME DATABASE ID RELEASE 93%192823	VIRAL MRNA TRANSLATION%REACTOME DATABASE ID RELEASE 93%192823	Details ...	85	-0.7162484	-2.6022623	0.0	0.0	0.0	2336	tags=81%, list=21%, signal=102%	
EUKARYOTIC TRANSLATION ELONGATION%REACTOME%R-HSA-156842.4	EUKARYOTIC TRANSLATION ELONGATION%REACTOME%R-HSA-156842.4	Details ...	87	-0.71314985	-2.597099	0.0	0.0	0.0	2276	tags=79%, list=21%, signal=99%	
PROTEIN SYNTHESIS: PHENYLALANINE%PATHWHIZ%PW112934	PROTEIN SYNTHESIS: PHENYLALANINE%PATHWHIZ%PW112934	Details ...	79	-0.72840255	-2.596964	0.0	0.0	0.0	2336	tags=85%, list=21%, signal=107%	
FORMATION OF A POOL OF FREE 40S SUBUNITS%REACTOME%R-HSA-72689.3	FORMATION OF A POOL OF FREE 40S SUBUNITS%REACTOME%R-HSA-72689.3	Details ...	97	-0.69997585	-2.5897388	0.0	0.0	0.0	2276	tags=74%, list=21%, signal=93%	
PROTEIN SYNTHESIS: SERINE%PATHWHIZ%PW120517	PROTEIN SYNTHESIS: SERINE%PATHWHIZ%PW120517		78	-0.7253369	-2.5810373	0.0	0.0	0.0	2336	tags=86%, list=21%, signal=108%	
PROTEIN SYNTHESIS: CYSTEINE%PATHWHIZ%PW112918	PROTEIN SYNTHESIS: CYSTEINE%PATHWHIZ%PW112918		78	-0.7238573	-2.5714386	0.0	0.0	0.0	2336	tags=86%, list=21%, signal=108%	
SELENOAMINO ACID METABOLISM%REACTOME DATABASE ID RELEASE 93%2408522	SELENOAMINO ACID METABOLISM%REACTOME DATABASE ID RELEASE 93%2408522		105	-0.6886211	-2.5593219	0.0	0.0	0.0	2217	tags=72%, list=20%, signal=90%	
PROTEIN SYNTHESIS: HISTIDINE%PATHWHIZ%PW112929	PROTEIN SYNTHESIS: HISTIDINE%PATHWHIZ%PW112929		78	-0.7171002	-2.5584671	0.0	0.0	0.0	2336	tags=86%, list=21%, signal=108%	
PROTEIN SYNTHESIS: GLYCINE%PATHWHIZ%PW112928	PROTEIN SYNTHESIS: GLYCINE%PATHWHIZ%PW112928		78	-0.7299457	-2.5571465	0.0	0.0	0.0	2336	tags=86%, list=21%, signal=108%	
PROTEIN SYNTHESIS: TRYPTOPHAN%PATHWHIZ%PW120526	PROTEIN SYNTHESIS: TRYPTOPHAN%PATHWHIZ%PW120526		78	-0.71704805	-2.551952	0.0	0.0	0.0	2336	tags=86%, list=21%, signal=108%	
RESPONSE OF EIF2AK4 (GCN2) TO AMINO ACID DEFICIENCY%REACTOME DATABASE ID RELEASE 93%9633012	RESPONSE OF EIF2AK4 (GCN2) TO AMINO ACID DEFICIENCY%REACTOME DATABASE ID RELEASE 93%9633012		96	-0.6875829	-2.53315	0.0	0.0	0.0	2276	tags=73%, list=21%, signal=91%	
SELENOCYSTEINE SYNTHESIS%REACTOME DATABASE ID RELEASE 93%2408557	SELENOCYSTEINE SYNTHESIS%REACTOME DATABASE ID RELEASE 93%2408557		89	-0.69731313	-2.5314791	0.0	0.0	0.0	2276	tags=79%, list=21%, signal=98%	
NONSENSE MEDIATED DECAY (NMD) INDEPENDENT OF THE EXON JUNCTION COMPLEX (EJC)%REACTOME DATABASE ID RELEASE 93%975956	NONSENSE MEDIATED DECAY (NMD) INDEPENDENT OF THE EXON JUNCTION COMPLEX (EJC)%REACTOME DATABASE ID RELEASE 93%975956		91	-0.690276	-2.526699	0.0	0.0	0.0	2276	tags=75%, list=21%, signal=93%	
L13A-MEDIATED TRANSLATIONAL SILENCING OF CERULOPLASMIN EXPRESSION%REACTOME%R-HSA-156827.5	L13A-MEDIATED TRANSLATIONAL SILENCING OF CERULOPLASMIN EXPRESSION%REACTOME%R-HSA-156827.5		107	-0.67447084	-2.5256732	0.0	0.0	0.0	2336	tags=71%, list=21%, signal=89%	
CAP-DEPENDENT TRANSLATION INITIATION%REACTOME%R-HSA-72737.4	CAP-DEPENDENT TRANSLATION INITIATION%REACTOME%R-HSA-72737.4		115	-0.6534061	-2.5102854	0.0	0.0	0.0	2336	tags=66%, list=21%, signal=83%	
GTP HYDROLYSIS AND JOINING OF THE 60S RIBOSOMAL SUBUNIT%REACTOME%R-HSA-72706.4	GTP HYDROLYSIS AND JOINING OF THE 60S RIBOSOMAL SUBUNIT%REACTOME%R-HSA-72706.4		108	-0.6631604	-2.4961224	0.0	0.0	0.0	2336	tags=70%, list=21%, signal=89%	
EUKARYOTIC TRANSLATION INITIATION%REACTOME%R-HSA-72613.5	EUKARYOTIC TRANSLATION INITIATION%REACTOME%R-HSA-72613.5		115	-0.6534061	-2.4810727	0.0	0.0	0.0	2336	tags=66%, list=21%, signal=83%	
CYTOPLASMIC RIBOSOMAL PROTEINS%WIKIPATHWAYS_20250810%WP477%HOMO SAPIENS	CYTOPLASMIC RIBOSOMAL PROTEINS%WIKIPATHWAYS_20250810%WP477%HOMO SAPIENS		83	-0.67974806	-2.4672563	0.0	0.0	0.0	2336	tags=81%, list=21%, signal=102%	
NONSENSE MEDIATED DECAY (NMD) ENHANCED BY THE EXON JUNCTION COMPLEX (EJC)%REACTOME%R-HSA-975957.3	NONSENSE MEDIATED DECAY (NMD) ENHANCED BY THE EXON JUNCTION COMPLEX (EJC)%REACTOME%R-HSA-975957.3		111	-0.6230629	-2.3732083	0.0	0.0	0.0	2217	tags=62%, list=20%, signal=77%	
NONSENSE-MEDIATED DECAY (NMD)%REACTOME%R-HSA-927802.4	NONSENSE-MEDIATED DECAY (NMD)%REACTOME%R-HSA-927802.4		111	-0.6230629	-2.3167133	0.0	0.0	0.0	2217	tags=62%, list=20%, signal=77%	
CYTOPLASMIC TRANSLATION%GOBP%GO:0002181	CYTOPLASMIC TRANSLATION%GOBP%GO:0002181		125	-0.5971569	-2.2992342	0.0	0.0	0.0	2336	tags=61%, list=21%, signal=76%	
SARS-COV-1 MODULATES HOST TRANSLATION MACHINERY%REACTOME DATABASE ID RELEASE 93%9735869	SARS-COV-1 MODULATES HOST TRANSLATION MACHINERY%REACTOME DATABASE ID RELEASE 93%9735869		36	-0.73033375	-2.2857246	0.0	0.0	0.0	1536	tags=69%, list=14%, signal=80%	
MAJOR PATHWAY OF RRNA PROCESSING IN THE NUCLEOLUS AND CYTOSOL%REACTOME%R-HSA-6791226.5	MAJOR PATHWAY OF RRNA PROCESSING IN THE NUCLEOLUS AND CYTOSOL%REACTOME%R-HSA-6791226.5		174	-0.5500496	-2.2416954	0.0	0.0	0.0	2336	tags=50%, list=21%, signal=63%	
SARS-COV-2 MODULATES HOST TRANSLATION MACHINERY%REACTOME%R-HSA-9754678.3	SARS-COV-2 MODULATES HOST TRANSLATION MACHINERY%REACTOME%R-HSA-9754678.3		49	-0.6896655	-2.235392	0.0	0.0	0.0	1736	tags=59%, list=16%, signal=70%	
SRP-DEPENDENT COTRANSLATIONAL PROTEIN TARGETING TO MEMBRANE%REACTOME%R-HSA-1799339.4	SRP-DEPENDENT COTRANSLATIONAL PROTEIN TARGETING TO MEMBRANE%REACTOME%R-HSA-1799339.4		108	-0.5809791	-2.2133203	0.0	4.2106458E-5	0.002	2217	tags=62%, list=20%, signal=77%	
RRNA PROCESSING IN THE NUCLEUS AND CYTOSOL%REACTOME DATABASE ID RELEASE 93%8868773	RRNA PROCESSING IN THE NUCLEUS AND CYTOSOL%REACTOME DATABASE ID RELEASE 93%8868773		184	-0.5435033	-2.1922	0.0	1.2074306E-4	0.006	2336	tags=49%, list=21%, signal=62%	
FORMATION OF THE TERNARY COMPLEX, AND SUBSEQUENTLY, THE 43S COMPLEX%REACTOME%R-HSA-72695.4	FORMATION OF THE TERNARY COMPLEX, AND SUBSEQUENTLY, THE 43S COMPLEX%REACTOME%R-HSA-72695.4		51	-0.6482422	-2.1887171	0.0	1.7631048E-4	0.009	1742	tags=57%, list=16%, signal=67%	
INFLUENZA VIRAL RNA TRANSCRIPTION AND REPLICATION%REACTOME DATABASE ID RELEASE 93%168273	INFLUENZA VIRAL RNA TRANSCRIPTION AND REPLICATION%REACTOME DATABASE ID RELEASE 93%168273		127	-0.5693847	-2.1856432	0.0	1.7230342E-4	0.009	2217	tags=56%, list=20%, signal=69%	
RRNA PROCESSING%REACTOME%R-HSA-72312.5	RRNA PROCESSING%REACTOME%R-HSA-72312.5		199	-0.51854855	-2.1175277	0.0	7.5182255E-4	0.04	2336	tags=46%, list=21%, signal=58%	
ACTIVATION OF THE MRNA UPON BINDING OF THE CAP-BINDING COMPLEX AND EIFS, AND SUBSEQUENT BINDING TO 43S%REACTOME%R-HSA-72662.5	ACTIVATION OF THE MRNA UPON BINDING OF THE CAP-BINDING COMPLEX AND EIFS, AND SUBSEQUENT BINDING TO 43S%REACTOME%R-HSA-72662.5		59	-0.6217807	-2.0952988	0.0	9.747681E-4	0.051	1742	tags=53%, list=16%, signal=62%	
TRANSLATION INITIATION COMPLEX FORMATION%REACTOME%R-HSA-72649.4	TRANSLATION INITIATION COMPLEX FORMATION%REACTOME%R-HSA-72649.4		58	-0.6222469	-2.0943441	0.0	9.5402834E-4	0.051	1742	tags=53%, list=16%, signal=63%	
PHOTODYNAMIC THERAPY INDUCED NF KB SURVIVAL SIGNALING%WIKIPATHWAYS_20250810%WP3617%HOMO SAPIENS	PHOTODYNAMIC THERAPY INDUCED NF KB SURVIVAL SIGNALING%WIKIPATHWAYS_20250810%WP3617%HOMO SAPIENS		23	-0.7578669	-2.0751562	0.0	0.0014646045	0.078	635	tags=35%, list=6%, signal=37%	
INFLUENZA INFECTION%REACTOME DATABASE ID RELEASE 93%168255	INFLUENZA INFECTION%REACTOME DATABASE ID RELEASE 93%168255		144	-0.5154251	-2.0202577	0.0	0.0036989371	0.192	2217	tags=50%, list=20%, signal=62%	
RIBOSOMAL SCANNING AND START CODON RECOGNITION%REACTOME%R-HSA-72702.5	RIBOSOMAL SCANNING AND START CODON RECOGNITION%REACTOME%R-HSA-72702.5		58	-0.6045991	-2.0190988	0.0	0.0037776073	0.198	1742	tags=53%, list=16%, signal=63%	
CELLULAR RESPONSE TO STARVATION%REACTOME DATABASE ID RELEASE 93%9711097	CELLULAR RESPONSE TO STARVATION%REACTOME DATABASE ID RELEASE 93%9711097		143	-0.51679224	-2.0157075	0.0	0.0039511016	0.211	2276	tags=57%, list=21%, signal=71%	
REGULATION OF EXPRESSION OF SLITS AND ROBOS%REACTOME DATABASE ID RELEASE 93%9010553	REGULATION OF EXPRESSION OF SLITS AND ROBOS%REACTOME DATABASE ID RELEASE 93%9010553		143	-0.50159603	-1.9884183	0.0	0.0055980165	0.295	2217	tags=50%, list=20%, signal=62%	
INTERLEUKIN-10 SIGNALING%REACTOME DATABASE ID RELEASE 93%6783783	INTERLEUKIN-10 SIGNALING%REACTOME DATABASE ID RELEASE 93%6783783		20	-0.7169216	-1.9412578	0.0	0.01138384	0.523	344	tags=30%, list=3%, signal=31%	
OVERVIEW OF PROINFLAMMATORY AND PROFIBROTIC MEDIATORS%WIKIPATHWAYS_20250810%WP5095%HOMO SAPIENS	OVERVIEW OF PROINFLAMMATORY AND PROFIBROTIC MEDIATORS%WIKIPATHWAYS_20250810%WP5095%HOMO SAPIENS		20	-0.7155542	-1.9390291	0.0	0.011625861	0.536	410	tags=40%, list=4%, signal=41%	
REGULATION OF VASCULAR ENDOTHELIAL GROWTH FACTOR SIGNALING PATHWAY%GOBP%GO:1900746	REGULATION OF VASCULAR ENDOTHELIAL GROWTH FACTOR SIGNALING PATHWAY%GOBP%GO:1900746		15	-0.7350872	-1.8842542	0.004784689	0.023953537	0.801	575	tags=33%, list=5%, signal=35%	
MACROPHAGE STIMULATING PROTEIN MSP SIGNALING%WIKIPATHWAYS_20250810%WP5353%HOMO SAPIENS	MACROPHAGE STIMULATING PROTEIN MSP SIGNALING%WIKIPATHWAYS_20250810%WP5353%HOMO SAPIENS		53	-0.5527652	-1.8381653	0.002631579	0.043244246	0.949	756	tags=15%, list=7%, signal=16%	
REGULATION OF BLOOD PRESSURE%GOBP%GO:0008217	REGULATION OF BLOOD PRESSURE%GOBP%GO:0008217		46	-0.5603178	-1.825461	0.0023809525	0.0499472	0.969	1179	tags=28%, list=11%, signal=32%	
REGULATION OF CELLULAR RESPONSE TO VASCULAR ENDOTHELIAL GROWTH FACTOR STIMULUS%GOBP%GO:1902547	REGULATION OF CELLULAR RESPONSE TO VASCULAR ENDOTHELIAL GROWTH FACTOR STIMULUS%GOBP%GO:1902547		16	-0.71047235	-1.8197267	0.004716981	0.052498545	0.976	575	tags=31%, list=5%, signal=33%	
ESTROGEN-DEPENDENT NUCLEAR EVENTS DOWNSTREAM OF ESR-MEMBRANE SIGNALING%REACTOME DATABASE ID RELEASE 93%9634638	ESTROGEN-DEPENDENT NUCLEAR EVENTS DOWNSTREAM OF ESR-MEMBRANE SIGNALING%REACTOME DATABASE ID RELEASE 93%9634638		18	-0.7002075	-1.8180914	0.0	0.05242659	0.977	169	tags=17%, list=2%, signal=17%	
POLYOL METABOLIC PROCESS%GOBP%GO:0019751	POLYOL METABOLIC PROCESS%GOBP%GO:0019751		50	-0.5428766	-1.814688	0.0	0.053665727	0.981	401	tags=16%, list=4%, signal=17%	
SIGNALING BY ROBO RECEPTORS%REACTOME DATABASE ID RELEASE 93%376176	SIGNALING BY ROBO RECEPTORS%REACTOME DATABASE ID RELEASE 93%376176		175	-0.45017168	-1.8124948	0.0	0.054159608	0.983	2217	tags=46%, list=20%, signal=56%	
LUNG FIBROSIS%WIKIPATHWAYS_20250810%WP3624%HOMO SAPIENS	LUNG FIBROSIS%WIKIPATHWAYS_20250810%WP3624%HOMO SAPIENS		19	-0.6698636	-1.8021067	0.0024875621	0.060220685	0.99	417	tags=32%, list=4%, signal=33%	
CARDIOMYOCYTE SIGNALING CONVERGING ON TITIN%WIKIPATHWAYS_20250810%WP5344%HOMO SAPIENS	CARDIOMYOCYTE SIGNALING CONVERGING ON TITIN%WIKIPATHWAYS_20250810%WP5344%HOMO SAPIENS		16	-0.6970855	-1.7935002	0.002202643	0.06531833	0.992	592	tags=25%, list=5%, signal=26%	
PEPTIDE LIGAND-BINDING RECEPTORS%REACTOME DATABASE ID RELEASE 93%375276	PEPTIDE LIGAND-BINDING RECEPTORS%REACTOME DATABASE ID RELEASE 93%375276		34	-0.57057077	-1.7797431	0.002386635	0.07479935	0.996	658	tags=29%, list=6%, signal=31%	
PID_AP1_PATHWAY%MSIGDB_C2%PID_AP1_PATHWAY	PID_AP1_PATHWAY%MSIGDB_C2%PID_AP1_PATHWAY		39	-0.5581419	-1.7722447	0.0	0.079960965	0.997	1166	tags=31%, list=11%, signal=34%	
HEMATOPOIETIC STEM CELL DIFFERENTIATION%WIKIPATHWAYS_20250810%WP2849%HOMO SAPIENS	HEMATOPOIETIC STEM CELL DIFFERENTIATION%WIKIPATHWAYS_20250810%WP2849%HOMO SAPIENS		33	-0.5808958	-1.7708623	0.0	0.0799299	0.997	1305	tags=48%, list=12%, signal=55%	
EPITHELIAL CELL PROLIFERATION%GOBP%GO:0050673	EPITHELIAL CELL PROLIFERATION%GOBP%GO:0050673		22	-0.6228102	-1.7487657	0.018518519	0.09962884	1.0	373	tags=27%, list=3%, signal=28%	
ANTIVIRAL AND ANTI INFLAMMATORY EFFECTS OF NRF2 ON SARS COV 2 PATHWAY%WIKIPATHWAYS_20250810%WP5113%HOMO SAPIENS	ANTIVIRAL AND ANTI INFLAMMATORY EFFECTS OF NRF2 ON SARS COV 2 PATHWAY%WIKIPATHWAYS_20250810%WP5113%HOMO SAPIENS		19	-0.65093315	-1.7394271	0.00477327	0.10790589	1.0	344	tags=21%, list=3%, signal=22%	
EMBRYONIC ORGAN DEVELOPMENT%GOBP%GO:0048568	EMBRYONIC ORGAN DEVELOPMENT%GOBP%GO:0048568		81	-0.48103598	-1.7366868	0.0	0.10924355	1.0	931	tags=23%, list=8%, signal=25%	
CLASS A 1 (RHODOPSIN-LIKE RECEPTORS)%REACTOME%R-HSA-373076.10	CLASS A 1 (RHODOPSIN-LIKE RECEPTORS)%REACTOME%R-HSA-373076.10		66	-0.49443227	-1.7365867	0.0	0.10773039	1.0	658	tags=26%, list=6%, signal=27%	
CELL-CELL JUNCTION ORGANIZATION%GOBP%GO:0045216	CELL-CELL JUNCTION ORGANIZATION%GOBP%GO:0045216		64	-0.5002348	-1.733226	0.0	0.11019647	1.0	1248	tags=27%, list=11%, signal=30%	
MONOCARBOXYLIC ACID BIOSYNTHETIC PROCESS%GOBP%GO:0072330	MONOCARBOXYLIC ACID BIOSYNTHETIC PROCESS%GOBP%GO:0072330		74	-0.48900026	-1.7158227	0.0	0.12795973	1.0	1512	tags=27%, list=14%, signal=31%	
FAMILIAL PARTIAL LIPODYSTROPHY%WIKIPATHWAYS_20250810%WP5102%HOMO SAPIENS	FAMILIAL PARTIAL LIPODYSTROPHY%WIKIPATHWAYS_20250810%WP5102%HOMO SAPIENS		16	-0.6705669	-1.714093	0.017676767	0.12824313	1.0	540	tags=19%, list=5%, signal=20%	
EXTRA-NUCLEAR ESTROGEN SIGNALING%REACTOME DATABASE ID RELEASE 93%9009391	EXTRA-NUCLEAR ESTROGEN SIGNALING%REACTOME DATABASE ID RELEASE 93%9009391		44	-0.5344691	-1.709592	0.010152284	0.13202764	1.0	169	tags=11%, list=2%, signal=11%	
METAL ION SLC TRANSPORTERS%REACTOME%R-HSA-425410.4	METAL ION SLC TRANSPORTERS%REACTOME%R-HSA-425410.4		15	-0.7048346	-1.7093465	0.009456265	0.13061829	1.0	867	tags=40%, list=8%, signal=43%	
PRIMARY ALCOHOL METABOLIC PROCESS%GOBP%GO:0034308	PRIMARY ALCOHOL METABOLIC PROCESS%GOBP%GO:0034308		23	-0.612087	-1.6958678	0.014888338	0.14634065	1.0	1290	tags=30%, list=12%, signal=34%	
SIGNAL TRANSDUCTION BY L1%REACTOME%R-HSA-445144.3	SIGNAL TRANSDUCTION BY L1%REACTOME%R-HSA-445144.3		15	-0.675255	-1.6870885	0.00954654	0.1566681	1.0	598	tags=20%, list=5%, signal=21%	
AP-1 TRANSCRIPTION FACTOR NETWORK%PATHWAY INTERACTION DATABASE NCI-NATURE CURATED DATA%AP-1 TRANSCRIPTION FACTOR NETWORK	AP-1 TRANSCRIPTION FACTOR NETWORK%PATHWAY INTERACTION DATABASE NCI-NATURE CURATED DATA%AP-1 TRANSCRIPTION FACTOR NETWORK		46	-0.5164558	-1.6789984	0.0077319588	0.1663925	1.0	1166	tags=28%, list=11%, signal=31%	
GPCR LIGAND BINDING%REACTOME DATABASE ID RELEASE 93%500792	GPCR LIGAND BINDING%REACTOME DATABASE ID RELEASE 93%500792		92	-0.4491021	-1.6689261	0.0026385225	0.1807296	1.0	658	tags=21%, list=6%, signal=22%	
IMMUNOGLOBULIN PRODUCTION INVOLVED IN IMMUNOGLOBULIN-MEDIATED IMMUNE RESPONSE%GOBP%GO:0002381	IMMUNOGLOBULIN PRODUCTION INVOLVED IN IMMUNOGLOBULIN-MEDIATED IMMUNE RESPONSE%GOBP%GO:0002381		16	-0.6484899	-1.6685497	0.016241299	0.1790731	1.0	556	tags=25%, list=5%, signal=26%	
PID_HIF2PATHWAY%MSIGDB_C2%PID_HIF2PATHWAY	PID_HIF2PATHWAY%MSIGDB_C2%PID_HIF2PATHWAY		17	-0.6582919	-1.6665447	0.010309278	0.17976756	1.0	481	tags=29%, list=4%, signal=31%	
TYROSINE KINASE INHIBITORS IN GLIOBLASTOMA%WIKIPATHWAYS_20250810%WP5494%HOMO SAPIENS	TYROSINE KINASE INHIBITORS IN GLIOBLASTOMA%WIKIPATHWAYS_20250810%WP5494%HOMO SAPIENS		19	-0.6129305	-1.6561173	0.014251782	0.19419862	1.0	541	tags=11%, list=5%, signal=11%	
CELLULAR COMPONENT MAINTENANCE%GOBP%GO:0043954	CELLULAR COMPONENT MAINTENANCE%GOBP%GO:0043954		17	-0.6301704	-1.6557155	0.016666668	0.19252472	1.0	658	tags=29%, list=6%, signal=31%	
ACYLGLYCEROL HOMEOSTASIS%GOBP%GO:0055090	ACYLGLYCEROL HOMEOSTASIS%GOBP%GO:0055090		17	-0.61762	-1.6524056	0.019277109	0.19575506	1.0	724	tags=29%, list=7%, signal=31%	
CARDIAC CHAMBER MORPHOGENESIS%GOBP%GO:0003206	CARDIAC CHAMBER MORPHOGENESIS%GOBP%GO:0003206		29	-0.5541722	-1.6480429	0.0123152705	0.20092058	1.0	1967	tags=52%, list=18%, signal=63%	
SOMATIC DIVERSIFICATION OF IMMUNOGLOBULINS INVOLVED IN IMMUNE RESPONSE%GOBP%GO:0002208	SOMATIC DIVERSIFICATION OF IMMUNOGLOBULINS INVOLVED IN IMMUNE RESPONSE%GOBP%GO:0002208		16	-0.6484899	-1.6478838	0.009456265	0.1987999	1.0	556	tags=25%, list=5%, signal=26%	
OSTEOARTHRITIC CHONDROCYTE HYPERTROPHY%WIKIPATHWAYS_20250810%WP5373%HOMO SAPIENS	OSTEOARTHRITIC CHONDROCYTE HYPERTROPHY%WIKIPATHWAYS_20250810%WP5373%HOMO SAPIENS		27	-0.56356466	-1.6474471	0.007518797	0.19725606	1.0	2505	tags=44%, list=23%, signal=57%	
DEVELOPMENT OF PRIMARY SEXUAL CHARACTERISTICS%GOBP%GO:0045137	DEVELOPMENT OF PRIMARY SEXUAL CHARACTERISTICS%GOBP%GO:0045137		30	-0.5669411	-1.643442	0.009569378	0.2019204	1.0	1241	tags=33%, list=11%, signal=37%	
BIOCARTA_IGF1_PATHWAY%MSIGDB_C2%BIOCARTA_IGF1_PATHWAY	BIOCARTA_IGF1_PATHWAY%MSIGDB_C2%BIOCARTA_IGF1_PATHWAY		15	-0.6500317	-1.6432699	0.017738359	0.19994706	1.0	541	tags=20%, list=5%, signal=21%	
CARDIAC CHAMBER DEVELOPMENT%GOBP%GO:0003205	CARDIAC CHAMBER DEVELOPMENT%GOBP%GO:0003205		36	-0.5228818	-1.6384443	0.0127551025	0.20568526	1.0	1967	tags=50%, list=18%, signal=61%	
DIGESTIVE TRACT DEVELOPMENT%GOBP%GO:0048565	DIGESTIVE TRACT DEVELOPMENT%GOBP%GO:0048565		18	-0.61351144	-1.6377186	0.016166281	0.2044931	1.0	367	tags=22%, list=3%, signal=23%	
OOCYTE DIFFERENTIATION%GOBP%GO:0009994	OOCYTE DIFFERENTIATION%GOBP%GO:0009994		16	-0.63887864	-1.636959	0.014319809	0.20377374	1.0	663	tags=25%, list=6%, signal=27%	
ELASTIC FIBRE FORMATION%REACTOME%R-HSA-1566948.4	ELASTIC FIBRE FORMATION%REACTOME%R-HSA-1566948.4		17	-0.6370324	-1.6363212	0.019650655	0.2027101	1.0	1462	tags=47%, list=13%, signal=54%	
DIGESTIVE SYSTEM DEVELOPMENT%GOBP%GO:0055123	DIGESTIVE SYSTEM DEVELOPMENT%GOBP%GO:0055123		19	-0.60742426	-1.6334791	0.025821596	0.20578012	1.0	367	tags=21%, list=3%, signal=22%	
TIGHT JUNCTION ASSEMBLY%GOBP%GO:0120192	TIGHT JUNCTION ASSEMBLY%GOBP%GO:0120192		21	-0.5956391	-1.6297593	0.016055046	0.21035978	1.0	1173	tags=33%, list=11%, signal=37%	
BLOOD CIRCULATION%GOBP%GO:0008015	BLOOD CIRCULATION%GOBP%GO:0008015		113	-0.43391898	-1.6263834	0.0	0.21414499	1.0	744	tags=20%, list=7%, signal=22%	
DIOL METABOLIC PROCESS%GOBP%GO:0034311	DIOL METABOLIC PROCESS%GOBP%GO:0034311		17	-0.63711154	-1.6223813	0.027713627	0.21942537	1.0	181	tags=18%, list=2%, signal=18%	
TRANSCRIPTIONAL REGULATION OF GRANULOPOIESIS%REACTOME DATABASE ID RELEASE 93%9616222	TRANSCRIPTIONAL REGULATION OF GRANULOPOIESIS%REACTOME DATABASE ID RELEASE 93%9616222		42	-0.51170266	-1.6219006	0.012886598	0.21821263	1.0	1054	tags=29%, list=10%, signal=31%	
MESODERM DEVELOPMENT%GOBP%GO:0007498	MESODERM DEVELOPMENT%GOBP%GO:0007498		22	-0.58471113	-1.6206992	0.023584906	0.21807694	1.0	1293	tags=36%, list=12%, signal=41%	
GONAD DEVELOPMENT%GOBP%GO:0008406	GONAD DEVELOPMENT%GOBP%GO:0008406		28	-0.5563745	-1.619259	0.01594533	0.21839757	1.0	1241	tags=32%, list=11%, signal=36%	
OOCYTE DEVELOPMENT%GOBP%GO:0048599	OOCYTE DEVELOPMENT%GOBP%GO:0048599		16	-0.63887864	-1.6168553	0.024330901	0.22064392	1.0	663	tags=25%, list=6%, signal=27%	
COLLAGEN FIBRIL ORGANIZATION%GOBP%GO:0030199	COLLAGEN FIBRIL ORGANIZATION%GOBP%GO:0030199		21	-0.58741415	-1.6079309	0.033175357	0.2352333	1.0	888	tags=33%, list=8%, signal=36%	
HALLMARK_UV_RESPONSE_DN%MSIGDBHALLMARK%HALLMARK_UV_RESPONSE_DN	HALLMARK_UV_RESPONSE_DN%MSIGDBHALLMARK%HALLMARK_UV_RESPONSE_DN		78	-0.444716	-1.6072234	0.0	0.23437361	1.0	562	tags=19%, list=5%, signal=20%	
TIGHT JUNCTION ORGANIZATION%GOBP%GO:0120193	TIGHT JUNCTION ORGANIZATION%GOBP%GO:0120193		21	-0.5956391	-1.6013342	0.03073286	0.24333464	1.0	1173	tags=33%, list=11%, signal=37%	
GROWTH FACTORS AND HORMONES IN BETA CELL PROLIFERATION%WIKIPATHWAYS_20250810%WP5385%HOMO SAPIENS	GROWTH FACTORS AND HORMONES IN BETA CELL PROLIFERATION%WIKIPATHWAYS_20250810%WP5385%HOMO SAPIENS		15	-0.6366389	-1.5982673	0.009708738	0.24703074	1.0	123	tags=13%, list=1%, signal=13%	
NON-PROTEINOGENIC AMINO ACID METABOLIC PROCESS%GOBP%GO:0170041	NON-PROTEINOGENIC AMINO ACID METABOLIC PROCESS%GOBP%GO:0170041		27	-0.5592059	-1.5975759	0.01604278	0.24606438	1.0	580	tags=26%, list=5%, signal=27%	
CELL-CELL JUNCTION ASSEMBLY%GOBP%GO:0007043	CELL-CELL JUNCTION ASSEMBLY%GOBP%GO:0007043		48	-0.49276334	-1.5971842	0.009779952	0.24445981	1.0	1248	tags=25%, list=11%, signal=28%	
TRIGLYCERIDE HOMEOSTASIS%GOBP%GO:0070328	TRIGLYCERIDE HOMEOSTASIS%GOBP%GO:0070328		17	-0.61762	-1.5910937	0.026378896	0.25423473	1.0	724	tags=29%, list=7%, signal=31%	
PID_HNF3A_PATHWAY%MSIGDB_C2%PID_HNF3A_PATHWAY	PID_HNF3A_PATHWAY%MSIGDB_C2%PID_HNF3A_PATHWAY		16	-0.6193234	-1.5896758	0.040963855	0.25457284	1.0	373	tags=25%, list=3%, signal=26%	
CARBOXYLIC ACID BIOSYNTHETIC PROCESS%GOBP%GO:0046394	CARBOXYLIC ACID BIOSYNTHETIC PROCESS%GOBP%GO:0046394		123	-0.40593415	-1.5891777	0.0	0.2533066	1.0	1512	tags=24%, list=14%, signal=27%	
PID_NFAT_TFPATHWAY%MSIGDB_C2%PID_NFAT_TFPATHWAY	PID_NFAT_TFPATHWAY%MSIGDB_C2%PID_NFAT_TFPATHWAY		25	-0.5511595	-1.5862257	0.01703163	0.25698268	1.0	1166	tags=40%, list=11%, signal=45%	
ORGANIC ACID BIOSYNTHETIC PROCESS%GOBP%GO:0016053	ORGANIC ACID BIOSYNTHETIC PROCESS%GOBP%GO:0016053		124	-0.40993488	-1.5814246	0.0029411765	0.26475736	1.0	1512	tags=24%, list=14%, signal=28%	
CALCINEURIN-REGULATED NFAT-DEPENDENT TRANSCRIPTION IN LYMPHOCYTES%PATHWAY INTERACTION DATABASE NCI-NATURE CURATED DATA%CALCINEURIN-REGULATED NFAT-DEPENDENT TRANSCRIPTION IN LYMPHOCYTES	CALCINEURIN-REGULATED NFAT-DEPENDENT TRANSCRIPTION IN LYMPHOCYTES%PATHWAY INTERACTION DATABASE NCI-NATURE CURATED DATA%CALCINEURIN-REGULATED NFAT-DEPENDENT TRANSCRIPTION IN LYMPHOCYTES		30	-0.52268445	-1.5812786	0.024449877	0.2626919	1.0	1166	tags=37%, list=11%, signal=41%	
OOGENESIS%GOBP%GO:0048477	OOGENESIS%GOBP%GO:0048477		23	-0.5683352	-1.5808524	0.023529412	0.26123977	1.0	1052	tags=26%, list=10%, signal=29%	
NO CGMP PKG MEDIATED NEUROPROTECTION%WIKIPATHWAYS_20250810%WP4008%HOMO SAPIENS	NO CGMP PKG MEDIATED NEUROPROTECTION%WIKIPATHWAYS_20250810%WP4008%HOMO SAPIENS		16	-0.6163146	-1.578637	0.035629455	0.26337266	1.0	344	tags=19%, list=3%, signal=19%	
HALLMARK_COAGULATION%MSIGDBHALLMARK%HALLMARK_COAGULATION	HALLMARK_COAGULATION%MSIGDBHALLMARK%HALLMARK_COAGULATION		44	-0.48976249	-1.5780305	0.012690355	0.26238585	1.0	186	tags=16%, list=2%, signal=16%	
EMBRYO DEVELOPMENT%GOBP%GO:0009790	EMBRYO DEVELOPMENT%GOBP%GO:0009790		190	-0.38197568	-1.5768647	0.0	0.26245087	1.0	1674	tags=26%, list=15%, signal=30%	
HEMATOPOIETIC PROGENITOR CELL DIFFERENTIATION%GOBP%GO:0002244	HEMATOPOIETIC PROGENITOR CELL DIFFERENTIATION%GOBP%GO:0002244		19	-0.5990573	-1.5752791	0.024038462	0.26316163	1.0	196	tags=16%, list=2%, signal=16%	
REGULATION OF HUMORAL IMMUNE RESPONSE%GOBP%GO:0002920	REGULATION OF HUMORAL IMMUNE RESPONSE%GOBP%GO:0002920		16	-0.61289215	-1.5725749	0.042154565	0.26622686	1.0	1149	tags=50%, list=10%, signal=56%	
SYNTHESIS OF BILE ACIDS AND BILE SALTS%REACTOME%R-HSA-192105.4	SYNTHESIS OF BILE ACIDS AND BILE SALTS%REACTOME%R-HSA-192105.4		18	-0.6080119	-1.5720732	0.02919708	0.2650175	1.0	857	tags=28%, list=8%, signal=30%	
DEVELOPMENT AND HETEROGENEITY OF THE ILC FAMILY%WIKIPATHWAYS_20250810%WP3893%HOMO SAPIENS	DEVELOPMENT AND HETEROGENEITY OF THE ILC FAMILY%WIKIPATHWAYS_20250810%WP3893%HOMO SAPIENS		17	-0.6035351	-1.5718676	0.03649635	0.2632607	1.0	1961	tags=59%, list=18%, signal=71%	
ANIMAL ORGAN MORPHOGENESIS%GOBP%GO:0009887	ANIMAL ORGAN MORPHOGENESIS%GOBP%GO:0009887		188	-0.38521406	-1.5706676	0.0	0.26355353	1.0	1054	tags=19%, list=10%, signal=21%	
EXPORT ACROSS PLASMA MEMBRANE%GOBP%GO:0140115	EXPORT ACROSS PLASMA MEMBRANE%GOBP%GO:0140115		31	-0.52812815	-1.5702064	0.027363185	0.2624169	1.0	1239	tags=35%, list=11%, signal=40%	
EXERCISE INDUCED CIRCADIAN REGULATION%WIKIPATHWAYS_20250810%WP410%HOMO SAPIENS	EXERCISE INDUCED CIRCADIAN REGULATION%WIKIPATHWAYS_20250810%WP410%HOMO SAPIENS		24	-0.5491508	-1.5689379	0.031496063	0.26261407	1.0	415	tags=17%, list=4%, signal=17%	
SEX DIFFERENTIATION%GOBP%GO:0007548	SEX DIFFERENTIATION%GOBP%GO:0007548		37	-0.5120953	-1.5651845	0.005063291	0.2680596	1.0	1241	tags=30%, list=11%, signal=33%	
BLOOD VESSEL DIAMETER MAINTENANCE%GOBP%GO:0097746	BLOOD VESSEL DIAMETER MAINTENANCE%GOBP%GO:0097746		35	-0.51134217	-1.5644535	0.02764977	0.26766932	1.0	1179	tags=29%, list=11%, signal=32%	
ANTERIOR/POSTERIOR PATTERN SPECIFICATION%GOBP%GO:0009952	ANTERIOR/POSTERIOR PATTERN SPECIFICATION%GOBP%GO:0009952		33	-0.5205164	-1.5619997	0.014251782	0.2706784	1.0	1371	tags=33%, list=12%, signal=38%	
CELLULAR RESPONSE TO XENOBIOTIC STIMULUS%GOBP%GO:0071466	CELLULAR RESPONSE TO XENOBIOTIC STIMULUS%GOBP%GO:0071466		57	-0.45881608	-1.5618904	0.010471204	0.26876134	1.0	522	tags=18%, list=5%, signal=18%	
BILE ACID AND BILE SALT METABOLISM%REACTOME%R-HSA-194068.3	BILE ACID AND BILE SALT METABOLISM%REACTOME%R-HSA-194068.3		18	-0.6080119	-1.5569574	0.01891253	0.27648664	1.0	857	tags=28%, list=8%, signal=30%	
REGULATION OF TUBE SIZE%GOBP%GO:0035150	REGULATION OF TUBE SIZE%GOBP%GO:0035150		35	-0.51134217	-1.5549905	0.028061224	0.27858573	1.0	1179	tags=29%, list=11%, signal=32%	
ATF4 ACTIVATES GENES IN RESPONSE TO ENDOPLASMIC RETICULUM STRESS%REACTOME DATABASE ID RELEASE 93%380994	ATF4 ACTIVATES GENES IN RESPONSE TO ENDOPLASMIC RETICULUM STRESS%REACTOME DATABASE ID RELEASE 93%380994		24	-0.54232246	-1.5530776	0.022988506	0.28043985	1.0	1799	tags=33%, list=16%, signal=40%	
REGULATION OF TUBE DIAMETER%GOBP%GO:0035296	REGULATION OF TUBE DIAMETER%GOBP%GO:0035296		35	-0.51134217	-1.5520588	0.027777778	0.28022292	1.0	1179	tags=29%, list=11%, signal=32%	
FATTY ACID BIOSYNTHETIC PROCESS%GOBP%GO:0006633	FATTY ACID BIOSYNTHETIC PROCESS%GOBP%GO:0006633		52	-0.46663964	-1.5517578	0.0070422534	0.27869385	1.0	1512	tags=27%, list=14%, signal=31%	
AXON ENSHEATHMENT%GOBP%GO:0008366	AXON ENSHEATHMENT%GOBP%GO:0008366		36	-0.49766204	-1.5491999	0.014925373	0.281775	1.0	298	tags=14%, list=3%, signal=14%	
STEM CELL DIFFERENTIATION%GOBP%GO:0048863	STEM CELL DIFFERENTIATION%GOBP%GO:0048863		55	-0.45497096	-1.5487734	0.012562814	0.28043216	1.0	1987	tags=31%, list=18%, signal=38%	
ANGIOGENESIS%GOBP%GO:0001525	ANGIOGENESIS%GOBP%GO:0001525		101	-0.41433626	-1.5457274	0.005194805	0.28457156	1.0	957	tags=22%, list=9%, signal=24%	
MULTICELLULAR ORGANISMAL-LEVEL CHEMICAL HOMEOSTASIS%GOBP%GO:0140962	MULTICELLULAR ORGANISMAL-LEVEL CHEMICAL HOMEOSTASIS%GOBP%GO:0140962		26	-0.54623455	-1.5427959	0.014888338	0.2888399	1.0	1125	tags=38%, list=10%, signal=43%	
REGULATION OF ENDOTHELIAL CELL APOPTOTIC PROCESS%GOBP%GO:2000351	REGULATION OF ENDOTHELIAL CELL APOPTOTIC PROCESS%GOBP%GO:2000351		22	-0.54695493	-1.5423106	0.025700934	0.28774938	1.0	805	tags=27%, list=7%, signal=29%	
FOXA1 TRANSCRIPTION FACTOR NETWORK%PATHWAY INTERACTION DATABASE NCI-NATURE CURATED DATA%FOXA1 TRANSCRIPTION FACTOR NETWORK	FOXA1 TRANSCRIPTION FACTOR NETWORK%PATHWAY INTERACTION DATABASE NCI-NATURE CURATED DATA%FOXA1 TRANSCRIPTION FACTOR NETWORK		23	-0.54818463	-1.5374529	0.042183623	0.29602548	1.0	373	tags=22%, list=3%, signal=22%	
OLIGODENDROCYTE DIFFERENTIATION%GOBP%GO:0048709	OLIGODENDROCYTE DIFFERENTIATION%GOBP%GO:0048709		18	-0.58301294	-1.5342339	0.043062203	0.30109546	1.0	298	tags=17%, list=3%, signal=17%	
PROSTAGLANDIN SIGNALING%WIKIPATHWAYS_20250810%WP5088%HOMO SAPIENS	PROSTAGLANDIN SIGNALING%WIKIPATHWAYS_20250810%WP5088%HOMO SAPIENS		16	-0.6133794	-1.5330318	0.04796163	0.30182803	1.0	1407	tags=44%, list=13%, signal=50%	
HEART MORPHOGENESIS%GOBP%GO:0003007	HEART MORPHOGENESIS%GOBP%GO:0003007		60	-0.45090348	-1.5317748	0.015665796	0.30241695	1.0	2047	tags=40%, list=19%, signal=49%	
MYELINATION%GOBP%GO:0042552	MYELINATION%GOBP%GO:0042552		36	-0.49766204	-1.5315953	0.01728395	0.3006824	1.0	298	tags=14%, list=3%, signal=14%	
POSITIVE REGULATION OF MITOTIC NUCLEAR DIVISION%GOBP%GO:0045840	POSITIVE REGULATION OF MITOTIC NUCLEAR DIVISION%GOBP%GO:0045840		24	-0.55148673	-1.5302309	0.040358745	0.3014203	1.0	621	tags=17%, list=6%, signal=18%	
NON-CANONICAL WNT SIGNALING PATHWAY%GOBP%GO:0035567	NON-CANONICAL WNT SIGNALING PATHWAY%GOBP%GO:0035567		26	-0.5249539	-1.5284704	0.016129032	0.30311447	1.0	1626	tags=38%, list=15%, signal=45%	
PID_SYNDECAN_2_PATHWAY%MSIGDB_C2%PID_SYNDECAN_2_PATHWAY	PID_SYNDECAN_2_PATHWAY%MSIGDB_C2%PID_SYNDECAN_2_PATHWAY		17	-0.58178926	-1.5284461	0.054761905	0.30109686	1.0	165	tags=18%, list=2%, signal=18%	
SARS-COV-1-HOST INTERACTIONS%REACTOME DATABASE ID RELEASE 93%9692914	SARS-COV-1-HOST INTERACTIONS%REACTOME DATABASE ID RELEASE 93%9692914		89	-0.41814402	-1.5236608	0.0077319588	0.3094034	1.0	1748	tags=39%, list=16%, signal=46%	
NEGATIVE REGULATION OF MUSCLE CELL DIFFERENTIATION%GOBP%GO:0051148	NEGATIVE REGULATION OF MUSCLE CELL DIFFERENTIATION%GOBP%GO:0051148		18	-0.57882905	-1.5233154	0.052009456	0.3080339	1.0	1017	tags=39%, list=9%, signal=43%	
REGULATION OF SYSTEMIC ARTERIAL BLOOD PRESSURE%GOBP%GO:0003073	REGULATION OF SYSTEMIC ARTERIAL BLOOD PRESSURE%GOBP%GO:0003073		23	-0.54086155	-1.5205535	0.05392157	0.31205696	1.0	1179	tags=35%, list=11%, signal=39%	
CONNECTIVE TISSUE DEVELOPMENT%GOBP%GO:0061448	CONNECTIVE TISSUE DEVELOPMENT%GOBP%GO:0061448		45	-0.47545257	-1.5202682	0.014326648	0.31061503	1.0	1537	tags=38%, list=14%, signal=44%	
OUTFLOW TRACT MORPHOGENESIS%GOBP%GO:0003151	OUTFLOW TRACT MORPHOGENESIS%GOBP%GO:0003151		21	-0.5608504	-1.5182754	0.05109489	0.31289378	1.0	1967	tags=52%, list=18%, signal=64%	
PID_TCR_CALCIUM_PATHWAY%MSIGDB_C2%PID_TCR_CALCIUM_PATHWAY	PID_TCR_CALCIUM_PATHWAY%MSIGDB_C2%PID_TCR_CALCIUM_PATHWAY		16	-0.5987561	-1.5152346	0.046620045	0.3174934	1.0	1166	tags=44%, list=11%, signal=49%	
UNTITLED%PANTHER PATHWAY%P00019	UNTITLED%PANTHER PATHWAY%P00019		40	-0.47476953	-1.5091227	0.0125	0.3297531	1.0	1031	tags=23%, list=9%, signal=25%	
POSITIVE REGULATION OF SMOOTH MUSCLE CELL PROLIFERATION%GOBP%GO:0048661	POSITIVE REGULATION OF SMOOTH MUSCLE CELL PROLIFERATION%GOBP%GO:0048661		26	-0.5173599	-1.5074732	0.037406486	0.33153126	1.0	342	tags=15%, list=3%, signal=16%	
RHYTHMIC PROCESS%GOBP%GO:0048511	RHYTHMIC PROCESS%GOBP%GO:0048511		80	-0.41424638	-1.5064502	0.007853403	0.33166462	1.0	1052	tags=16%, list=10%, signal=18%	
BARDET BIEDL SYNDROME%WIKIPATHWAYS_20250810%WP5234%HOMO SAPIENS	BARDET BIEDL SYNDROME%WIKIPATHWAYS_20250810%WP5234%HOMO SAPIENS		59	-0.44626153	-1.5040196	0.012048192	0.33487526	1.0	2506	tags=44%, list=23%, signal=57%	
PATTERN SPECIFICATION PROCESS%GOBP%GO:0007389	PATTERN SPECIFICATION PROCESS%GOBP%GO:0007389		83	-0.41298926	-1.4982802	0.0026385225	0.3464919	1.0	1857	tags=31%, list=17%, signal=37%	
NEGATIVE REGULATION OF BMP SIGNALING PATHWAY%GOBP%GO:0030514	NEGATIVE REGULATION OF BMP SIGNALING PATHWAY%GOBP%GO:0030514		23	-0.542811	-1.4941316	0.0521327	0.35441336	1.0	707	tags=22%, list=6%, signal=23%	
SIGNALING BY EGFR IN CANCER%REACTOME%R-HSA-1643713.4	SIGNALING BY EGFR IN CANCER%REACTOME%R-HSA-1643713.4		19	-0.5472421	-1.4934751	0.047727272	0.35378814	1.0	697	tags=21%, list=6%, signal=22%	
ENSHEATHMENT OF NEURONS%GOBP%GO:0007272	ENSHEATHMENT OF NEURONS%GOBP%GO:0007272		36	-0.49766204	-1.4932255	0.02278481	0.35215154	1.0	298	tags=14%, list=3%, signal=14%	
CORTICOTROPIN RELEASING HORMONE SIGNALING%WIKIPATHWAYS_20250810%WP2355%HOMO SAPIENS	CORTICOTROPIN RELEASING HORMONE SIGNALING%WIKIPATHWAYS_20250810%WP2355%HOMO SAPIENS		53	-0.44180912	-1.4847573	0.019125683	0.37057504	1.0	756	tags=17%, list=7%, signal=18%	
ALDEHYDE METABOLIC PROCESS%GOBP%GO:0006081	ALDEHYDE METABOLIC PROCESS%GOBP%GO:0006081		29	-0.49964055	-1.4844757	0.044226043	0.36900356	1.0	564	tags=21%, list=5%, signal=22%	
REPRODUCTIVE SYSTEM DEVELOPMENT%GOBP%GO:0061458	REPRODUCTIVE SYSTEM DEVELOPMENT%GOBP%GO:0061458		34	-0.48447573	-1.4830177	0.030516433	0.37028727	1.0	1241	tags=29%, list=11%, signal=33%	
CARTILAGE DEVELOPMENT%GOBP%GO:0051216	CARTILAGE DEVELOPMENT%GOBP%GO:0051216		34	-0.48751888	-1.4828672	0.033816423	0.36838028	1.0	1537	tags=38%, list=14%, signal=44%	
ERBB4 SIGNALING EVENTS%PATHWAY INTERACTION DATABASE NCI-NATURE CURATED DATA%ERBB4 SIGNALING EVENTS	ERBB4 SIGNALING EVENTS%PATHWAY INTERACTION DATABASE NCI-NATURE CURATED DATA%ERBB4 SIGNALING EVENTS		24	-0.5293844	-1.4800531	0.042713568	0.3735117	1.0	695	tags=17%, list=6%, signal=18%	
BURN WOUND HEALING%WIKIPATHWAYS_20250810%WP5055%HOMO SAPIENS	BURN WOUND HEALING%WIKIPATHWAYS_20250810%WP5055%HOMO SAPIENS		29	-0.49960423	-1.4730582	0.042183623	0.3893559	1.0	446	tags=21%, list=4%, signal=22%	
REGULATION OF SMOOTH MUSCLE CELL PROLIFERATION%GOBP%GO:0048660	REGULATION OF SMOOTH MUSCLE CELL PROLIFERATION%GOBP%GO:0048660		46	-0.4495139	-1.4706063	0.040650405	0.3932191	1.0	1179	tags=22%, list=11%, signal=24%	
OREXIN RECEPTOR PATHWAY%WIKIPATHWAYS_20250810%WP5094%HOMO SAPIENS	OREXIN RECEPTOR PATHWAY%WIKIPATHWAYS_20250810%WP5094%HOMO SAPIENS		48	-0.44071242	-1.4641788	0.035805628	0.4077545	1.0	756	tags=13%, list=7%, signal=13%	
BLADDER CANCER%WIKIPATHWAYS_20250810%WP2828%HOMO SAPIENS	BLADDER CANCER%WIKIPATHWAYS_20250810%WP2828%HOMO SAPIENS		27	-0.50285035	-1.4608511	0.05392157	0.41436294	1.0	374	tags=15%, list=3%, signal=15%	
METAPATHWAY BIOTRANSFORMATION PHASE I AND II%WIKIPATHWAYS_20250810%WP702%HOMO SAPIENS	METAPATHWAY BIOTRANSFORMATION PHASE I AND II%WIKIPATHWAYS_20250810%WP702%HOMO SAPIENS		42	-0.46638724	-1.4602561	0.046153847	0.41365314	1.0	935	tags=21%, list=9%, signal=23%	
HALLMARK_EPITHELIAL_MESENCHYMAL_TRANSITION%MSIGDBHALLMARK%HALLMARK_EPITHELIAL_MESENCHYMAL_TRANSITION	HALLMARK_EPITHELIAL_MESENCHYMAL_TRANSITION%MSIGDBHALLMARK%HALLMARK_EPITHELIAL_MESENCHYMAL_TRANSITION		73	-0.41828212	-1.4594893	0.01344086	0.41325957	1.0	887	tags=21%, list=8%, signal=22%	
REPRODUCTIVE STRUCTURE DEVELOPMENT%GOBP%GO:0048608	REPRODUCTIVE STRUCTURE DEVELOPMENT%GOBP%GO:0048608		34	-0.48447573	-1.4575293	0.032432433	0.41610792	1.0	1241	tags=29%, list=11%, signal=33%	
ALCOHOL METABOLIC PROCESS%GOBP%GO:0006066	ALCOHOL METABOLIC PROCESS%GOBP%GO:0006066		125	-0.3759385	-1.4503134	0.011049724	0.43345556	1.0	665	tags=12%, list=6%, signal=13%	
BLOOD VESSEL MORPHOGENESIS%GOBP%GO:0048514	BLOOD VESSEL MORPHOGENESIS%GOBP%GO:0048514		123	-0.38124663	-1.4502581	0.013850415	0.43111527	1.0	957	tags=20%, list=9%, signal=22%	
HEPATITIS C AND HEPATOCELLULAR CARCINOMA%WIKIPATHWAYS_20250810%WP3646%HOMO SAPIENS	HEPATITIS C AND HEPATOCELLULAR CARCINOMA%WIKIPATHWAYS_20250810%WP3646%HOMO SAPIENS		32	-0.47768974	-1.4491475	0.048543688	0.43184903	1.0	756	tags=22%, list=7%, signal=23%	
BILE ACID BIOSYNTHETIC PROCESS%GOBP%GO:0006699	BILE ACID BIOSYNTHETIC PROCESS%GOBP%GO:0006699		15	-0.56551075	-1.4482338	0.06896552	0.4318267	1.0	1434	tags=27%, list=13%, signal=31%	
INOSITOL PHOSPHATE METABOLIC PROCESS%GOBP%GO:0043647	INOSITOL PHOSPHATE METABOLIC PROCESS%GOBP%GO:0043647		17	-0.54901373	-1.44289	0.065375306	0.44451618	1.0	401	tags=18%, list=4%, signal=18%	
BICELLULAR TIGHT JUNCTION ASSEMBLY%GOBP%GO:0070830	BICELLULAR TIGHT JUNCTION ASSEMBLY%GOBP%GO:0070830		18	-0.5473571	-1.4420881	0.07673861	0.4443589	1.0	1173	tags=33%, list=11%, signal=37%	
MATURATION OF LSU-RRNA FROM TRICISTRONIC RRNA TRANSCRIPT (SSU-RRNA, 5.8S RRNA, LSU-RRNA)%GOBP%GO:0000463	MATURATION OF LSU-RRNA FROM TRICISTRONIC RRNA TRANSCRIPT (SSU-RRNA, 5.8S RRNA, LSU-RRNA)%GOBP%GO:0000463		15	-0.5703483	-1.4354903	0.08064516	0.46126398	1.0	2428	tags=47%, list=22%, signal=60%	
GLIAL CELL DIFFERENTIATION%GOBP%GO:0010001	GLIAL CELL DIFFERENTIATION%GOBP%GO:0010001		45	-0.44143397	-1.4321939	0.03076923	0.46859306	1.0	298	tags=11%, list=3%, signal=11%	
NON-INTEGRIN MEMBRANE-ECM INTERACTIONS%REACTOME%R-HSA-3000171.6	NON-INTEGRIN MEMBRANE-ECM INTERACTIONS%REACTOME%R-HSA-3000171.6		23	-0.49382943	-1.4317309	0.060465116	0.46720505	1.0	598	tags=22%, list=5%, signal=23%	
BBSOME-MEDIATED CARGO-TARGETING TO CILIUM%REACTOME%R-HSA-5620922.4	BBSOME-MEDIATED CARGO-TARGETING TO CILIUM%REACTOME%R-HSA-5620922.4		17	-0.5521117	-1.4306738	0.0725	0.46793303	1.0	3002	tags=53%, list=27%, signal=73%	
NGF-STIMULATED TRANSCRIPTION%REACTOME DATABASE ID RELEASE 93%9031628	NGF-STIMULATED TRANSCRIPTION%REACTOME DATABASE ID RELEASE 93%9031628		27	-0.48166174	-1.4273651	0.06356968	0.47512904	1.0	1772	tags=30%, list=16%, signal=35%	
TRANSCRIPTIONAL REGULATION BY THE AP-2 (TFAP2) FAMILY OF TRANSCRIPTION FACTORS%REACTOME DATABASE ID RELEASE 93%8864260	TRANSCRIPTIONAL REGULATION BY THE AP-2 (TFAP2) FAMILY OF TRANSCRIPTION FACTORS%REACTOME DATABASE ID RELEASE 93%8864260		22	-0.53076726	-1.4251126	0.08128079	0.4794728	1.0	374	tags=23%, list=3%, signal=23%	
CALCIUM SIGNALING IN THE CD4+ TCR PATHWAY%PATHWAY INTERACTION DATABASE NCI-NATURE CURATED DATA%CALCIUM SIGNALING IN THE CD4+ TCR PATHWAY	CALCIUM SIGNALING IN THE CD4+ TCR PATHWAY%PATHWAY INTERACTION DATABASE NCI-NATURE CURATED DATA%CALCIUM SIGNALING IN THE CD4+ TCR PATHWAY		17	-0.55145746	-1.4238918	0.07494145	0.48064795	1.0	1166	tags=41%, list=11%, signal=46%	
POSITIVE REGULATION OF NUCLEAR DIVISION%GOBP%GO:0051785	POSITIVE REGULATION OF NUCLEAR DIVISION%GOBP%GO:0051785		27	-0.48993254	-1.4236846	0.04987531	0.4787423	1.0	621	tags=15%, list=6%, signal=16%	
BLOOD VESSEL DEVELOPMENT%GOBP%GO:0001568	BLOOD VESSEL DEVELOPMENT%GOBP%GO:0001568		135	-0.36969656	-1.422222	0.0029761905	0.48085868	1.0	1248	tags=22%, list=11%, signal=25%	
PROSTAGLANDIN SYNTHESIS AND REGULATION%WIKIPATHWAYS_20250810%WP98%HOMO SAPIENS	PROSTAGLANDIN SYNTHESIS AND REGULATION%WIKIPATHWAYS_20250810%WP98%HOMO SAPIENS		15	-0.5614189	-1.4220823	0.09174312	0.4787091	1.0	446	tags=27%, list=4%, signal=28%	
PHASE I - FUNCTIONALIZATION OF COMPOUNDS%REACTOME%R-HSA-211945.8	PHASE I - FUNCTIONALIZATION OF COMPOUNDS%REACTOME%R-HSA-211945.8		34	-0.47392043	-1.42162	0.049140047	0.477609	1.0	564	tags=18%, list=5%, signal=19%	
MITOCHONDRIAL CALCIUM ION HOMEOSTASIS%GOBP%GO:0051560	MITOCHONDRIAL CALCIUM ION HOMEOSTASIS%GOBP%GO:0051560		18	-0.5454164	-1.4186425	0.0724299	0.4842354	1.0	298	tags=17%, list=3%, signal=17%	
TRANSITION METAL ION TRANSPORT%GOBP%GO:0000041	TRANSITION METAL ION TRANSPORT%GOBP%GO:0000041		50	-0.42796996	-1.4179771	0.023498695	0.48375666	1.0	1617	tags=34%, list=15%, signal=40%	
WNT SIGNALING PATHWAY, PLANAR CELL POLARITY PATHWAY%GOBP%GO:0060071	WNT SIGNALING PATHWAY, PLANAR CELL POLARITY PATHWAY%GOBP%GO:0060071		20	-0.5281604	-1.4171866	0.06175772	0.4836796	1.0	1626	tags=40%, list=15%, signal=47%	
VASCULATURE DEVELOPMENT%GOBP%GO:0001944	VASCULATURE DEVELOPMENT%GOBP%GO:0001944		144	-0.36047244	-1.4134892	0.009202454	0.49258804	1.0	1029	tags=19%, list=9%, signal=21%	
BIOCARTA_IL6_PATHWAY%MSIGDB_C2%BIOCARTA_IL6_PATHWAY	BIOCARTA_IL6_PATHWAY%MSIGDB_C2%BIOCARTA_IL6_PATHWAY		17	-0.5387192	-1.412272	0.06666667	0.49362364	1.0	541	tags=18%, list=5%, signal=19%	
REGULATION OF LIPID CATABOLIC PROCESS%GOBP%GO:0050994	REGULATION OF LIPID CATABOLIC PROCESS%GOBP%GO:0050994		27	-0.4748935	-1.408692	0.060324825	0.50214195	1.0	489	tags=19%, list=4%, signal=19%	
RAC1 PAK1 P38 MMP2 PATHWAY%WIKIPATHWAYS_20250810%WP3303%HOMO SAPIENS	RAC1 PAK1 P38 MMP2 PATHWAY%WIKIPATHWAYS_20250810%WP3303%HOMO SAPIENS		44	-0.43800178	-1.4076477	0.055837564	0.5030069	1.0	756	tags=11%, list=7%, signal=12%	
NEGATIVE REGULATION OF CELLULAR RESPONSE TO GROWTH FACTOR STIMULUS%GOBP%GO:0090288	NEGATIVE REGULATION OF CELLULAR RESPONSE TO GROWTH FACTOR STIMULUS%GOBP%GO:0090288		46	-0.4292595	-1.4065324	0.04255319	0.50403935	1.0	352	tags=17%, list=3%, signal=18%	
NCRNAS IN WNT SIGNALING IN HEPATOCELLULAR CARCINOMA%WIKIPATHWAYS_20250810%WP4336%HOMO SAPIENS	NCRNAS IN WNT SIGNALING IN HEPATOCELLULAR CARCINOMA%WIKIPATHWAYS_20250810%WP4336%HOMO SAPIENS		36	-0.4570682	-1.4034345	0.06	0.51145685	1.0	1626	tags=28%, list=15%, signal=32%	
ANATOMICAL STRUCTURE HOMEOSTASIS%GOBP%GO:0060249	ANATOMICAL STRUCTURE HOMEOSTASIS%GOBP%GO:0060249		68	-0.39684254	-1.403067	0.02710027	0.5100887	1.0	986	tags=24%, list=9%, signal=26%	
RRNA MODIFICATION IN THE NUCLEUS AND CYTOSOL%REACTOME DATABASE ID RELEASE 93%6790901	RRNA MODIFICATION IN THE NUCLEUS AND CYTOSOL%REACTOME DATABASE ID RELEASE 93%6790901		58	-0.40854478	-1.4012321	0.043037973	0.5132796	1.0	3409	tags=52%, list=31%, signal=75%	
NEGATIVE REGULATION OF OSTEOBLAST DIFFERENTIATION%GOBP%GO:0045668	NEGATIVE REGULATION OF OSTEOBLAST DIFFERENTIATION%GOBP%GO:0045668		18	-0.5456665	-1.4002545	0.09546539	0.5136449	1.0	1681	tags=44%, list=15%, signal=52%	
REGULATION OF MUSCLE CELL DIFFERENTIATION%GOBP%GO:0051147	REGULATION OF MUSCLE CELL DIFFERENTIATION%GOBP%GO:0051147		42	-0.43800807	-1.3992021	0.051282052	0.5142987	1.0	1400	tags=29%, list=13%, signal=33%	
SIGNALING BY PDGFR IN DISEASE%REACTOME DATABASE ID RELEASE 93%9671555	SIGNALING BY PDGFR IN DISEASE%REACTOME DATABASE ID RELEASE 93%9671555		15	-0.56125695	-1.3956617	0.094292805	0.5228025	1.0	1690	tags=33%, list=15%, signal=39%	
GLIAL CELL DEVELOPMENT%GOBP%GO:0021782	GLIAL CELL DEVELOPMENT%GOBP%GO:0021782		33	-0.45577422	-1.3946868	0.07004831	0.5233358	1.0	172	tags=9%, list=2%, signal=9%	
MULTI-MULTICELLULAR ORGANISM PROCESS%GOBP%GO:0044706	MULTI-MULTICELLULAR ORGANISM PROCESS%GOBP%GO:0044706		31	-0.4642137	-1.3943444	0.06451613	0.52181196	1.0	367	tags=16%, list=3%, signal=17%	
INTERLEUKIN SIGNALING PATHWAY%PANTHER PATHWAY%P00036	INTERLEUKIN SIGNALING PATHWAY%PANTHER PATHWAY%P00036		61	-0.4101677	-1.393809	0.040963855	0.52094	1.0	695	tags=13%, list=6%, signal=14%	
NEGATIVE REGULATION OF JNK CASCADE%GOBP%GO:0046329	NEGATIVE REGULATION OF JNK CASCADE%GOBP%GO:0046329		26	-0.48195034	-1.3928714	0.08311688	0.52131164	1.0	1087	tags=27%, list=10%, signal=30%	
HALLMARK_TNFA_SIGNALING_VIA_NFKB%MSIGDBHALLMARK%HALLMARK_TNFA_SIGNALING_VIA_NFKB	HALLMARK_TNFA_SIGNALING_VIA_NFKB%MSIGDBHALLMARK%HALLMARK_TNFA_SIGNALING_VIA_NFKB		129	-0.3570953	-1.39096	0.0259366	0.5247758	1.0	1187	tags=23%, list=11%, signal=26%	
REGULATION OF VASCULAR ENDOTHELIAL GROWTH FACTOR RECEPTOR SIGNALING PATHWAY%GOBP%GO:0030947	REGULATION OF VASCULAR ENDOTHELIAL GROWTH FACTOR RECEPTOR SIGNALING PATHWAY%GOBP%GO:0030947		18	-0.5269912	-1.3894374	0.08071749	0.52692485	1.0	575	tags=28%, list=5%, signal=29%	
SPINAL CORD INJURY%WIKIPATHWAYS_20250810%WP2431%HOMO SAPIENS	SPINAL CORD INJURY%WIKIPATHWAYS_20250810%WP2431%HOMO SAPIENS		50	-0.41331565	-1.385621	0.04645477	0.53687435	1.0	344	tags=12%, list=3%, signal=12%	
TISSUE HOMEOSTASIS%GOBP%GO:0001894	TISSUE HOMEOSTASIS%GOBP%GO:0001894		68	-0.39684254	-1.3836342	0.045212764	0.5407726	1.0	986	tags=24%, list=9%, signal=26%	
WNT SIGNALING%WIKIPATHWAYS_20250810%WP428%HOMO SAPIENS	WNT SIGNALING%WIKIPATHWAYS_20250810%WP428%HOMO SAPIENS		53	-0.41447264	-1.3835196	0.059850372	0.53857374	1.0	1626	tags=28%, list=15%, signal=33%	
ESR-MEDIATED SIGNALING%REACTOME%R-HSA-8939211.6	ESR-MEDIATED SIGNALING%REACTOME%R-HSA-8939211.6		135	-0.35585764	-1.3827808	0.029239766	0.5384307	1.0	383	tags=9%, list=3%, signal=9%	
RAS PROCESSING%REACTOME DATABASE ID RELEASE 93%9648002	RAS PROCESSING%REACTOME DATABASE ID RELEASE 93%9648002		19	-0.5114507	-1.380531	0.09456265	0.5433092	1.0	626	tags=21%, list=6%, signal=22%	
INTRACELLULAR IRON ION HOMEOSTASIS%GOBP%GO:0006879	INTRACELLULAR IRON ION HOMEOSTASIS%GOBP%GO:0006879		44	-0.42715442	-1.3783275	0.07960199	0.54754555	1.0	533	tags=18%, list=5%, signal=19%	
CELL JUNCTION ORGANIZATION%GOBP%GO:0034330	CELL JUNCTION ORGANIZATION%GOBP%GO:0034330		166	-0.34182715	-1.3778341	0.020958085	0.5466513	1.0	776	tags=16%, list=7%, signal=17%	
REGULATION OF MUSCLE CONTRACTION%GOBP%GO:0006937	REGULATION OF MUSCLE CONTRACTION%GOBP%GO:0006937		55	-0.41303262	-1.3772011	0.04812834	0.5461381	1.0	1049	tags=24%, list=10%, signal=26%	
IL26 SIGNALING%WIKIPATHWAYS_20250810%WP5347%HOMO SAPIENS	IL26 SIGNALING%WIKIPATHWAYS_20250810%WP5347%HOMO SAPIENS		25	-0.4767471	-1.3761789	0.08900524	0.5470684	1.0	997	tags=16%, list=9%, signal=18%	
APICAL JUNCTION ASSEMBLY%GOBP%GO:0043297	APICAL JUNCTION ASSEMBLY%GOBP%GO:0043297		25	-0.48314995	-1.3758394	0.10232558	0.54568386	1.0	1173	tags=24%, list=11%, signal=27%	
NEGATIVE REGULATION OF DEVELOPMENTAL GROWTH%GOBP%GO:0048640	NEGATIVE REGULATION OF DEVELOPMENTAL GROWTH%GOBP%GO:0048640		18	-0.5283944	-1.3743007	0.10297483	0.5483377	1.0	707	tags=28%, list=6%, signal=30%	
ADENYLATE CYCLASE-INHIBITING G PROTEIN-COUPLED RECEPTOR SIGNALING PATHWAY%GOBP%GO:0007193	ADENYLATE CYCLASE-INHIBITING G PROTEIN-COUPLED RECEPTOR SIGNALING PATHWAY%GOBP%GO:0007193		18	-0.5245381	-1.3725678	0.09862386	0.55126774	1.0	592	tags=28%, list=5%, signal=29%	
PID_FRA_PATHWAY%MSIGDB_C2%PID_FRA_PATHWAY	PID_FRA_PATHWAY%MSIGDB_C2%PID_FRA_PATHWAY		18	-0.52003896	-1.3717573	0.11627907	0.5514664	1.0	1166	tags=33%, list=11%, signal=37%	
FEMALE PREGNANCY%GOBP%GO:0007565	FEMALE PREGNANCY%GOBP%GO:0007565		29	-0.47686893	-1.3717018	0.08726415	0.5491755	1.0	367	tags=17%, list=3%, signal=18%	
RIBOSOMAL SMALL SUBUNIT BIOGENESIS%GOBP%GO:0042274	RIBOSOMAL SMALL SUBUNIT BIOGENESIS%GOBP%GO:0042274		99	-0.3743494	-1.3698071	0.029972753	0.5530822	1.0	1872	tags=30%, list=17%, signal=36%	
REGULATION OF STEM CELL PROLIFERATION%GOBP%GO:0072091	REGULATION OF STEM CELL PROLIFERATION%GOBP%GO:0072091		17	-0.5294778	-1.36798	0.11004785	0.5565831	1.0	1293	tags=29%, list=12%, signal=33%	
RESPONSE TO XENOBIOTIC STIMULUS%GOBP%GO:0009410	RESPONSE TO XENOBIOTIC STIMULUS%GOBP%GO:0009410		85	-0.38249412	-1.3672234	0.046831954	0.55649674	1.0	522	tags=15%, list=5%, signal=16%	
RNA POLYMERASE III TRANSCRIPTION TERMINATION%REACTOME%R-HSA-73980.5	RNA POLYMERASE III TRANSCRIPTION TERMINATION%REACTOME%R-HSA-73980.5		22	-0.49885762	-1.3671274	0.09952607	0.5543394	1.0	1188	tags=18%, list=11%, signal=20%	
BIOCARTA_CDMAC_PATHWAY%MSIGDB_C2%BIOCARTA_CDMAC_PATHWAY	BIOCARTA_CDMAC_PATHWAY%MSIGDB_C2%BIOCARTA_CDMAC_PATHWAY		15	-0.5345899	-1.3665801	0.12592593	0.5536509	1.0	169	tags=13%, list=2%, signal=14%	
NCAM1 INTERACTIONS%REACTOME DATABASE ID RELEASE 93%419037	NCAM1 INTERACTIONS%REACTOME DATABASE ID RELEASE 93%419037		15	-0.5318966	-1.3658068	0.12195122	0.5538096	1.0	888	tags=27%, list=8%, signal=29%	
TUBE MORPHOGENESIS%GOBP%GO:0035239	TUBE MORPHOGENESIS%GOBP%GO:0035239		176	-0.33973438	-1.3652861	0.01183432	0.553154	1.0	1017	tags=17%, list=9%, signal=18%	
FACTORS AND PATHWAYS AFFECTING INSULIN LIKE GROWTH FACTOR IGF1 AKT SIGNALING%WIKIPATHWAYS_20250810%WP3850%HOMO SAPIENS	FACTORS AND PATHWAYS AFFECTING INSULIN LIKE GROWTH FACTOR IGF1 AKT SIGNALING%WIKIPATHWAYS_20250810%WP3850%HOMO SAPIENS		21	-0.5026873	-1.3650951	0.105882354	0.551394	1.0	612	tags=10%, list=6%, signal=10%	
RNA POLYMERASE I TRANSCRIPTION TERMINATION%REACTOME DATABASE ID RELEASE 93%73863	RNA POLYMERASE I TRANSCRIPTION TERMINATION%REACTOME DATABASE ID RELEASE 93%73863		28	-0.47079113	-1.3630927	0.0911271	0.55545896	1.0	1232	tags=25%, list=11%, signal=28%	
SKELETAL SYSTEM DEVELOPMENT%GOBP%GO:0001501	SKELETAL SYSTEM DEVELOPMENT%GOBP%GO:0001501		107	-0.36025208	-1.3620151	0.024657534	0.5566753	1.0	1543	tags=26%, list=14%, signal=30%	
AXONOGENESIS%GOBP%GO:0007409	AXONOGENESIS%GOBP%GO:0007409		113	-0.36023116	-1.361698	0.048850574	0.5553383	1.0	968	tags=20%, list=9%, signal=22%	
PID_CD40_PATHWAY%MSIGDB_C2%PID_CD40_PATHWAY	PID_CD40_PATHWAY%MSIGDB_C2%PID_CD40_PATHWAY		22	-0.48256287	-1.3613554	0.09195402	0.5540982	1.0	805	tags=23%, list=7%, signal=24%	
GASTRIN SIGNALING%WIKIPATHWAYS_20250810%WP4659%HOMO SAPIENS	GASTRIN SIGNALING%WIKIPATHWAYS_20250810%WP4659%HOMO SAPIENS		77	-0.3792016	-1.361212	0.04935065	0.55221593	1.0	1029	tags=19%, list=9%, signal=21%	
MULTI-ORGANISM REPRODUCTIVE PROCESS%GOBP%GO:0044703	MULTI-ORGANISM REPRODUCTIVE PROCESS%GOBP%GO:0044703		30	-0.469756	-1.3611015	0.07764706	0.5501959	1.0	367	tags=17%, list=3%, signal=17%	
3Q29 COPY NUMBER VARIATION SYNDROME%WIKIPATHWAYS_20250810%WP4906%HOMO SAPIENS	3Q29 COPY NUMBER VARIATION SYNDROME%WIKIPATHWAYS_20250810%WP4906%HOMO SAPIENS		37	-0.43449143	-1.3589882	0.065853655	0.5548648	1.0	268	tags=11%, list=2%, signal=11%	
EPO SIGNALING PATHWAY%PATHWHIZ%PW070692	EPO SIGNALING PATHWAY%PATHWHIZ%PW070692		16	-0.525675	-1.3552122	0.12412178	0.5648101	1.0	1100	tags=25%, list=10%, signal=28%	
SIGNALING BY ALK%REACTOME%R-HSA-201556.5	SIGNALING BY ALK%REACTOME%R-HSA-201556.5		20	-0.5031686	-1.3533269	0.10352941	0.5686679	1.0	177	tags=15%, list=2%, signal=15%	
COMPLEX III ASSEMBLY%REACTOME%R-HSA-9865881.2	COMPLEX III ASSEMBLY%REACTOME%R-HSA-9865881.2		24	-0.47804508	-1.3512534	0.103365384	0.5731552	1.0	2469	tags=38%, list=22%, signal=48%	
LNCRNA IN CANONICAL WNT SIGNALING AND COLORECTAL CANCER%WIKIPATHWAYS_20250810%WP4258%HOMO SAPIENS	LNCRNA IN CANONICAL WNT SIGNALING AND COLORECTAL CANCER%WIKIPATHWAYS_20250810%WP4258%HOMO SAPIENS		41	-0.42751172	-1.3501014	0.08095238	0.57467014	1.0	1799	tags=29%, list=16%, signal=35%	
PID_INTEGRIN3_PATHWAY%MSIGDB_C2%PID_INTEGRIN3_PATHWAY	PID_INTEGRIN3_PATHWAY%MSIGDB_C2%PID_INTEGRIN3_PATHWAY		17	-0.5193211	-1.3500954	0.13221154	0.57232636	1.0	888	tags=35%, list=8%, signal=38%	
TRANSCRIPTIONAL AND POST-TRANSLATIONAL REGULATION OF MITF-M EXPRESSION AND ACTIVITY%REACTOME%R-HSA-9856649.3	TRANSCRIPTIONAL AND POST-TRANSLATIONAL REGULATION OF MITF-M EXPRESSION AND ACTIVITY%REACTOME%R-HSA-9856649.3		40	-0.42328733	-1.3500769	0.06388206	0.57004696	1.0	1039	tags=18%, list=9%, signal=19%	
CARDIAC SEPTUM MORPHOGENESIS%GOBP%GO:0060411	CARDIAC SEPTUM MORPHOGENESIS%GOBP%GO:0060411		18	-0.5091513	-1.3441039	0.12376238	0.5875398	1.0	1967	tags=56%, list=18%, signal=68%	
CELLULAR RESPONSE TO FIBROBLAST GROWTH FACTOR STIMULUS%GOBP%GO:0044344	CELLULAR RESPONSE TO FIBROBLAST GROWTH FACTOR STIMULUS%GOBP%GO:0044344		25	-0.47474074	-1.3436956	0.09268293	0.58662224	1.0	429	tags=12%, list=4%, signal=12%	
REGULATION OF PLATELET ACTIVATION%GOBP%GO:0010543	REGULATION OF PLATELET ACTIVATION%GOBP%GO:0010543		30	-0.45867077	-1.339548	0.118072286	0.5987505	1.0	478	tags=20%, list=4%, signal=21%	
RESPONSE TO FIBROBLAST GROWTH FACTOR%GOBP%GO:0071774	RESPONSE TO FIBROBLAST GROWTH FACTOR%GOBP%GO:0071774		27	-0.46643296	-1.3373225	0.11764706	0.6039857	1.0	429	tags=11%, list=4%, signal=12%	
SOMATIC RECOMBINATION OF IMMUNOGLOBULIN GENE SEGMENTS%GOBP%GO:0016447	SOMATIC RECOMBINATION OF IMMUNOGLOBULIN GENE SEGMENTS%GOBP%GO:0016447		17	-0.519177	-1.3372796	0.110843375	0.6017196	1.0	556	tags=24%, list=5%, signal=25%	
HALLMARK_FATTY_ACID_METABOLISM%MSIGDBHALLMARK%HALLMARK_FATTY_ACID_METABOLISM	HALLMARK_FATTY_ACID_METABOLISM%MSIGDBHALLMARK%HALLMARK_FATTY_ACID_METABOLISM		85	-0.37831783	-1.3362323	0.049046323	0.6029862	1.0	1936	tags=26%, list=18%, signal=31%	
PERK REGULATES GENE EXPRESSION%REACTOME%R-HSA-381042.3	PERK REGULATES GENE EXPRESSION%REACTOME%R-HSA-381042.3		29	-0.44383588	-1.3339903	0.10669975	0.60814655	1.0	1799	tags=28%, list=16%, signal=33%	
CD40 CD40L SIGNALING%PATHWAY INTERACTION DATABASE NCI-NATURE CURATED DATA%CD40 CD40L SIGNALING	CD40 CD40L SIGNALING%PATHWAY INTERACTION DATABASE NCI-NATURE CURATED DATA%CD40 CD40L SIGNALING		31	-0.44715786	-1.3338752	0.10643564	0.6061591	1.0	805	tags=23%, list=7%, signal=24%	
NEGATIVE REGULATION OF LIPID METABOLIC PROCESS%GOBP%GO:0045833	NEGATIVE REGULATION OF LIPID METABOLIC PROCESS%GOBP%GO:0045833		41	-0.42087954	-1.3337384	0.0798005	0.60423106	1.0	1147	tags=20%, list=10%, signal=22%	
BIOLOGICAL OXIDATIONS%REACTOME%R-HSA-211859.4	BIOLOGICAL OXIDATIONS%REACTOME%R-HSA-211859.4		82	-0.3729426	-1.3332434	0.06784661	0.6034745	1.0	2031	tags=28%, list=18%, signal=34%	
REGULATION OF FATTY ACID BIOSYNTHETIC PROCESS%GOBP%GO:0042304	REGULATION OF FATTY ACID BIOSYNTHETIC PROCESS%GOBP%GO:0042304		28	-0.45028254	-1.3313793	0.109004736	0.607831	1.0	1147	tags=29%, list=10%, signal=32%	
AXON DEVELOPMENT%GOBP%GO:0061564	AXON DEVELOPMENT%GOBP%GO:0061564		126	-0.3425177	-1.3301353	0.02770083	0.6098365	1.0	968	tags=18%, list=9%, signal=20%	
SUDDEN INFANT DEATH SYNDROME SIDS SUSCEPTIBILITY PATHWAYS%WIKIPATHWAYS_20250810%WP706%HOMO SAPIENS	SUDDEN INFANT DEATH SYNDROME SIDS SUSCEPTIBILITY PATHWAYS%WIKIPATHWAYS_20250810%WP706%HOMO SAPIENS		62	-0.38606653	-1.3277895	0.061333332	0.6155254	1.0	1031	tags=16%, list=9%, signal=18%	
GPCRS OTHER%WIKIPATHWAYS_20250810%WP117%HOMO SAPIENS	GPCRS OTHER%WIKIPATHWAYS_20250810%WP117%HOMO SAPIENS		17	-0.51425713	-1.326884	0.11910112	0.61614037	1.0	1371	tags=53%, list=12%, signal=60%	
GASTRIN_CCK2R_240212%PANTHER PATHWAY%P06959	GASTRIN_CCK2R_240212%PANTHER PATHWAY%P06959		110	-0.3486993	-1.3265961	0.038997214	0.61472255	1.0	1029	tags=16%, list=9%, signal=18%	
STABILIZATION AND EXPANSION OF THE E-CADHERIN ADHERENS JUNCTION%PATHWAY INTERACTION DATABASE NCI-NATURE CURATED DATA%STABILIZATION AND EXPANSION OF THE E-CADHERIN ADHERENS JUNCTION	STABILIZATION AND EXPANSION OF THE E-CADHERIN ADHERENS JUNCTION%PATHWAY INTERACTION DATABASE NCI-NATURE CURATED DATA%STABILIZATION AND EXPANSION OF THE E-CADHERIN ADHERENS JUNCTION		30	-0.45372692	-1.3253641	0.110311754	0.61684054	1.0	968	tags=23%, list=9%, signal=26%	
PID_INTEGRIN1_PATHWAY%MSIGDB_C2%PID_INTEGRIN1_PATHWAY	PID_INTEGRIN1_PATHWAY%MSIGDB_C2%PID_INTEGRIN1_PATHWAY		22	-0.49233177	-1.3241936	0.12709832	0.6187229	1.0	888	tags=27%, list=8%, signal=30%	
REGIONALIZATION%GOBP%GO:0003002	REGIONALIZATION%GOBP%GO:0003002		72	-0.37992227	-1.3210819	0.051490515	0.62731683	1.0	1451	tags=24%, list=13%, signal=27%	
VALIDATED TRANSCRIPTIONAL TARGETS OF AP1 FAMILY MEMBERS FRA1 AND FRA2%PATHWAY INTERACTION DATABASE NCI-NATURE CURATED DATA%VALIDATED TRANSCRIPTIONAL TARGETS OF AP1 FAMILY MEMBERS FRA1 AND FRA2	VALIDATED TRANSCRIPTIONAL TARGETS OF AP1 FAMILY MEMBERS FRA1 AND FRA2%PATHWAY INTERACTION DATABASE NCI-NATURE CURATED DATA%VALIDATED TRANSCRIPTIONAL TARGETS OF AP1 FAMILY MEMBERS FRA1 AND FRA2		20	-0.48853096	-1.3207161	0.120181404	0.62616324	1.0	1166	tags=30%, list=11%, signal=34%	
EGFR DOWNREGULATION%REACTOME%R-HSA-182971.8	EGFR DOWNREGULATION%REACTOME%R-HSA-182971.8		22	-0.4733262	-1.3202878	0.125	0.625202	1.0	697	tags=18%, list=6%, signal=19%	
EMBRYONIC ORGAN MORPHOGENESIS%GOBP%GO:0048562	EMBRYONIC ORGAN MORPHOGENESIS%GOBP%GO:0048562		46	-0.4080593	-1.3202825	0.062015504	0.6228524	1.0	1857	tags=33%, list=17%, signal=39%	
EMBRYO DEVELOPMENT ENDING IN BIRTH OR EGG HATCHING%GOBP%GO:0009792	EMBRYO DEVELOPMENT ENDING IN BIRTH OR EGG HATCHING%GOBP%GO:0009792		89	-0.35236508	-1.3201027	0.05027933	0.6211442	1.0	1626	tags=24%, list=15%, signal=27%	
CIRCULATORY SYSTEM PROCESS%GOBP%GO:0003013	CIRCULATORY SYSTEM PROCESS%GOBP%GO:0003013		169	-0.32866323	-1.3188204	0.025477707	0.62340206	1.0	836	tags=17%, list=8%, signal=18%	
PID_P38_ALPHA_BETA_DOWNSTREAM_PATHWAY%MSIGDB_C2%PID_P38_ALPHA_BETA_DOWNSTREAM_PATHWAY	PID_P38_ALPHA_BETA_DOWNSTREAM_PATHWAY%MSIGDB_C2%PID_P38_ALPHA_BETA_DOWNSTREAM_PATHWAY		22	-0.47789383	-1.3186009	0.10874704	0.6218328	1.0	756	tags=14%, list=7%, signal=15%	
PID_ANGIOPOIETIN_RECEPTOR_PATHWAY%MSIGDB_C2%PID_ANGIOPOIETIN_RECEPTOR_PATHWAY	PID_ANGIOPOIETIN_RECEPTOR_PATHWAY%MSIGDB_C2%PID_ANGIOPOIETIN_RECEPTOR_PATHWAY		29	-0.44232017	-1.3170716	0.0939759	0.62484205	1.0	756	tags=10%, list=7%, signal=11%	
TAXIS%GOBP%GO:0042330	TAXIS%GOBP%GO:0042330		116	-0.3441579	-1.316461	0.051987767	0.6245387	1.0	768	tags=16%, list=7%, signal=17%	
RESPONSE TO ESTRADIOL%GOBP%GO:0032355	RESPONSE TO ESTRADIOL%GOBP%GO:0032355		15	-0.5149829	-1.3159106	0.16145833	0.62403387	1.0	801	tags=20%, list=7%, signal=22%	
ESTABLISHMENT OF PROTEIN LOCALIZATION TO MITOCHONDRIAL MEMBRANE%GOBP%GO:0090151	ESTABLISHMENT OF PROTEIN LOCALIZATION TO MITOCHONDRIAL MEMBRANE%GOBP%GO:0090151		26	-0.4643461	-1.315104	0.096534654	0.62449425	1.0	1470	tags=31%, list=13%, signal=35%	
PID_WNT_NONCANONICAL_PATHWAY%MSIGDB_C2%PID_WNT_NONCANONICAL_PATHWAY	PID_WNT_NONCANONICAL_PATHWAY%MSIGDB_C2%PID_WNT_NONCANONICAL_PATHWAY		19	-0.49287713	-1.3149865	0.14182693	0.62263536	1.0	701	tags=21%, list=6%, signal=22%	
PHASE II - CONJUGATION OF COMPOUNDS%REACTOME%R-HSA-156580.4	PHASE II - CONJUGATION OF COMPOUNDS%REACTOME%R-HSA-156580.4		45	-0.410928	-1.3145179	0.11990408	0.62192005	1.0	2504	tags=40%, list=23%, signal=52%	
LOCOMOTION%GOBP%GO:0040011	LOCOMOTION%GOBP%GO:0040011		117	-0.3439624	-1.3139615	0.039772727	0.62147886	1.0	768	tags=16%, list=7%, signal=17%	
COMPLEMENT AND COAGULATION CASCADES%WIKIPATHWAYS_20250810%WP558%HOMO SAPIENS	COMPLEMENT AND COAGULATION CASCADES%WIKIPATHWAYS_20250810%WP558%HOMO SAPIENS		17	-0.5091298	-1.3130625	0.15	0.6222657	1.0	1149	tags=41%, list=10%, signal=46%	
GLUTATHIONE CONJUGATION%REACTOME%R-HSA-156590.4	GLUTATHIONE CONJUGATION%REACTOME%R-HSA-156590.4		19	-0.49522728	-1.3122149	0.14081146	0.6230649	1.0	2344	tags=53%, list=21%, signal=67%	
SIGNALING BY NUCLEAR RECEPTORS%REACTOME%R-HSA-9006931.7	SIGNALING BY NUCLEAR RECEPTORS%REACTOME%R-HSA-9006931.7		176	-0.32440603	-1.3109045	0.009146341	0.62546784	1.0	724	tags=11%, list=7%, signal=11%	
ACTIVATION OF HOX GENES DURING DIFFERENTIATION%REACTOME DATABASE ID RELEASE 93%5619507	ACTIVATION OF HOX GENES DURING DIFFERENTIATION%REACTOME DATABASE ID RELEASE 93%5619507		64	-0.37180558	-1.3079014	0.08549223	0.6337372	1.0	567	tags=11%, list=5%, signal=11%	
DITERPENOID METABOLIC PROCESS%GOBP%GO:0016101	DITERPENOID METABOLIC PROCESS%GOBP%GO:0016101		21	-0.47692084	-1.3076319	0.13176471	0.63244176	1.0	1866	tags=38%, list=17%, signal=46%	
GPCRS CLASS A RHODOPSIN LIKE%WIKIPATHWAYS_20250810%WP455%HOMO SAPIENS	GPCRS CLASS A RHODOPSIN LIKE%WIKIPATHWAYS_20250810%WP455%HOMO SAPIENS		41	-0.41456097	-1.306102	0.09343434	0.6355379	1.0	658	tags=24%, list=6%, signal=26%	
INTRAFLAGELLAR TRANSPORT%REACTOME%R-HSA-5620924.5	INTRAFLAGELLAR TRANSPORT%REACTOME%R-HSA-5620924.5		38	-0.41834587	-1.3052112	0.083333336	0.6364199	1.0	2629	tags=45%, list=24%, signal=59%	
PID_IGF1_PATHWAY%MSIGDB_C2%PID_IGF1_PATHWAY	PID_IGF1_PATHWAY%MSIGDB_C2%PID_IGF1_PATHWAY		18	-0.49238557	-1.3052099	0.12871288	0.634177	1.0	541	tags=17%, list=5%, signal=18%	
MATURATION OF SSU-RRNA FROM TRICISTRONIC RRNA TRANSCRIPT (SSU-RRNA, 5.8S RRNA, LSU-RRNA)%GOBP%GO:0000462	MATURATION OF SSU-RRNA FROM TRICISTRONIC RRNA TRANSCRIPT (SSU-RRNA, 5.8S RRNA, LSU-RRNA)%GOBP%GO:0000462		27	-0.45469037	-1.3033319	0.12857144	0.6384708	1.0	3715	tags=56%, list=34%, signal=84%	
ANTIMICROBIAL HUMORAL IMMUNE RESPONSE MEDIATED BY ANTIMICROBIAL PEPTIDE%GOBP%GO:0061844	ANTIMICROBIAL HUMORAL IMMUNE RESPONSE MEDIATED BY ANTIMICROBIAL PEPTIDE%GOBP%GO:0061844		20	-0.48824272	-1.3027254	0.14712644	0.63841957	1.0	1430	tags=35%, list=13%, signal=40%	
STRESS-ACTIVATED MAPK CASCADE%GOBP%GO:0051403	STRESS-ACTIVATED MAPK CASCADE%GOBP%GO:0051403		16	-0.5180733	-1.3014889	0.14355232	0.6406772	1.0	1399	tags=25%, list=13%, signal=29%	
PROTEIN INSERTION INTO MITOCHONDRIAL MEMBRANE%GOBP%GO:0051204	PROTEIN INSERTION INTO MITOCHONDRIAL MEMBRANE%GOBP%GO:0051204		26	-0.4643461	-1.3010089	0.11943794	0.64016074	1.0	1470	tags=31%, list=13%, signal=35%	
DENGUE 2 INTERACTIONS WITH COMPLEMENT AND COAGULATION CASCADES%WIKIPATHWAYS_20250810%WP3896%HOMO SAPIENS	DENGUE 2 INTERACTIONS WITH COMPLEMENT AND COAGULATION CASCADES%WIKIPATHWAYS_20250810%WP3896%HOMO SAPIENS		17	-0.5091298	-1.3002928	0.14663461	0.6404226	1.0	1149	tags=41%, list=10%, signal=46%	
HIF-2-ALPHA TRANSCRIPTION FACTOR NETWORK%PATHWAY INTERACTION DATABASE NCI-NATURE CURATED DATA%HIF-2-ALPHA TRANSCRIPTION FACTOR NETWORK	HIF-2-ALPHA TRANSCRIPTION FACTOR NETWORK%PATHWAY INTERACTION DATABASE NCI-NATURE CURATED DATA%HIF-2-ALPHA TRANSCRIPTION FACTOR NETWORK		24	-0.46471527	-1.2999476	0.13670886	0.6394101	1.0	481	tags=21%, list=4%, signal=22%	
POSITIVE REGULATION OF PROTEIN-CONTAINING COMPLEX DISASSEMBLY%GOBP%GO:0043243	POSITIVE REGULATION OF PROTEIN-CONTAINING COMPLEX DISASSEMBLY%GOBP%GO:0043243		22	-0.46968457	-1.2998697	0.14726841	0.63745576	1.0	592	tags=18%, list=5%, signal=19%	
NEGATIVE REGULATION OF EPITHELIAL CELL PROLIFERATION%GOBP%GO:0050680	NEGATIVE REGULATION OF EPITHELIAL CELL PROLIFERATION%GOBP%GO:0050680		44	-0.40018925	-1.2996937	0.09478673	0.6358847	1.0	897	tags=18%, list=8%, signal=20%	
PROTEIN INSERTION INTO MITOCHONDRIAL INNER MEMBRANE%GOBP%GO:0045039	PROTEIN INSERTION INTO MITOCHONDRIAL INNER MEMBRANE%GOBP%GO:0045039		17	-0.5095037	-1.2989489	0.14489311	0.6362785	1.0	1470	tags=29%, list=13%, signal=34%	
UTERINE NATURAL KILLER CELLS AND PROGESTERONE ESTROGEN AND CHORIONIC GONADOTROPIN%WIKIPATHWAYS_20250810%WP5569%HOMO SAPIENS	UTERINE NATURAL KILLER CELLS AND PROGESTERONE ESTROGEN AND CHORIONIC GONADOTROPIN%WIKIPATHWAYS_20250810%WP5569%HOMO SAPIENS		26	-0.45737934	-1.2989335	0.12626262	0.6341786	1.0	795	tags=19%, list=7%, signal=21%	
CHORDATE EMBRYONIC DEVELOPMENT%GOBP%GO:0043009	CHORDATE EMBRYONIC DEVELOPMENT%GOBP%GO:0043009		85	-0.3584399	-1.2988971	0.058524173	0.6321279	1.0	1626	tags=24%, list=15%, signal=27%	
CHEMOTAXIS%GOBP%GO:0006935	CHEMOTAXIS%GOBP%GO:0006935		116	-0.3441579	-1.2983261	0.048433047	0.6320841	1.0	768	tags=16%, list=7%, signal=17%	
EPIDERMAL GROWTH FACTOR RECEPTOR SIGNALING PATHWAY%GOBP%GO:0007173	EPIDERMAL GROWTH FACTOR RECEPTOR SIGNALING PATHWAY%GOBP%GO:0007173		36	-0.42424777	-1.2974603	0.108641975	0.63308525	1.0	722	tags=14%, list=7%, signal=15%	
REGULATION OF MUSCLE SYSTEM PROCESS%GOBP%GO:0090257	REGULATION OF MUSCLE SYSTEM PROCESS%GOBP%GO:0090257		78	-0.35855275	-1.296289	0.067204304	0.63492846	1.0	1049	tags=21%, list=10%, signal=23%	
RETINOID METABOLIC PROCESS%GOBP%GO:0001523	RETINOID METABOLIC PROCESS%GOBP%GO:0001523		20	-0.48679358	-1.2943556	0.14318706	0.63936615	1.0	534	tags=20%, list=5%, signal=21%	
MAMMARY GLAND DEVELOPMENT PREGNANCY AND LACTATION STAGE 3 OF 4%WIKIPATHWAYS_20250810%WP2817%HOMO SAPIENS	MAMMARY GLAND DEVELOPMENT PREGNANCY AND LACTATION STAGE 3 OF 4%WIKIPATHWAYS_20250810%WP2817%HOMO SAPIENS		20	-0.48086396	-1.2935134	0.15544042	0.64020014	1.0	373	tags=20%, list=3%, signal=21%	
PID_ERBB4_PATHWAY%MSIGDB_C2%PID_ERBB4_PATHWAY	PID_ERBB4_PATHWAY%MSIGDB_C2%PID_ERBB4_PATHWAY		21	-0.48050395	-1.2932256	0.09975669	0.6390625	1.0	325	tags=10%, list=3%, signal=10%	
FATTY ACID METABOLIC PROCESS%GOBP%GO:0006631	FATTY ACID METABOLIC PROCESS%GOBP%GO:0006631		155	-0.32334867	-1.2924464	0.03529412	0.6396165	1.0	1337	tags=19%, list=12%, signal=21%	
RNA POLYMERASE I PROMOTER ESCAPE%REACTOME DATABASE ID RELEASE 93%73772	RNA POLYMERASE I PROMOTER ESCAPE%REACTOME DATABASE ID RELEASE 93%73772		44	-0.39583492	-1.2919495	0.08707124	0.6391149	1.0	2357	tags=39%, list=21%, signal=49%	
REGULATION OF MICROTUBULE-BASED MOVEMENT%GOBP%GO:0060632	REGULATION OF MICROTUBULE-BASED MOVEMENT%GOBP%GO:0060632		18	-0.48234934	-1.2909598	0.15517241	0.64039266	1.0	2488	tags=39%, list=23%, signal=50%	
REGULATION OF CELL MIGRATION INVOLVED IN SPROUTING ANGIOGENESIS%GOBP%GO:0090049	REGULATION OF CELL MIGRATION INVOLVED IN SPROUTING ANGIOGENESIS%GOBP%GO:0090049		21	-0.4676506	-1.2909324	0.15130024	0.6383389	1.0	780	tags=24%, list=7%, signal=26%	
CARDIAC SEPTUM DEVELOPMENT%GOBP%GO:0003279	CARDIAC SEPTUM DEVELOPMENT%GOBP%GO:0003279		25	-0.4457397	-1.2886108	0.13114753	0.6444611	1.0	2208	tags=52%, list=20%, signal=65%	
PROSTAGLANDIN METABOLIC PROCESS%GOBP%GO:0006693	PROSTAGLANDIN METABOLIC PROCESS%GOBP%GO:0006693		18	-0.4955351	-1.2877711	0.13411765	0.6453342	1.0	534	tags=22%, list=5%, signal=23%	
TRANSPORT OF VITAMINS, NUCLEOSIDES, AND RELATED MOLECULES%REACTOME%R-HSA-425397.5	TRANSPORT OF VITAMINS, NUCLEOSIDES, AND RELATED MOLECULES%REACTOME%R-HSA-425397.5		25	-0.45358974	-1.2862756	0.123786405	0.64857024	1.0	1832	tags=24%, list=17%, signal=29%	
ISOPRENOID METABOLIC PROCESS%GOBP%GO:0006720	ISOPRENOID METABOLIC PROCESS%GOBP%GO:0006720		39	-0.40074763	-1.2841212	0.121518984	0.65410364	1.0	1982	tags=33%, list=18%, signal=41%	
REGULATION OF SYSTEM PROCESS%GOBP%GO:0044057	REGULATION OF SYSTEM PROCESS%GOBP%GO:0044057		155	-0.32548645	-1.2827208	0.033557046	0.6569516	1.0	782	tags=16%, list=7%, signal=17%	
CARDIAC CONDUCTION%GOBP%GO:0061337	CARDIAC CONDUCTION%GOBP%GO:0061337		24	-0.4600564	-1.2818034	0.165	0.65805393	1.0	717	tags=25%, list=7%, signal=27%	
REGULATION OF TOLL-LIKE RECEPTOR 4 SIGNALING PATHWAY%GOBP%GO:0034143	REGULATION OF TOLL-LIKE RECEPTOR 4 SIGNALING PATHWAY%GOBP%GO:0034143		18	-0.48108834	-1.2816694	0.16086957	0.6563417	1.0	1035	tags=33%, list=9%, signal=37%	
ACTIVATION OF ANTERIOR HOX GENES IN HINDBRAIN DEVELOPMENT DURING EARLY EMBRYOGENESIS%REACTOME DATABASE ID RELEASE 93%5617472	ACTIVATION OF ANTERIOR HOX GENES IN HINDBRAIN DEVELOPMENT DURING EARLY EMBRYOGENESIS%REACTOME DATABASE ID RELEASE 93%5617472		64	-0.37180558	-1.2808405	0.10858586	0.65711194	1.0	567	tags=11%, list=5%, signal=11%	
CELL POPULATION PROLIFERATION%GOBP%GO:0008283	CELL POPULATION PROLIFERATION%GOBP%GO:0008283		146	-0.32521445	-1.2805812	0.029850746	0.65594065	1.0	1188	tags=19%, list=11%, signal=21%	
CLEAR CELL RENAL CELL CARCINOMA PATHWAYS%WIKIPATHWAYS_20250810%WP4018%HOMO SAPIENS	CLEAR CELL RENAL CELL CARCINOMA PATHWAYS%WIKIPATHWAYS_20250810%WP4018%HOMO SAPIENS		47	-0.39300862	-1.2793303	0.111959286	0.6582394	1.0	612	tags=13%, list=6%, signal=13%	
G ALPHA (S) SIGNALLING EVENTS%REACTOME%R-HSA-418555.12	G ALPHA (S) SIGNALLING EVENTS%REACTOME%R-HSA-418555.12		53	-0.3833937	-1.2791953	0.115763545	0.65663505	1.0	1031	tags=17%, list=9%, signal=19%	
WHITE FAT CELL DIFFERENTIATION%WIKIPATHWAYS_20250810%WP4149%HOMO SAPIENS	WHITE FAT CELL DIFFERENTIATION%WIKIPATHWAYS_20250810%WP4149%HOMO SAPIENS		19	-0.47845018	-1.2740275	0.1588785	0.6724312	1.0	724	tags=21%, list=7%, signal=22%	
EXTRACELLULAR MATRIX ORGANIZATION%GOBP%GO:0030198	EXTRACELLULAR MATRIX ORGANIZATION%GOBP%GO:0030198		71	-0.36332968	-1.2722814	0.107329845	0.67658126	1.0	888	tags=20%, list=8%, signal=21%	
NEGATIVE REGULATION OF SMOOTH MUSCLE CELL PROLIFERATION%GOBP%GO:0048662	NEGATIVE REGULATION OF SMOOTH MUSCLE CELL PROLIFERATION%GOBP%GO:0048662		17	-0.48599854	-1.2715532	0.18501171	0.67709655	1.0	1179	tags=35%, list=11%, signal=39%	
SIGNALING BY ERBB4%REACTOME DATABASE ID RELEASE 93%1236394	SIGNALING BY ERBB4%REACTOME DATABASE ID RELEASE 93%1236394		33	-0.427015	-1.2710627	0.14319248	0.67681694	1.0	1976	tags=33%, list=18%, signal=41%	
AMINO ACID BIOSYNTHETIC PROCESS%GOBP%GO:0008652	AMINO ACID BIOSYNTHETIC PROCESS%GOBP%GO:0008652		34	-0.41389358	-1.2687964	0.13636364	0.68283415	1.0	1457	tags=26%, list=13%, signal=30%	
ACTIN-MEDIATED CELL CONTRACTION%GOBP%GO:0070252	ACTIN-MEDIATED CELL CONTRACTION%GOBP%GO:0070252		28	-0.4293922	-1.2685066	0.122015916	0.6816902	1.0	1049	tags=25%, list=10%, signal=28%	
GENES RELATED TO PRIMARY CILIUM DEVELOPMENT BASED ON CRISPR %WIKIPATHWAYS_20250810%WP4536%HOMO SAPIENS	GENES RELATED TO PRIMARY CILIUM DEVELOPMENT BASED ON CRISPR %WIKIPATHWAYS_20250810%WP4536%HOMO SAPIENS		79	-0.3568662	-1.2680811	0.11023622	0.68102133	1.0	2700	tags=38%, list=25%, signal=50%	
BIOCARTA_IGF1MTOR_PATHWAY%MSIGDB_C2%BIOCARTA_IGF1MTOR_PATHWAY	BIOCARTA_IGF1MTOR_PATHWAY%MSIGDB_C2%BIOCARTA_IGF1MTOR_PATHWAY		17	-0.49848476	-1.2662376	0.17307693	0.6855232	1.0	35	tags=6%, list=0%, signal=6%	
AFFECTED PATHWAYS IN DUCHENNE MUSCULAR DYSTROPHY%WIKIPATHWAYS_20250810%WP5356%HOMO SAPIENS	AFFECTED PATHWAYS IN DUCHENNE MUSCULAR DYSTROPHY%WIKIPATHWAYS_20250810%WP5356%HOMO SAPIENS		31	-0.4282906	-1.2644651	0.14	0.6898217	1.0	1291	tags=19%, list=12%, signal=22%	
CARGO TRAFFICKING TO THE PERICILIARY MEMBRANE%REACTOME%R-HSA-5620920.5	CARGO TRAFFICKING TO THE PERICILIARY MEMBRANE%REACTOME%R-HSA-5620920.5		40	-0.39848146	-1.2635171	0.14066496	0.6911509	1.0	3002	tags=40%, list=27%, signal=55%	
EXTERNAL ENCAPSULATING STRUCTURE ORGANIZATION%GOBP%GO:0045229	EXTERNAL ENCAPSULATING STRUCTURE ORGANIZATION%GOBP%GO:0045229		71	-0.36332968	-1.2634559	0.096045196	0.6893172	1.0	888	tags=20%, list=8%, signal=21%	
REGULATION OF SMOOTHENED SIGNALING PATHWAY%GOBP%GO:0008589	REGULATION OF SMOOTHENED SIGNALING PATHWAY%GOBP%GO:0008589		35	-0.40558982	-1.2633097	0.12293144	0.68775916	1.0	1216	tags=20%, list=11%, signal=22%	
REGULATION OF MACROPHAGE DERIVED FOAM CELL DIFFERENTIATION%GOBP%GO:0010743	REGULATION OF MACROPHAGE DERIVED FOAM CELL DIFFERENTIATION%GOBP%GO:0010743		17	-0.4899079	-1.2619938	0.18202765	0.690446	1.0	999	tags=35%, list=9%, signal=39%	
BIOCARTA_GLEEVEC_PATHWAY%MSIGDB_C2%BIOCARTA_GLEEVEC_PATHWAY	BIOCARTA_GLEEVEC_PATHWAY%MSIGDB_C2%BIOCARTA_GLEEVEC_PATHWAY		19	-0.47852725	-1.2613881	0.1517413	0.690465	1.0	541	tags=16%, list=5%, signal=17%	
EXTRACELLULAR MATRIX ORGANIZATION%REACTOME%R-HSA-1474244.5	EXTRACELLULAR MATRIX ORGANIZATION%REACTOME%R-HSA-1474244.5		130	-0.327437	-1.2613533	0.041543026	0.6884878	1.0	1555	tags=25%, list=14%, signal=29%	
HIPPO MERLIN SIGNALING DYSREGULATION%WIKIPATHWAYS_20250810%WP4541%HOMO SAPIENS	HIPPO MERLIN SIGNALING DYSREGULATION%WIKIPATHWAYS_20250810%WP4541%HOMO SAPIENS		45	-0.38796616	-1.2599417	0.14593302	0.6915091	1.0	677	tags=16%, list=6%, signal=17%	
CELL-CELL ADHESION VIA PLASMA-MEMBRANE ADHESION MOLECULES%GOBP%GO:0098742	CELL-CELL ADHESION VIA PLASMA-MEMBRANE ADHESION MOLECULES%GOBP%GO:0098742		53	-0.37868878	-1.2578812	0.11488251	0.69685817	1.0	656	tags=21%, list=6%, signal=22%	
NEGATIVE REGULATION OF CHEMOTAXIS%GOBP%GO:0050922	NEGATIVE REGULATION OF CHEMOTAXIS%GOBP%GO:0050922		16	-0.49058935	-1.2570719	0.18604651	0.6977622	1.0	680	tags=19%, list=6%, signal=20%	
EXTRACELLULAR STRUCTURE ORGANIZATION%GOBP%GO:0043062	EXTRACELLULAR STRUCTURE ORGANIZATION%GOBP%GO:0043062		72	-0.3606734	-1.2570127	0.09116809	0.69587964	1.0	888	tags=19%, list=8%, signal=21%	
BIOCARTA_WNT_PATHWAY%MSIGDB_C2%BIOCARTA_WNT_PATHWAY	BIOCARTA_WNT_PATHWAY%MSIGDB_C2%BIOCARTA_WNT_PATHWAY		17	-0.4899128	-1.2568454	0.19668247	0.6944095	1.0	1748	tags=29%, list=16%, signal=35%	
OLEFINIC COMPOUND METABOLIC PROCESS%GOBP%GO:0120254	OLEFINIC COMPOUND METABOLIC PROCESS%GOBP%GO:0120254		36	-0.4076827	-1.25588	0.14136125	0.69583285	1.0	1290	tags=25%, list=12%, signal=28%	
BIOCARTA_PPARA_PATHWAY%MSIGDB_C2%BIOCARTA_PPARA_PATHWAY	BIOCARTA_PPARA_PATHWAY%MSIGDB_C2%BIOCARTA_PPARA_PATHWAY		32	-0.4169433	-1.2556901	0.1487805	0.6944421	1.0	2145	tags=34%, list=20%, signal=43%	
PID_SHP2_PATHWAY%MSIGDB_C2%PID_SHP2_PATHWAY	PID_SHP2_PATHWAY%MSIGDB_C2%PID_SHP2_PATHWAY		32	-0.41503152	-1.2535132	0.14987715	0.700376	1.0	677	tags=19%, list=6%, signal=20%	
IRON ION TRANSPORT%GOBP%GO:0006826	IRON ION TRANSPORT%GOBP%GO:0006826		24	-0.43379784	-1.2525861	0.16494845	0.7015077	1.0	1125	tags=29%, list=10%, signal=32%	
FEMALE GAMETE GENERATION%GOBP%GO:0007292	FEMALE GAMETE GENERATION%GOBP%GO:0007292		39	-0.40586042	-1.2519917	0.119592875	0.7016621	1.0	2142	tags=33%, list=20%, signal=41%	
NEPHRON DEVELOPMENT%GOBP%GO:0072006	NEPHRON DEVELOPMENT%GOBP%GO:0072006		35	-0.41294473	-1.2511804	0.1622276	0.70246387	1.0	1029	tags=26%, list=9%, signal=28%	
BETA3 INTEGRIN CELL SURFACE INTERACTIONS%PATHWAY INTERACTION DATABASE NCI-NATURE CURATED DATA%BETA3 INTEGRIN CELL SURFACE INTERACTIONS	BETA3 INTEGRIN CELL SURFACE INTERACTIONS%PATHWAY INTERACTION DATABASE NCI-NATURE CURATED DATA%BETA3 INTEGRIN CELL SURFACE INTERACTIONS		20	-0.46602577	-1.2510854	0.1750547	0.70074964	1.0	888	tags=30%, list=8%, signal=33%	
ALPHA6BETA4INTEGRIN%NETPATH%ALPHA6BETA4INTEGRIN	ALPHA6BETA4INTEGRIN%NETPATH%ALPHA6BETA4INTEGRIN		36	-0.4039448	-1.2504424	0.15724815	0.7010639	1.0	756	tags=14%, list=7%, signal=15%	
NEUROTRANSMITTER RELEASE CYCLE%REACTOME DATABASE ID RELEASE 93%112310	NEUROTRANSMITTER RELEASE CYCLE%REACTOME DATABASE ID RELEASE 93%112310		21	-0.4604444	-1.2503175	0.1880734	0.6994846	1.0	128	tags=10%, list=1%, signal=10%	
G ALPHA (I) SIGNALLING EVENTS%REACTOME%R-HSA-418594.9	G ALPHA (I) SIGNALLING EVENTS%REACTOME%R-HSA-418594.9		106	-0.33103734	-1.2492433	0.08611111	0.7013612	1.0	559	tags=12%, list=5%, signal=13%	
ERBB SIGNALING PATHWAY%GOBP%GO:0038127	ERBB SIGNALING PATHWAY%GOBP%GO:0038127		39	-0.39790446	-1.2487327	0.13231552	0.7011739	1.0	722	tags=13%, list=7%, signal=14%	
BETA1 INTEGRIN CELL SURFACE INTERACTIONS%PATHWAY INTERACTION DATABASE NCI-NATURE CURATED DATA%BETA1 INTEGRIN CELL SURFACE INTERACTIONS	BETA1 INTEGRIN CELL SURFACE INTERACTIONS%PATHWAY INTERACTION DATABASE NCI-NATURE CURATED DATA%BETA1 INTEGRIN CELL SURFACE INTERACTIONS		29	-0.42997974	-1.2487231	0.14871795	0.6991849	1.0	888	tags=24%, list=8%, signal=26%	
BIOCARTA_IGF1R_PATHWAY%MSIGDB_C2%BIOCARTA_IGF1R_PATHWAY	BIOCARTA_IGF1R_PATHWAY%MSIGDB_C2%BIOCARTA_IGF1R_PATHWAY		15	-0.49399543	-1.2485512	0.21	0.6977888	1.0	1031	tags=20%, list=9%, signal=22%	
CARGO RECOGNITION FOR CLATHRIN-MEDIATED ENDOCYTOSIS%REACTOME%R-HSA-8856825.5	CARGO RECOGNITION FOR CLATHRIN-MEDIATED ENDOCYTOSIS%REACTOME%R-HSA-8856825.5		79	-0.34500897	-1.2484102	0.10455764	0.69631535	1.0	706	tags=13%, list=6%, signal=13%	
SIGNALING BY TYPE 1 INSULIN-LIKE GROWTH FACTOR 1 RECEPTOR (IGF1R)%REACTOME%R-HSA-2404192.5	SIGNALING BY TYPE 1 INSULIN-LIKE GROWTH FACTOR 1 RECEPTOR (IGF1R)%REACTOME%R-HSA-2404192.5		20	-0.45771512	-1.2481368	0.18543047	0.6952899	1.0	541	tags=15%, list=5%, signal=16%	
COLLAGEN FORMATION%REACTOME DATABASE ID RELEASE 93%1474290	COLLAGEN FORMATION%REACTOME DATABASE ID RELEASE 93%1474290		37	-0.40407464	-1.2473942	0.14496315	0.6960126	1.0	888	tags=22%, list=8%, signal=23%	
EMBRYONIC SKELETAL SYSTEM DEVELOPMENT%GOBP%GO:0048706	EMBRYONIC SKELETAL SYSTEM DEVELOPMENT%GOBP%GO:0048706		19	-0.4665107	-1.246967	0.19203748	0.69554776	1.0	907	tags=26%, list=8%, signal=29%	
PID_AVB3_OPN_PATHWAY%MSIGDB_C2%PID_AVB3_OPN_PATHWAY	PID_AVB3_OPN_PATHWAY%MSIGDB_C2%PID_AVB3_OPN_PATHWAY		23	-0.44714403	-1.2466522	0.16222222	0.6946802	1.0	744	tags=17%, list=7%, signal=19%	
MRNA TRANSCRIPTION%GOBP%GO:0009299	MRNA TRANSCRIPTION%GOBP%GO:0009299		36	-0.39753136	-1.2432613	0.14148681	0.7047326	1.0	22	tags=6%, list=0%, signal=6%	
SIGNALING BY KIT IN DISEASE%REACTOME DATABASE ID RELEASE 93%9669938	SIGNALING BY KIT IN DISEASE%REACTOME DATABASE ID RELEASE 93%9669938		15	-0.49004003	-1.2388573	0.19727892	0.71919775	1.0	701	tags=27%, list=6%, signal=28%	
DIGESTIVE SYSTEM PROCESS%GOBP%GO:0022600	DIGESTIVE SYSTEM PROCESS%GOBP%GO:0022600		20	-0.45471907	-1.2385793	0.19559902	0.71815646	1.0	81	tags=15%, list=1%, signal=15%	
BRANCHED-CHAIN AMINO ACID METABOLIC PROCESS%GOBP%GO:0009081	BRANCHED-CHAIN AMINO ACID METABOLIC PROCESS%GOBP%GO:0009081		22	-0.4557961	-1.2371485	0.16028708	0.72130597	1.0	2892	tags=36%, list=26%, signal=49%	
MELANOMA%WIKIPATHWAYS_20250810%WP4685%HOMO SAPIENS	MELANOMA%WIKIPATHWAYS_20250810%WP4685%HOMO SAPIENS		40	-0.39280006	-1.2370015	0.15121952	0.7198324	1.0	541	tags=10%, list=5%, signal=10%	
SIGNALING BY PHOSPHORYLATED JUXTAMEMBRANE, EXTRACELLULAR AND KINASE DOMAIN KIT MUTANTS%REACTOME%R-HSA-9670439.2	SIGNALING BY PHOSPHORYLATED JUXTAMEMBRANE, EXTRACELLULAR AND KINASE DOMAIN KIT MUTANTS%REACTOME%R-HSA-9670439.2		15	-0.49004003	-1.2348863	0.22727273	0.7256351	1.0	701	tags=27%, list=6%, signal=28%	
BMAL1:CLOCK,NPAS2 ACTIVATES CIRCADIAN EXPRESSION%REACTOME%R-HSA-1368108.8	BMAL1:CLOCK,NPAS2 ACTIVATES CIRCADIAN EXPRESSION%REACTOME%R-HSA-1368108.8		21	-0.4539447	-1.231586	0.18024692	0.73566586	1.0	1255	tags=19%, list=11%, signal=21%	
RESPONSE TO CORTICOSTEROID%GOBP%GO:0031960	RESPONSE TO CORTICOSTEROID%GOBP%GO:0031960		19	-0.45964584	-1.2315683	0.18024692	0.7336888	1.0	1743	tags=37%, list=16%, signal=44%	
REGULATION OF NEURAL PRECURSOR CELL PROLIFERATION%GOBP%GO:2000177	REGULATION OF NEURAL PRECURSOR CELL PROLIFERATION%GOBP%GO:2000177		21	-0.45582196	-1.2308409	0.17814727	0.73422647	1.0	1122	tags=24%, list=10%, signal=26%	
IRS-RELATED EVENTS TRIGGERED BY IGF1R%REACTOME%R-HSA-2428928.3	IRS-RELATED EVENTS TRIGGERED BY IGF1R%REACTOME%R-HSA-2428928.3		20	-0.45771512	-1.2294132	0.19904077	0.73751837	1.0	541	tags=15%, list=5%, signal=16%	
ICOSANOID BIOSYNTHETIC PROCESS%GOBP%GO:0046456	ICOSANOID BIOSYNTHETIC PROCESS%GOBP%GO:0046456		21	-0.45313266	-1.2293258	0.2029703	0.735845	1.0	553	tags=24%, list=5%, signal=25%	
POSITIVE REGULATION OF MUSCLE CELL DIFFERENTIATION%GOBP%GO:0051149	POSITIVE REGULATION OF MUSCLE CELL DIFFERENTIATION%GOBP%GO:0051149		18	-0.47335976	-1.2281948	0.206235	0.73799676	1.0	1662	tags=33%, list=15%, signal=39%	
BIOCARTA_ERK_PATHWAY%MSIGDB_C2%BIOCARTA_ERK_PATHWAY	BIOCARTA_ERK_PATHWAY%MSIGDB_C2%BIOCARTA_ERK_PATHWAY		19	-0.4636111	-1.2280456	0.20190024	0.73650515	1.0	541	tags=16%, list=5%, signal=17%	
CHOLESTEROL HOMEOSTASIS%GOBP%GO:0042632	CHOLESTEROL HOMEOSTASIS%GOBP%GO:0042632		39	-0.39319533	-1.2279632	0.15970516	0.7347772	1.0	999	tags=26%, list=9%, signal=28%	
DIGESTION%GOBP%GO:0007586	DIGESTION%GOBP%GO:0007586		20	-0.45471907	-1.2277125	0.20356233	0.7336969	1.0	81	tags=15%, list=1%, signal=15%	
EMBRYONIC MORPHOGENESIS%GOBP%GO:0048598	EMBRYONIC MORPHOGENESIS%GOBP%GO:0048598		114	-0.32246616	-1.2274413	0.088495575	0.73272574	1.0	1626	tags=22%, list=15%, signal=25%	
PLASMA MEMBRANE ESTROGEN RECEPTOR SIGNALING%PATHWAY INTERACTION DATABASE NCI-NATURE CURATED DATA%PLASMA MEMBRANE ESTROGEN RECEPTOR SIGNALING	PLASMA MEMBRANE ESTROGEN RECEPTOR SIGNALING%PATHWAY INTERACTION DATABASE NCI-NATURE CURATED DATA%PLASMA MEMBRANE ESTROGEN RECEPTOR SIGNALING		32	-0.4073138	-1.2269782	0.16153847	0.732403	1.0	744	tags=16%, list=7%, signal=17%	
POSITIVE REGULATION OF DNA REPLICATION%GOBP%GO:0045740	POSITIVE REGULATION OF DNA REPLICATION%GOBP%GO:0045740		28	-0.41758406	-1.2261615	0.19277108	0.7333825	1.0	4	tags=4%, list=0%, signal=4%	
AZATHIOPRINE ADME%REACTOME%R-HSA-9748787.3	AZATHIOPRINE ADME%REACTOME%R-HSA-9748787.3		16	-0.48412618	-1.2260175	0.19154228	0.7319019	1.0	581	tags=25%, list=5%, signal=26%	
CIRCADIAN RHYTHM GENES%WIKIPATHWAYS_20250810%WP3594%HOMO SAPIENS	CIRCADIAN RHYTHM GENES%WIKIPATHWAYS_20250810%WP3594%HOMO SAPIENS		97	-0.3360502	-1.2259064	0.08483291	0.7303056	1.0	744	tags=12%, list=7%, signal=13%	
BLOOD VESSEL ENDOTHELIAL CELL MIGRATION%GOBP%GO:0043534	BLOOD VESSEL ENDOTHELIAL CELL MIGRATION%GOBP%GO:0043534		15	-0.48625347	-1.2237383	0.19756098	0.7361639	1.0	937	tags=33%, list=9%, signal=36%	
KSRP (KHSRP) BINDS AND DESTABILIZES MRNA%REACTOME%R-HSA-450604.4	KSRP (KHSRP) BINDS AND DESTABILIZES MRNA%REACTOME%R-HSA-450604.4		17	-0.46982646	-1.2235248	0.19617225	0.7350169	1.0	2997	tags=47%, list=27%, signal=65%	
POSITIVE REGULATION OF FAT CELL DIFFERENTIATION%GOBP%GO:0045600	POSITIVE REGULATION OF FAT CELL DIFFERENTIATION%GOBP%GO:0045600		28	-0.42645252	-1.2231654	0.18644068	0.73449534	1.0	1537	tags=36%, list=14%, signal=41%	
MATURATION OF LSU-RRNA%GOBP%GO:0000470	MATURATION OF LSU-RRNA%GOBP%GO:0000470		25	-0.42725575	-1.2227234	0.19082126	0.734193	1.0	2428	tags=36%, list=22%, signal=46%	
POSITIVE REGULATION OF SMOOTHENED SIGNALING PATHWAY%GOBP%GO:0045880	POSITIVE REGULATION OF SMOOTHENED SIGNALING PATHWAY%GOBP%GO:0045880		15	-0.4897455	-1.2227141	0.20689656	0.73227537	1.0	961	tags=27%, list=9%, signal=29%	
IGF1R SIGNALING CASCADE%REACTOME%R-HSA-2428924.4	IGF1R SIGNALING CASCADE%REACTOME%R-HSA-2428924.4		20	-0.45771512	-1.2225515	0.20199502	0.73097193	1.0	541	tags=15%, list=5%, signal=16%	
ALPHA-AMINO ACID METABOLIC PROCESS%GOBP%GO:1901605	ALPHA-AMINO ACID METABOLIC PROCESS%GOBP%GO:1901605		98	-0.3252136	-1.2218583	0.11420613	0.7316495	1.0	1505	tags=20%, list=14%, signal=23%	
ERK1 AND ERK2 CASCADE%GOBP%GO:0070371	ERK1 AND ERK2 CASCADE%GOBP%GO:0070371		19	-0.45965788	-1.2218534	0.21683674	0.72975147	1.0	1340	tags=26%, list=12%, signal=30%	
PID_PS1_PATHWAY%MSIGDB_C2%PID_PS1_PATHWAY	PID_PS1_PATHWAY%MSIGDB_C2%PID_PS1_PATHWAY		30	-0.41990408	-1.2208647	0.18066157	0.7315383	1.0	1960	tags=30%, list=18%, signal=36%	
ASPARTATE FAMILY AMINO ACID METABOLIC PROCESS%GOBP%GO:0009066	ASPARTATE FAMILY AMINO ACID METABOLIC PROCESS%GOBP%GO:0009066		25	-0.42399597	-1.2201369	0.21481481	0.73234046	1.0	2129	tags=24%, list=19%, signal=30%	
REGULATION OF COLD-INDUCED THERMOGENESIS%GOBP%GO:0120161	REGULATION OF COLD-INDUCED THERMOGENESIS%GOBP%GO:0120161		98	-0.330906	-1.2198596	0.12684366	0.731513	1.0	724	tags=15%, list=7%, signal=16%	
CATABOLISM OF SKELETAL MUSCLE IN CACHEXIA%WIKIPATHWAYS_20250810%WP5474%HOMO SAPIENS	CATABOLISM OF SKELETAL MUSCLE IN CACHEXIA%WIKIPATHWAYS_20250810%WP5474%HOMO SAPIENS		26	-0.41860119	-1.219074	0.21287128	0.7325646	1.0	373	tags=12%, list=3%, signal=12%	
ARACHIDONATE METABOLIC PROCESS%GOBP%GO:0019369	ARACHIDONATE METABOLIC PROCESS%GOBP%GO:0019369		15	-0.48503488	-1.2188901	0.20665084	0.7313255	1.0	535	tags=20%, list=5%, signal=21%	
REGULATION OF GLYCOPROTEIN BIOSYNTHETIC PROCESS%GOBP%GO:0010559	REGULATION OF GLYCOPROTEIN BIOSYNTHETIC PROCESS%GOBP%GO:0010559		23	-0.4384679	-1.2183571	0.17380352	0.73147005	1.0	1448	tags=30%, list=13%, signal=35%	
NUCLEAR SIGNALING BY ERBB4%REACTOME DATABASE ID RELEASE 93%1251985	NUCLEAR SIGNALING BY ERBB4%REACTOME DATABASE ID RELEASE 93%1251985		19	-0.46954617	-1.2182889	0.2256532	0.72983325	1.0	1904	tags=32%, list=17%, signal=38%	
XENOBIOTIC TRANSPORT%GOBP%GO:0042908	XENOBIOTIC TRANSPORT%GOBP%GO:0042908		23	-0.43878716	-1.2176623	0.1902439	0.73027605	1.0	1233	tags=39%, list=11%, signal=44%	
ERK1 ERK2 PATHWAY%REACTOME DATABASE ID RELEASE 93%5684996	ERK1 ERK2 PATHWAY%REACTOME DATABASE ID RELEASE 93%5684996		170	-0.30170006	-1.2170203	0.086687304	0.73077726	1.0	697	tags=10%, list=6%, signal=11%	
PID_ECADHERIN_STABILIZATION_PATHWAY%MSIGDB_C2%PID_ECADHERIN_STABILIZATION_PATHWAY	PID_ECADHERIN_STABILIZATION_PATHWAY%MSIGDB_C2%PID_ECADHERIN_STABILIZATION_PATHWAY		22	-0.44244817	-1.2169795	0.1970803	0.7290663	1.0	968	tags=23%, list=9%, signal=25%	
TERPENOID METABOLIC PROCESS%GOBP%GO:0006721	TERPENOID METABOLIC PROCESS%GOBP%GO:0006721		29	-0.4108049	-1.2165279	0.2050633	0.72892547	1.0	1982	tags=38%, list=18%, signal=46%	
SIGNALING BY PDGF%REACTOME DATABASE ID RELEASE 93%186797	SIGNALING BY PDGF%REACTOME DATABASE ID RELEASE 93%186797		30	-0.40895212	-1.2155545	0.1758794	0.7305417	1.0	888	tags=20%, list=8%, signal=22%	
SENSORY ORGAN MORPHOGENESIS%GOBP%GO:0090596	SENSORY ORGAN MORPHOGENESIS%GOBP%GO:0090596		46	-0.37189355	-1.215284	0.1773399	0.72961485	1.0	1574	tags=30%, list=14%, signal=35%	
CONSTITUTIVE SIGNALING BY ABERRANT PI3K IN CANCER%REACTOME%R-HSA-2219530.3	CONSTITUTIVE SIGNALING BY ABERRANT PI3K IN CANCER%REACTOME%R-HSA-2219530.3		32	-0.40363303	-1.2150414	0.17936118	0.7286659	1.0	196	tags=13%, list=2%, signal=13%	
CELL JUNCTION ASSEMBLY%GOBP%GO:0034329	CELL JUNCTION ASSEMBLY%GOBP%GO:0034329		104	-0.32604754	-1.2147493	0.11931818	0.72779244	1.0	1009	tags=16%, list=9%, signal=18%	
REGULATION OF PLATELET AGGREGATION%GOBP%GO:0090330	REGULATION OF PLATELET AGGREGATION%GOBP%GO:0090330		20	-0.45432022	-1.2144084	0.20657277	0.7271208	1.0	463	tags=20%, list=4%, signal=21%	
BIOCARTA_GPCR_PATHWAY%MSIGDB_C2%BIOCARTA_GPCR_PATHWAY	BIOCARTA_GPCR_PATHWAY%MSIGDB_C2%BIOCARTA_GPCR_PATHWAY		19	-0.47029707	-1.2139345	0.20873787	0.7269443	1.0	1031	tags=21%, list=9%, signal=23%	
PID_ER_NONGENOMIC_PATHWAY%MSIGDB_C2%PID_ER_NONGENOMIC_PATHWAY	PID_ER_NONGENOMIC_PATHWAY%MSIGDB_C2%PID_ER_NONGENOMIC_PATHWAY		26	-0.41951442	-1.213572	0.1919192	0.7264192	1.0	744	tags=15%, list=7%, signal=16%	
GLIOGENESIS%GOBP%GO:0042063	GLIOGENESIS%GOBP%GO:0042063		58	-0.36089	-1.2133695	0.14910026	0.725269	1.0	298	tags=9%, list=3%, signal=9%	
PROSTANOID METABOLIC PROCESS%GOBP%GO:0006692	PROSTANOID METABOLIC PROCESS%GOBP%GO:0006692		21	-0.44479957	-1.2104411	0.20293398	0.73418194	1.0	534	tags=19%, list=5%, signal=20%	
HALLMARK_MYC_TARGETS_V2%MSIGDBHALLMARK%HALLMARK_MYC_TARGETS_V2	HALLMARK_MYC_TARGETS_V2%MSIGDBHALLMARK%HALLMARK_MYC_TARGETS_V2		45	-0.37291357	-1.2086042	0.15970516	0.73898774	1.0	3053	tags=36%, list=28%, signal=49%	
CELL MORPHOGENESIS INVOLVED IN NEURON DIFFERENTIATION%GOBP%GO:0048667	CELL MORPHOGENESIS INVOLVED IN NEURON DIFFERENTIATION%GOBP%GO:0048667		136	-0.31469247	-1.208047	0.112676054	0.73909205	1.0	968	tags=19%, list=9%, signal=21%	
POSITIVE REGULATION OF NITRIC OXIDE BIOSYNTHETIC PROCESS%GOBP%GO:0045429	POSITIVE REGULATION OF NITRIC OXIDE BIOSYNTHETIC PROCESS%GOBP%GO:0045429		22	-0.4389696	-1.2079836	0.19851117	0.7374743	1.0	344	tags=18%, list=3%, signal=19%	
POLYCYSTIC KIDNEY DISEASE PATHWAY%WIKIPATHWAYS_20250810%WP2571%HOMO SAPIENS	POLYCYSTIC KIDNEY DISEASE PATHWAY%WIKIPATHWAYS_20250810%WP2571%HOMO SAPIENS		42	-0.37309134	-1.2076113	0.17054264	0.736999	1.0	920	tags=12%, list=8%, signal=13%	
CELL-CELL ADHESION%GOBP%GO:0098609	CELL-CELL ADHESION%GOBP%GO:0098609		172	-0.30124953	-1.2072023	0.114754096	0.7366008	1.0	678	tags=17%, list=6%, signal=18%	
NOTCH2 ACTIVATION AND TRANSMISSION OF SIGNAL TO THE NUCLEUS%REACTOME DATABASE ID RELEASE 93%2979096	NOTCH2 ACTIVATION AND TRANSMISSION OF SIGNAL TO THE NUCLEUS%REACTOME DATABASE ID RELEASE 93%2979096		18	-0.44414252	-1.2056684	0.2074074	0.7403643	1.0	2003	tags=50%, list=18%, signal=61%	
NEGATIVE REGULATION OF MAPK CASCADE%GOBP%GO:0043409	NEGATIVE REGULATION OF MAPK CASCADE%GOBP%GO:0043409		90	-0.3289484	-1.2027131	0.13483146	0.74927473	1.0	1087	tags=17%, list=10%, signal=18%	
REGULATION OF BLOOD CIRCULATION%GOBP%GO:1903522	REGULATION OF BLOOD CIRCULATION%GOBP%GO:1903522		75	-0.3378182	-1.2014298	0.13984169	0.7521369	1.0	1179	tags=20%, list=11%, signal=22%	
DETOXIFICATION%GOBP%GO:0098754	DETOXIFICATION%GOBP%GO:0098754		44	-0.3743456	-1.2009261	0.2015306	0.7521401	1.0	867	tags=25%, list=8%, signal=27%	
RESPONSE TO ALCOHOL%GOBP%GO:0097305	RESPONSE TO ALCOHOL%GOBP%GO:0097305		47	-0.3670045	-1.2008903	0.17433414	0.7504549	1.0	949	tags=15%, list=9%, signal=16%	
RRNA METABOLIC PROCESS%GOBP%GO:0016072	RRNA METABOLIC PROCESS%GOBP%GO:0016072		186	-0.29384124	-1.2002875	0.08529412	0.75086766	1.0	2441	tags=30%, list=22%, signal=38%	
NEURON PROJECTION MORPHOGENESIS%GOBP%GO:0048812	NEURON PROJECTION MORPHOGENESIS%GOBP%GO:0048812		164	-0.30452424	-1.199908	0.114379086	0.7504586	1.0	988	tags=18%, list=9%, signal=19%	
BIOCARTA_EPO_PATHWAY%MSIGDB_C2%BIOCARTA_EPO_PATHWAY	BIOCARTA_EPO_PATHWAY%MSIGDB_C2%BIOCARTA_EPO_PATHWAY		15	-0.48681632	-1.1997755	0.21363637	0.74916416	1.0	1100	tags=20%, list=10%, signal=22%	
LIPID METABOLISM PATHWAY%WIKIPATHWAYS_20250810%WP3965%HOMO SAPIENS	LIPID METABOLISM PATHWAY%WIKIPATHWAYS_20250810%WP3965%HOMO SAPIENS		16	-0.463181	-1.1987423	0.25	0.75123435	1.0	1247	tags=25%, list=11%, signal=28%	
CELL MATURATION%GOBP%GO:0048469	CELL MATURATION%GOBP%GO:0048469		36	-0.3800719	-1.1985247	0.17585301	0.75019073	1.0	663	tags=11%, list=6%, signal=12%	
RAF MAP KINASE CASCADE%REACTOME DATABASE ID RELEASE 93%5673001	RAF MAP KINASE CASCADE%REACTOME DATABASE ID RELEASE 93%5673001		166	-0.3061135	-1.1982968	0.086687304	0.7492195	1.0	697	tags=10%, list=6%, signal=11%	
NEGATIVE REGULATION OF MYELOID CELL DIFFERENTIATION%GOBP%GO:0045638	NEGATIVE REGULATION OF MYELOID CELL DIFFERENTIATION%GOBP%GO:0045638		35	-0.39508775	-1.1982124	0.19277108	0.74772227	1.0	1623	tags=29%, list=15%, signal=33%	
CIRCADIAN RHYTHM%GOBP%GO:0007623	CIRCADIAN RHYTHM%GOBP%GO:0007623		73	-0.33607912	-1.1980036	0.120204605	0.74671334	1.0	585	tags=12%, list=5%, signal=13%	
NEGATIVE REGULATION OF CELL DEVELOPMENT%GOBP%GO:0010721	NEGATIVE REGULATION OF CELL DEVELOPMENT%GOBP%GO:0010721		78	-0.33749583	-1.1978964	0.16202532	0.7452938	1.0	795	tags=18%, list=7%, signal=19%	
AXIS SPECIFICATION%GOBP%GO:0009798	AXIS SPECIFICATION%GOBP%GO:0009798		19	-0.46167222	-1.197543	0.21527778	0.7448561	1.0	773	tags=26%, list=7%, signal=28%	
POSITIVE REGULATION OF COLD-INDUCED THERMOGENESIS%GOBP%GO:0120162	POSITIVE REGULATION OF COLD-INDUCED THERMOGENESIS%GOBP%GO:0120162		61	-0.34215862	-1.1973271	0.14578006	0.7439663	1.0	610	tags=15%, list=6%, signal=16%	
CARDIAC MUSCLE CELL CONTRACTION%GOBP%GO:0086003	CARDIAC MUSCLE CELL CONTRACTION%GOBP%GO:0086003		17	-0.45404464	-1.1966367	0.21518987	0.7446814	1.0	337	tags=18%, list=3%, signal=18%	
VALIDATED NUCLEAR ESTROGEN RECEPTOR ALPHA NETWORK%PATHWAY INTERACTION DATABASE NCI-NATURE CURATED DATA%VALIDATED NUCLEAR ESTROGEN RECEPTOR ALPHA NETWORK	VALIDATED NUCLEAR ESTROGEN RECEPTOR ALPHA NETWORK%PATHWAY INTERACTION DATABASE NCI-NATURE CURATED DATA%VALIDATED NUCLEAR ESTROGEN RECEPTOR ALPHA NETWORK		47	-0.3697542	-1.1946436	0.18798956	0.75013614	1.0	1863	tags=28%, list=17%, signal=33%	
PID_LYSOPHOSPHOLIPID_PATHWAY%MSIGDB_C2%PID_LYSOPHOSPHOLIPID_PATHWAY	PID_LYSOPHOSPHOLIPID_PATHWAY%MSIGDB_C2%PID_LYSOPHOSPHOLIPID_PATHWAY		34	-0.3887727	-1.1926422	0.18414322	0.755567	1.0	316	tags=12%, list=3%, signal=12%	
MECP2 AND ASSOCIATED RETT SYNDROME%WIKIPATHWAYS_20250810%WP3584%HOMO SAPIENS	MECP2 AND ASSOCIATED RETT SYNDROME%WIKIPATHWAYS_20250810%WP3584%HOMO SAPIENS		37	-0.38279766	-1.1921574	0.19559902	0.75544816	1.0	2130	tags=24%, list=19%, signal=30%	
PURINE RIBONUCLEOTIDE BIOSYNTHETIC PROCESS%GOBP%GO:0009152	PURINE RIBONUCLEOTIDE BIOSYNTHETIC PROCESS%GOBP%GO:0009152		97	-0.3210973	-1.1918219	0.14864865	0.7549553	1.0	3072	tags=35%, list=28%, signal=48%	
NCAM SIGNALING FOR NEURITE OUT-GROWTH%REACTOME%R-HSA-375165.5	NCAM SIGNALING FOR NEURITE OUT-GROWTH%REACTOME%R-HSA-375165.5		30	-0.40265182	-1.1914904	0.20603015	0.7544403	1.0	888	tags=20%, list=8%, signal=22%	
PLASMA MEMBRANE BOUNDED CELL PROJECTION MORPHOGENESIS%GOBP%GO:0120039	PLASMA MEMBRANE BOUNDED CELL PROJECTION MORPHOGENESIS%GOBP%GO:0120039		168	-0.29881763	-1.1911907	0.0754717	0.75370497	1.0	988	tags=17%, list=9%, signal=19%	
EMBRYONIC STEM CELL PLURIPOTENCY PATHWAYS%WIKIPATHWAYS_20250810%WP3931%HOMO SAPIENS	EMBRYONIC STEM CELL PLURIPOTENCY PATHWAYS%WIKIPATHWAYS_20250810%WP3931%HOMO SAPIENS		47	-0.36964285	-1.1904824	0.18489583	0.7544668	1.0	1800	tags=26%, list=16%, signal=30%	
ICOSANOID METABOLIC PROCESS%GOBP%GO:0006690	ICOSANOID METABOLIC PROCESS%GOBP%GO:0006690		43	-0.3666501	-1.1901288	0.16834171	0.7539626	1.0	553	tags=16%, list=5%, signal=17%	
PID_IL6_7_PATHWAY%MSIGDB_C2%PID_IL6_7_PATHWAY	PID_IL6_7_PATHWAY%MSIGDB_C2%PID_IL6_7_PATHWAY		34	-0.39593786	-1.1898811	0.19721578	0.7529943	1.0	756	tags=21%, list=7%, signal=22%	
SULFUR COMPOUND METABOLIC PROCESS%GOBP%GO:0006790	SULFUR COMPOUND METABOLIC PROCESS%GOBP%GO:0006790		146	-0.3064232	-1.1896554	0.118644066	0.7521735	1.0	2234	tags=31%, list=20%, signal=38%	
13Q12 12 COPY NUMBER VARIATION%WIKIPATHWAYS_20250810%WP5406%HOMO SAPIENS	13Q12 12 COPY NUMBER VARIATION%WIKIPATHWAYS_20250810%WP5406%HOMO SAPIENS		18	-0.45120156	-1.1893314	0.25058004	0.75157505	1.0	938	tags=17%, list=9%, signal=18%	
REGULATION OF CELLULAR RESPONSE TO GROWTH FACTOR STIMULUS%GOBP%GO:0090287	REGULATION OF CELLULAR RESPONSE TO GROWTH FACTOR STIMULUS%GOBP%GO:0090287		144	-0.3062063	-1.1890246	0.11076923	0.75091887	1.0	374	tags=10%, list=3%, signal=11%	
MODIFIED AMINO ACID BIOSYNTHETIC PROCESS%GOBP%GO:0042398	MODIFIED AMINO ACID BIOSYNTHETIC PROCESS%GOBP%GO:0042398		21	-0.43869704	-1.1889788	0.21028037	0.7493607	1.0	553	tags=14%, list=5%, signal=15%	
PID_CMYB_PATHWAY%MSIGDB_C2%PID_CMYB_PATHWAY	PID_CMYB_PATHWAY%MSIGDB_C2%PID_CMYB_PATHWAY		58	-0.3509477	-1.1876065	0.16578947	0.7526319	1.0	676	tags=17%, list=6%, signal=18%	
POSITIVE REGULATION OF NITRIC OXIDE METABOLIC PROCESS%GOBP%GO:1904407	POSITIVE REGULATION OF NITRIC OXIDE METABOLIC PROCESS%GOBP%GO:1904407		24	-0.41710994	-1.1867042	0.22409639	0.7541918	1.0	344	tags=17%, list=3%, signal=17%	
RIBOSOMAL LARGE SUBUNIT BIOGENESIS%GOBP%GO:0042273	RIBOSOMAL LARGE SUBUNIT BIOGENESIS%GOBP%GO:0042273		69	-0.33650503	-1.1865406	0.14179105	0.75301856	1.0	2809	tags=38%, list=26%, signal=50%	
CARDIAC VENTRICLE DEVELOPMENT%GOBP%GO:0003231	CARDIAC VENTRICLE DEVELOPMENT%GOBP%GO:0003231		28	-0.41391158	-1.1848329	0.235732	0.7576792	1.0	1967	tags=43%, list=18%, signal=52%	
ARF6 TRAFFICKING EVENTS%PATHWAY INTERACTION DATABASE NCI-NATURE CURATED DATA%ARF6 TRAFFICKING EVENTS	ARF6 TRAFFICKING EVENTS%PATHWAY INTERACTION DATABASE NCI-NATURE CURATED DATA%ARF6 TRAFFICKING EVENTS		37	-0.38729107	-1.1844295	0.18393782	0.7575045	1.0	949	tags=19%, list=9%, signal=21%	
HALLMARK_UV_RESPONSE_UP%MSIGDBHALLMARK%HALLMARK_UV_RESPONSE_UP	HALLMARK_UV_RESPONSE_UP%MSIGDBHALLMARK%HALLMARK_UV_RESPONSE_UP		91	-0.327809	-1.1839012	0.14804469	0.7577172	1.0	1017	tags=13%, list=9%, signal=14%	
REGULATION OF KETONE METABOLIC PROCESS%GOBP%GO:0010565	REGULATION OF KETONE METABOLIC PROCESS%GOBP%GO:0010565		64	-0.34259295	-1.1838167	0.18062827	0.75630665	1.0	1147	tags=20%, list=10%, signal=23%	
STEROL HOMEOSTASIS%GOBP%GO:0055092	STEROL HOMEOSTASIS%GOBP%GO:0055092		40	-0.3745119	-1.18293	0.18673219	0.75784206	1.0	999	tags=25%, list=9%, signal=27%	
REGULATION OF FIBROBLAST PROLIFERATION%GOBP%GO:0048145	REGULATION OF FIBROBLAST PROLIFERATION%GOBP%GO:0048145		30	-0.39977124	-1.182682	0.21345708	0.7570719	1.0	446	tags=10%, list=4%, signal=10%	
ASSEMBLY OF COLLAGEN FIBRILS AND OTHER MULTIMERIC STRUCTURES%REACTOME%R-HSA-2022090.5	ASSEMBLY OF COLLAGEN FIBRILS AND OTHER MULTIMERIC STRUCTURES%REACTOME%R-HSA-2022090.5		22	-0.42945004	-1.1818888	0.225058	0.7581555	1.0	888	tags=23%, list=8%, signal=25%	
SKELETAL SYSTEM MORPHOGENESIS%GOBP%GO:0048705	SKELETAL SYSTEM MORPHOGENESIS%GOBP%GO:0048705		33	-0.39406258	-1.1811631	0.21103117	0.7590102	1.0	1333	tags=27%, list=12%, signal=31%	
MAINTENANCE OF BLOOD-BRAIN BARRIER%GOBP%GO:0035633	MAINTENANCE OF BLOOD-BRAIN BARRIER%GOBP%GO:0035633		16	-0.45515206	-1.1797408	0.26728112	0.76237863	1.0	374	tags=19%, list=3%, signal=19%	
SHP2 SIGNALING%PATHWAY INTERACTION DATABASE NCI-NATURE CURATED DATA%SHP2 SIGNALING	SHP2 SIGNALING%PATHWAY INTERACTION DATABASE NCI-NATURE CURATED DATA%SHP2 SIGNALING		36	-0.38223585	-1.1791415	0.20099255	0.76289517	1.0	677	tags=17%, list=6%, signal=18%	
RIBONUCLEOSIDE MONOPHOSPHATE BIOSYNTHETIC PROCESS%GOBP%GO:0009156	RIBONUCLEOSIDE MONOPHOSPHATE BIOSYNTHETIC PROCESS%GOBP%GO:0009156		18	-0.45210078	-1.178748	0.22029702	0.76261085	1.0	4345	tags=67%, list=40%, signal=110%	
KETONE BIOSYNTHETIC PROCESS%GOBP%GO:0042181	KETONE BIOSYNTHETIC PROCESS%GOBP%GO:0042181		18	-0.44319117	-1.1780312	0.21052632	0.76365185	1.0	2927	tags=50%, list=27%, signal=68%	
MITOCHONDRIAL PROTEIN IMPORT%REACTOME DATABASE ID RELEASE 93%1268020	MITOCHONDRIAL PROTEIN IMPORT%REACTOME DATABASE ID RELEASE 93%1268020		57	-0.34685674	-1.1769675	0.19422573	0.76579165	1.0	1949	tags=30%, list=18%, signal=36%	
XENOBIOTIC METABOLIC PROCESS%GOBP%GO:0006805	XENOBIOTIC METABOLIC PROCESS%GOBP%GO:0006805		42	-0.36566874	-1.1767293	0.21621622	0.7650177	1.0	836	tags=17%, list=8%, signal=18%	
CELL PROJECTION MORPHOGENESIS%GOBP%GO:0048858	CELL PROJECTION MORPHOGENESIS%GOBP%GO:0048858		173	-0.29072163	-1.176465	0.08360129	0.76428795	1.0	988	tags=17%, list=9%, signal=18%	
CLATHRIN-MEDIATED ENDOCYTOSIS%REACTOME DATABASE ID RELEASE 93%8856828	CLATHRIN-MEDIATED ENDOCYTOSIS%REACTOME DATABASE ID RELEASE 93%8856828		116	-0.3085606	-1.1761422	0.15425532	0.7637558	1.0	706	tags=10%, list=6%, signal=11%	
CALCIUM-MEDIATED SIGNALING%GOBP%GO:0019722	CALCIUM-MEDIATED SIGNALING%GOBP%GO:0019722		56	-0.35091326	-1.1756802	0.21375921	0.7637141	1.0	382	tags=13%, list=3%, signal=13%	
REGULATION OF D-GLUCOSE TRANSMEMBRANE TRANSPORT%GOBP%GO:0010827	REGULATION OF D-GLUCOSE TRANSMEMBRANE TRANSPORT%GOBP%GO:0010827		30	-0.40323797	-1.1752939	0.23529412	0.7633763	1.0	344	tags=13%, list=3%, signal=14%	
MOLECULAR PATHWAY FOR OXIDATIVE STRESS%WIKIPATHWAYS_20250810%WP5477%HOMO SAPIENS	MOLECULAR PATHWAY FOR OXIDATIVE STRESS%WIKIPATHWAYS_20250810%WP5477%HOMO SAPIENS		35	-0.38105652	-1.1749817	0.21372032	0.76284015	1.0	756	tags=14%, list=7%, signal=15%	
MITOCHONDRIAL COMPLEX I ASSEMBLY MODEL OXPHOS SYSTEM%WIKIPATHWAYS_20250810%WP4324%HOMO SAPIENS	MITOCHONDRIAL COMPLEX I ASSEMBLY MODEL OXPHOS SYSTEM%WIKIPATHWAYS_20250810%WP4324%HOMO SAPIENS		41	-0.37194142	-1.1736518	0.1891892	0.7660117	1.0	2786	tags=41%, list=25%, signal=55%	
PID_ARF6_TRAFFICKING_PATHWAY%MSIGDB_C2%PID_ARF6_TRAFFICKING_PATHWAY	PID_ARF6_TRAFFICKING_PATHWAY%MSIGDB_C2%PID_ARF6_TRAFFICKING_PATHWAY		28	-0.40080646	-1.1729426	0.2271605	0.7670247	1.0	699	tags=18%, list=6%, signal=19%	
HEART DEVELOPMENT%GOBP%GO:0007507	HEART DEVELOPMENT%GOBP%GO:0007507		134	-0.30194807	-1.1726279	0.11309524	0.76638335	1.0	2047	tags=30%, list=19%, signal=36%	
BILE ACID METABOLIC PROCESS%GOBP%GO:0008206	BILE ACID METABOLIC PROCESS%GOBP%GO:0008206		19	-0.43167582	-1.172031	0.24189526	0.76687694	1.0	857	tags=21%, list=8%, signal=23%	
SULFUR AMINO ACID METABOLISM%REACTOME DATABASE ID RELEASE 93%1614635	SULFUR AMINO ACID METABOLISM%REACTOME DATABASE ID RELEASE 93%1614635		19	-0.43207237	-1.1713948	0.24082568	0.7675118	1.0	2075	tags=37%, list=19%, signal=45%	
POSITIVE REGULATION OF PEPTIDYL-TYROSINE PHOSPHORYLATION%GOBP%GO:0050731	POSITIVE REGULATION OF PEPTIDYL-TYROSINE PHOSPHORYLATION%GOBP%GO:0050731		23	-0.41573587	-1.1701703	0.22604422	0.7702425	1.0	374	tags=17%, list=3%, signal=18%	
RESPIRATORY SYSTEM DEVELOPMENT%GOBP%GO:0060541	RESPIRATORY SYSTEM DEVELOPMENT%GOBP%GO:0060541		19	-0.44429088	-1.1698734	0.25742576	0.76969796	1.0	1333	tags=32%, list=12%, signal=36%	
POSITIVE REGULATION OF NF-KAPPAB TRANSCRIPTION FACTOR ACTIVITY%GOBP%GO:0051092	POSITIVE REGULATION OF NF-KAPPAB TRANSCRIPTION FACTOR ACTIVITY%GOBP%GO:0051092		56	-0.35170013	-1.1698669	0.21813725	0.7680626	1.0	677	tags=11%, list=6%, signal=11%	
DOWNREGULATION OF ERBB2 SIGNALING%REACTOME%R-HSA-8863795.3	DOWNREGULATION OF ERBB2 SIGNALING%REACTOME%R-HSA-8863795.3		18	-0.45342496	-1.1697565	0.2453271	0.76679724	1.0	697	tags=11%, list=6%, signal=12%	
GLOMERULUS DEVELOPMENT%GOBP%GO:0032835	GLOMERULUS DEVELOPMENT%GOBP%GO:0032835		23	-0.4147639	-1.1691866	0.2547619	0.7672458	1.0	1029	tags=30%, list=9%, signal=34%	
LIPID HOMEOSTASIS%GOBP%GO:0055088	LIPID HOMEOSTASIS%GOBP%GO:0055088		77	-0.3293169	-1.1688039	0.18947369	0.76700705	1.0	999	tags=18%, list=9%, signal=20%	
RNA POLYMERASE I PROMOTER OPENING%REACTOME%R-HSA-73728.4	RNA POLYMERASE I PROMOTER OPENING%REACTOME%R-HSA-73728.4		19	-0.4395095	-1.168322	0.24942264	0.7671179	1.0	2357	tags=47%, list=21%, signal=60%	
BIOCARTA_FCER1_PATHWAY%MSIGDB_C2%BIOCARTA_FCER1_PATHWAY	BIOCARTA_FCER1_PATHWAY%MSIGDB_C2%BIOCARTA_FCER1_PATHWAY		30	-0.39953306	-1.1677265	0.22222222	0.767624	1.0	997	tags=17%, list=9%, signal=18%	
FORMATION OF ATP BY CHEMIOSMOTIC COUPLING%REACTOME DATABASE ID RELEASE 93%163210	FORMATION OF ATP BY CHEMIOSMOTIC COUPLING%REACTOME DATABASE ID RELEASE 93%163210		20	-0.41895935	-1.1670941	0.22166246	0.7683379	1.0	3214	tags=45%, list=29%, signal=64%	
MAPLE SYRUP URINE DISEASE%PATHWHIZ%PW000064	MAPLE SYRUP URINE DISEASE%PATHWHIZ%PW000064		25	-0.39991173	-1.1639303	0.24618736	0.77805066	1.0	3079	tags=40%, list=28%, signal=55%	
REGULATION OF STRESS-ACTIVATED MAPK CASCADE%GOBP%GO:0032872	REGULATION OF STRESS-ACTIVATED MAPK CASCADE%GOBP%GO:0032872		23	-0.41821334	-1.1623	0.26213592	0.7822808	1.0	1737	tags=22%, list=16%, signal=26%	
SPROUTING ANGIOGENESIS%GOBP%GO:0002040	SPROUTING ANGIOGENESIS%GOBP%GO:0002040		28	-0.3978323	-1.1618706	0.22033899	0.7821616	1.0	937	tags=21%, list=9%, signal=23%	
CELL SURFACE RECEPTOR PROTEIN TYROSINE KINASE SIGNALING PATHWAY%GOBP%GO:0007169	CELL SURFACE RECEPTOR PROTEIN TYROSINE KINASE SIGNALING PATHWAY%GOBP%GO:0007169		188	-0.28522873	-1.1618543	0.13103448	0.78056794	1.0	756	tags=11%, list=7%, signal=12%	
SIGNALING BY NON-RECEPTOR TYROSINE KINASES%REACTOME DATABASE ID RELEASE 93%9006927	SIGNALING BY NON-RECEPTOR TYROSINE KINASES%REACTOME DATABASE ID RELEASE 93%9006927		34	-0.38155994	-1.1610392	0.21596244	0.7819383	1.0	122	tags=6%, list=1%, signal=6%	
RUNX1 REGULATES GENES INVOLVED IN MEGAKARYOCYTE DIFFERENTIATION AND PLATELET FUNCTION%REACTOME DATABASE ID RELEASE 93%8936459	RUNX1 REGULATES GENES INVOLVED IN MEGAKARYOCYTE DIFFERENTIATION AND PLATELET FUNCTION%REACTOME DATABASE ID RELEASE 93%8936459		49	-0.36212862	-1.1610128	0.20293398	0.78039455	1.0	1754	tags=29%, list=16%, signal=34%	
TRISTETRAPROLIN (TTP, ZFP36) BINDS AND DESTABILIZES MRNA%REACTOME DATABASE ID RELEASE 93%450513	TRISTETRAPROLIN (TTP, ZFP36) BINDS AND DESTABILIZES MRNA%REACTOME DATABASE ID RELEASE 93%450513		17	-0.44176757	-1.1601611	0.25240386	0.7818622	1.0	2997	tags=35%, list=27%, signal=48%	
SYNDECAN-2-MEDIATED SIGNALING EVENTS%PATHWAY INTERACTION DATABASE NCI-NATURE CURATED DATA%SYNDECAN-2-MEDIATED SIGNALING EVENTS	SYNDECAN-2-MEDIATED SIGNALING EVENTS%PATHWAY INTERACTION DATABASE NCI-NATURE CURATED DATA%SYNDECAN-2-MEDIATED SIGNALING EVENTS		25	-0.40626797	-1.1596593	0.23188406	0.7820334	1.0	165	tags=12%, list=2%, signal=12%	
FERROPTOSIS%WIKIPATHWAYS_20250810%WP4313%HOMO SAPIENS	FERROPTOSIS%WIKIPATHWAYS_20250810%WP4313%HOMO SAPIENS		38	-0.375021	-1.1589631	0.21938775	0.78293616	1.0	408	tags=13%, list=4%, signal=14%	
MTORC1-MEDIATED SIGNALLING%REACTOME DATABASE ID RELEASE 93%166208	MTORC1-MEDIATED SIGNALLING%REACTOME DATABASE ID RELEASE 93%166208		24	-0.41201314	-1.1581329	0.2538071	0.78420293	1.0	1487	tags=25%, list=14%, signal=29%	
PRE-NOTCH TRANSCRIPTION AND TRANSLATION%REACTOME DATABASE ID RELEASE 93%1912408	PRE-NOTCH TRANSCRIPTION AND TRANSLATION%REACTOME DATABASE ID RELEASE 93%1912408		45	-0.35957277	-1.158117	0.19329897	0.7826303	1.0	2357	tags=42%, list=21%, signal=54%	
CHONDROCYTE DIFFERENTIATION%GOBP%GO:0002062	CHONDROCYTE DIFFERENTIATION%GOBP%GO:0002062		20	-0.42054725	-1.1570513	0.2606635	0.7849577	1.0	1179	tags=35%, list=11%, signal=39%	
VALINE, LEUCINE, AND ISOLEUCINE DEGRADATION%PATHWHIZ%PW000051	VALINE, LEUCINE, AND ISOLEUCINE DEGRADATION%PATHWHIZ%PW000051		25	-0.39991173	-1.1561509	0.2335958	0.78666246	1.0	3079	tags=40%, list=28%, signal=55%	
BRANCHED-CHAIN AMINO ACID CATABOLIC PROCESS%GOBP%GO:0009083	BRANCHED-CHAIN AMINO ACID CATABOLIC PROCESS%GOBP%GO:0009083		18	-0.43947372	-1.1552526	0.29	0.78832597	1.0	2215	tags=28%, list=20%, signal=35%	
TGF BETA RECEPTOR SIGNALING IN SKELETAL DYSPLASIAS%WIKIPATHWAYS_20250810%WP4816%HOMO SAPIENS	TGF BETA RECEPTOR SIGNALING IN SKELETAL DYSPLASIAS%WIKIPATHWAYS_20250810%WP4816%HOMO SAPIENS		34	-0.37831748	-1.1549398	0.24146341	0.78787667	1.0	707	tags=12%, list=6%, signal=13%	
SARS COV 2 INNATE IMMUNITY EVASION AND CELL SPECIFIC IMMUNE RESPONSE%WIKIPATHWAYS_20250810%WP5039%HOMO SAPIENS	SARS COV 2 INNATE IMMUNITY EVASION AND CELL SPECIFIC IMMUNE RESPONSE%WIKIPATHWAYS_20250810%WP5039%HOMO SAPIENS		40	-0.3675543	-1.1546438	0.21866667	0.7873064	1.0	76	tags=8%, list=1%, signal=8%	
MATURATION OF SSU-RRNA%GOBP%GO:0030490	MATURATION OF SSU-RRNA%GOBP%GO:0030490		46	-0.35847336	-1.1544006	0.20212767	0.78658086	1.0	3223	tags=46%, list=29%, signal=64%	
EPIBOLY%GOBP%GO:0090504	EPIBOLY%GOBP%GO:0090504		17	-0.43912604	-1.1537573	0.2609756	0.78733844	1.0	598	tags=12%, list=5%, signal=12%	
VESICLE TETHERING%GOBP%GO:0099022	VESICLE TETHERING%GOBP%GO:0099022		30	-0.392233	-1.1532377	0.24234694	0.78773177	1.0	2482	tags=27%, list=23%, signal=34%	
PHOSPHOLIPID DEPHOSPHORYLATION%GOBP%GO:0046839	PHOSPHOLIPID DEPHOSPHORYLATION%GOBP%GO:0046839		24	-0.4162592	-1.1529249	0.26746988	0.7872908	1.0	665	tags=17%, list=6%, signal=18%	
EPIBOLY INVOLVED IN WOUND HEALING%GOBP%GO:0090505	EPIBOLY INVOLVED IN WOUND HEALING%GOBP%GO:0090505		16	-0.44025266	-1.1527939	0.26485148	0.78617394	1.0	598	tags=13%, list=5%, signal=13%	
REGULATION OF FATTY ACID METABOLIC PROCESS%GOBP%GO:0019217	REGULATION OF FATTY ACID METABOLIC PROCESS%GOBP%GO:0019217		50	-0.3515153	-1.1526079	0.2408377	0.7852127	1.0	1147	tags=20%, list=10%, signal=22%	
MESODERMAL COMMITMENT PATHWAY%WIKIPATHWAYS_20250810%WP2857%HOMO SAPIENS	MESODERMAL COMMITMENT PATHWAY%WIKIPATHWAYS_20250810%WP2857%HOMO SAPIENS		75	-0.32383937	-1.1501048	0.18133333	0.7927358	1.0	1796	tags=25%, list=16%, signal=30%	
REGULATION OF ENDOGENOUS RETROELEMENTS BY KRAB-ZFP PROTEINS%REACTOME%R-HSA-9843940.1	REGULATION OF ENDOGENOUS RETROELEMENTS BY KRAB-ZFP PROTEINS%REACTOME%R-HSA-9843940.1		60	-0.3351079	-1.1499285	0.19774011	0.7917778	1.0	2512	tags=33%, list=23%, signal=43%	
REGULATION OF DENDRITIC SPINE MORPHOGENESIS%GOBP%GO:0061001	REGULATION OF DENDRITIC SPINE MORPHOGENESIS%GOBP%GO:0061001		20	-0.42568353	-1.1498823	0.2823834	0.7903363	1.0	773	tags=20%, list=7%, signal=21%	
CALCIUM REGULATION IN CARDIAC CELLS%WIKIPATHWAYS_20250810%WP536%HOMO SAPIENS	CALCIUM REGULATION IN CARDIAC CELLS%WIKIPATHWAYS_20250810%WP536%HOMO SAPIENS		56	-0.33963376	-1.1498512	0.22074468	0.78886163	1.0	1155	tags=18%, list=11%, signal=20%	
REGULATION OF WOUND HEALING%GOBP%GO:0061041	REGULATION OF WOUND HEALING%GOBP%GO:0061041		52	-0.34845772	-1.1491281	0.20320855	0.7898432	1.0	805	tags=21%, list=7%, signal=23%	
GRANULOCYTE ACTIVATION%GOBP%GO:0036230	GRANULOCYTE ACTIVATION%GOBP%GO:0036230		21	-0.419582	-1.148493	0.25581396	0.79066986	1.0	230	tags=14%, list=2%, signal=15%	
REGULATION OF NEURON PROJECTION DEVELOPMENT%GOBP%GO:0010975	REGULATION OF NEURON PROJECTION DEVELOPMENT%GOBP%GO:0010975		153	-0.28518754	-1.1469074	0.13927576	0.7948543	1.0	773	tags=14%, list=7%, signal=15%	
CILIOPATHIES%WIKIPATHWAYS_20250810%WP4803%HOMO SAPIENS	CILIOPATHIES%WIKIPATHWAYS_20250810%WP4803%HOMO SAPIENS		105	-0.30744076	-1.1456891	0.21387284	0.79752994	1.0	2506	tags=32%, list=23%, signal=42%	
REGULATION OF CHROMATIN ORGANIZATION%GOBP%GO:1902275	REGULATION OF CHROMATIN ORGANIZATION%GOBP%GO:1902275		22	-0.41715991	-1.1452973	0.27901235	0.7973333	1.0	1540	tags=23%, list=14%, signal=26%	
3-METHYLGLUTACONIC ACIDURIA TYPE IV%SMPDB%SMP0000141	3-METHYLGLUTACONIC ACIDURIA TYPE IV%SMPDB%SMP0000141		25	-0.39991173	-1.1440182	0.26477543	0.800629	1.0	3079	tags=40%, list=28%, signal=55%	
PID_AVB3_INTEGRIN_PATHWAY%MSIGDB_C2%PID_AVB3_INTEGRIN_PATHWAY	PID_AVB3_INTEGRIN_PATHWAY%MSIGDB_C2%PID_AVB3_INTEGRIN_PATHWAY		33	-0.37503502	-1.1439558	0.2418136	0.7992412	1.0	888	tags=15%, list=8%, signal=16%	
REGULATION OF EPITHELIAL CELL PROLIFERATION%GOBP%GO:0050678	REGULATION OF EPITHELIAL CELL PROLIFERATION%GOBP%GO:0050678		113	-0.30054048	-1.14362	0.15820895	0.7988523	1.0	897	tags=12%, list=8%, signal=13%	
ISOVALERIC ACIDEMIA%PATHWHIZ%PW000500	ISOVALERIC ACIDEMIA%PATHWHIZ%PW000500		25	-0.39991173	-1.1429467	0.23880596	0.7996731	1.0	3079	tags=40%, list=28%, signal=55%	
LPA RECEPTOR MEDIATED EVENTS%PATHWAY INTERACTION DATABASE NCI-NATURE CURATED DATA%LPA RECEPTOR MEDIATED EVENTS	LPA RECEPTOR MEDIATED EVENTS%PATHWAY INTERACTION DATABASE NCI-NATURE CURATED DATA%LPA RECEPTOR MEDIATED EVENTS		45	-0.35903317	-1.1418799	0.22619048	0.8020581	1.0	478	tags=13%, list=4%, signal=14%	
SMAD2 SMAD3:SMAD4 HETEROTRIMER REGULATES TRANSCRIPTION%REACTOME%R-HSA-2173796.6	SMAD2 SMAD3:SMAD4 HETEROTRIMER REGULATES TRANSCRIPTION%REACTOME%R-HSA-2173796.6		32	-0.3722116	-1.1412861	0.24460432	0.8026192	1.0	2011	tags=28%, list=18%, signal=34%	
COLLAGEN BIOSYNTHESIS AND MODIFYING ENZYMES%REACTOME%R-HSA-1650814.6	COLLAGEN BIOSYNTHESIS AND MODIFYING ENZYMES%REACTOME%R-HSA-1650814.6		27	-0.39627895	-1.1412058	0.26241136	0.801387	1.0	888	tags=22%, list=8%, signal=24%	
BRANCHED-CHAIN AMINO ACID CATABOLISM%REACTOME%R-HSA-70895.8	BRANCHED-CHAIN AMINO ACID CATABOLISM%REACTOME%R-HSA-70895.8		20	-0.42278612	-1.1405466	0.27272728	0.8022084	1.0	3968	tags=55%, list=36%, signal=86%	
EBSTEIN BARR VIRUS LMP1 SIGNALING%WIKIPATHWAYS_20250810%WP262%HOMO SAPIENS	EBSTEIN BARR VIRUS LMP1 SIGNALING%WIKIPATHWAYS_20250810%WP262%HOMO SAPIENS		17	-0.4399941	-1.1401875	0.28140703	0.8020697	1.0	12	tags=6%, list=0%, signal=6%	
CELLULAR RESPONSE TO LAMINAR FLUID SHEAR STRESS%GOBP%GO:0071499	CELLULAR RESPONSE TO LAMINAR FLUID SHEAR STRESS%GOBP%GO:0071499		20	-0.42042837	-1.1397839	0.29290617	0.80196464	1.0	3245	tags=50%, list=30%, signal=71%	
REGULATION OF STRESS-ACTIVATED PROTEIN KINASE SIGNALING CASCADE%GOBP%GO:0070302	REGULATION OF STRESS-ACTIVATED PROTEIN KINASE SIGNALING CASCADE%GOBP%GO:0070302		23	-0.41821334	-1.1392263	0.2900232	0.8024489	1.0	1737	tags=22%, list=16%, signal=26%	
RIBONUCLEOTIDE BIOSYNTHETIC PROCESS%GOBP%GO:0009260	RIBONUCLEOTIDE BIOSYNTHETIC PROCESS%GOBP%GO:0009260		108	-0.2967318	-1.1389513	0.1750663	0.80190104	1.0	3072	tags=32%, list=28%, signal=45%	
KETONE METABOLIC PROCESS%GOBP%GO:0042180	KETONE METABOLIC PROCESS%GOBP%GO:0042180		43	-0.3517071	-1.1383888	0.234375	0.8024363	1.0	2384	tags=35%, list=22%, signal=44%	
ARACHIDONATE METABOLISM%REACTOME DATABASE ID RELEASE 93%2142753	ARACHIDONATE METABOLISM%REACTOME DATABASE ID RELEASE 93%2142753		27	-0.39153534	-1.1377498	0.2517647	0.80332804	1.0	534	tags=15%, list=5%, signal=16%	
REGULATION OF OSTEOBLAST DIFFERENTIATION%GOBP%GO:0045667	REGULATION OF OSTEOBLAST DIFFERENTIATION%GOBP%GO:0045667		46	-0.34964946	-1.1377383	0.26108375	0.80181307	1.0	2017	tags=37%, list=18%, signal=45%	
ANGIOPOIETIN RECEPTOR TIE2-MEDIATED SIGNALING%PATHWAY INTERACTION DATABASE NCI-NATURE CURATED DATA%ANGIOPOIETIN RECEPTOR TIE2-MEDIATED SIGNALING	ANGIOPOIETIN RECEPTOR TIE2-MEDIATED SIGNALING%PATHWAY INTERACTION DATABASE NCI-NATURE CURATED DATA%ANGIOPOIETIN RECEPTOR TIE2-MEDIATED SIGNALING		39	-0.36444294	-1.1364112	0.24038461	0.8051158	1.0	756	tags=10%, list=7%, signal=11%	
CARDIAC MUSCLE CELL ACTION POTENTIAL%GOBP%GO:0086001	CARDIAC MUSCLE CELL ACTION POTENTIAL%GOBP%GO:0086001		19	-0.42829126	-1.1346165	0.2966507	0.8100353	1.0	337	tags=16%, list=3%, signal=16%	
CELL-MATRIX ADHESION%GOBP%GO:0007160	CELL-MATRIX ADHESION%GOBP%GO:0007160		57	-0.33320734	-1.1327497	0.2370892	0.8155505	1.0	598	tags=18%, list=5%, signal=18%	
ISOBUTYRYL-COA DEHYDROGENASE DEFICIENCY%SMPDB%SMP0000523	ISOBUTYRYL-COA DEHYDROGENASE DEFICIENCY%SMPDB%SMP0000523		25	-0.39991173	-1.1325109	0.24827586	0.814836	1.0	3079	tags=40%, list=28%, signal=55%	
PRESENILIN ACTION IN NOTCH AND WNT SIGNALING%PATHWAY INTERACTION DATABASE NCI-NATURE CURATED DATA%PRESENILIN ACTION IN NOTCH AND WNT SIGNALING	PRESENILIN ACTION IN NOTCH AND WNT SIGNALING%PATHWAY INTERACTION DATABASE NCI-NATURE CURATED DATA%PRESENILIN ACTION IN NOTCH AND WNT SIGNALING		35	-0.36898947	-1.1321001	0.26952142	0.81478345	1.0	444	tags=11%, list=4%, signal=12%	
SIGNALING BY PTK6%REACTOME DATABASE ID RELEASE 93%8848021	SIGNALING BY PTK6%REACTOME DATABASE ID RELEASE 93%8848021		34	-0.38155994	-1.1319964	0.25797874	0.8136209	1.0	122	tags=6%, list=1%, signal=6%	
REGULATION OF BONE MINERALIZATION%GOBP%GO:0030500	REGULATION OF BONE MINERALIZATION%GOBP%GO:0030500		32	-0.37063888	-1.1319169	0.2684729	0.8123398	1.0	1901	tags=31%, list=17%, signal=38%	
POSITIVE REGULATION OF CELLULAR RESPONSE TO TRANSFORMING GROWTH FACTOR BETA STIMULUS%GOBP%GO:1903846	POSITIVE REGULATION OF CELLULAR RESPONSE TO TRANSFORMING GROWTH FACTOR BETA STIMULUS%GOBP%GO:1903846		18	-0.4260992	-1.1318259	0.2789598	0.81113654	1.0	2676	tags=44%, list=24%, signal=59%	
SENESCENCE ASSOCIATED SECRETORY PHENOTYPE SASP %WIKIPATHWAYS_20250810%WP3391%HOMO SAPIENS	SENESCENCE ASSOCIATED SECRETORY PHENOTYPE SASP %WIKIPATHWAYS_20250810%WP3391%HOMO SAPIENS		54	-0.33471584	-1.1314967	0.23237598	0.8107226	1.0	697	tags=13%, list=6%, signal=14%	
3-HYDROXY-3-METHYLGLUTARYL-COA LYASE DEFICIENCY%PATHWHIZ%PW000063	3-HYDROXY-3-METHYLGLUTARYL-COA LYASE DEFICIENCY%PATHWHIZ%PW000063		25	-0.39991173	-1.1309747	0.29216152	0.81108296	1.0	3079	tags=40%, list=28%, signal=55%	
NEOVASCULARIZATION PROCESSES%WIKIPATHWAYS_20250810%WP4331%HOMO SAPIENS	NEOVASCULARIZATION PROCESSES%WIKIPATHWAYS_20250810%WP4331%HOMO SAPIENS		20	-0.41162673	-1.1304121	0.27543426	0.8116191	1.0	196	tags=10%, list=2%, signal=10%	
METHYLMALONIC ACIDURIA%SMPDB%SMP0000200	METHYLMALONIC ACIDURIA%SMPDB%SMP0000200		25	-0.39991173	-1.1303296	0.2929782	0.8103776	1.0	3079	tags=40%, list=28%, signal=55%	
REGULATION OF BMP SIGNALING PATHWAY%GOBP%GO:0030510	REGULATION OF BMP SIGNALING PATHWAY%GOBP%GO:0030510		37	-0.36170718	-1.1301792	0.2652068	0.8093826	1.0	707	tags=14%, list=6%, signal=14%	
3-HYDROXYISOBUTYRIC ACID DEHYDROGENASE DEFICIENCY%SMPDB%SMP0000521	3-HYDROXYISOBUTYRIC ACID DEHYDROGENASE DEFICIENCY%SMPDB%SMP0000521		25	-0.39991173	-1.1299998	0.30769232	0.80851775	1.0	3079	tags=40%, list=28%, signal=55%	
3-METHYLCROTONYL-COA CARBOXYLASE DEFICIENCY TYPE I%SMPDB%SMP0000237	3-METHYLCROTONYL-COA CARBOXYLASE DEFICIENCY TYPE I%SMPDB%SMP0000237		25	-0.39991173	-1.1297736	0.24029127	0.8078629	1.0	3079	tags=40%, list=28%, signal=55%	
TRANSPORT OF BILE SALTS AND ORGANIC ACIDS, METAL IONS AND AMINE COMPOUNDS%REACTOME%R-HSA-425366.5	TRANSPORT OF BILE SALTS AND ORGANIC ACIDS, METAL IONS AND AMINE COMPOUNDS%REACTOME%R-HSA-425366.5		35	-0.3728898	-1.129498	0.24590164	0.80734754	1.0	867	tags=20%, list=8%, signal=22%	
PROPIONIC ACIDEMIA%PATHWHIZ%PW000062	PROPIONIC ACIDEMIA%PATHWHIZ%PW000062		25	-0.39991173	-1.1292499	0.30528846	0.80678964	1.0	3079	tags=40%, list=28%, signal=55%	
UNSATURATED FATTY ACID BIOSYNTHETIC PROCESS%GOBP%GO:0006636	UNSATURATED FATTY ACID BIOSYNTHETIC PROCESS%GOBP%GO:0006636		17	-0.4328193	-1.128871	0.29069766	0.80663997	1.0	1488	tags=29%, list=14%, signal=34%	
ISOVALERIC ACIDURIA%PATHWHIZ%PW000091	ISOVALERIC ACIDURIA%PATHWHIZ%PW000091		25	-0.39991173	-1.1270651	0.29090908	0.8117304	1.0	3079	tags=40%, list=28%, signal=55%	
BETA-KETOTHIOLASE DEFICIENCY%SMPDB%SMP0000173	BETA-KETOTHIOLASE DEFICIENCY%SMPDB%SMP0000173		25	-0.39991173	-1.126667	0.28865978	0.81172526	1.0	3079	tags=40%, list=28%, signal=55%	
PROSTAGLANDIN AND LEUKOTRIENE METABOLISM IN SENESCENCE %WIKIPATHWAYS_20250810%WP5122%HOMO SAPIENS	PROSTAGLANDIN AND LEUKOTRIENE METABOLISM IN SENESCENCE %WIKIPATHWAYS_20250810%WP5122%HOMO SAPIENS		16	-0.4435614	-1.1258456	0.28271028	0.81328	1.0	434	tags=19%, list=4%, signal=19%	
POSITIVE REGULATION OF PHOSPHATIDYLINOSITOL 3-KINASE/PROTEIN KINASE B SIGNAL TRANSDUCTION%GOBP%GO:0051897	POSITIVE REGULATION OF PHOSPHATIDYLINOSITOL 3-KINASE/PROTEIN KINASE B SIGNAL TRANSDUCTION%GOBP%GO:0051897		89	-0.31493807	-1.1246197	0.21635884	0.8162615	1.0	677	tags=15%, list=6%, signal=15%	
3-METHYLGLUTACONIC ACIDURIA TYPE I%SMPDB%SMP0000139	3-METHYLGLUTACONIC ACIDURIA TYPE I%SMPDB%SMP0000139		25	-0.39991173	-1.1245397	0.2837838	0.81506217	1.0	3079	tags=40%, list=28%, signal=55%	
ESTABLISHMENT OR MAINTENANCE OF BIPOLAR CELL POLARITY%GOBP%GO:0061245	ESTABLISHMENT OR MAINTENANCE OF BIPOLAR CELL POLARITY%GOBP%GO:0061245		25	-0.3953774	-1.1237665	0.2536946	0.81645554	1.0	2151	tags=28%, list=20%, signal=35%	
INTERLEUKIN-4 AND INTERLEUKIN-13 SIGNALING%REACTOME%R-HSA-6785807.8	INTERLEUKIN-4 AND INTERLEUKIN-13 SIGNALING%REACTOME%R-HSA-6785807.8		71	-0.32051307	-1.1222665	0.23380281	0.8204384	1.0	573	tags=14%, list=5%, signal=15%	
ASSEMBLY OF THE ORC COMPLEX AT THE ORIGIN OF REPLICATION%REACTOME%R-HSA-68616.6	ASSEMBLY OF THE ORC COMPLEX AT THE ORIGIN OF REPLICATION%REACTOME%R-HSA-68616.6		25	-0.39980498	-1.1220131	0.30656934	0.81985414	1.0	2357	tags=44%, list=21%, signal=56%	
TGF-BETA SIGNALING PATHWAY%PANTHER PATHWAY%P00052	TGF-BETA SIGNALING PATHWAY%PANTHER PATHWAY%P00052		47	-0.34212723	-1.1219261	0.24164525	0.818653	1.0	1796	tags=28%, list=16%, signal=33%	
LEUKOCYTE PROLIFERATION%GOBP%GO:0070661	LEUKOCYTE PROLIFERATION%GOBP%GO:0070661		30	-0.37656635	-1.1208559	0.30170316	0.8210126	1.0	230	tags=17%, list=2%, signal=17%	
POSITIVE REGULATION OF NEURON PROJECTION DEVELOPMENT%GOBP%GO:0010976	POSITIVE REGULATION OF NEURON PROJECTION DEVELOPMENT%GOBP%GO:0010976		56	-0.3324145	-1.1208056	0.26884422	0.8196893	1.0	773	tags=18%, list=7%, signal=19%	
NEGATIVE REGULATION OF FATTY ACID METABOLIC PROCESS%GOBP%GO:0045922	NEGATIVE REGULATION OF FATTY ACID METABOLIC PROCESS%GOBP%GO:0045922		18	-0.41845623	-1.1201056	0.30193236	0.8207566	1.0	464	tags=17%, list=4%, signal=17%	
REGULATION OF SPROUTING ANGIOGENESIS%GOBP%GO:1903670	REGULATION OF SPROUTING ANGIOGENESIS%GOBP%GO:1903670		23	-0.39827788	-1.1193066	0.28850856	0.82224685	1.0	731	tags=22%, list=7%, signal=23%	
SNRNA 3'-END PROCESSING%GOBP%GO:0034472	SNRNA 3'-END PROCESSING%GOBP%GO:0034472		22	-0.40577087	-1.1191844	0.3004695	0.82120484	1.0	1364	tags=23%, list=12%, signal=26%	
PROTEIN TARGETING TO MITOCHONDRION%GOBP%GO:0006626	PROTEIN TARGETING TO MITOCHONDRION%GOBP%GO:0006626		30	-0.37799084	-1.1186525	0.2853403	0.8215691	1.0	1525	tags=33%, list=14%, signal=39%	
INTRACILIARY TRANSPORT%GOBP%GO:0042073	INTRACILIARY TRANSPORT%GOBP%GO:0042073		40	-0.36046177	-1.1182896	0.2725	0.8214859	1.0	2629	tags=40%, list=24%, signal=52%	
TRANSCRIPTION BY RNA POLYMERASE I%GOBP%GO:0006360	TRANSCRIPTION BY RNA POLYMERASE I%GOBP%GO:0006360		19	-0.4248048	-1.1178184	0.30827066	0.8217703	1.0	1139	tags=21%, list=10%, signal=23%	
NUCLEAR RECEPTORS META PATHWAY%WIKIPATHWAYS_20250810%WP2882%HOMO SAPIENS	NUCLEAR RECEPTORS META PATHWAY%WIKIPATHWAYS_20250810%WP2882%HOMO SAPIENS		130	-0.28897023	-1.1169791	0.21835443	0.82328314	1.0	1029	tags=18%, list=9%, signal=19%	
POSITIVE REGULATION OF FATTY ACID METABOLIC PROCESS%GOBP%GO:0045923	POSITIVE REGULATION OF FATTY ACID METABOLIC PROCESS%GOBP%GO:0045923		18	-0.4266755	-1.1167232	0.3135392	0.8226913	1.0	1042	tags=33%, list=9%, signal=37%	
WOUND HEALING, SPREADING OF CELLS%GOBP%GO:0044319	WOUND HEALING, SPREADING OF CELLS%GOBP%GO:0044319		16	-0.44025266	-1.1162883	0.28699553	0.8226746	1.0	598	tags=13%, list=5%, signal=13%	
REGULATION OF HOMOTYPIC CELL-CELL ADHESION%GOBP%GO:0034110	REGULATION OF HOMOTYPIC CELL-CELL ADHESION%GOBP%GO:0034110		24	-0.40163034	-1.1161959	0.2817552	0.8215222	1.0	463	tags=17%, list=4%, signal=17%	
MONOCARBOXYLIC ACID CATABOLIC PROCESS%GOBP%GO:0072329	MONOCARBOXYLIC ACID CATABOLIC PROCESS%GOBP%GO:0072329		67	-0.31937078	-1.1157836	0.26558265	0.8215893	1.0	1408	tags=21%, list=13%, signal=24%	
REGULATION OF ACTION POTENTIAL%GOBP%GO:0098900	REGULATION OF ACTION POTENTIAL%GOBP%GO:0098900		20	-0.42232308	-1.115708	0.30541873	0.8203765	1.0	1176	tags=20%, list=11%, signal=22%	
NEGATIVE REGULATION OF LIPID BIOSYNTHETIC PROCESS%GOBP%GO:0051055	NEGATIVE REGULATION OF LIPID BIOSYNTHETIC PROCESS%GOBP%GO:0051055		29	-0.37980708	-1.1151345	0.3094629	0.82100487	1.0	1147	tags=17%, list=10%, signal=19%	
REGULATION OF OSSIFICATION%GOBP%GO:0030278	REGULATION OF OSSIFICATION%GOBP%GO:0030278		42	-0.35578784	-1.1145909	0.23880596	0.82155913	1.0	1960	tags=31%, list=18%, signal=38%	
GLUCOCORTICOID RECEPTOR REGULATORY NETWORK%PATHWAY INTERACTION DATABASE NCI-NATURE CURATED DATA%GLUCOCORTICOID RECEPTOR REGULATORY NETWORK	GLUCOCORTICOID RECEPTOR REGULATORY NETWORK%PATHWAY INTERACTION DATABASE NCI-NATURE CURATED DATA%GLUCOCORTICOID RECEPTOR REGULATORY NETWORK		58	-0.33376834	-1.1144146	0.25440806	0.8207461	1.0	1029	tags=14%, list=9%, signal=15%	
HYPOTHESIZED PATHWAYS IN PATHOGENESIS OF CARDIOVASCULAR DISEASE%WIKIPATHWAYS_20250810%WP3668%HOMO SAPIENS	HYPOTHESIZED PATHWAYS IN PATHOGENESIS OF CARDIOVASCULAR DISEASE%WIKIPATHWAYS_20250810%WP3668%HOMO SAPIENS		18	-0.41740984	-1.1139723	0.31234258	0.8209002	1.0	756	tags=17%, list=7%, signal=18%	
3-HYDROXYISOBUTYRIC ACIDURIA%PATHWHIZ%PW000498	3-HYDROXYISOBUTYRIC ACIDURIA%PATHWHIZ%PW000498		25	-0.39991173	-1.1133316	0.28967255	0.8216948	1.0	3079	tags=40%, list=28%, signal=55%	
METHYLMALONATE SEMIALDEHYDE DEHYDROGENASE DEFICIENCY%SMPDB%SMP0000384	METHYLMALONATE SEMIALDEHYDE DEHYDROGENASE DEFICIENCY%SMPDB%SMP0000384		25	-0.39991173	-1.1127737	0.3034483	0.82223415	1.0	3079	tags=40%, list=28%, signal=55%	
NEGATIVE REGULATION OF COLD-INDUCED THERMOGENESIS%GOBP%GO:0120163	NEGATIVE REGULATION OF COLD-INDUCED THERMOGENESIS%GOBP%GO:0120163		35	-0.35998845	-1.112736	0.27951807	0.8209397	1.0	1960	tags=34%, list=18%, signal=42%	
HALLMARK OF CANCER SUSTAINING PROLIFERATIVE SIGNALING%WIKIPATHWAYS_20250810%WP5475%HOMO SAPIENS	HALLMARK OF CANCER SUSTAINING PROLIFERATIVE SIGNALING%WIKIPATHWAYS_20250810%WP5475%HOMO SAPIENS		64	-0.32754788	-1.1123533	0.25194806	0.8208577	1.0	677	tags=13%, list=6%, signal=13%	
22Q11 2 DISTAL CNV%WIKIPATHWAYS_20250810%WP5546%HOMO SAPIENS	22Q11 2 DISTAL CNV%WIKIPATHWAYS_20250810%WP5546%HOMO SAPIENS		92	-0.29957286	-1.1116809	0.23976608	0.82181305	1.0	1115	tags=25%, list=10%, signal=28%	
RIBOSE PHOSPHATE BIOSYNTHETIC PROCESS%GOBP%GO:0046390	RIBOSE PHOSPHATE BIOSYNTHETIC PROCESS%GOBP%GO:0046390		113	-0.2945888	-1.111266	0.21551724	0.82190734	1.0	3072	tags=33%, list=28%, signal=45%	
16P13 11 COPY NUMBER VARIATION SYNDROME %WIKIPATHWAYS_20250810%WP5502%HOMO SAPIENS	16P13 11 COPY NUMBER VARIATION SYNDROME %WIKIPATHWAYS_20250810%WP5502%HOMO SAPIENS		22	-0.40825057	-1.1104108	0.29205608	0.823636	1.0	866	tags=9%, list=8%, signal=10%	
REGULATION OF SIGNAL TRANSDUCTION BY P53 CLASS MEDIATOR%GOBP%GO:1901796	REGULATION OF SIGNAL TRANSDUCTION BY P53 CLASS MEDIATOR%GOBP%GO:1901796		83	-0.3057521	-1.1104015	0.2519894	0.822229	1.0	1948	tags=28%, list=18%, signal=33%	
POSITIVE REGULATION OF TRANSFORMING GROWTH FACTOR BETA RECEPTOR SIGNALING PATHWAY%GOBP%GO:0030511	POSITIVE REGULATION OF TRANSFORMING GROWTH FACTOR BETA RECEPTOR SIGNALING PATHWAY%GOBP%GO:0030511		18	-0.4260992	-1.1098596	0.3153153	0.822811	1.0	2676	tags=44%, list=24%, signal=59%	
RRNA PROCESSING%GOBP%GO:0006364	RRNA PROCESSING%GOBP%GO:0006364		158	-0.27832058	-1.1093087	0.21518987	0.8233173	1.0	3039	tags=39%, list=28%, signal=53%	
PID_RAC1_REG_PATHWAY%MSIGDB_C2%PID_RAC1_REG_PATHWAY	PID_RAC1_REG_PATHWAY%MSIGDB_C2%PID_RAC1_REG_PATHWAY		22	-0.40781504	-1.1092054	0.32439023	0.8222513	1.0	541	tags=9%, list=5%, signal=10%	
REGULATION OF GLIAL CELL DIFFERENTIATION%GOBP%GO:0045685	REGULATION OF GLIAL CELL DIFFERENTIATION%GOBP%GO:0045685		20	-0.39614576	-1.1088033	0.30210772	0.8222812	1.0	1017	tags=25%, list=9%, signal=28%	
WNT SIGNALING AND PLURIPOTENCY%WIKIPATHWAYS_20250810%WP399%HOMO SAPIENS	WNT SIGNALING AND PLURIPOTENCY%WIKIPATHWAYS_20250810%WP399%HOMO SAPIENS		52	-0.336417	-1.1087227	0.2857143	0.82113856	1.0	1626	tags=19%, list=15%, signal=22%	
HETEROTRIMERIC G-PROTEIN SIGNALING PATHWAY-GI ALPHA AND GS ALPHA MEDIATED PATHWAY%PANTHER PATHWAY%P00026	HETEROTRIMERIC G-PROTEIN SIGNALING PATHWAY-GI ALPHA AND GS ALPHA MEDIATED PATHWAY%PANTHER PATHWAY%P00026		49	-0.33955094	-1.1072682	0.29442972	0.8248976	1.0	1031	tags=18%, list=9%, signal=20%	
2-METHYL-3-HYDROXYBUTYRYL-COA DEHYDROGENASE DEFICIENCY%PATHWHIZ%PW000061	2-METHYL-3-HYDROXYBUTYRYL-COA DEHYDROGENASE DEFICIENCY%PATHWHIZ%PW000061		25	-0.39991173	-1.1071675	0.29512194	0.8238388	1.0	3079	tags=40%, list=28%, signal=55%	
EMBRYONIC PATTERN SPECIFICATION%GOBP%GO:0009880	EMBRYONIC PATTERN SPECIFICATION%GOBP%GO:0009880		15	-0.43745798	-1.1069086	0.33573142	0.8233885	1.0	1674	tags=33%, list=15%, signal=39%	
RENAL SYSTEM PROCESS%GOBP%GO:0003014	RENAL SYSTEM PROCESS%GOBP%GO:0003014		45	-0.34692094	-1.1066995	0.26477543	0.8226968	1.0	1031	tags=24%, list=9%, signal=27%	
3-METHYLGLUTACONIC ACIDURIA TYPE III%SMPDB%SMP0000140	3-METHYLGLUTACONIC ACIDURIA TYPE III%SMPDB%SMP0000140		25	-0.39991173	-1.1060916	0.32736573	0.8234554	1.0	3079	tags=40%, list=28%, signal=55%	
POSITIVE REGULATION OF RECEPTOR-MEDIATED ENDOCYTOSIS%GOBP%GO:0048260	POSITIVE REGULATION OF RECEPTOR-MEDIATED ENDOCYTOSIS%GOBP%GO:0048260		26	-0.3797365	-1.1059965	0.30886075	0.8223632	1.0	706	tags=19%, list=6%, signal=21%	
IL27-MEDIATED SIGNALING EVENTS%PATHWAY INTERACTION DATABASE NCI-NATURE CURATED DATA%IL27-MEDIATED SIGNALING EVENTS	IL27-MEDIATED SIGNALING EVENTS%PATHWAY INTERACTION DATABASE NCI-NATURE CURATED DATA%IL27-MEDIATED SIGNALING EVENTS		18	-0.41387346	-1.104976	0.31011236	0.8246267	1.0	695	tags=17%, list=6%, signal=18%	
AROMATIC AMINO ACID METABOLIC PROCESS%GOBP%GO:0009072	AROMATIC AMINO ACID METABOLIC PROCESS%GOBP%GO:0009072		15	-0.43776646	-1.1048002	0.33021078	0.8238779	1.0	1505	tags=33%, list=14%, signal=39%	
AXON GUIDANCE%GOBP%GO:0007411	AXON GUIDANCE%GOBP%GO:0007411		66	-0.3093935	-1.1036915	0.2620321	0.8264017	1.0	1308	tags=20%, list=12%, signal=22%	
L1CAM INTERACTIONS%REACTOME%R-HSA-373760.4	L1CAM INTERACTIONS%REACTOME%R-HSA-373760.4		61	-0.31817237	-1.1033038	0.2580645	0.82639295	1.0	681	tags=11%, list=6%, signal=12%	
SENSORY ORGAN DEVELOPMENT%GOBP%GO:0007423	SENSORY ORGAN DEVELOPMENT%GOBP%GO:0007423		95	-0.29759493	-1.102688	0.24507043	0.8271792	1.0	1574	tags=24%, list=14%, signal=28%	
RESPONSE TO ISCHEMIA%GOBP%GO:0002931	RESPONSE TO ISCHEMIA%GOBP%GO:0002931		18	-0.41238543	-1.1025707	0.31188118	0.82620054	1.0	1029	tags=28%, list=9%, signal=31%	
CADHERIN SIGNALING PATHWAY%PANTHER PATHWAY%P00012	CADHERIN SIGNALING PATHWAY%PANTHER PATHWAY%P00012		22	-0.40197265	-1.101959	0.3067633	0.82701856	1.0	1590	tags=36%, list=14%, signal=42%	
VASCULAR PROCESS IN CIRCULATORY SYSTEM%GOBP%GO:0003018	VASCULAR PROCESS IN CIRCULATORY SYSTEM%GOBP%GO:0003018		100	-0.2955345	-1.0992416	0.24085365	0.8354236	1.0	1233	tags=20%, list=11%, signal=22%	
BUTYRATE RESPONSE FACTOR 1 (BRF1) BINDS AND DESTABILIZES MRNA%REACTOME%R-HSA-450385.3	BUTYRATE RESPONSE FACTOR 1 (BRF1) BINDS AND DESTABILIZES MRNA%REACTOME%R-HSA-450385.3		17	-0.4245972	-1.0952075	0.32696897	0.848639	1.0	1353	tags=24%, list=12%, signal=27%	
REGULATION OF BIOMINERAL TISSUE DEVELOPMENT%GOBP%GO:0070167	REGULATION OF BIOMINERAL TISSUE DEVELOPMENT%GOBP%GO:0070167		40	-0.34693867	-1.0943965	0.2885572	0.8501084	1.0	1901	tags=30%, list=17%, signal=36%	
ALPHA-AMINO ACID BIOSYNTHETIC PROCESS%GOBP%GO:1901607	ALPHA-AMINO ACID BIOSYNTHETIC PROCESS%GOBP%GO:1901607		31	-0.36156932	-1.0940082	0.2977099	0.85016286	1.0	1457	tags=23%, list=13%, signal=26%	
ACUTE VIRAL MYOCARDITIS%WIKIPATHWAYS_20250810%WP4298%HOMO SAPIENS	ACUTE VIRAL MYOCARDITIS%WIKIPATHWAYS_20250810%WP4298%HOMO SAPIENS		46	-0.3330367	-1.0939207	0.28092784	0.8490387	1.0	722	tags=11%, list=7%, signal=12%	
AMIODARONE ACTION PATHWAY%PATHWHIZ%PW000642	AMIODARONE ACTION PATHWAY%PATHWHIZ%PW000642		29	-0.37459826	-1.0920808	0.32920793	0.85443586	1.0	1049	tags=21%, list=10%, signal=23%	
MAINTENANCE OF PROTEIN LOCATION%GOBP%GO:0045185	MAINTENANCE OF PROTEIN LOCATION%GOBP%GO:0045185		45	-0.33755115	-1.0915346	0.30729166	0.8550439	1.0	173	tags=9%, list=2%, signal=9%	
ORGANIC ACID CATABOLIC PROCESS%GOBP%GO:0016054	ORGANIC ACID CATABOLIC PROCESS%GOBP%GO:0016054		128	-0.28307045	-1.091081	0.24127907	0.85529226	1.0	2229	tags=27%, list=20%, signal=33%	
NEGATIVE REGULATION OF TRANSMEMBRANE RECEPTOR PROTEIN SERINE/THREONINE KINASE SIGNALING PATHWAY%GOBP%GO:0090101	NEGATIVE REGULATION OF TRANSMEMBRANE RECEPTOR PROTEIN SERINE/THREONINE KINASE SIGNALING PATHWAY%GOBP%GO:0090101		76	-0.30672577	-1.0909071	0.24411765	0.8544897	1.0	743	tags=11%, list=7%, signal=11%	
L-AMINO ACID CATABOLIC PROCESS%GOBP%GO:0170035	L-AMINO ACID CATABOLIC PROCESS%GOBP%GO:0170035		35	-0.3537869	-1.0907484	0.3004926	0.85362583	1.0	1762	tags=29%, list=16%, signal=34%	
CYTOKINE CYTOKINE RECEPTOR INTERACTION%WIKIPATHWAYS_20250810%WP5473%HOMO SAPIENS	CYTOKINE CYTOKINE RECEPTOR INTERACTION%WIKIPATHWAYS_20250810%WP5473%HOMO SAPIENS		70	-0.30822685	-1.0907462	0.2546917	0.85222024	1.0	410	tags=11%, list=4%, signal=12%	
VISUAL PHOTOTRANSDUCTION%REACTOME%R-HSA-2187338.3	VISUAL PHOTOTRANSDUCTION%REACTOME%R-HSA-2187338.3		36	-0.34600887	-1.0896642	0.31513646	0.85483986	1.0	1290	tags=25%, list=12%, signal=28%	
WOUND HEALING%GOBP%GO:0042060	WOUND HEALING%GOBP%GO:0042060		136	-0.2773742	-1.0894134	0.2293578	0.85440725	1.0	1082	tags=17%, list=10%, signal=19%	
CENTRAL NERVOUS SYSTEM NEURON DIFFERENTIATION%GOBP%GO:0021953	CENTRAL NERVOUS SYSTEM NEURON DIFFERENTIATION%GOBP%GO:0021953		37	-0.35303706	-1.0891017	0.30851063	0.854082	1.0	1492	tags=24%, list=14%, signal=28%	
ESTABLISHMENT OR MAINTENANCE OF APICAL/BASAL CELL POLARITY%GOBP%GO:0035088	ESTABLISHMENT OR MAINTENANCE OF APICAL/BASAL CELL POLARITY%GOBP%GO:0035088		25	-0.3953774	-1.0890081	0.33091787	0.8529949	1.0	2151	tags=28%, list=20%, signal=35%	
NEPHRON EPITHELIUM DEVELOPMENT%GOBP%GO:0072009	NEPHRON EPITHELIUM DEVELOPMENT%GOBP%GO:0072009		20	-0.40874532	-1.088859	0.335	0.8520959	1.0	427	tags=20%, list=4%, signal=21%	
PID_REG_GR_PATHWAY%MSIGDB_C2%PID_REG_GR_PATHWAY	PID_REG_GR_PATHWAY%MSIGDB_C2%PID_REG_GR_PATHWAY		47	-0.329031	-1.0882363	0.3034826	0.85294175	1.0	1029	tags=13%, list=9%, signal=14%	
DEVELOPMENTAL PIGMENTATION%GOBP%GO:0048066	DEVELOPMENTAL PIGMENTATION%GOBP%GO:0048066		17	-0.40979317	-1.0881928	0.32293987	0.8517067	1.0	196	tags=12%, list=2%, signal=12%	
SYNTHESIS OF PA%REACTOME%R-HSA-1483166.8	SYNTHESIS OF PA%REACTOME%R-HSA-1483166.8		23	-0.3911056	-1.0875707	0.33251834	0.8526507	1.0	1752	tags=35%, list=16%, signal=41%	
COMPLEMENT SYSTEM%WIKIPATHWAYS_20250810%WP2806%HOMO SAPIENS	COMPLEMENT SYSTEM%WIKIPATHWAYS_20250810%WP2806%HOMO SAPIENS		35	-0.35249585	-1.0866759	0.28787878	0.8543821	1.0	1149	tags=17%, list=10%, signal=19%	
COLLAGEN METABOLIC PROCESS%GOBP%GO:0032963	COLLAGEN METABOLIC PROCESS%GOBP%GO:0032963		23	-0.38073564	-1.0862683	0.3325062	0.8544418	1.0	354	tags=13%, list=3%, signal=13%	
INOSITOL METABOLISM%SMPDB%SMP0000011	INOSITOL METABOLISM%SMPDB%SMP0000011		16	-0.43196014	-1.0859227	0.33419022	0.8543043	1.0	439	tags=19%, list=4%, signal=20%	
MITOCHONDRIAL TRANSLATION ELONGATION%REACTOME%R-HSA-5389840.3	MITOCHONDRIAL TRANSLATION ELONGATION%REACTOME%R-HSA-5389840.3		83	-0.30220765	-1.0854053	0.27642277	0.854806	1.0	2957	tags=39%, list=27%, signal=52%	
LIPID CATABOLIC PROCESS%GOBP%GO:0016042	LIPID CATABOLIC PROCESS%GOBP%GO:0016042		123	-0.2812304	-1.0844649	0.26158038	0.8568467	1.0	975	tags=15%, list=9%, signal=17%	
RHOB GTPASE CYCLE%REACTOME DATABASE ID RELEASE 93%9013026	RHOB GTPASE CYCLE%REACTOME DATABASE ID RELEASE 93%9013026		52	-0.32869858	-1.0837083	0.30922693	0.85824406	1.0	744	tags=15%, list=7%, signal=16%	
PLATELET HOMEOSTASIS%REACTOME DATABASE ID RELEASE 93%418346	PLATELET HOMEOSTASIS%REACTOME DATABASE ID RELEASE 93%418346		52	-0.323131	-1.0820179	0.3137255	0.8629256	1.0	1214	tags=15%, list=11%, signal=17%	
REGULATION OF PHOSPHOLIPID METABOLIC PROCESS%GOBP%GO:1903725	REGULATION OF PHOSPHOLIPID METABOLIC PROCESS%GOBP%GO:1903725		15	-0.43903422	-1.0819654	0.3590909	0.8617351	1.0	622	tags=20%, list=6%, signal=21%	
INOSITOL METABOLISM%PATHWHIZ%PW088261	INOSITOL METABOLISM%PATHWHIZ%PW088261		16	-0.41743365	-1.0785348	0.35162094	0.87281644	1.0	439	tags=19%, list=4%, signal=20%	
VASOPRESSIN REGULATES RENAL WATER HOMEOSTASIS VIA AQUAPORINS%REACTOME DATABASE ID RELEASE 93%432040	VASOPRESSIN REGULATES RENAL WATER HOMEOSTASIS VIA AQUAPORINS%REACTOME DATABASE ID RELEASE 93%432040		22	-0.38422063	-1.0775028	0.32786885	0.8752764	1.0	1031	tags=18%, list=9%, signal=20%	
ECM PROTEOGLYCANS%REACTOME DATABASE ID RELEASE 93%3000178	ECM PROTEOGLYCANS%REACTOME DATABASE ID RELEASE 93%3000178		19	-0.40881413	-1.0769266	0.32608697	0.8759216	1.0	598	tags=21%, list=5%, signal=22%	
METABOLISM OF COFACTORS%REACTOME%R-HSA-8978934.6	METABOLISM OF COFACTORS%REACTOME%R-HSA-8978934.6		21	-0.3916413	-1.0766531	0.3783784	0.87544787	1.0	3069	tags=48%, list=28%, signal=66%	
APPENDAGE MORPHOGENESIS%GOBP%GO:0035107	APPENDAGE MORPHOGENESIS%GOBP%GO:0035107		22	-0.3821003	-1.076451	0.33919597	0.8747349	1.0	707	tags=14%, list=6%, signal=15%	
PHOSPHATIDYLGLYCEROL METABOLIC PROCESS%GOBP%GO:0046471	PHOSPHATIDYLGLYCEROL METABOLIC PROCESS%GOBP%GO:0046471		16	-0.4318691	-1.075633	0.36155605	0.8763351	1.0	2243	tags=44%, list=20%, signal=55%	
CARBOXYLIC ACID CATABOLIC PROCESS%GOBP%GO:0046395	CARBOXYLIC ACID CATABOLIC PROCESS%GOBP%GO:0046395		128	-0.28307045	-1.075322	0.2861357	0.87609434	1.0	2229	tags=27%, list=20%, signal=33%	
EPIDERMIS DEVELOPMENT%GOBP%GO:0008544	EPIDERMIS DEVELOPMENT%GOBP%GO:0008544		48	-0.33057612	-1.074787	0.3275	0.87651813	1.0	653	tags=13%, list=6%, signal=13%	
REGULATION OF ESTABLISHMENT OF CELL POLARITY%GOBP%GO:2000114	REGULATION OF ESTABLISHMENT OF CELL POLARITY%GOBP%GO:2000114		17	-0.41005182	-1.0742824	0.31829575	0.8769738	1.0	1216	tags=29%, list=11%, signal=33%	
WNT%IOB%WNT	WNT%IOB%WNT		37	-0.34692225	-1.074065	0.3598015	0.87635785	1.0	1626	tags=27%, list=15%, signal=32%	
SULFUR AMINO ACID METABOLIC PROCESS%GOBP%GO:0000096	SULFUR AMINO ACID METABOLIC PROCESS%GOBP%GO:0000096		18	-0.41014293	-1.0739975	0.3649289	0.875222	1.0	1429	tags=22%, list=13%, signal=26%	
MUSCLE SYSTEM PROCESS%GOBP%GO:0003012	MUSCLE SYSTEM PROCESS%GOBP%GO:0003012		77	-0.29858252	-1.0727595	0.31865284	0.8784575	1.0	495	tags=13%, list=5%, signal=14%	
BREAST CANCER PATHWAY%WIKIPATHWAYS_20250810%WP4262%HOMO SAPIENS	BREAST CANCER PATHWAY%WIKIPATHWAYS_20250810%WP4262%HOMO SAPIENS		72	-0.30053777	-1.0724634	0.2821229	0.8780724	1.0	1662	tags=19%, list=15%, signal=23%	
HALLMARK_MYC_TARGETS_V1%MSIGDBHALLMARK%HALLMARK_MYC_TARGETS_V1	HALLMARK_MYC_TARGETS_V1%MSIGDBHALLMARK%HALLMARK_MYC_TARGETS_V1		151	-0.27278063	-1.072032	0.27554178	0.8782184	1.0	2816	tags=26%, list=26%, signal=35%	
CELL SURFACE RECEPTOR PROTEIN SERINE/THREONINE KINASE SIGNALING PATHWAY%GOBP%GO:0007178	CELL SURFACE RECEPTOR PROTEIN SERINE/THREONINE KINASE SIGNALING PATHWAY%GOBP%GO:0007178		69	-0.30815408	-1.0716426	0.32085562	0.878286	1.0	1796	tags=26%, list=16%, signal=31%	
C-MYB TRANSCRIPTION FACTOR NETWORK%PATHWAY INTERACTION DATABASE NCI-NATURE CURATED DATA%C-MYB TRANSCRIPTION FACTOR NETWORK	C-MYB TRANSCRIPTION FACTOR NETWORK%PATHWAY INTERACTION DATABASE NCI-NATURE CURATED DATA%C-MYB TRANSCRIPTION FACTOR NETWORK		72	-0.30146644	-1.0707669	0.3130194	0.88009655	1.0	676	tags=15%, list=6%, signal=16%	
ERBB2 ERBB3 SIGNALING EVENTS%PATHWAY INTERACTION DATABASE NCI-NATURE CURATED DATA%ERBB2 ERBB3 SIGNALING EVENTS	ERBB2 ERBB3 SIGNALING EVENTS%PATHWAY INTERACTION DATABASE NCI-NATURE CURATED DATA%ERBB2 ERBB3 SIGNALING EVENTS		33	-0.36011523	-1.0705384	0.33503836	0.87953883	1.0	614	tags=12%, list=6%, signal=13%	
REGULATION OF OSTEOCLAST DIFFERENTIATION%GOBP%GO:0045670	REGULATION OF OSTEOCLAST DIFFERENTIATION%GOBP%GO:0045670		25	-0.37567294	-1.0703739	0.37279597	0.87870735	1.0	373	tags=16%, list=3%, signal=17%	
ALLOGRAFT REJECTION%WIKIPATHWAYS_20250810%WP2328%HOMO SAPIENS	ALLOGRAFT REJECTION%WIKIPATHWAYS_20250810%WP2328%HOMO SAPIENS		35	-0.35425913	-1.0701028	0.355	0.87832737	1.0	374	tags=11%, list=3%, signal=12%	
HEART VALVE MORPHOGENESIS%GOBP%GO:0003179	HEART VALVE MORPHOGENESIS%GOBP%GO:0003179		23	-0.3867428	-1.069538	0.34731933	0.87899935	1.0	1967	tags=43%, list=18%, signal=53%	
OSTEOPONTIN-MEDIATED EVENTS%PATHWAY INTERACTION DATABASE NCI-NATURE CURATED DATA%OSTEOPONTIN-MEDIATED EVENTS	OSTEOPONTIN-MEDIATED EVENTS%PATHWAY INTERACTION DATABASE NCI-NATURE CURATED DATA%OSTEOPONTIN-MEDIATED EVENTS		26	-0.37313035	-1.0693448	0.3325359	0.8783184	1.0	744	tags=15%, list=7%, signal=16%	
AMPK REGULATION OF MAMMARY MILK PROTEIN SYNTHESIS%WIKIPATHWAYS_20250810%WP5492%HOMO SAPIENS	AMPK REGULATION OF MAMMARY MILK PROTEIN SYNTHESIS%WIKIPATHWAYS_20250810%WP5492%HOMO SAPIENS		15	-0.4278539	-1.0689226	0.36211032	0.8784968	1.0	930	tags=20%, list=8%, signal=22%	
NEGATIVE REGULATION OF HEMOPOIESIS%GOBP%GO:1903707	NEGATIVE REGULATION OF HEMOPOIESIS%GOBP%GO:1903707		42	-0.3334848	-1.0682232	0.31205675	0.87960404	1.0	795	tags=19%, list=7%, signal=20%	
REGULATION OF COAGULATION%GOBP%GO:0050818	REGULATION OF COAGULATION%GOBP%GO:0050818		25	-0.38144556	-1.0669076	0.3625304	0.88308007	1.0	658	tags=24%, list=6%, signal=25%	
NEURON PROJECTION GUIDANCE%GOBP%GO:0097485	NEURON PROJECTION GUIDANCE%GOBP%GO:0097485		67	-0.30700386	-1.0664123	0.30649352	0.883517	1.0	1308	tags=19%, list=12%, signal=22%	
NONCANONICAL WNT SIGNALING PATHWAY%PATHWAY INTERACTION DATABASE NCI-NATURE CURATED DATA%NONCANONICAL WNT SIGNALING PATHWAY	NONCANONICAL WNT SIGNALING PATHWAY%PATHWAY INTERACTION DATABASE NCI-NATURE CURATED DATA%NONCANONICAL WNT SIGNALING PATHWAY		24	-0.37825423	-1.0662881	0.35885167	0.8826081	1.0	2557	tags=38%, list=23%, signal=49%	
REGULATION OF GLYCOPROTEIN METABOLIC PROCESS%GOBP%GO:1903018	REGULATION OF GLYCOPROTEIN METABOLIC PROCESS%GOBP%GO:1903018		26	-0.36942554	-1.0659391	0.34532374	0.8824692	1.0	1448	tags=27%, list=13%, signal=31%	
SIGNALING BY SCF-KIT%REACTOME DATABASE ID RELEASE 93%1433557	SIGNALING BY SCF-KIT%REACTOME DATABASE ID RELEASE 93%1433557		31	-0.35474306	-1.0654967	0.33491686	0.88267756	1.0	1095	tags=19%, list=10%, signal=21%	
NEGATIVE REGULATION OF CELLULAR RESPONSE TO INSULIN STIMULUS%GOBP%GO:1900077	NEGATIVE REGULATION OF CELLULAR RESPONSE TO INSULIN STIMULUS%GOBP%GO:1900077		26	-0.3664832	-1.0649326	0.3547558	0.8834501	1.0	463	tags=15%, list=4%, signal=16%	
THIOESTER BIOSYNTHETIC PROCESS%GOBP%GO:0035384	THIOESTER BIOSYNTHETIC PROCESS%GOBP%GO:0035384		32	-0.35329354	-1.0635409	0.34196892	0.8871932	1.0	1639	tags=28%, list=15%, signal=33%	
STRIATED MUSCLE TISSUE DEVELOPMENT%GOBP%GO:0014706	STRIATED MUSCLE TISSUE DEVELOPMENT%GOBP%GO:0014706		54	-0.32097086	-1.0634086	0.32545933	0.88630277	1.0	1796	tags=28%, list=16%, signal=33%	
FATTY ACID METABOLISM%REACTOME%R-HSA-8978868.7	FATTY ACID METABOLISM%REACTOME%R-HSA-8978868.7		109	-0.28529096	-1.0629694	0.32098764	0.8865549	1.0	2359	tags=30%, list=21%, signal=38%	
AQUAPORIN-MEDIATED TRANSPORT%REACTOME%R-HSA-445717.4	AQUAPORIN-MEDIATED TRANSPORT%REACTOME%R-HSA-445717.4		23	-0.3822556	-1.062925	0.35969388	0.8853522	1.0	1031	tags=17%, list=9%, signal=19%	
REGULATION OF MONOATOMIC ION TRANSMEMBRANE TRANSPORTER ACTIVITY%GOBP%GO:0032412	REGULATION OF MONOATOMIC ION TRANSMEMBRANE TRANSPORTER ACTIVITY%GOBP%GO:0032412		31	-0.3554377	-1.0623115	0.3744076	0.8862471	1.0	1009	tags=16%, list=9%, signal=18%	
GLUCOCORTICOID RECEPTOR PATHWAY%WIKIPATHWAYS_20250810%WP2880%HOMO SAPIENS	GLUCOCORTICOID RECEPTOR PATHWAY%WIKIPATHWAYS_20250810%WP2880%HOMO SAPIENS		37	-0.34096286	-1.0619682	0.3236715	0.88608307	1.0	918	tags=22%, list=8%, signal=24%	
WNT%NETPATH%WNT	WNT%NETPATH%WNT		30	-0.35579994	-1.0616838	0.33809525	0.88583994	1.0	1395	tags=27%, list=13%, signal=30%	
CELL ADHESION MEDIATED BY INTEGRIN%GOBP%GO:0033627	CELL ADHESION MEDIATED BY INTEGRIN%GOBP%GO:0033627		17	-0.40586147	-1.0598576	0.38630807	0.8910162	1.0	598	tags=24%, list=5%, signal=25%	
INTEGRATIVE ANALYSIS OF TREG GLIAL INTERACTIONS %WIKIPATHWAYS_20250810%WP5561%HOMO SAPIENS	INTEGRATIVE ANALYSIS OF TREG GLIAL INTERACTIONS %WIKIPATHWAYS_20250810%WP5561%HOMO SAPIENS		49	-0.326425	-1.0597559	0.36103895	0.89006644	1.0	823	tags=16%, list=7%, signal=18%	
MITOCHONDRIAL RESPIRATORY CHAIN COMPLEX ASSEMBLY%GOBP%GO:0033108	MITOCHONDRIAL RESPIRATORY CHAIN COMPLEX ASSEMBLY%GOBP%GO:0033108		82	-0.29591867	-1.059717	0.33846155	0.8888477	1.0	2487	tags=29%, list=23%, signal=38%	
REGULATION OF AXON EXTENSION%GOBP%GO:0030516	REGULATION OF AXON EXTENSION%GOBP%GO:0030516		23	-0.37781557	-1.0595458	0.395466	0.8881115	1.0	684	tags=17%, list=6%, signal=19%	
NEGATIVE REGULATION OF LIPID LOCALIZATION%GOBP%GO:1905953	NEGATIVE REGULATION OF LIPID LOCALIZATION%GOBP%GO:1905953		20	-0.38629127	-1.0583923	0.3533654	0.8910142	1.0	847	tags=20%, list=8%, signal=22%	
BEMPEDOIC ACID THERAPY IN ATHEROSCLEROSIS AND METABOLIC SYNDROME%WIKIPATHWAYS_20250810%WP5500%HOMO SAPIENS	BEMPEDOIC ACID THERAPY IN ATHEROSCLEROSIS AND METABOLIC SYNDROME%WIKIPATHWAYS_20250810%WP5500%HOMO SAPIENS		20	-0.39310464	-1.0574958	0.36690646	0.89291173	1.0	2408	tags=30%, list=22%, signal=38%	
ELECTRON TRANSPORT CHAIN OXPHOS SYSTEM IN MITOCHONDRIA%WIKIPATHWAYS_20250810%WP111%HOMO SAPIENS	ELECTRON TRANSPORT CHAIN OXPHOS SYSTEM IN MITOCHONDRIA%WIKIPATHWAYS_20250810%WP111%HOMO SAPIENS		71	-0.29682845	-1.0573654	0.33769634	0.89204985	1.0	2786	tags=32%, list=25%, signal=43%	
POSTTRANSLATIONAL REGULATION OF ADHERENS JUNCTION STABILITY AND DISSASSEMBLY%PATHWAY INTERACTION DATABASE NCI-NATURE CURATED DATA%POSTTRANSLATIONAL REGULATION OF ADHERENS JUNCTION STABILITY AND DISSASSEMBLY	POSTTRANSLATIONAL REGULATION OF ADHERENS JUNCTION STABILITY AND DISSASSEMBLY%PATHWAY INTERACTION DATABASE NCI-NATURE CURATED DATA%POSTTRANSLATIONAL REGULATION OF ADHERENS JUNCTION STABILITY AND DISSASSEMBLY		35	-0.3409827	-1.057137	0.37220845	0.89152914	1.0	949	tags=20%, list=9%, signal=22%	
MATURATION OF 5.8S RRNA%GOBP%GO:0000460	MATURATION OF 5.8S RRNA%GOBP%GO:0000460		31	-0.35837078	-1.05694	0.35949367	0.8909017	1.0	2378	tags=29%, list=22%, signal=37%	
POSITIVE REGULATION OF BIOMINERAL TISSUE DEVELOPMENT%GOBP%GO:0070169	POSITIVE REGULATION OF BIOMINERAL TISSUE DEVELOPMENT%GOBP%GO:0070169		22	-0.38871923	-1.0564328	0.3935185	0.8914561	1.0	1873	tags=41%, list=17%, signal=49%	
LIMB MORPHOGENESIS%GOBP%GO:0035108	LIMB MORPHOGENESIS%GOBP%GO:0035108		22	-0.3821003	-1.0555043	0.3884712	0.8935028	1.0	707	tags=14%, list=6%, signal=15%	
REGULATION OF CYTOPLASMIC AND NUCLEAR SMAD2 3 SIGNALING%PATHWAY INTERACTION DATABASE NCI-NATURE CURATED DATA%REGULATION OF CYTOPLASMIC AND NUCLEAR SMAD2 3 SIGNALING	REGULATION OF CYTOPLASMIC AND NUCLEAR SMAD2 3 SIGNALING%PATHWAY INTERACTION DATABASE NCI-NATURE CURATED DATA%REGULATION OF CYTOPLASMIC AND NUCLEAR SMAD2 3 SIGNALING		18	-0.40395308	-1.0553843	0.3776722	0.892599	1.0	757	tags=11%, list=7%, signal=12%	
PID_LYMPH_ANGIOGENESIS_PATHWAY%MSIGDB_C2%PID_LYMPH_ANGIOGENESIS_PATHWAY	PID_LYMPH_ANGIOGENESIS_PATHWAY%MSIGDB_C2%PID_LYMPH_ANGIOGENESIS_PATHWAY		15	-0.41567943	-1.0546386	0.3652968	0.89399165	1.0	756	tags=20%, list=7%, signal=21%	
ALPHA-AMINO ACID CATABOLIC PROCESS%GOBP%GO:1901606	ALPHA-AMINO ACID CATABOLIC PROCESS%GOBP%GO:1901606		42	-0.33663908	-1.0545924	0.37179488	0.89282715	1.0	1762	tags=26%, list=16%, signal=31%	
CELL LINEAGE MAP FOR NEURONAL DIFFERENTIATION%WIKIPATHWAYS_20250810%WP5417%HOMO SAPIENS	CELL LINEAGE MAP FOR NEURONAL DIFFERENTIATION%WIKIPATHWAYS_20250810%WP5417%HOMO SAPIENS		32	-0.3552455	-1.0543565	0.3834197	0.8923867	1.0	1049	tags=19%, list=10%, signal=21%	
SULFUR COMPOUND BIOSYNTHETIC PROCESS%GOBP%GO:0044272	SULFUR COMPOUND BIOSYNTHETIC PROCESS%GOBP%GO:0044272		65	-0.30191875	-1.0541338	0.338843	0.8918726	1.0	1455	tags=23%, list=13%, signal=26%	
REGULATION OF INSULIN SECRETION%REACTOME%R-HSA-422356.6	REGULATION OF INSULIN SECRETION%REACTOME%R-HSA-422356.6		41	-0.3314751	-1.0540133	0.3510101	0.89092344	1.0	1031	tags=20%, list=9%, signal=21%	
ACYL-COA BIOSYNTHETIC PROCESS%GOBP%GO:0071616	ACYL-COA BIOSYNTHETIC PROCESS%GOBP%GO:0071616		32	-0.35329354	-1.0539777	0.37323943	0.889715	1.0	1639	tags=28%, list=15%, signal=33%	
L-AMINO ACID METABOLIC PROCESS%GOBP%GO:0170033	L-AMINO ACID METABOLIC PROCESS%GOBP%GO:0170033		84	-0.285958	-1.0537763	0.34933335	0.88905424	1.0	1505	tags=19%, list=14%, signal=22%	
DICARBOXYLIC ACID TRANSPORT%GOBP%GO:0006835	DICARBOXYLIC ACID TRANSPORT%GOBP%GO:0006835		22	-0.3813708	-1.0535601	0.36406618	0.88850766	1.0	545	tags=23%, list=5%, signal=24%	
PROTEINOGENIC AMINO ACID METABOLIC PROCESS%GOBP%GO:0170039	PROTEINOGENIC AMINO ACID METABOLIC PROCESS%GOBP%GO:0170039		82	-0.29218617	-1.0531338	0.3371758	0.8888115	1.0	1762	tags=22%, list=16%, signal=26%	
CELLULAR RESPONSE TO CALCIUM ION%GOBP%GO:0071277	CELLULAR RESPONSE TO CALCIUM ION%GOBP%GO:0071277		36	-0.33732316	-1.0527372	0.3529412	0.88895965	1.0	962	tags=17%, list=9%, signal=18%	
PRE IMPLANTATION EMBRYO%WIKIPATHWAYS_20250810%WP3527%HOMO SAPIENS	PRE IMPLANTATION EMBRYO%WIKIPATHWAYS_20250810%WP3527%HOMO SAPIENS		22	-0.37781218	-1.0526229	0.3628118	0.88804996	1.0	1029	tags=27%, list=9%, signal=30%	
MYOMETRIAL RELAXATION AND CONTRACTION PATHWAYS%WIKIPATHWAYS_20250810%WP289%HOMO SAPIENS	MYOMETRIAL RELAXATION AND CONTRACTION PATHWAYS%WIKIPATHWAYS_20250810%WP289%HOMO SAPIENS		76	-0.2956002	-1.052586	0.36476427	0.88686275	1.0	600	tags=12%, list=5%, signal=12%	
SIGNALING EVENTS MEDIATED BY TCPTP%PATHWAY INTERACTION DATABASE NCI-NATURE CURATED DATA%SIGNALING EVENTS MEDIATED BY TCPTP	SIGNALING EVENTS MEDIATED BY TCPTP%PATHWAY INTERACTION DATABASE NCI-NATURE CURATED DATA%SIGNALING EVENTS MEDIATED BY TCPTP		32	-0.35045964	-1.0522568	0.36585367	0.886726	1.0	695	tags=16%, list=6%, signal=17%	
POSITIVE REGULATION OF SMALL GTPASE MEDIATED SIGNAL TRANSDUCTION%GOBP%GO:0051057	POSITIVE REGULATION OF SMALL GTPASE MEDIATED SIGNAL TRANSDUCTION%GOBP%GO:0051057		39	-0.3339302	-1.0522435	0.40201005	0.88546187	1.0	915	tags=26%, list=8%, signal=28%	
CARDIAC MUSCLE TISSUE DEVELOPMENT%GOBP%GO:0048738	CARDIAC MUSCLE TISSUE DEVELOPMENT%GOBP%GO:0048738		41	-0.33483425	-1.0519514	0.36982968	0.88520366	1.0	1796	tags=34%, list=16%, signal=41%	
REGULATION OF POSTSYNAPTIC MEMBRANE NEUROTRANSMITTER RECEPTOR LEVELS%GOBP%GO:0099072	REGULATION OF POSTSYNAPTIC MEMBRANE NEUROTRANSMITTER RECEPTOR LEVELS%GOBP%GO:0099072		15	-0.41048828	-1.0499872	0.36533958	0.89098084	1.0	339	tags=13%, list=3%, signal=14%	
SOMATIC DIVERSIFICATION OF IMMUNOGLOBULINS%GOBP%GO:0016445	SOMATIC DIVERSIFICATION OF IMMUNOGLOBULINS%GOBP%GO:0016445		30	-0.35209814	-1.0498738	0.38957816	0.8900834	1.0	556	tags=13%, list=5%, signal=14%	
NEGATIVE REGULATION OF MONONUCLEAR CELL MIGRATION%GOBP%GO:0071676	NEGATIVE REGULATION OF MONONUCLEAR CELL MIGRATION%GOBP%GO:0071676		15	-0.4211	-1.0497665	0.39518073	0.88916886	1.0	795	tags=20%, list=7%, signal=22%	
RNA POLYMERASE I TRANSCRIPTION%REACTOME DATABASE ID RELEASE 93%73864	RNA POLYMERASE I TRANSCRIPTION%REACTOME DATABASE ID RELEASE 93%73864		64	-0.30368513	-1.0494107	0.3598901	0.8891694	1.0	1232	tags=17%, list=11%, signal=19%	
REGULATION OF NITRIC OXIDE BIOSYNTHETIC PROCESS%GOBP%GO:0045428	REGULATION OF NITRIC OXIDE BIOSYNTHETIC PROCESS%GOBP%GO:0045428		32	-0.36070678	-1.049151	0.38292682	0.8887998	1.0	744	tags=16%, list=7%, signal=17%	
POSITIVE REGULATION OF ANGIOGENESIS%GOBP%GO:0045766	POSITIVE REGULATION OF ANGIOGENESIS%GOBP%GO:0045766		65	-0.2974828	-1.0491215	0.3452055	0.8876304	1.0	604	tags=12%, list=5%, signal=13%	
INSULIN RECEPTOR SIGNALLING CASCADE%REACTOME DATABASE ID RELEASE 93%74751	INSULIN RECEPTOR SIGNALLING CASCADE%REACTOME DATABASE ID RELEASE 93%74751		24	-0.37173083	-1.0479027	0.36649215	0.89076746	1.0	541	tags=13%, list=5%, signal=13%	
SARS COV 2 MITOCHONDRIAL CHRONIC OXIDATIVE STRESS AND ENDOTHELIAL DYSFUNCTION%WIKIPATHWAYS_20250810%WP5183%HOMO SAPIENS	SARS COV 2 MITOCHONDRIAL CHRONIC OXIDATIVE STRESS AND ENDOTHELIAL DYSFUNCTION%WIKIPATHWAYS_20250810%WP5183%HOMO SAPIENS		17	-0.4054247	-1.0473123	0.37376237	0.89147955	1.0	1071	tags=24%, list=10%, signal=26%	
PHOSPHOLIPASE C-ACTIVATING G PROTEIN-COUPLED RECEPTOR SIGNALING PATHWAY%GOBP%GO:0007200	PHOSPHOLIPASE C-ACTIVATING G PROTEIN-COUPLED RECEPTOR SIGNALING PATHWAY%GOBP%GO:0007200		30	-0.35194957	-1.0464792	0.36881188	0.89318055	1.0	722	tags=20%, list=7%, signal=21%	
TISSUE MORPHOGENESIS%GOBP%GO:0048729	TISSUE MORPHOGENESIS%GOBP%GO:0048729		121	-0.2749688	-1.0460548	0.31428573	0.89344484	1.0	1236	tags=15%, list=11%, signal=17%	
IMMUNOGLOBULIN PRODUCTION%GOBP%GO:0002377	IMMUNOGLOBULIN PRODUCTION%GOBP%GO:0002377		30	-0.35209814	-1.0458864	0.34606206	0.8927456	1.0	556	tags=13%, list=5%, signal=14%	
HINT1 PATHWAY%WIKIPATHWAYS_20250810%WP5523%HOMO SAPIENS	HINT1 PATHWAY%WIKIPATHWAYS_20250810%WP5523%HOMO SAPIENS		20	-0.3860299	-1.0457994	0.4111922	0.89177984	1.0	2354	tags=35%, list=21%, signal=44%	
REGULATION OF G PROTEIN-COUPLED RECEPTOR SIGNALING PATHWAY%GOBP%GO:0008277	REGULATION OF G PROTEIN-COUPLED RECEPTOR SIGNALING PATHWAY%GOBP%GO:0008277		70	-0.29905048	-1.0455753	0.353562	0.8912911	1.0	1262	tags=17%, list=11%, signal=19%	
PACKAGING OF TELOMERE ENDS%REACTOME DATABASE ID RELEASE 93%171306	PACKAGING OF TELOMERE ENDS%REACTOME DATABASE ID RELEASE 93%171306		21	-0.38332564	-1.04533	0.39655173	0.8908995	1.0	2357	tags=43%, list=21%, signal=54%	
SIGNALING BY EGFR%REACTOME%R-HSA-177929.6	SIGNALING BY EGFR%REACTOME%R-HSA-177929.6		41	-0.32751787	-1.0436841	0.3425	0.8956241	1.0	697	tags=15%, list=6%, signal=16%	
KIDNEY EPITHELIUM DEVELOPMENT%GOBP%GO:0072073	KIDNEY EPITHELIUM DEVELOPMENT%GOBP%GO:0072073		21	-0.37431222	-1.0436745	0.39906102	0.8943757	1.0	427	tags=19%, list=4%, signal=20%	
PRODUCTION OF MOLECULAR MEDIATOR OF IMMUNE RESPONSE%GOBP%GO:0002440	PRODUCTION OF MOLECULAR MEDIATOR OF IMMUNE RESPONSE%GOBP%GO:0002440		31	-0.34931156	-1.0434599	0.40142518	0.8938935	1.0	556	tags=13%, list=5%, signal=14%	
QUINONE BIOSYNTHETIC PROCESS%GOBP%GO:1901663	QUINONE BIOSYNTHETIC PROCESS%GOBP%GO:1901663		15	-0.40925634	-1.0426651	0.3877551	0.8954467	1.0	2927	tags=53%, list=27%, signal=73%	
RETINOID METABOLISM AND TRANSPORT%REACTOME%R-HSA-975634.4	RETINOID METABOLISM AND TRANSPORT%REACTOME%R-HSA-975634.4		16	-0.40572894	-1.0414464	0.393736	0.8986466	1.0	1290	tags=38%, list=12%, signal=42%	
PI5P, PP2A AND IER3 REGULATE PI3K AKT SIGNALING%REACTOME DATABASE ID RELEASE 93%6811558	PI5P, PP2A AND IER3 REGULATE PI3K AKT SIGNALING%REACTOME DATABASE ID RELEASE 93%6811558		54	-0.313295	-1.0402313	0.3409669	0.90170217	1.0	196	tags=7%, list=2%, signal=8%	
EYE MORPHOGENESIS%GOBP%GO:0048592	EYE MORPHOGENESIS%GOBP%GO:0048592		34	-0.33791816	-1.0399003	0.36724564	0.90165323	1.0	663	tags=18%, list=6%, signal=19%	
VENTRICULAR CARDIAC MUSCLE TISSUE DEVELOPMENT%GOBP%GO:0003229	VENTRICULAR CARDIAC MUSCLE TISSUE DEVELOPMENT%GOBP%GO:0003229		16	-0.40884	-1.0397072	0.3939394	0.9010471	1.0	1049	tags=31%, list=10%, signal=34%	
PID_HIF1_TFPATHWAY%MSIGDB_C2%PID_HIF1_TFPATHWAY	PID_HIF1_TFPATHWAY%MSIGDB_C2%PID_HIF1_TFPATHWAY		33	-0.34198016	-1.039325	0.3802817	0.9010867	1.0	836	tags=18%, list=8%, signal=20%	
REGULATION OF TRANSPORTER ACTIVITY%GOBP%GO:0032409	REGULATION OF TRANSPORTER ACTIVITY%GOBP%GO:0032409		35	-0.34004012	-1.0380542	0.3802469	0.9044077	1.0	1009	tags=17%, list=9%, signal=19%	
COMPLEMENT SYSTEM IN NEURONAL DEVELOPMENT AND PLASTICITY%WIKIPATHWAYS_20250810%WP5090%HOMO SAPIENS	COMPLEMENT SYSTEM IN NEURONAL DEVELOPMENT AND PLASTICITY%WIKIPATHWAYS_20250810%WP5090%HOMO SAPIENS		49	-0.31051067	-1.0377853	0.35597825	0.90406734	1.0	865	tags=14%, list=8%, signal=15%	
NEGATIVE REGULATION OF INSULIN RECEPTOR SIGNALING PATHWAY%GOBP%GO:0046627	NEGATIVE REGULATION OF INSULIN RECEPTOR SIGNALING PATHWAY%GOBP%GO:0046627		25	-0.36823526	-1.0371034	0.40140846	0.9053021	1.0	463	tags=16%, list=4%, signal=17%	
SIGNALING BY NTRK1 (TRKA)%REACTOME%R-HSA-187037.4	SIGNALING BY NTRK1 (TRKA)%REACTOME%R-HSA-187037.4		87	-0.28378287	-1.0358763	0.38352272	0.90849483	1.0	1214	tags=14%, list=11%, signal=15%	
INSULIN IGF PATHWAY-MITOGEN ACTIVATED PROTEIN KINASE KINASE MAP KINASE CASCADE%PANTHER PATHWAY%P00032	INSULIN IGF PATHWAY-MITOGEN ACTIVATED PROTEIN KINASE KINASE MAP KINASE CASCADE%PANTHER PATHWAY%P00032		22	-0.3732613	-1.035292	0.43076923	0.90937996	1.0	541	tags=14%, list=5%, signal=14%	
ESTROGEN SIGNALING%WIKIPATHWAYS_20250810%WP712%HOMO SAPIENS	ESTROGEN SIGNALING%WIKIPATHWAYS_20250810%WP712%HOMO SAPIENS		16	-0.41010308	-1.0351886	0.4240196	0.90846604	1.0	756	tags=13%, list=7%, signal=13%	
TYPE I COLLAGEN SYNTHESIS IN THE CONTEXT OF OSTEOGENESIS IMPERFECTA%WIKIPATHWAYS_20250810%WP4786%HOMO SAPIENS	TYPE I COLLAGEN SYNTHESIS IN THE CONTEXT OF OSTEOGENESIS IMPERFECTA%WIKIPATHWAYS_20250810%WP4786%HOMO SAPIENS		18	-0.4041778	-1.0350966	0.4116331	0.9075415	1.0	621	tags=17%, list=6%, signal=18%	
RESPONSE TO GLUCOCORTICOID%GOBP%GO:0051384	RESPONSE TO GLUCOCORTICOID%GOBP%GO:0051384		17	-0.40101832	-1.0346484	0.4028103	0.90794694	1.0	1666	tags=29%, list=15%, signal=35%	
REGULATION OF GRANULOCYTE CHEMOTAXIS%GOBP%GO:0071622	REGULATION OF GRANULOCYTE CHEMOTAXIS%GOBP%GO:0071622		26	-0.35635778	-1.0340877	0.39449543	0.9086843	1.0	117	tags=8%, list=1%, signal=8%	
JOUBERT SYNDROME%WIKIPATHWAYS_20250810%WP4656%HOMO SAPIENS	JOUBERT SYNDROME%WIKIPATHWAYS_20250810%WP4656%HOMO SAPIENS		52	-0.3100992	-1.033623	0.41018766	0.909035	1.0	2458	tags=33%, list=22%, signal=42%	
POSITIVE REGULATION OF BLOOD VESSEL ENDOTHELIAL CELL MIGRATION%GOBP%GO:0043536	POSITIVE REGULATION OF BLOOD VESSEL ENDOTHELIAL CELL MIGRATION%GOBP%GO:0043536		36	-0.33381402	-1.0314938	0.39753085	0.9156395	1.0	780	tags=17%, list=7%, signal=18%	
CELLULAR RESPONSE TO LIPID%GOBP%GO:0071396	CELLULAR RESPONSE TO LIPID%GOBP%GO:0071396		178	-0.25762418	-1.0314835	0.34365326	0.914394	1.0	810	tags=12%, list=7%, signal=13%	
FATTY ACID CATABOLIC PROCESS%GOBP%GO:0009062	FATTY ACID CATABOLIC PROCESS%GOBP%GO:0009062		61	-0.30372107	-1.031318	0.39285713	0.9137453	1.0	1220	tags=18%, list=11%, signal=20%	
REGULATION OF ENDOTHELIAL CELL DIFFERENTIATION%GOBP%GO:0045601	REGULATION OF ENDOTHELIAL CELL DIFFERENTIATION%GOBP%GO:0045601		20	-0.37452596	-1.031253	0.4040632	0.91272694	1.0	987	tags=25%, list=9%, signal=27%	
PHOTODYNAMIC THERAPY INDUCED HIF 1 SURVIVAL SIGNALING%WIKIPATHWAYS_20250810%WP3614%HOMO SAPIENS	PHOTODYNAMIC THERAPY INDUCED HIF 1 SURVIVAL SIGNALING%WIKIPATHWAYS_20250810%WP3614%HOMO SAPIENS		20	-0.37613252	-1.0306437	0.40898344	0.91362274	1.0	374	tags=15%, list=3%, signal=16%	
INOSITOL PHOSPHATE METABOLISM%REACTOME DATABASE ID RELEASE 93%1483249	INOSITOL PHOSPHATE METABOLISM%REACTOME DATABASE ID RELEASE 93%1483249		35	-0.3374095	-1.0303818	0.4009434	0.91331017	1.0	439	tags=14%, list=4%, signal=15%	
PID_MYC_ACTIV_PATHWAY%MSIGDB_C2%PID_MYC_ACTIV_PATHWAY	PID_MYC_ACTIV_PATHWAY%MSIGDB_C2%PID_MYC_ACTIV_PATHWAY		58	-0.30089104	-1.0300273	0.37830687	0.91327184	1.0	1166	tags=14%, list=11%, signal=15%	
REGULATION OF TRANSMEMBRANE TRANSPORTER ACTIVITY%GOBP%GO:0022898	REGULATION OF TRANSMEMBRANE TRANSPORTER ACTIVITY%GOBP%GO:0022898		32	-0.34212303	-1.0299973	0.40669855	0.9121069	1.0	1009	tags=16%, list=9%, signal=17%	
ONCOSTATIN M SIGNALING%WIKIPATHWAYS_20250810%WP2374%HOMO SAPIENS	ONCOSTATIN M SIGNALING%WIKIPATHWAYS_20250810%WP2374%HOMO SAPIENS		48	-0.3150485	-1.0292333	0.41602066	0.9135833	1.0	1029	tags=17%, list=9%, signal=18%	
REGULATION OF HORMONE SECRETION%GOBP%GO:0046883	REGULATION OF HORMONE SECRETION%GOBP%GO:0046883		65	-0.29313442	-1.0279849	0.37883008	0.91674405	1.0	482	tags=8%, list=4%, signal=8%	
MATURATION OF 5.8S RRNA FROM TRICISTRONIC RRNA TRANSCRIPT (SSU-RRNA, 5.8S RRNA, LSU-RRNA)%GOBP%GO:0000466	MATURATION OF 5.8S RRNA FROM TRICISTRONIC RRNA TRANSCRIPT (SSU-RRNA, 5.8S RRNA, LSU-RRNA)%GOBP%GO:0000466		20	-0.377529	-1.0279087	0.42542788	0.9157592	1.0	2378	tags=35%, list=22%, signal=45%	
HALLMARK_ADIPOGENESIS%MSIGDBHALLMARK%HALLMARK_ADIPOGENESIS	HALLMARK_ADIPOGENESIS%MSIGDBHALLMARK%HALLMARK_ADIPOGENESIS		133	-0.26221275	-1.0271327	0.36705202	0.91725445	1.0	1303	tags=14%, list=12%, signal=15%	
PID_IL1_PATHWAY%MSIGDB_C2%PID_IL1_PATHWAY	PID_IL1_PATHWAY%MSIGDB_C2%PID_IL1_PATHWAY		21	-0.39014205	-1.0262747	0.43028846	0.9190173	1.0	2257	tags=29%, list=21%, signal=36%	
NEGATIVE REGULATION OF SMALL MOLECULE METABOLIC PROCESS%GOBP%GO:0062014	NEGATIVE REGULATION OF SMALL MOLECULE METABOLIC PROCESS%GOBP%GO:0062014		52	-0.3033516	-1.0262371	0.38860103	0.9178958	1.0	1147	tags=19%, list=10%, signal=21%	
ARYL HYDROCARBON RECEPTOR PATHWAY%WIKIPATHWAYS_20250810%WP2586%HOMO SAPIENS	ARYL HYDROCARBON RECEPTOR PATHWAY%WIKIPATHWAYS_20250810%WP2586%HOMO SAPIENS		30	-0.33854032	-1.0259866	0.42183623	0.9175132	1.0	1618	tags=23%, list=15%, signal=27%	
ESTROGEN-DEPENDENT GENE EXPRESSION%REACTOME%R-HSA-9018519.3	ESTROGEN-DEPENDENT GENE EXPRESSION%REACTOME%R-HSA-9018519.3		93	-0.28184822	-1.0252469	0.39459458	0.9189055	1.0	692	tags=11%, list=6%, signal=11%	
NEGATIVE REGULATION OF TUMOR NECROSIS FACTOR-MEDIATED SIGNALING PATHWAY%GOBP%GO:0010804	NEGATIVE REGULATION OF TUMOR NECROSIS FACTOR-MEDIATED SIGNALING PATHWAY%GOBP%GO:0010804		15	-0.40429667	-1.0250708	0.42117116	0.9182487	1.0	1214	tags=20%, list=11%, signal=22%	
OXIDATIVE PHOSPHORYLATION%WIKIPATHWAYS_20250810%WP623%HOMO SAPIENS	OXIDATIVE PHOSPHORYLATION%WIKIPATHWAYS_20250810%WP623%HOMO SAPIENS		39	-0.32962203	-1.0247877	0.3946731	0.9180096	1.0	2019	tags=28%, list=18%, signal=34%	
POSITIVE REGULATION OF DNA-BINDING TRANSCRIPTION FACTOR ACTIVITY%GOBP%GO:0051091	POSITIVE REGULATION OF DNA-BINDING TRANSCRIPTION FACTOR ACTIVITY%GOBP%GO:0051091		75	-0.28720638	-1.0244899	0.39637306	0.91790104	1.0	677	tags=9%, list=6%, signal=10%	
AMINO ACID CATABOLIC PROCESS%GOBP%GO:0009063	AMINO ACID CATABOLIC PROCESS%GOBP%GO:0009063		53	-0.30498314	-1.0244457	0.37531486	0.9168273	1.0	2215	tags=28%, list=20%, signal=35%	
PEPTIDYL-LYSINE METHYLATION%GOBP%GO:0018022	PEPTIDYL-LYSINE METHYLATION%GOBP%GO:0018022		15	-0.40282786	-1.0237958	0.4039409	0.9180079	1.0	88	tags=7%, list=1%, signal=7%	
INTEGRATED STRESS RESPONSE SIGNALING%GOBP%GO:0140467	INTEGRATED STRESS RESPONSE SIGNALING%GOBP%GO:0140467		31	-0.34820163	-1.0237226	0.4313253	0.91702455	1.0	2042	tags=29%, list=19%, signal=36%	
GOLGI TO PLASMA MEMBRANE TRANSPORT%GOBP%GO:0006893	GOLGI TO PLASMA MEMBRANE TRANSPORT%GOBP%GO:0006893		47	-0.3150448	-1.0231903	0.4072165	0.9176918	1.0	768	tags=9%, list=7%, signal=9%	
RENAL SYSTEM DEVELOPMENT%GOBP%GO:0072001	RENAL SYSTEM DEVELOPMENT%GOBP%GO:0072001		67	-0.2922994	-1.0227706	0.3925	0.91802216	1.0	1029	tags=18%, list=9%, signal=20%	
REGULATION OF CELLULAR RESPONSE TO INSULIN STIMULUS%GOBP%GO:1900076	REGULATION OF CELLULAR RESPONSE TO INSULIN STIMULUS%GOBP%GO:1900076		38	-0.3310074	-1.0211564	0.4235589	0.92246526	1.0	641	tags=13%, list=6%, signal=14%	
METABOLISM OF FAT-SOLUBLE VITAMINS%REACTOME%R-HSA-6806667.8	METABOLISM OF FAT-SOLUBLE VITAMINS%REACTOME%R-HSA-6806667.8		18	-0.3882973	-1.0210067	0.42263278	0.9217603	1.0	1510	tags=39%, list=14%, signal=45%	
KIDNEY DEVELOPMENT%GOBP%GO:0001822	KIDNEY DEVELOPMENT%GOBP%GO:0001822		67	-0.2922994	-1.0207994	0.40804598	0.92121875	1.0	1029	tags=18%, list=9%, signal=20%	
MISCELLANEOUS TRANSPORT AND BINDING EVENTS%REACTOME DATABASE ID RELEASE 93%5223345	MISCELLANEOUS TRANSPORT AND BINDING EVENTS%REACTOME DATABASE ID RELEASE 93%5223345		18	-0.38508588	-1.0206108	0.41509435	0.9206861	1.0	312	tags=17%, list=3%, signal=17%	
RESISTIN AS A REGULATOR OF INFLAMMATION%WIKIPATHWAYS_20250810%WP4481%HOMO SAPIENS	RESISTIN AS A REGULATOR OF INFLAMMATION%WIKIPATHWAYS_20250810%WP4481%HOMO SAPIENS		21	-0.3771996	-1.0199788	0.41445783	0.92169183	1.0	2157	tags=33%, list=20%, signal=41%	
CELL-SUBSTRATE JUNCTION ASSEMBLY%GOBP%GO:0007044	CELL-SUBSTRATE JUNCTION ASSEMBLY%GOBP%GO:0007044		18	-0.38413775	-1.0195775	0.42469135	0.92181367	1.0	396	tags=17%, list=4%, signal=17%	
PI3K AKT SIGNALING%WIKIPATHWAYS_20250810%WP4172%HOMO SAPIENS	PI3K AKT SIGNALING%WIKIPATHWAYS_20250810%WP4172%HOMO SAPIENS		154	-0.25856388	-1.0169674	0.3960674	0.929763	1.0	953	tags=13%, list=9%, signal=14%	
GERM CELL DEVELOPMENT%GOBP%GO:0007281	GERM CELL DEVELOPMENT%GOBP%GO:0007281		94	-0.27838275	-1.0168793	0.39943343	0.9288325	1.0	1076	tags=12%, list=10%, signal=13%	
LIPID MODIFICATION%GOBP%GO:0030258	LIPID MODIFICATION%GOBP%GO:0030258		85	-0.28221527	-1.0161005	0.41011235	0.93042654	1.0	1223	tags=18%, list=11%, signal=20%	
NOTCH3 ACTIVATION AND TRANSMISSION OF SIGNAL TO THE NUCLEUS%REACTOME DATABASE ID RELEASE 93%9013507	NOTCH3 ACTIVATION AND TRANSMISSION OF SIGNAL TO THE NUCLEUS%REACTOME DATABASE ID RELEASE 93%9013507		19	-0.37625465	-1.0159942	0.4138756	0.9295317	1.0	2003	tags=42%, list=18%, signal=51%	
EPITHELIAL TO MESENCHYMAL TRANSITION IN COLORECTAL CANCER%WIKIPATHWAYS_20250810%WP4239%HOMO SAPIENS	EPITHELIAL TO MESENCHYMAL TRANSITION IN COLORECTAL CANCER%WIKIPATHWAYS_20250810%WP4239%HOMO SAPIENS		70	-0.28965092	-1.0154289	0.40509915	0.9303638	1.0	1748	tags=21%, list=16%, signal=25%	
SENSORY SYSTEM DEVELOPMENT%GOBP%GO:0048880	SENSORY SYSTEM DEVELOPMENT%GOBP%GO:0048880		73	-0.28439832	-1.0152912	0.40591398	0.9296579	1.0	1287	tags=19%, list=12%, signal=22%	
UBIQUINONE BIOSYNTHETIC PROCESS%GOBP%GO:0006744	UBIQUINONE BIOSYNTHETIC PROCESS%GOBP%GO:0006744		15	-0.40925634	-1.014603	0.43719807	0.9307875	1.0	2927	tags=53%, list=27%, signal=73%	
HORMONE METABOLIC PROCESS%GOBP%GO:0042445	HORMONE METABOLIC PROCESS%GOBP%GO:0042445		51	-0.31186488	-1.014185	0.40874037	0.93101954	1.0	569	tags=12%, list=5%, signal=12%	
PID_BETA_CATENIN_NUC_PATHWAY%MSIGDB_C2%PID_BETA_CATENIN_NUC_PATHWAY	PID_BETA_CATENIN_NUC_PATHWAY%MSIGDB_C2%PID_BETA_CATENIN_NUC_PATHWAY		37	-0.32613984	-1.0135146	0.42051283	0.93218523	1.0	132	tags=8%, list=1%, signal=8%	
POSITIVE REGULATION OF NEUROGENESIS%GOBP%GO:0050769	POSITIVE REGULATION OF NEUROGENESIS%GOBP%GO:0050769		70	-0.28751078	-1.0134865	0.43939394	0.9310436	1.0	1122	tags=19%, list=10%, signal=21%	
NEGATIVE REGULATION OF THE PI3K AKT NETWORK%REACTOME DATABASE ID RELEASE 93%199418	NEGATIVE REGULATION OF THE PI3K AKT NETWORK%REACTOME DATABASE ID RELEASE 93%199418		61	-0.3037291	-1.0125811	0.38753387	0.9331608	1.0	196	tags=7%, list=2%, signal=7%	
REGULATION OF MIRNA TRANSCRIPTION%GOBP%GO:1902893	REGULATION OF MIRNA TRANSCRIPTION%GOBP%GO:1902893		44	-0.31565562	-1.0125732	0.4138756	0.93194675	1.0	1166	tags=20%, list=11%, signal=23%	
TLR4 SIGNALING AND TOLERANCE%WIKIPATHWAYS_20250810%WP3851%HOMO SAPIENS	TLR4 SIGNALING AND TOLERANCE%WIKIPATHWAYS_20250810%WP3851%HOMO SAPIENS		22	-0.36210296	-1.0118755	0.43925235	0.93330944	1.0	262	tags=9%, list=2%, signal=9%	
MORPHOGENESIS OF AN EPITHELIAL SHEET%GOBP%GO:0002011	MORPHOGENESIS OF AN EPITHELIAL SHEET%GOBP%GO:0002011		22	-0.3611768	-1.0118234	0.43069306	0.9322429	1.0	1574	tags=18%, list=14%, signal=21%	
LEARNING OR MEMORY%GOBP%GO:0007611	LEARNING OR MEMORY%GOBP%GO:0007611		53	-0.3061696	-1.0116013	0.4278607	0.93182266	1.0	536	tags=9%, list=5%, signal=10%	
TISSUE REMODELING%GOBP%GO:0048771	TISSUE REMODELING%GOBP%GO:0048771		22	-0.3657135	-1.0112096	0.44418603	0.9319459	1.0	1179	tags=32%, list=11%, signal=36%	
REGULATION OF EPITHELIAL CELL DIFFERENTIATION%GOBP%GO:0030856	REGULATION OF EPITHELIAL CELL DIFFERENTIATION%GOBP%GO:0030856		57	-0.30185324	-1.0110091	0.4456522	0.9314369	1.0	1017	tags=19%, list=9%, signal=21%	
REGULATION OF POTASSIUM ION TRANSPORT%GOBP%GO:0043266	REGULATION OF POTASSIUM ION TRANSPORT%GOBP%GO:0043266		26	-0.36478436	-1.0109364	0.44117647	0.93043953	1.0	325	tags=12%, list=3%, signal=12%	
WNT SIGNALING PATHWAY%PANTHER PATHWAY%P00057	WNT SIGNALING PATHWAY%PANTHER PATHWAY%P00057		107	-0.27001613	-1.0105321	0.42783505	0.9306716	1.0	1748	tags=22%, list=16%, signal=26%	
PROTEIN METHYLATION%REACTOME DATABASE ID RELEASE 93%8876725	PROTEIN METHYLATION%REACTOME DATABASE ID RELEASE 93%8876725		16	-0.39427122	-1.0093768	0.43601894	0.9336108	1.0	3330	tags=63%, list=30%, signal=90%	
NOTCH SIGNALING%WIKIPATHWAYS_20250810%WP268%HOMO SAPIENS	NOTCH SIGNALING%WIKIPATHWAYS_20250810%WP268%HOMO SAPIENS		28	-0.34241137	-1.009028	0.4513064	0.93368375	1.0	2493	tags=43%, list=23%, signal=55%	
REGULATION OF POSTSYNAPSE ORGANIZATION%GOBP%GO:0099175	REGULATION OF POSTSYNAPSE ORGANIZATION%GOBP%GO:0099175		38	-0.32470012	-1.0082622	0.43376625	0.9351425	1.0	773	tags=13%, list=7%, signal=14%	
LIPID OXIDATION%GOBP%GO:0034440	LIPID OXIDATION%GOBP%GO:0034440		50	-0.3048529	-1.0075737	0.4278481	0.93636394	1.0	2359	tags=32%, list=21%, signal=41%	
SEROTONIN HTR1 GROUP AND FOS PATHWAY%WIKIPATHWAYS_20250810%WP722%HOMO SAPIENS	SEROTONIN HTR1 GROUP AND FOS PATHWAY%WIKIPATHWAYS_20250810%WP722%HOMO SAPIENS		21	-0.37102836	-1.0074826	0.46616542	0.93546396	1.0	1399	tags=19%, list=13%, signal=22%	
REGULATION OF ENDOGENOUS RETROELEMENTS BY THE HUMAN SILENCING HUB (HUSH) COMPLEX%REACTOME DATABASE ID RELEASE 93%9843970	REGULATION OF ENDOGENOUS RETROELEMENTS BY THE HUMAN SILENCING HUB (HUSH) COMPLEX%REACTOME DATABASE ID RELEASE 93%9843970		27	-0.35013062	-1.0072087	0.41935483	0.9351988	1.0	2357	tags=33%, list=21%, signal=42%	
HEXOSE TRANSMEMBRANE TRANSPORT%GOBP%GO:0008645	HEXOSE TRANSMEMBRANE TRANSPORT%GOBP%GO:0008645		15	-0.40535808	-1.0070511	0.46031746	0.93456095	1.0	346	tags=13%, list=3%, signal=14%	
MITOCHONDRIAL TRANSLATION INITIATION%REACTOME DATABASE ID RELEASE 93%5368286	MITOCHONDRIAL TRANSLATION INITIATION%REACTOME DATABASE ID RELEASE 93%5368286		83	-0.28335238	-1.0067692	0.4587912	0.9343425	1.0	3045	tags=37%, list=28%, signal=51%	
PURINE NUCLEOTIDE BIOSYNTHETIC PROCESS%GOBP%GO:0006164	PURINE NUCLEOTIDE BIOSYNTHETIC PROCESS%GOBP%GO:0006164		116	-0.26178992	-1.0065374	0.41449276	0.93403655	1.0	1878	tags=19%, list=17%, signal=23%	
ERBB SIGNALING%WIKIPATHWAYS_20250810%WP673%HOMO SAPIENS	ERBB SIGNALING%WIKIPATHWAYS_20250810%WP673%HOMO SAPIENS		51	-0.3060938	-1.006467	0.41489363	0.9330662	1.0	722	tags=8%, list=7%, signal=8%	
NOTCH SIGNALING PATHWAY%GOBP%GO:0007219	NOTCH SIGNALING PATHWAY%GOBP%GO:0007219		23	-0.36290088	-1.0058488	0.43980345	0.9341379	1.0	2436	tags=43%, list=22%, signal=56%	
HALLMARK_ESTROGEN_RESPONSE_EARLY%MSIGDBHALLMARK%HALLMARK_ESTROGEN_RESPONSE_EARLY	HALLMARK_ESTROGEN_RESPONSE_EARLY%MSIGDBHALLMARK%HALLMARK_ESTROGEN_RESPONSE_EARLY		107	-0.26852435	-1.0057478	0.4390244	0.9332877	1.0	1401	tags=21%, list=13%, signal=23%	
MULTIVESICULAR BODY SORTING PATHWAY%GOBP%GO:0071985	MULTIVESICULAR BODY SORTING PATHWAY%GOBP%GO:0071985		43	-0.3183375	-1.0044167	0.43436754	0.9368593	1.0	1192	tags=16%, list=11%, signal=18%	
EYE DEVELOPMENT%GOBP%GO:0001654	EYE DEVELOPMENT%GOBP%GO:0001654		72	-0.28580377	-1.0043609	0.42897728	0.9358276	1.0	1287	tags=19%, list=12%, signal=22%	
BIOCARTA_NFAT_PATHWAY%MSIGDB_C2%BIOCARTA_NFAT_PATHWAY	BIOCARTA_NFAT_PATHWAY%MSIGDB_C2%BIOCARTA_NFAT_PATHWAY		23	-0.35705635	-1.0042281	0.43855423	0.9351143	1.0	1031	tags=17%, list=9%, signal=19%	
SENESCENCE-ASSOCIATED SECRETORY PHENOTYPE (SASP)%REACTOME%R-HSA-2559582.4	SENESCENCE-ASSOCIATED SECRETORY PHENOTYPE (SASP)%REACTOME%R-HSA-2559582.4		61	-0.2950738	-1.0040767	0.46233767	0.9344299	1.0	697	tags=11%, list=6%, signal=12%	
SMALL MOLECULE CATABOLIC PROCESS%GOBP%GO:0044282	SMALL MOLECULE CATABOLIC PROCESS%GOBP%GO:0044282		183	-0.24777888	-1.0028442	0.43952802	0.9376497	1.0	1507	tags=18%, list=14%, signal=21%	
COGNITION%GOBP%GO:0050890	COGNITION%GOBP%GO:0050890		76	-0.27669844	-1.0025998	0.41736695	0.9373092	1.0	536	tags=9%, list=5%, signal=10%	
REGULATION OF NEUROGENESIS%GOBP%GO:0050767	REGULATION OF NEUROGENESIS%GOBP%GO:0050767		111	-0.26573446	-1.0022014	0.44514108	0.93751216	1.0	1122	tags=18%, list=10%, signal=20%	
AMEBOIDAL-TYPE CELL MIGRATION%GOBP%GO:0001667	AMEBOIDAL-TYPE CELL MIGRATION%GOBP%GO:0001667		42	-0.31807843	-1.0011667	0.45663264	0.9400073	1.0	501	tags=14%, list=5%, signal=15%	
CELLULAR DETOXIFICATION%GOBP%GO:1990748	CELLULAR DETOXIFICATION%GOBP%GO:1990748		30	-0.33856452	-1.0009477	0.46578947	0.9396016	1.0	1865	tags=33%, list=17%, signal=40%	
POSITIVE REGULATION OF NEUTROPHIL MIGRATION%GOBP%GO:1902624	POSITIVE REGULATION OF NEUTROPHIL MIGRATION%GOBP%GO:1902624		16	-0.38861862	-1.0005947	0.44660193	0.9396756	1.0	12	tags=6%, list=0%, signal=6%	
REGULATION OF GLIOGENESIS%GOBP%GO:0014013	REGULATION OF GLIOGENESIS%GOBP%GO:0014013		23	-0.35874033	-1.0004575	0.44144145	0.9389507	1.0	1017	tags=22%, list=9%, signal=24%	
VENTRICULAR SEPTUM DEVELOPMENT%GOBP%GO:0003281	VENTRICULAR SEPTUM DEVELOPMENT%GOBP%GO:0003281		17	-0.3904812	-0.9996774	0.44444445	0.9404711	1.0	1796	tags=41%, list=16%, signal=49%	
POSITIVE REGULATION OF AMYLOID PRECURSOR PROTEIN CATABOLIC PROCESS%GOBP%GO:1902993	POSITIVE REGULATION OF AMYLOID PRECURSOR PROTEIN CATABOLIC PROCESS%GOBP%GO:1902993		17	-0.3965154	-0.99952734	0.44615385	0.9398262	1.0	3208	tags=59%, list=29%, signal=83%	
VASCULAR ENDOTHELIAL CELL RESPONSE TO LAMINAR FLUID SHEAR STRESS%GOBP%GO:0097700	VASCULAR ENDOTHELIAL CELL RESPONSE TO LAMINAR FLUID SHEAR STRESS%GOBP%GO:0097700		15	-0.40698844	-0.9994274	0.46386945	0.9389813	1.0	3072	tags=53%, list=28%, signal=74%	
CENTRIOLE ASSEMBLY%GOBP%GO:0098534	CENTRIOLE ASSEMBLY%GOBP%GO:0098534		26	-0.35008237	-0.99870116	0.46601942	0.9403611	1.0	3180	tags=50%, list=29%, signal=70%	
SARS-COV-1 INFECTION%REACTOME DATABASE ID RELEASE 93%9678108	SARS-COV-1 INFECTION%REACTOME DATABASE ID RELEASE 93%9678108		128	-0.25895163	-0.9981044	0.43806645	0.94133204	1.0	2011	tags=34%, list=18%, signal=41%	
VISUAL SYSTEM DEVELOPMENT%GOBP%GO:0150063	VISUAL SYSTEM DEVELOPMENT%GOBP%GO:0150063		73	-0.28439832	-0.99718183	0.45866665	0.9433605	1.0	1287	tags=19%, list=12%, signal=22%	
THE PHOTOTRANSDUCTION CASCADE%REACTOME DATABASE ID RELEASE 93%2514856	THE PHOTOTRANSDUCTION CASCADE%REACTOME DATABASE ID RELEASE 93%2514856		15	-0.39501265	-0.995844	0.45057473	0.9469776	1.0	2315	tags=40%, list=21%, signal=51%	
RESPONSE TO MOLECULE OF BACTERIAL ORIGIN%GOBP%GO:0002237	RESPONSE TO MOLECULE OF BACTERIAL ORIGIN%GOBP%GO:0002237		113	-0.26076227	-0.99570614	0.42450142	0.9462625	1.0	867	tags=12%, list=8%, signal=12%	
CARDIOCYTE DIFFERENTIATION%GOBP%GO:0035051	CARDIOCYTE DIFFERENTIATION%GOBP%GO:0035051		25	-0.3518079	-0.99518126	0.45348838	0.9468376	1.0	1967	tags=40%, list=18%, signal=49%	
RETINA DEVELOPMENT IN CAMERA-TYPE EYE%GOBP%GO:0060041	RETINA DEVELOPMENT IN CAMERA-TYPE EYE%GOBP%GO:0060041		22	-0.36032066	-0.99396986	0.46191648	0.94994193	1.0	1179	tags=27%, list=11%, signal=30%	
HETEROTYPIC CELL-CELL ADHESION%GOBP%GO:0034113	HETEROTYPIC CELL-CELL ADHESION%GOBP%GO:0034113		17	-0.38510826	-0.99342424	0.4537246	0.95073104	1.0	604	tags=24%, list=5%, signal=25%	
PROTEINOGENIC AMINO ACID CATABOLIC PROCESS%GOBP%GO:0170040	PROTEINOGENIC AMINO ACID CATABOLIC PROCESS%GOBP%GO:0170040		36	-0.32867706	-0.9921477	0.46373057	0.9539835	1.0	1762	tags=28%, list=16%, signal=33%	
MITOCHONDRIAL RIBOSOME-ASSOCIATED QUALITY CONTROL%REACTOME%R-HSA-9937383.1	MITOCHONDRIAL RIBOSOME-ASSOCIATED QUALITY CONTROL%REACTOME%R-HSA-9937383.1		85	-0.2756703	-0.9919375	0.45480227	0.9535431	1.0	2957	tags=35%, list=27%, signal=48%	
SIRT1 NEGATIVELY REGULATES RRNA EXPRESSION%REACTOME%R-HSA-427359.4	SIRT1 NEGATIVELY REGULATES RRNA EXPRESSION%REACTOME%R-HSA-427359.4		24	-0.35473117	-0.9912764	0.4787736	0.9547345	1.0	2357	tags=38%, list=21%, signal=48%	
EPITHELIAL TO MESENCHYMAL TRANSITION%GOBP%GO:0001837	EPITHELIAL TO MESENCHYMAL TRANSITION%GOBP%GO:0001837		40	-0.31903177	-0.990873	0.46731234	0.9549852	1.0	1134	tags=20%, list=10%, signal=22%	
RET SIGNALING%REACTOME%R-HSA-8853659.7	RET SIGNALING%REACTOME%R-HSA-8853659.7		22	-0.35486504	-0.99047595	0.43405277	0.9552097	1.0	541	tags=18%, list=5%, signal=19%	
OVARIAN INFERTILITY%WIKIPATHWAYS_20250810%WP34%HOMO SAPIENS	OVARIAN INFERTILITY%WIKIPATHWAYS_20250810%WP34%HOMO SAPIENS		19	-0.36989382	-0.9901863	0.44730678	0.95512724	1.0	1029	tags=21%, list=9%, signal=23%	
ACETYL-COA METABOLIC PROCESS%GOBP%GO:0006084	ACETYL-COA METABOLIC PROCESS%GOBP%GO:0006084		19	-0.36391392	-0.99013025	0.45673078	0.9541524	1.0	1247	tags=16%, list=11%, signal=18%	
RESPONSE TO ESTROGEN%GOBP%GO:0043627	RESPONSE TO ESTROGEN%GOBP%GO:0043627		23	-0.3515542	-0.9900139	0.45137158	0.9533735	1.0	372	tags=13%, list=3%, signal=13%	
POSITIVE REGULATION OF VASCULATURE DEVELOPMENT%GOBP%GO:1904018	POSITIVE REGULATION OF VASCULATURE DEVELOPMENT%GOBP%GO:1904018		68	-0.28108326	-0.9897471	0.47905758	0.9531195	1.0	604	tags=12%, list=5%, signal=12%	
INSULIN RECEPTOR SIGNALING PATHWAY%GOBP%GO:0008286	INSULIN RECEPTOR SIGNALING PATHWAY%GOBP%GO:0008286		37	-0.319937	-0.98961097	0.4481132	0.9523977	1.0	121	tags=5%, list=1%, signal=5%	
PID_BMP_PATHWAY%MSIGDB_C2%PID_BMP_PATHWAY	PID_BMP_PATHWAY%MSIGDB_C2%PID_BMP_PATHWAY		19	-0.3713013	-0.98927265	0.47058824	0.9523828	1.0	1179	tags=21%, list=11%, signal=24%	
POSITIVE REGULATION OF NEURON DIFFERENTIATION%GOBP%GO:0045666	POSITIVE REGULATION OF NEURON DIFFERENTIATION%GOBP%GO:0045666		19	-0.36198193	-0.98870295	0.45657015	0.9531444	1.0	1579	tags=26%, list=14%, signal=31%	
REGULATION OF FAT CELL DIFFERENTIATION%GOBP%GO:0045598	REGULATION OF FAT CELL DIFFERENTIATION%GOBP%GO:0045598		51	-0.29801735	-0.9879512	0.43718594	0.95459443	1.0	1537	tags=20%, list=14%, signal=23%	
STRIATED MUSCLE CELL DEVELOPMENT%GOBP%GO:0055002	STRIATED MUSCLE CELL DEVELOPMENT%GOBP%GO:0055002		26	-0.34547183	-0.98758334	0.44469526	0.954769	1.0	1551	tags=31%, list=14%, signal=36%	
RESPONSE TO TOXIC SUBSTANCE%GOBP%GO:0009636	RESPONSE TO TOXIC SUBSTANCE%GOBP%GO:0009636		57	-0.29268536	-0.98741484	0.44875348	0.9542146	1.0	867	tags=19%, list=8%, signal=21%	
LIPID TRANSPORT%GOBP%GO:0006869	LIPID TRANSPORT%GOBP%GO:0006869		127	-0.25611928	-0.9871156	0.44715446	0.9541055	1.0	1092	tags=14%, list=10%, signal=16%	
REGULATION OF PEPTIDE HORMONE SECRETION%GOBP%GO:0090276	REGULATION OF PEPTIDE HORMONE SECRETION%GOBP%GO:0090276		57	-0.29276043	-0.98702264	0.48041776	0.9532756	1.0	470	tags=7%, list=4%, signal=7%	
INNER MITOCHONDRIAL MEMBRANE ORGANIZATION%GOBP%GO:0007007	INNER MITOCHONDRIAL MEMBRANE ORGANIZATION%GOBP%GO:0007007		38	-0.31337735	-0.9865299	0.47524753	0.95373887	1.0	2409	tags=32%, list=22%, signal=40%	
POSITIVE REGULATION OF WNT SIGNALING PATHWAY%GOBP%GO:0030177	POSITIVE REGULATION OF WNT SIGNALING PATHWAY%GOBP%GO:0030177		72	-0.28188032	-0.9861149	0.4728682	0.95403105	1.0	1255	tags=17%, list=11%, signal=19%	
POSITIVE REGULATION OF TELOMERE MAINTENANCE VIA TELOMERE LENGTHENING%GOBP%GO:1904358	POSITIVE REGULATION OF TELOMERE MAINTENANCE VIA TELOMERE LENGTHENING%GOBP%GO:1904358		25	-0.34680966	-0.9853877	0.5	0.9553207	1.0	3839	tags=52%, list=35%, signal=80%	
POSITIVE REGULATION OF RESPONSE TO WOUNDING%GOBP%GO:1903036	POSITIVE REGULATION OF RESPONSE TO WOUNDING%GOBP%GO:1903036		30	-0.32309464	-0.98505354	0.4975	0.9553431	1.0	191	tags=10%, list=2%, signal=10%	
ORGANELLE LOCALIZATION BY MEMBRANE TETHERING%GOBP%GO:0140056	ORGANELLE LOCALIZATION BY MEMBRANE TETHERING%GOBP%GO:0140056		54	-0.29679233	-0.98420054	0.44757032	0.9571363	1.0	1895	tags=22%, list=17%, signal=27%	
B-WICH COMPLEX POSITIVELY REGULATES RRNA EXPRESSION%REACTOME DATABASE ID RELEASE 93%5250924	B-WICH COMPLEX POSITIVELY REGULATES RRNA EXPRESSION%REACTOME DATABASE ID RELEASE 93%5250924		44	-0.3019205	-0.9830704	0.4680851	0.96004355	1.0	1024	tags=18%, list=9%, signal=20%	
INTEGRINS IN ANGIOGENESIS%PATHWAY INTERACTION DATABASE NCI-NATURE CURATED DATA%INTEGRINS IN ANGIOGENESIS	INTEGRINS IN ANGIOGENESIS%PATHWAY INTERACTION DATABASE NCI-NATURE CURATED DATA%INTEGRINS IN ANGIOGENESIS		38	-0.3220363	-0.9827602	0.4938575	0.95993537	1.0	888	tags=13%, list=8%, signal=14%	
ESTABLISHMENT OR MAINTENANCE OF EPITHELIAL CELL APICAL/BASAL POLARITY%GOBP%GO:0045197	ESTABLISHMENT OR MAINTENANCE OF EPITHELIAL CELL APICAL/BASAL POLARITY%GOBP%GO:0045197		23	-0.35327002	-0.98261476	0.4798995	0.95929563	1.0	2151	tags=26%, list=20%, signal=32%	
VESICLE-MEDIATED TRANSPORT TO THE PLASMA MEMBRANE%GOBP%GO:0098876	VESICLE-MEDIATED TRANSPORT TO THE PLASMA MEMBRANE%GOBP%GO:0098876		106	-0.26495782	-0.98220605	0.50877196	0.95952624	1.0	768	tags=8%, list=7%, signal=9%	
REGULATION OF ESTABLISHMENT OR MAINTENANCE OF CELL POLARITY%GOBP%GO:0032878	REGULATION OF ESTABLISHMENT OR MAINTENANCE OF CELL POLARITY%GOBP%GO:0032878		18	-0.3808532	-0.98104084	0.49268293	0.96227926	1.0	1216	tags=28%, list=11%, signal=31%	
PDGFR-ALPHA SIGNALING PATHWAY%PATHWAY INTERACTION DATABASE NCI-NATURE CURATED DATA%PDGFR-ALPHA SIGNALING PATHWAY	PDGFR-ALPHA SIGNALING PATHWAY%PATHWAY INTERACTION DATABASE NCI-NATURE CURATED DATA%PDGFR-ALPHA SIGNALING PATHWAY		16	-0.38932487	-0.9807156	0.5117925	0.96221006	1.0	598	tags=19%, list=5%, signal=20%	
POSITIVE REGULATION OF WOUND HEALING%GOBP%GO:0090303	POSITIVE REGULATION OF WOUND HEALING%GOBP%GO:0090303		28	-0.33978152	-0.9805142	0.4811083	0.96179754	1.0	191	tags=11%, list=2%, signal=11%	
CELLULAR RESPONSE TO INTERLEUKIN-1%GOBP%GO:0071347	CELLULAR RESPONSE TO INTERLEUKIN-1%GOBP%GO:0071347		39	-0.31809285	-0.97981215	0.46650124	0.96297777	1.0	344	tags=8%, list=3%, signal=8%	
NEPHRIN FAMILY INTERACTIONS%REACTOME DATABASE ID RELEASE 93%373753	NEPHRIN FAMILY INTERACTIONS%REACTOME DATABASE ID RELEASE 93%373753		16	-0.38734183	-0.9797099	0.49759614	0.9621696	1.0	197	tags=13%, list=2%, signal=13%	
LIPID LOCALIZATION%GOBP%GO:0010876	LIPID LOCALIZATION%GOBP%GO:0010876		128	-0.2557779	-0.97963846	0.4814815	0.96123827	1.0	1092	tags=14%, list=10%, signal=15%	
REGULATION OF RECEPTOR-MEDIATED ENDOCYTOSIS%GOBP%GO:0048259	REGULATION OF RECEPTOR-MEDIATED ENDOCYTOSIS%GOBP%GO:0048259		57	-0.29121336	-0.978743	0.4874372	0.96322024	1.0	706	tags=14%, list=6%, signal=15%	
REGULATION OF NITRIC OXIDE METABOLIC PROCESS%GOBP%GO:0080164	REGULATION OF NITRIC OXIDE METABOLIC PROCESS%GOBP%GO:0080164		35	-0.3180466	-0.97847605	0.4814815	0.9629649	1.0	744	tags=14%, list=7%, signal=15%	
SIGNALING BY TGFB FAMILY MEMBERS%REACTOME DATABASE ID RELEASE 93%9006936	SIGNALING BY TGFB FAMILY MEMBERS%REACTOME DATABASE ID RELEASE 93%9006936		115	-0.253389	-0.97779393	0.5126263	0.9641995	1.0	2011	tags=26%, list=18%, signal=32%	
IMATINIB INHIBITION OF BCR-ABL%SMPDB%SMP0031694	IMATINIB INHIBITION OF BCR-ABL%SMPDB%SMP0031694		18	-0.36873195	-0.9770716	0.46563193	0.965616	1.0	836	tags=22%, list=8%, signal=24%	
REGULATION OF MIRNA METABOLIC PROCESS%GOBP%GO:2000628	REGULATION OF MIRNA METABOLIC PROCESS%GOBP%GO:2000628		52	-0.293908	-0.9769924	0.48598132	0.9647423	1.0	1166	tags=17%, list=11%, signal=19%	
10Q22Q23 COPY NUMBER VARIATION%WIKIPATHWAYS_20250810%WP5402%HOMO SAPIENS	10Q22Q23 COPY NUMBER VARIATION%WIKIPATHWAYS_20250810%WP5402%HOMO SAPIENS		23	-0.34343386	-0.97686195	0.4965035	0.96402764	1.0	1778	tags=26%, list=16%, signal=31%	
IGF1 PATHWAY%PATHWAY INTERACTION DATABASE NCI-NATURE CURATED DATA%IGF1 PATHWAY	IGF1 PATHWAY%PATHWAY INTERACTION DATABASE NCI-NATURE CURATED DATA%IGF1 PATHWAY		24	-0.3477461	-0.9764552	0.48441246	0.96433526	1.0	541	tags=13%, list=5%, signal=13%	
CELL-SUBSTRATE JUNCTION ORGANIZATION%GOBP%GO:0150115	CELL-SUBSTRATE JUNCTION ORGANIZATION%GOBP%GO:0150115		19	-0.37633106	-0.97645336	0.47629797	0.96318954	1.0	396	tags=16%, list=4%, signal=16%	
RNA POLYMERASE III TRANSCRIPTION%REACTOME DATABASE ID RELEASE 93%74158	RNA POLYMERASE III TRANSCRIPTION%REACTOME DATABASE ID RELEASE 93%74158		39	-0.3109084	-0.9757562	0.50645995	0.9644509	1.0	1188	tags=13%, list=11%, signal=14%	
ACTION POTENTIAL%GOBP%GO:0001508	ACTION POTENTIAL%GOBP%GO:0001508		27	-0.34014815	-0.9754594	0.48379052	0.9643516	1.0	337	tags=11%, list=3%, signal=11%	
ENDOSOME TRANSPORT VIA MULTIVESICULAR BODY SORTING PATHWAY%GOBP%GO:0032509	ENDOSOME TRANSPORT VIA MULTIVESICULAR BODY SORTING PATHWAY%GOBP%GO:0032509		37	-0.32107398	-0.97337633	0.52238804	0.97047085	1.0	628	tags=11%, list=6%, signal=11%	
FATTY ACID BETA-OXIDATION%GOBP%GO:0006635	FATTY ACID BETA-OXIDATION%GOBP%GO:0006635		40	-0.31864494	-0.97268736	0.5036855	0.9717576	1.0	1177	tags=18%, list=11%, signal=20%	
CAMERA-TYPE EYE MORPHOGENESIS%GOBP%GO:0048593	CAMERA-TYPE EYE MORPHOGENESIS%GOBP%GO:0048593		22	-0.34894145	-0.9724984	0.4816626	0.9712731	1.0	1135	tags=27%, list=10%, signal=30%	
PURINE-CONTAINING COMPOUND BIOSYNTHETIC PROCESS%GOBP%GO:0072522	PURINE-CONTAINING COMPOUND BIOSYNTHETIC PROCESS%GOBP%GO:0072522		162	-0.24455383	-0.97236234	0.53797466	0.9705533	1.0	1878	tags=21%, list=17%, signal=25%	
HALLMARK_PEROXISOME%MSIGDBHALLMARK%HALLMARK_PEROXISOME	HALLMARK_PEROXISOME%MSIGDBHALLMARK%HALLMARK_PEROXISOME		64	-0.28190562	-0.97225505	0.496063	0.9697855	1.0	1825	tags=25%, list=17%, signal=30%	
WNT SIGNALING PATHWAY%GOBP%GO:0016055	WNT SIGNALING PATHWAY%GOBP%GO:0016055		58	-0.28815046	-0.97170657	0.5277778	0.9705614	1.0	1626	tags=24%, list=15%, signal=28%	
PROTEIN LOCALIZATION%REACTOME%R-HSA-9609507.4	PROTEIN LOCALIZATION%REACTOME%R-HSA-9609507.4		128	-0.24990427	-0.9714474	0.52873564	0.9703175	1.0	1433	tags=19%, list=13%, signal=21%	
SIGNALING BY RETINOIC ACID%REACTOME%R-HSA-5362517.5	SIGNALING BY RETINOIC ACID%REACTOME%R-HSA-5362517.5		22	-0.34972715	-0.971217	0.5202864	0.96992296	1.0	534	tags=14%, list=5%, signal=14%	
ACTIVATED PKN1 STIMULATES TRANSCRIPTION OF AR (ANDROGEN RECEPTOR) REGULATED GENES KLK2 AND KLK3%REACTOME%R-HSA-5625886.3	ACTIVATED PKN1 STIMULATES TRANSCRIPTION OF AR (ANDROGEN RECEPTOR) REGULATED GENES KLK2 AND KLK3%REACTOME%R-HSA-5625886.3		21	-0.3495583	-0.9710162	0.5147783	0.9694804	1.0	2357	tags=38%, list=21%, signal=48%	
RHO GTPASES ACTIVATE ROCKS%REACTOME DATABASE ID RELEASE 93%5627117	RHO GTPASES ACTIVATE ROCKS%REACTOME DATABASE ID RELEASE 93%5627117		16	-0.37671623	-0.9709705	0.47242206	0.9685047	1.0	744	tags=13%, list=7%, signal=13%	
REGULATION OF BIOLOGICAL PROCESS INVOLVED IN SYMBIOTIC INTERACTION%GOBP%GO:0043903	REGULATION OF BIOLOGICAL PROCESS INVOLVED IN SYMBIOTIC INTERACTION%GOBP%GO:0043903		22	-0.35247067	-0.9709279	0.4830097	0.967516	1.0	962	tags=18%, list=9%, signal=20%	
POSITIVE REGULATION OF OSSIFICATION%GOBP%GO:0045778	POSITIVE REGULATION OF OSSIFICATION%GOBP%GO:0045778		22	-0.36219195	-0.97063303	0.5194805	0.96737915	1.0	1873	tags=41%, list=17%, signal=49%	
ESTABLISHMENT OF PROTEIN LOCALIZATION TO MITOCHONDRION%GOBP%GO:0072655	ESTABLISHMENT OF PROTEIN LOCALIZATION TO MITOCHONDRION%GOBP%GO:0072655		63	-0.2860133	-0.9704014	0.53494626	0.9670381	1.0	1525	tags=24%, list=14%, signal=27%	
METABOTROPIC GLUTAMATE RECEPTOR GROUP III PATHWAY%PANTHER PATHWAY%P00039	METABOTROPIC GLUTAMATE RECEPTOR GROUP III PATHWAY%PANTHER PATHWAY%P00039		28	-0.33023402	-0.9684759	0.50364965	0.9725714	1.0	1031	tags=18%, list=9%, signal=20%	
REGULATION OF RECEPTOR INTERNALIZATION%GOBP%GO:0002090	REGULATION OF RECEPTOR INTERNALIZATION%GOBP%GO:0002090		30	-0.3241142	-0.96708846	0.49172577	0.9762803	1.0	1106	tags=20%, list=10%, signal=22%	
NEGATIVE REGULATION OF NEUROGENESIS%GOBP%GO:0050768	NEGATIVE REGULATION OF NEUROGENESIS%GOBP%GO:0050768		32	-0.31915525	-0.9670307	0.49261084	0.9753142	1.0	707	tags=16%, list=6%, signal=17%	
MUSCLE TISSUE DEVELOPMENT%GOBP%GO:0060537	MUSCLE TISSUE DEVELOPMENT%GOBP%GO:0060537		60	-0.28334242	-0.9668295	0.5173333	0.9748646	1.0	1797	tags=28%, list=16%, signal=34%	
POSITIVE REGULATION OF SIGNAL TRANSDUCTION BY P53 CLASS MEDIATOR%GOBP%GO:1901798	POSITIVE REGULATION OF SIGNAL TRANSDUCTION BY P53 CLASS MEDIATOR%GOBP%GO:1901798		27	-0.3370641	-0.9663188	0.53395784	0.97549033	1.0	1752	tags=33%, list=16%, signal=40%	
TRANSCRIPTION OF E2F TARGETS UNDER NEGATIVE CONTROL BY DREAM COMPLEX%REACTOME DATABASE ID RELEASE 93%1362277	TRANSCRIPTION OF E2F TARGETS UNDER NEGATIVE CONTROL BY DREAM COMPLEX%REACTOME DATABASE ID RELEASE 93%1362277		18	-0.35945532	-0.9661641	0.4987715	0.9748714	1.0	1053	tags=17%, list=10%, signal=18%	
PROTEIN LOCALIZATION TO CELL SURFACE%GOBP%GO:0034394	PROTEIN LOCALIZATION TO CELL SURFACE%GOBP%GO:0034394		15	-0.38726977	-0.96498334	0.4832536	0.97788423	1.0	30	tags=7%, list=0%, signal=7%	
REGULATION OF MITOTIC NUCLEAR DIVISION%GOBP%GO:0007088	REGULATION OF MITOTIC NUCLEAR DIVISION%GOBP%GO:0007088		79	-0.27140313	-0.96474624	0.523416	0.9775844	1.0	906	tags=10%, list=8%, signal=11%	
CARBOHYDRATE TRANSPORT%GOBP%GO:0008643	CARBOHYDRATE TRANSPORT%GOBP%GO:0008643		19	-0.356674	-0.9644354	0.50617284	0.9775179	1.0	346	tags=11%, list=3%, signal=11%	
ACTIN FILAMENT-BASED MOVEMENT%GOBP%GO:0030048	ACTIN FILAMENT-BASED MOVEMENT%GOBP%GO:0030048		43	-0.30214092	-0.9635296	0.5	0.97943354	1.0	1049	tags=19%, list=10%, signal=20%	
POSITIVE REGULATION OF CYTOSOLIC CALCIUM ION CONCENTRATION%GOBP%GO:0007204	POSITIVE REGULATION OF CYTOSOLIC CALCIUM ION CONCENTRATION%GOBP%GO:0007204		37	-0.30783653	-0.96326435	0.5167959	0.97920895	1.0	722	tags=16%, list=7%, signal=17%	
CAMERA-TYPE EYE DEVELOPMENT%GOBP%GO:0043010	CAMERA-TYPE EYE DEVELOPMENT%GOBP%GO:0043010		47	-0.29862538	-0.9630306	0.5221932	0.97890335	1.0	1287	tags=23%, list=12%, signal=26%	
POSITIVE REGULATION OF BONE MINERALIZATION%GOBP%GO:0030501	POSITIVE REGULATION OF BONE MINERALIZATION%GOBP%GO:0030501		20	-0.35753036	-0.9628027	0.4729064	0.9785761	1.0	1873	tags=40%, list=17%, signal=48%	
CELLULAR RESPONSE TO LIPOPOLYSACCHARIDE%GOBP%GO:0071222	CELLULAR RESPONSE TO LIPOPOLYSACCHARIDE%GOBP%GO:0071222		71	-0.26941538	-0.9627256	0.536	0.9777066	1.0	810	tags=13%, list=7%, signal=14%	
ACTIVATION OF NMDA RECEPTORS AND POSTSYNAPTIC EVENTS%REACTOME DATABASE ID RELEASE 93%442755	ACTIVATION OF NMDA RECEPTORS AND POSTSYNAPTIC EVENTS%REACTOME DATABASE ID RELEASE 93%442755		41	-0.30865029	-0.96268183	0.5063291	0.9767457	1.0	1101	tags=17%, list=10%, signal=19%	
FOCAL ADHESION%WIKIPATHWAYS_20250810%WP306%HOMO SAPIENS	FOCAL ADHESION%WIKIPATHWAYS_20250810%WP306%HOMO SAPIENS		88	-0.26170948	-0.96252465	0.52691215	0.97614723	1.0	744	tags=10%, list=7%, signal=11%	
MESENCHYME DEVELOPMENT%GOBP%GO:0060485	MESENCHYME DEVELOPMENT%GOBP%GO:0060485		76	-0.2696271	-0.962482	0.513089	0.97514737	1.0	1987	tags=28%, list=18%, signal=34%	
REGULATION OF ENDOGENOUS RETROELEMENTS%REACTOME%R-HSA-9842860.2	REGULATION OF ENDOGENOUS RETROELEMENTS%REACTOME%R-HSA-9842860.2		90	-0.26023877	-0.96160746	0.5308311	0.97700727	1.0	1733	tags=19%, list=16%, signal=22%	
REGULATION OF P38MAPK CASCADE%GOBP%GO:1900744	REGULATION OF P38MAPK CASCADE%GOBP%GO:1900744		23	-0.34187362	-0.9610167	0.4874372	0.9779768	1.0	1588	tags=35%, list=14%, signal=41%	
REGULATION OF INSULIN RECEPTOR SIGNALING PATHWAY%GOBP%GO:0046626	REGULATION OF INSULIN RECEPTOR SIGNALING PATHWAY%GOBP%GO:0046626		35	-0.31319156	-0.96086305	0.53431374	0.9773676	1.0	641	tags=14%, list=6%, signal=15%	
SIGNALING BY ERBB2%REACTOME%R-HSA-1227986.10	SIGNALING BY ERBB2%REACTOME%R-HSA-1227986.10		35	-0.3228163	-0.95934355	0.52538073	0.9815827	1.0	701	tags=11%, list=6%, signal=12%	
PHOTORECEPTOR CELL DIFFERENTIATION%GOBP%GO:0046530	PHOTORECEPTOR CELL DIFFERENTIATION%GOBP%GO:0046530		17	-0.36909765	-0.958452	0.5159705	0.9836817	1.0	427	tags=18%, list=4%, signal=18%	
METABOLISM OF VITAMINS AND COFACTORS%REACTOME%R-HSA-196854.8	METABOLISM OF VITAMINS AND COFACTORS%REACTOME%R-HSA-196854.8		133	-0.24678086	-0.9583103	0.5533708	0.98304486	1.0	840	tags=11%, list=8%, signal=12%	
REGULATION OF CARTILAGE DEVELOPMENT%GOBP%GO:0061035	REGULATION OF CARTILAGE DEVELOPMENT%GOBP%GO:0061035		16	-0.37934938	-0.9582138	0.5339367	0.98226905	1.0	1543	tags=44%, list=14%, signal=51%	
RNA POLYMERASE III ABORTIVE AND RETRACTIVE INITIATION%REACTOME%R-HSA-749476.4	RNA POLYMERASE III ABORTIVE AND RETRACTIVE INITIATION%REACTOME%R-HSA-749476.4		39	-0.3109084	-0.9582011	0.53524804	0.98120105	1.0	1188	tags=13%, list=11%, signal=14%	
POST NMDA RECEPTOR ACTIVATION EVENTS%REACTOME DATABASE ID RELEASE 93%438064	POST NMDA RECEPTOR ACTIVATION EVENTS%REACTOME DATABASE ID RELEASE 93%438064		35	-0.31218246	-0.95742065	0.4955357	0.98274374	1.0	1101	tags=17%, list=10%, signal=19%	
STRIATED MUSCLE CONTRACTION%GOBP%GO:0006941	STRIATED MUSCLE CONTRACTION%GOBP%GO:0006941		31	-0.31899422	-0.95718044	0.5330073	0.9824276	1.0	337	tags=13%, list=3%, signal=13%	
MALE SEX DIFFERENTIATION%GOBP%GO:0046661	MALE SEX DIFFERENTIATION%GOBP%GO:0046661		15	-0.3751295	-0.9568314	0.5259434	0.9824939	1.0	1241	tags=33%, list=11%, signal=38%	
INTEGRATION OF ENERGY METABOLISM%REACTOME%R-HSA-163685.6	INTEGRATION OF ENERGY METABOLISM%REACTOME%R-HSA-163685.6		62	-0.28344756	-0.9566053	0.53351206	0.9821719	1.0	1223	tags=18%, list=11%, signal=20%	
PID_IL27_PATHWAY%MSIGDB_C2%PID_IL27_PATHWAY	PID_IL27_PATHWAY%MSIGDB_C2%PID_IL27_PATHWAY		15	-0.38874865	-0.9557189	0.5	0.984213	1.0	344	tags=13%, list=3%, signal=14%	
S1P2 PATHWAY%PATHWAY INTERACTION DATABASE NCI-NATURE CURATED DATA%S1P2 PATHWAY	S1P2 PATHWAY%PATHWAY INTERACTION DATABASE NCI-NATURE CURATED DATA%S1P2 PATHWAY		19	-0.36558604	-0.95562917	0.52	0.9833761	1.0	756	tags=16%, list=7%, signal=17%	
RECRUITMENT AND ATM-MEDIATED PHOSPHORYLATION OF REPAIR AND SIGNALING PROTEINS AT DNA DOUBLE STRAND BREAKS%REACTOME%R-HSA-5693565.6	RECRUITMENT AND ATM-MEDIATED PHOSPHORYLATION OF REPAIR AND SIGNALING PROTEINS AT DNA DOUBLE STRAND BREAKS%REACTOME%R-HSA-5693565.6		48	-0.29010096	-0.9549873	0.5130208	0.9844431	1.0	1976	tags=25%, list=18%, signal=30%	
NEGATIVE REGULATION OF MYELOID LEUKOCYTE DIFFERENTIATION%GOBP%GO:0002762	NEGATIVE REGULATION OF MYELOID LEUKOCYTE DIFFERENTIATION%GOBP%GO:0002762		17	-0.37568215	-0.954736	0.5221675	0.9841891	1.0	676	tags=18%, list=6%, signal=19%	
POSITIVE REGULATION OF RHO PROTEIN SIGNAL TRANSDUCTION%GOBP%GO:0035025	POSITIVE REGULATION OF RHO PROTEIN SIGNAL TRANSDUCTION%GOBP%GO:0035025		15	-0.3975752	-0.95442945	0.5274463	0.98413336	1.0	658	tags=27%, list=6%, signal=28%	
NEGATIVE REGULATION OF HYDROLASE ACTIVITY%GOBP%GO:0051346	NEGATIVE REGULATION OF HYDROLASE ACTIVITY%GOBP%GO:0051346		19	-0.36397618	-0.954371	0.51910114	0.98322034	1.0	1726	tags=37%, list=16%, signal=44%	
ADULT BEHAVIOR%GOBP%GO:0030534	ADULT BEHAVIOR%GOBP%GO:0030534		15	-0.37656567	-0.9542759	0.49884528	0.98242295	1.0	9	tags=7%, list=0%, signal=7%	
RESPONSE TO ORGANOPHOSPHORUS%GOBP%GO:0046683	RESPONSE TO ORGANOPHOSPHORUS%GOBP%GO:0046683		33	-0.31073317	-0.95293915	0.5418719	0.98589563	1.0	228	tags=9%, list=2%, signal=9%	
REGULATION OF NON-CANONICAL NF-KAPPAB SIGNAL TRANSDUCTION%GOBP%GO:1901222	REGULATION OF NON-CANONICAL NF-KAPPAB SIGNAL TRANSDUCTION%GOBP%GO:1901222		50	-0.2859147	-0.9523453	0.51970446	0.9868053	1.0	810	tags=16%, list=7%, signal=17%	
DEVELOPMENTAL MATURATION%GOBP%GO:0021700	DEVELOPMENTAL MATURATION%GOBP%GO:0021700		68	-0.26955134	-0.95221484	0.5463659	0.98611176	1.0	663	tags=9%, list=6%, signal=9%	
PID_IL8_CXCR1_PATHWAY%MSIGDB_C2%PID_IL8_CXCR1_PATHWAY	PID_IL8_CXCR1_PATHWAY%MSIGDB_C2%PID_IL8_CXCR1_PATHWAY		15	-0.38104263	-0.95189	0.5230415	0.9861364	1.0	12	tags=7%, list=0%, signal=7%	
UBIQUINONE METABOLIC PROCESS%GOBP%GO:0006743	UBIQUINONE METABOLIC PROCESS%GOBP%GO:0006743		16	-0.3716603	-0.9515226	0.5151515	0.98632216	1.0	2927	tags=50%, list=27%, signal=68%	
RHOQ GTPASE CYCLE%REACTOME DATABASE ID RELEASE 93%9013406	RHOQ GTPASE CYCLE%REACTOME DATABASE ID RELEASE 93%9013406		51	-0.28472683	-0.9515191	0.55675673	0.985227	1.0	2236	tags=35%, list=20%, signal=44%	
REGULATION OF HORMONE LEVELS%GOBP%GO:0010817	REGULATION OF HORMONE LEVELS%GOBP%GO:0010817		138	-0.24587269	-0.95138556	0.5943396	0.98457694	1.0	569	tags=8%, list=5%, signal=8%	
DEVELOPMENT OF PRIMARY MALE SEXUAL CHARACTERISTICS%GOBP%GO:0046546	DEVELOPMENT OF PRIMARY MALE SEXUAL CHARACTERISTICS%GOBP%GO:0046546		15	-0.3751295	-0.95114714	0.5228916	0.9842616	1.0	1241	tags=33%, list=11%, signal=38%	
RHOA GTPASE CYCLE%REACTOME DATABASE ID RELEASE 93%8980692	RHOA GTPASE CYCLE%REACTOME DATABASE ID RELEASE 93%8980692		114	-0.25397903	-0.9510387	0.57636887	0.9835687	1.0	744	tags=11%, list=7%, signal=11%	
COMPLEX I BIOGENESIS%REACTOME DATABASE ID RELEASE 93%6799198	COMPLEX I BIOGENESIS%REACTOME DATABASE ID RELEASE 93%6799198		65	-0.27362585	-0.95000833	0.53435117	0.98599905	1.0	3051	tags=38%, list=28%, signal=53%	
REGULATION OF TRANSMEMBRANE RECEPTOR PROTEIN SERINE/THREONINE KINASE SIGNALING PATHWAY%GOBP%GO:0090092	REGULATION OF TRANSMEMBRANE RECEPTOR PROTEIN SERINE/THREONINE KINASE SIGNALING PATHWAY%GOBP%GO:0090092		125	-0.24724287	-0.94966155	0.59116024	0.9860538	1.0	1997	tags=22%, list=18%, signal=26%	
REGULATION OF NEUROINFLAMMATORY RESPONSE%GOBP%GO:0150077	REGULATION OF NEUROINFLAMMATORY RESPONSE%GOBP%GO:0150077		18	-0.36449656	-0.9495101	0.5264423	0.9854937	1.0	344	tags=17%, list=3%, signal=17%	
OMEGA 6 FATTY ACIDS IN SENESCENCE%WIKIPATHWAYS_20250810%WP5424%HOMO SAPIENS	OMEGA 6 FATTY ACIDS IN SENESCENCE%WIKIPATHWAYS_20250810%WP5424%HOMO SAPIENS		18	-0.36182946	-0.9492966	0.51369864	0.98512393	1.0	1205	tags=28%, list=11%, signal=31%	
QUINONE METABOLIC PROCESS%GOBP%GO:1901661	QUINONE METABOLIC PROCESS%GOBP%GO:1901661		17	-0.36933213	-0.94789714	0.5185185	0.9887123	1.0	2927	tags=47%, list=27%, signal=64%	
NUCLEAR RECEPTOR TRANSCRIPTION PATHWAY%REACTOME DATABASE ID RELEASE 93%383280	NUCLEAR RECEPTOR TRANSCRIPTION PATHWAY%REACTOME DATABASE ID RELEASE 93%383280		24	-0.33831263	-0.9473108	0.5339806	0.9895425	1.0	447	tags=13%, list=4%, signal=13%	
CARBOHYDRATE TRANSMEMBRANE TRANSPORT%GOBP%GO:0034219	CARBOHYDRATE TRANSMEMBRANE TRANSPORT%GOBP%GO:0034219		19	-0.356674	-0.9472824	0.53061223	0.98854005	1.0	346	tags=11%, list=3%, signal=11%	
EGR2 AND SOX10-MEDIATED INITIATION OF SCHWANN CELL MYELINATION%REACTOME%R-HSA-9619665.3	EGR2 AND SOX10-MEDIATED INITIATION OF SCHWANN CELL MYELINATION%REACTOME%R-HSA-9619665.3		15	-0.38385972	-0.94619614	0.526699	0.99112225	1.0	838	tags=13%, list=8%, signal=14%	
ADENYLATE CYCLASE-ACTIVATING G PROTEIN-COUPLED RECEPTOR SIGNALING PATHWAY%GOBP%GO:0007189	ADENYLATE CYCLASE-ACTIVATING G PROTEIN-COUPLED RECEPTOR SIGNALING PATHWAY%GOBP%GO:0007189		48	-0.29612643	-0.94570535	0.5584416	0.99168503	1.0	1031	tags=19%, list=9%, signal=21%	
BEHAVIOR%GOBP%GO:0007610	BEHAVIOR%GOBP%GO:0007610		95	-0.25653112	-0.94568914	0.57222223	0.99064785	1.0	1029	tags=13%, list=9%, signal=14%	
REGULATION OF HEART CONTRACTION%GOBP%GO:0008016	REGULATION OF HEART CONTRACTION%GOBP%GO:0008016		62	-0.2743286	-0.9451903	0.54613465	0.9912241	1.0	717	tags=13%, list=7%, signal=14%	
NEGATIVE REGULATION OF EXOCYTOSIS%GOBP%GO:0045920	NEGATIVE REGULATION OF EXOCYTOSIS%GOBP%GO:0045920		23	-0.34645468	-0.94454634	0.5471698	0.992294	1.0	517	tags=13%, list=5%, signal=14%	
TRIGLYCERIDE METABOLIC PROCESS%GOBP%GO:0006641	TRIGLYCERIDE METABOLIC PROCESS%GOBP%GO:0006641		21	-0.3493471	-0.94422746	0.56648934	0.9922548	1.0	1494	tags=29%, list=14%, signal=33%	
BIOCARTA_INSULIN_PATHWAY%MSIGDB_C2%BIOCARTA_INSULIN_PATHWAY	BIOCARTA_INSULIN_PATHWAY%MSIGDB_C2%BIOCARTA_INSULIN_PATHWAY		16	-0.37858772	-0.9435585	0.55035126	0.9934759	1.0	541	tags=13%, list=5%, signal=13%	
HIPPO SIGNALING REGULATION%WIKIPATHWAYS_20250810%WP4540%HOMO SAPIENS	HIPPO SIGNALING REGULATION%WIKIPATHWAYS_20250810%WP4540%HOMO SAPIENS		42	-0.2982371	-0.94350517	0.54744524	0.99255717	1.0	1153	tags=17%, list=10%, signal=19%	
CA2+ PATHWAY%REACTOME%R-HSA-4086398.5	CA2+ PATHWAY%REACTOME%R-HSA-4086398.5		41	-0.30140382	-0.94311726	0.55643046	0.99278545	1.0	1160	tags=20%, list=11%, signal=22%	
CELLULAR RESPONSE TO FLUID SHEAR STRESS%GOBP%GO:0071498	CELLULAR RESPONSE TO FLUID SHEAR STRESS%GOBP%GO:0071498		28	-0.33040062	-0.94310796	0.5393519	0.99173206	1.0	3375	tags=50%, list=31%, signal=72%	
CELLULAR RESPONSE TO ALCOHOL%GOBP%GO:0097306	CELLULAR RESPONSE TO ALCOHOL%GOBP%GO:0097306		35	-0.304541	-0.9431061	0.5245478	0.99064857	1.0	1407	tags=20%, list=13%, signal=23%	
RIBOSOMAL LARGE SUBUNIT ASSEMBLY%GOBP%GO:0000027	RIBOSOMAL LARGE SUBUNIT ASSEMBLY%GOBP%GO:0000027		23	-0.33297074	-0.94301796	0.5407407	0.9898326	1.0	1276	tags=26%, list=12%, signal=29%	
CELLULAR PROCESS INVOLVED IN REPRODUCTION IN MULTICELLULAR ORGANISM%GOBP%GO:0022412	CELLULAR PROCESS INVOLVED IN REPRODUCTION IN MULTICELLULAR ORGANISM%GOBP%GO:0022412		99	-0.25665003	-0.94301736	0.5828877	0.98875076	1.0	1334	tags=13%, list=12%, signal=15%	
HALLMARK_BILE_ACID_METABOLISM%MSIGDBHALLMARK%HALLMARK_BILE_ACID_METABOLISM	HALLMARK_BILE_ACID_METABOLISM%MSIGDBHALLMARK%HALLMARK_BILE_ACID_METABOLISM		53	-0.2777085	-0.9426199	0.57002455	0.9889725	1.0	1434	tags=26%, list=13%, signal=30%	
POSITIVE REGULATION OF EPITHELIAL CELL PROLIFERATION%GOBP%GO:0050679	POSITIVE REGULATION OF EPITHELIAL CELL PROLIFERATION%GOBP%GO:0050679		60	-0.2760561	-0.94211024	0.5703518	0.98966503	1.0	1662	tags=18%, list=15%, signal=21%	
IBUTILIDE ACTION PATHWAY%SMPDB%SMP0000332	IBUTILIDE ACTION PATHWAY%SMPDB%SMP0000332		21	-0.3380553	-0.9416901	0.55609757	0.98994625	1.0	206	tags=10%, list=2%, signal=10%	
PID_FOXM1_PATHWAY%MSIGDB_C2%PID_FOXM1_PATHWAY	PID_FOXM1_PATHWAY%MSIGDB_C2%PID_FOXM1_PATHWAY		30	-0.3186305	-0.94167864	0.5511628	0.98889947	1.0	169	tags=10%, list=2%, signal=10%	
MTOR SIGNALLING%REACTOME%R-HSA-165159.8	MTOR SIGNALLING%REACTOME%R-HSA-165159.8		39	-0.30370197	-0.9415891	0.54228854	0.98814565	1.0	1597	tags=21%, list=15%, signal=24%	
REGULATION OF AMYLOID-BETA FORMATION%GOBP%GO:1902003	REGULATION OF AMYLOID-BETA FORMATION%GOBP%GO:1902003		25	-0.33547786	-0.94158304	0.5569307	0.98708934	1.0	3208	tags=48%, list=29%, signal=68%	
TIMOLOL ACTION PATHWAY%PATHWHIZ%PW000636	TIMOLOL ACTION PATHWAY%PATHWHIZ%PW000636		21	-0.3380553	-0.9414491	0.5424528	0.9864676	1.0	206	tags=10%, list=2%, signal=10%	
SKIN DEVELOPMENT%GOBP%GO:0043588	SKIN DEVELOPMENT%GOBP%GO:0043588		34	-0.3007314	-0.94028294	0.57831323	0.98922646	1.0	653	tags=12%, list=6%, signal=12%	
FATTY ACID OXIDATION%GOBP%GO:0019395	FATTY ACID OXIDATION%GOBP%GO:0019395		49	-0.28662565	-0.94026846	0.5939086	0.98820543	1.0	2359	tags=31%, list=21%, signal=39%	
REGULATION OF ERYTHROCYTE DIFFERENTIATION%GOBP%GO:0045646	REGULATION OF ERYTHROCYTE DIFFERENTIATION%GOBP%GO:0045646		35	-0.3093851	-0.940235	0.5731132	0.9872462	1.0	1665	tags=29%, list=15%, signal=34%	
PID_IL8_CXCR2_PATHWAY%MSIGDB_C2%PID_IL8_CXCR2_PATHWAY	PID_IL8_CXCR2_PATHWAY%MSIGDB_C2%PID_IL8_CXCR2_PATHWAY		22	-0.3398616	-0.93996996	0.5225	0.98706377	1.0	12	tags=5%, list=0%, signal=5%	
SMALL CELL LUNG CANCER%WIKIPATHWAYS_20250810%WP4658%HOMO SAPIENS	SMALL CELL LUNG CANCER%WIKIPATHWAYS_20250810%WP4658%HOMO SAPIENS		60	-0.27202997	-0.93941426	0.5828877	0.98782504	1.0	1659	tags=22%, list=15%, signal=25%	
HEART VALVE DEVELOPMENT%GOBP%GO:0003170	HEART VALVE DEVELOPMENT%GOBP%GO:0003170		30	-0.31251526	-0.93928695	0.5495283	0.9871787	1.0	1967	tags=37%, list=18%, signal=45%	
ION HOMEOSTASIS%REACTOME DATABASE ID RELEASE 93%5578775	ION HOMEOSTASIS%REACTOME DATABASE ID RELEASE 93%5578775		27	-0.32096767	-0.9390911	0.5391499	0.98682356	1.0	1155	tags=15%, list=11%, signal=17%	
GLYCEROLIPID CATABOLIC PROCESS%GOBP%GO:0046503	GLYCEROLIPID CATABOLIC PROCESS%GOBP%GO:0046503		21	-0.34408492	-0.9389664	0.519084	0.9861783	1.0	975	tags=14%, list=9%, signal=16%	
INSULIN IGF PATHWAY-PROTEIN KINASE B SIGNALING CASCADE%PANTHER PATHWAY%P00033	INSULIN IGF PATHWAY-PROTEIN KINASE B SIGNALING CASCADE%PANTHER PATHWAY%P00033		15	-0.37652484	-0.9387814	0.5011876	0.9857061	1.0	35	tags=7%, list=0%, signal=7%	
PROTEIN HOMOTETRAMERIZATION%GOBP%GO:0051289	PROTEIN HOMOTETRAMERIZATION%GOBP%GO:0051289		36	-0.30876613	-0.9385871	0.53971964	0.9852998	1.0	285	tags=8%, list=3%, signal=9%	
FELODIPINE ACTION PATHWAY%PATHWHIZ%PW000392	FELODIPINE ACTION PATHWAY%PATHWHIZ%PW000392		21	-0.3380553	-0.93815464	0.5759036	0.98564	1.0	206	tags=10%, list=2%, signal=10%	
MONOSACCHARIDE TRANSMEMBRANE TRANSPORT%GOBP%GO:0015749	MONOSACCHARIDE TRANSMEMBRANE TRANSPORT%GOBP%GO:0015749		17	-0.36476988	-0.93726075	0.56682026	0.98753434	1.0	346	tags=12%, list=3%, signal=12%	
FORMATION OF PRIMARY GERM LAYER%GOBP%GO:0001704	FORMATION OF PRIMARY GERM LAYER%GOBP%GO:0001704		28	-0.32042065	-0.9366158	0.5393519	0.98861563	1.0	680	tags=18%, list=6%, signal=19%	
HOMOCARNOSINOSIS%SMPDB%SMP0000385	HOMOCARNOSINOSIS%SMPDB%SMP0000385		18	-0.34610236	-0.9365648	0.5390244	0.98771435	1.0	128	tags=6%, list=1%, signal=6%	
REGULATION OF MUSCLE CELL APOPTOTIC PROCESS%GOBP%GO:0010660	REGULATION OF MUSCLE CELL APOPTOTIC PROCESS%GOBP%GO:0010660		20	-0.3551207	-0.93586814	0.537931	0.98897827	1.0	1041	tags=25%, list=9%, signal=28%	
HOMOPHILIC CELL ADHESION VIA PLASMA MEMBRANE ADHESION MOLECULES%GOBP%GO:0007156	HOMOPHILIC CELL ADHESION VIA PLASMA MEMBRANE ADHESION MOLECULES%GOBP%GO:0007156		28	-0.320852	-0.93585277	0.56028366	0.9879851	1.0	949	tags=21%, list=9%, signal=23%	
POSITIVE REGULATION OF TELOMERE MAINTENANCE VIA TELOMERASE%GOBP%GO:0032212	POSITIVE REGULATION OF TELOMERE MAINTENANCE VIA TELOMERASE%GOBP%GO:0032212		23	-0.3325821	-0.93576556	0.5277778	0.98722196	1.0	3839	tags=52%, list=35%, signal=80%	
METABOLIC EPILEPTIC DISORDERS%WIKIPATHWAYS_20250810%WP5355%HOMO SAPIENS	METABOLIC EPILEPTIC DISORDERS%WIKIPATHWAYS_20250810%WP5355%HOMO SAPIENS		48	-0.28950697	-0.9356167	0.58271605	0.9866388	1.0	1247	tags=17%, list=11%, signal=19%	
FATTY ACYL-COA BIOSYNTHESIS%REACTOME%R-HSA-75105.12	FATTY ACYL-COA BIOSYNTHESIS%REACTOME%R-HSA-75105.12		27	-0.32867774	-0.93537396	0.5405405	0.9863841	1.0	2658	tags=41%, list=24%, signal=54%	
EPINEPHRINE ACTION PATHWAY%PATHWHIZ%PW000638	EPINEPHRINE ACTION PATHWAY%PATHWHIZ%PW000638		21	-0.3380553	-0.9352335	0.5435294	0.98578435	1.0	206	tags=10%, list=2%, signal=10%	
ATENOLOL ACTION PATHWAY%SMPDB%SMP0000298	ATENOLOL ACTION PATHWAY%SMPDB%SMP0000298		21	-0.3380553	-0.93444926	0.556872	0.98728526	1.0	206	tags=10%, list=2%, signal=10%	
BIOCARTA_IL2RB_PATHWAY%MSIGDB_C2%BIOCARTA_IL2RB_PATHWAY	BIOCARTA_IL2RB_PATHWAY%MSIGDB_C2%BIOCARTA_IL2RB_PATHWAY		26	-0.32347205	-0.93432415	0.5558376	0.9866247	1.0	541	tags=12%, list=5%, signal=12%	
PURINERGIC SIGNALING%WIKIPATHWAYS_20250810%WP4900%HOMO SAPIENS	PURINERGIC SIGNALING%WIKIPATHWAYS_20250810%WP4900%HOMO SAPIENS		16	-0.37070808	-0.934158	0.5604651	0.98610485	1.0	1397	tags=25%, list=13%, signal=29%	
MITOCHONDRIAL ELECTRON TRANSPORT, CYTOCHROME C TO OXYGEN%GOBP%GO:0006123	MITOCHONDRIAL ELECTRON TRANSPORT, CYTOCHROME C TO OXYGEN%GOBP%GO:0006123		15	-0.37041947	-0.9340958	0.5399061	0.9852361	1.0	3973	tags=40%, list=36%, signal=63%	
RIBOSE PHOSPHATE METABOLIC PROCESS%GOBP%GO:0019693	RIBOSE PHOSPHATE METABOLIC PROCESS%GOBP%GO:0019693		181	-0.2297353	-0.93406206	0.6819572	0.98431456	1.0	1878	tags=19%, list=17%, signal=22%	
SIGNALING BY NOTCH3%REACTOME DATABASE ID RELEASE 93%9012852	SIGNALING BY NOTCH3%REACTOME DATABASE ID RELEASE 93%9012852		34	-0.30946434	-0.933897	0.55932206	0.9838307	1.0	2003	tags=35%, list=18%, signal=43%	
LIDOCAINE (ANTIARRHYTHMIC) ACTION PATHWAY%PATHWHIZ%PW000381	LIDOCAINE (ANTIARRHYTHMIC) ACTION PATHWAY%PATHWHIZ%PW000381		21	-0.3380553	-0.93380696	0.556391	0.9830888	1.0	206	tags=10%, list=2%, signal=10%	
TOCAINIDE ACTION PATHWAY%SMPDB%SMP0000330	TOCAINIDE ACTION PATHWAY%SMPDB%SMP0000330		21	-0.3380553	-0.9334827	0.54916066	0.98318607	1.0	206	tags=10%, list=2%, signal=10%	
REGULATION OF PEPTIDE SECRETION%GOBP%GO:0002791	REGULATION OF PEPTIDE SECRETION%GOBP%GO:0002791		58	-0.2756732	-0.93294686	0.5640327	0.9838883	1.0	470	tags=7%, list=4%, signal=7%	
BOPINDOLOL ACTION PATHWAY%SMPDB%SMP0000657	BOPINDOLOL ACTION PATHWAY%SMPDB%SMP0000657		21	-0.3380553	-0.932519	0.56675065	0.98416245	1.0	206	tags=10%, list=2%, signal=10%	
NOD1 2 SIGNALING PATHWAY%REACTOME%R-HSA-168638.5	NOD1 2 SIGNALING PATHWAY%REACTOME%R-HSA-168638.5		30	-0.3102323	-0.9323479	0.5480769	0.9836786	1.0	1737	tags=27%, list=16%, signal=32%	
NUCLEAR EVENTS (KINASE AND TRANSCRIPTION FACTOR ACTIVATION)%REACTOME DATABASE ID RELEASE 93%198725	NUCLEAR EVENTS (KINASE AND TRANSCRIPTION FACTOR ACTIVATION)%REACTOME DATABASE ID RELEASE 93%198725		48	-0.2816379	-0.9321933	0.5714286	0.9831472	1.0	1214	tags=17%, list=11%, signal=19%	
PROTEIN AUTOPHOSPHORYLATION%GOBP%GO:0046777	PROTEIN AUTOPHOSPHORYLATION%GOBP%GO:0046777		85	-0.25744253	-0.93198097	0.6011396	0.9828097	1.0	988	tags=13%, list=9%, signal=14%	
PRACTOLOL ACTION PATHWAY%PATHWHIZ%PW000646	PRACTOLOL ACTION PATHWAY%PATHWHIZ%PW000646		21	-0.3380553	-0.93175507	0.5612745	0.9825415	1.0	206	tags=10%, list=2%, signal=10%	
PURINE RIBONUCLEOTIDE METABOLIC PROCESS%GOBP%GO:0009150	PURINE RIBONUCLEOTIDE METABOLIC PROCESS%GOBP%GO:0009150		162	-0.23430826	-0.93166983	0.6443149	0.98179567	1.0	1878	tags=19%, list=17%, signal=23%	
BIOCARTA_ALK_PATHWAY%MSIGDB_C2%BIOCARTA_ALK_PATHWAY	BIOCARTA_ALK_PATHWAY%MSIGDB_C2%BIOCARTA_ALK_PATHWAY		20	-0.33581114	-0.9315867	0.55282557	0.9810502	1.0	1796	tags=35%, list=16%, signal=42%	
ISOPRENALINE ACTION PATHWAY%SMPDB%SMP0000663	ISOPRENALINE ACTION PATHWAY%SMPDB%SMP0000663		21	-0.3380553	-0.931096	0.5427873	0.9816195	1.0	206	tags=10%, list=2%, signal=10%	
SIGNALING BY NTRKS%REACTOME%R-HSA-166520.6	SIGNALING BY NTRKS%REACTOME%R-HSA-166520.6		98	-0.2485224	-0.9309605	0.61079544	0.9810556	1.0	756	tags=10%, list=7%, signal=11%	
ION TRANSPORT BY P-TYPE ATPASES%REACTOME DATABASE ID RELEASE 93%936837	ION TRANSPORT BY P-TYPE ATPASES%REACTOME DATABASE ID RELEASE 93%936837		32	-0.30829814	-0.93053776	0.59398496	0.9814055	1.0	729	tags=16%, list=7%, signal=17%	
POSITIVE REGULATION OF CANONICAL WNT SIGNALING PATHWAY%GOBP%GO:0090263	POSITIVE REGULATION OF CANONICAL WNT SIGNALING PATHWAY%GOBP%GO:0090263		54	-0.28016	-0.9302139	0.57828283	0.9814657	1.0	1255	tags=17%, list=11%, signal=19%	
NISOLDIPINE ACTION PATHWAY%PATHWHIZ%PW000396	NISOLDIPINE ACTION PATHWAY%PATHWHIZ%PW000396		21	-0.3380553	-0.92999727	0.57349396	0.98116773	1.0	206	tags=10%, list=2%, signal=10%	
WARBURG EFFECT MODULATED BY DEUBIQUITINATING ENZYMES AND THEIR SUBSTRATES%WIKIPATHWAYS_20250810%WP5216%HOMO SAPIENS	WARBURG EFFECT MODULATED BY DEUBIQUITINATING ENZYMES AND THEIR SUBSTRATES%WIKIPATHWAYS_20250810%WP5216%HOMO SAPIENS		16	-0.3577723	-0.92953104	0.55429864	0.98165745	1.0	374	tags=13%, list=3%, signal=13%	
STRIATED MUSCLE CONTRACTION%PATHWHIZ%PW000564	STRIATED MUSCLE CONTRACTION%PATHWHIZ%PW000564		21	-0.3380553	-0.92894673	0.56072354	0.9825877	1.0	206	tags=10%, list=2%, signal=10%	
DILTIAZEM ACTION PATHWAY%SMPDB%SMP0000359	DILTIAZEM ACTION PATHWAY%SMPDB%SMP0000359		21	-0.3380553	-0.9287165	0.55583125	0.982331	1.0	206	tags=10%, list=2%, signal=10%	
BIOCARTA_CREB_PATHWAY%MSIGDB_C2%BIOCARTA_CREB_PATHWAY	BIOCARTA_CREB_PATHWAY%MSIGDB_C2%BIOCARTA_CREB_PATHWAY		16	-0.37010315	-0.92830086	0.5486936	0.98269504	1.0	1031	tags=19%, list=9%, signal=21%	
ACYL-COA METABOLIC PROCESS%GOBP%GO:0006637	ACYL-COA METABOLIC PROCESS%GOBP%GO:0006637		64	-0.27114514	-0.927392	0.5670103	0.98453075	1.0	2693	tags=36%, list=25%, signal=47%	
NEBIVOLOL ACTION PATHWAY%SMPDB%SMP0000366	NEBIVOLOL ACTION PATHWAY%SMPDB%SMP0000366		21	-0.3380553	-0.92673755	0.57505774	0.98553085	1.0	206	tags=10%, list=2%, signal=10%	
QUINIDINE ACTION PATHWAY%SMPDB%SMP0000323	QUINIDINE ACTION PATHWAY%SMPDB%SMP0000323		21	-0.3380553	-0.92630184	0.5496536	0.98592	1.0	206	tags=10%, list=2%, signal=10%	
APPENDAGE DEVELOPMENT%GOBP%GO:0048736	APPENDAGE DEVELOPMENT%GOBP%GO:0048736		29	-0.30994293	-0.92561626	0.58247423	0.9870992	1.0	1024	tags=17%, list=9%, signal=19%	
NONALCOHOLIC FATTY LIVER DISEASE%WIKIPATHWAYS_20250810%WP4396%HOMO SAPIENS	NONALCOHOLIC FATTY LIVER DISEASE%WIKIPATHWAYS_20250810%WP4396%HOMO SAPIENS		104	-0.250251	-0.92547125	0.610951	0.98655653	1.0	2386	tags=24%, list=22%, signal=30%	
STRESS-ACTIVATED PROTEIN KINASE SIGNALING CASCADE%GOBP%GO:0031098	STRESS-ACTIVATED PROTEIN KINASE SIGNALING CASCADE%GOBP%GO:0031098		18	-0.3515809	-0.9254555	0.5516373	0.98560023	1.0	1399	tags=22%, list=13%, signal=25%	
THIOESTER METABOLIC PROCESS%GOBP%GO:0035383	THIOESTER METABOLIC PROCESS%GOBP%GO:0035383		64	-0.27114514	-0.92540866	0.61157024	0.9847443	1.0	2693	tags=36%, list=25%, signal=47%	
OXPRENOLOL ACTION PATHWAY%PATHWHIZ%PW000372	OXPRENOLOL ACTION PATHWAY%PATHWHIZ%PW000372		21	-0.3380553	-0.92494833	0.56467664	0.98521155	1.0	206	tags=10%, list=2%, signal=10%	
ESMOLOL ACTION PATHWAY%SMPDB%SMP0000301	ESMOLOL ACTION PATHWAY%SMPDB%SMP0000301		21	-0.3380553	-0.9247983	0.5405405	0.9847041	1.0	206	tags=10%, list=2%, signal=10%	
CELLULAR RESPONSE TO TOXIC SUBSTANCE%GOBP%GO:0097237	CELLULAR RESPONSE TO TOXIC SUBSTANCE%GOBP%GO:0097237		31	-0.31488925	-0.924527	0.59952605	0.9845556	1.0	1865	tags=32%, list=17%, signal=39%	
SNRNA PROCESSING%GOBP%GO:0016180	SNRNA PROCESSING%GOBP%GO:0016180		34	-0.30401385	-0.92426515	0.5790698	0.9843908	1.0	1569	tags=21%, list=14%, signal=24%	
REGULATION OF DEVELOPMENTAL GROWTH%GOBP%GO:0048638	REGULATION OF DEVELOPMENTAL GROWTH%GOBP%GO:0048638		71	-0.26310158	-0.9242607	0.60106385	0.9834007	1.0	707	tags=14%, list=6%, signal=15%	
NORC NEGATIVELY REGULATES RRNA EXPRESSION%REACTOME DATABASE ID RELEASE 93%427413	NORC NEGATIVELY REGULATES RRNA EXPRESSION%REACTOME DATABASE ID RELEASE 93%427413		59	-0.27326953	-0.9240574	0.5968586	0.9830364	1.0	2357	tags=31%, list=21%, signal=39%	
RIBONUCLEOTIDE METABOLIC PROCESS%GOBP%GO:0009259	RIBONUCLEOTIDE METABOLIC PROCESS%GOBP%GO:0009259		176	-0.23030227	-0.9239948	0.7053292	0.98225343	1.0	1878	tags=19%, list=17%, signal=22%	
BEVANTOLOL ACTION PATHWAY%PATHWHIZ%PW000645	BEVANTOLOL ACTION PATHWAY%PATHWHIZ%PW000645		21	-0.3380553	-0.9239602	0.5686747	0.9813517	1.0	206	tags=10%, list=2%, signal=10%	
BISOPROLOL ACTION PATHWAY%SMPDB%SMP0000300	BISOPROLOL ACTION PATHWAY%SMPDB%SMP0000300		21	-0.3380553	-0.92382985	0.5456731	0.9807681	1.0	206	tags=10%, list=2%, signal=10%	
PROTEIN PALMITOYLATION%GOBP%GO:0018345	PROTEIN PALMITOYLATION%GOBP%GO:0018345		16	-0.36114606	-0.9236313	0.5946602	0.980396	1.0	987	tags=19%, list=9%, signal=21%	
OXIDATIVE STRESS INDUCED SENESCENCE%REACTOME DATABASE ID RELEASE 93%2559580	OXIDATIVE STRESS INDUCED SENESCENCE%REACTOME DATABASE ID RELEASE 93%2559580		73	-0.26328307	-0.922838	0.63037974	0.9819035	1.0	1984	tags=27%, list=18%, signal=33%	
MESENCHYMAL CELL DIFFERENTIATION%GOBP%GO:0048762	MESENCHYMAL CELL DIFFERENTIATION%GOBP%GO:0048762		63	-0.26662487	-0.92256147	0.61323154	0.9818058	1.0	1134	tags=17%, list=10%, signal=19%	
ACEBUTOLOL ACTION PATHWAY%SMPDB%SMP0000296	ACEBUTOLOL ACTION PATHWAY%SMPDB%SMP0000296		21	-0.3380553	-0.92248076	0.5728643	0.9810689	1.0	206	tags=10%, list=2%, signal=10%	
NEGATIVE EPIGENETIC REGULATION OF RRNA EXPRESSION%REACTOME%R-HSA-5250941.4	NEGATIVE EPIGENETIC REGULATION OF RRNA EXPRESSION%REACTOME%R-HSA-5250941.4		62	-0.27068695	-0.92230564	0.62222224	0.98067147	1.0	2357	tags=29%, list=21%, signal=37%	
PROPRANOLOL ACTION PATHWAY%SMPDB%SMP0000307	PROPRANOLOL ACTION PATHWAY%SMPDB%SMP0000307		21	-0.3380553	-0.92219394	0.5614458	0.9800522	1.0	206	tags=10%, list=2%, signal=10%	
TRANSCRIPTIONAL REGULATION BY NPAS4%REACTOME%R-HSA-9634815.4	TRANSCRIPTIONAL REGULATION BY NPAS4%REACTOME%R-HSA-9634815.4		24	-0.3286507	-0.92215264	0.5871122	0.9791986	1.0	1660	tags=25%, list=15%, signal=29%	
ALPHA6BETA4INTEGRIN%IOB%ALPHA6BETA4INTEGRIN	ALPHA6BETA4INTEGRIN%IOB%ALPHA6BETA4INTEGRIN		31	-0.30955398	-0.92204404	0.5714286	0.9785761	1.0	701	tags=10%, list=6%, signal=10%	
NEUTROPHIL ACTIVATION%GOBP%GO:0042119	NEUTROPHIL ACTIVATION%GOBP%GO:0042119		17	-0.35203037	-0.92203254	0.5594059	0.9776211	1.0	230	tags=12%, list=2%, signal=12%	
VERAPAMIL ACTION PATHWAY%SMPDB%SMP0000375	VERAPAMIL ACTION PATHWAY%SMPDB%SMP0000375		21	-0.3380553	-0.9215068	0.5714286	0.9783553	1.0	206	tags=10%, list=2%, signal=10%	
NAD+ METABOLIC PROCESS%GOBP%GO:0019674	NAD+ METABOLIC PROCESS%GOBP%GO:0019674		24	-0.32400176	-0.9214501	0.60144925	0.9775599	1.0	1303	tags=17%, list=12%, signal=19%	
LABETALOL ACTION PATHWAY%PATHWHIZ%PW000389	LABETALOL ACTION PATHWAY%PATHWHIZ%PW000389		21	-0.3380553	-0.92108643	0.55472636	0.9777011	1.0	206	tags=10%, list=2%, signal=10%	
PID_RET_PATHWAY%MSIGDB_C2%PID_RET_PATHWAY	PID_RET_PATHWAY%MSIGDB_C2%PID_RET_PATHWAY		23	-0.32643387	-0.92089635	0.5820513	0.9773167	1.0	541	tags=9%, list=5%, signal=9%	
NEURAL TUBE DEVELOPMENT%GOBP%GO:0021915	NEURAL TUBE DEVELOPMENT%GOBP%GO:0021915		33	-0.30428323	-0.9208163	0.5739796	0.976575	1.0	1626	tags=24%, list=15%, signal=28%	
NADOLOL ACTION PATHWAY%PATHWHIZ%PW000371	NADOLOL ACTION PATHWAY%PATHWHIZ%PW000371		21	-0.3380553	-0.92067176	0.58581233	0.9760489	1.0	206	tags=10%, list=2%, signal=10%	
FLECAINIDE ACTION PATHWAY%SMPDB%SMP0000331	FLECAINIDE ACTION PATHWAY%SMPDB%SMP0000331		21	-0.3380553	-0.9203698	0.571754	0.97604054	1.0	206	tags=10%, list=2%, signal=10%	
NITRENDIPINE ACTION PATHWAY%SMPDB%SMP0000382	NITRENDIPINE ACTION PATHWAY%SMPDB%SMP0000382		21	-0.3380553	-0.92022115	0.58505154	0.9755046	1.0	206	tags=10%, list=2%, signal=10%	
COPPER HOMEOSTASIS%WIKIPATHWAYS_20250810%WP3286%HOMO SAPIENS	COPPER HOMEOSTASIS%WIKIPATHWAYS_20250810%WP3286%HOMO SAPIENS		30	-0.3124637	-0.9198811	0.5843521	0.97554445	1.0	653	tags=10%, list=6%, signal=11%	
CLATHRIN-DEPENDENT ENDOCYTOSIS%GOBP%GO:0072583	CLATHRIN-DEPENDENT ENDOCYTOSIS%GOBP%GO:0072583		29	-0.31525502	-0.91982263	0.5609756	0.97477466	1.0	411	tags=10%, list=4%, signal=11%	
PINDOLOL ACTION PATHWAY%PATHWHIZ%PW000374	PINDOLOL ACTION PATHWAY%PATHWHIZ%PW000374		21	-0.3380553	-0.919818	0.6023529	0.9738181	1.0	206	tags=10%, list=2%, signal=10%	
METOPROLOL ACTION PATHWAY%PATHWHIZ%PW000370	METOPROLOL ACTION PATHWAY%PATHWHIZ%PW000370		21	-0.3380553	-0.9192919	0.58354115	0.9744919	1.0	206	tags=10%, list=2%, signal=10%	
SOTALOL ACTION PATHWAY%SMPDB%SMP0000660	SOTALOL ACTION PATHWAY%SMPDB%SMP0000660		21	-0.3380553	-0.9192819	0.5943396	0.97355425	1.0	206	tags=10%, list=2%, signal=10%	
LONG-CHAIN FATTY ACID METABOLIC PROCESS%GOBP%GO:0001676	LONG-CHAIN FATTY ACID METABOLIC PROCESS%GOBP%GO:0001676		47	-0.28348947	-0.91918564	0.587013	0.9728912	1.0	1205	tags=19%, list=11%, signal=21%	
NEGATIVE REGULATION OF REGULATED SECRETORY PATHWAY%GOBP%GO:1903306	NEGATIVE REGULATION OF REGULATED SECRETORY PATHWAY%GOBP%GO:1903306		16	-0.36360094	-0.9188485	0.57788944	0.97297883	1.0	1813	tags=31%, list=17%, signal=37%	
POSITIVE REGULATION OF RECEPTOR SIGNALING PATHWAY VIA STAT%GOBP%GO:1904894	POSITIVE REGULATION OF RECEPTOR SIGNALING PATHWAY VIA STAT%GOBP%GO:1904894		21	-0.33854035	-0.91871816	0.5633803	0.9724203	1.0	1530	tags=33%, list=14%, signal=39%	
PROTEIN NEDDYLATION%GOBP%GO:0045116	PROTEIN NEDDYLATION%GOBP%GO:0045116		20	-0.3315604	-0.91832143	0.59952605	0.97263163	1.0	2175	tags=25%, list=20%, signal=31%	
HINDBRAIN DEVELOPMENT%GOBP%GO:0030902	HINDBRAIN DEVELOPMENT%GOBP%GO:0030902		19	-0.34496167	-0.9180194	0.59661835	0.9726122	1.0	707	tags=21%, list=6%, signal=22%	
REGULATION OF ACTIN FILAMENT DEPOLYMERIZATION%GOBP%GO:0030834	REGULATION OF ACTIN FILAMENT DEPOLYMERIZATION%GOBP%GO:0030834		28	-0.315728	-0.9177464	0.58567774	0.9724871	1.0	822	tags=14%, list=7%, signal=15%	
REGULATION OF CARBOHYDRATE CATABOLIC PROCESS%GOBP%GO:0043470	REGULATION OF CARBOHYDRATE CATABOLIC PROCESS%GOBP%GO:0043470		35	-0.29756063	-0.9176134	0.59343433	0.97195435	1.0	914	tags=14%, list=8%, signal=16%	
GLYCOSAMINOGLYCAN BIOSYNTHETIC PROCESS%GOBP%GO:0006024	GLYCOSAMINOGLYCAN BIOSYNTHETIC PROCESS%GOBP%GO:0006024		16	-0.35954976	-0.9174717	0.5673077	0.97142833	1.0	1607	tags=31%, list=15%, signal=37%	
BIOCARTA_IL1R_PATHWAY%MSIGDB_C2%BIOCARTA_IL1R_PATHWAY	BIOCARTA_IL1R_PATHWAY%MSIGDB_C2%BIOCARTA_IL1R_PATHWAY		22	-0.33088523	-0.91736495	0.5612745	0.9708161	1.0	2145	tags=36%, list=20%, signal=45%	
DOWNSTREAM SIGNAL TRANSDUCTION%REACTOME DATABASE ID RELEASE 93%186763	DOWNSTREAM SIGNAL TRANSDUCTION%REACTOME DATABASE ID RELEASE 93%186763		19	-0.34118187	-0.9171718	0.5761905	0.97045875	1.0	695	tags=16%, list=6%, signal=17%	
REGULATION OF CELLULAR RESPONSE TO TRANSFORMING GROWTH FACTOR BETA STIMULUS%GOBP%GO:1903844	REGULATION OF CELLULAR RESPONSE TO TRANSFORMING GROWTH FACTOR BETA STIMULUS%GOBP%GO:1903844		82	-0.2518772	-0.9170258	0.6615776	0.9699488	1.0	2798	tags=32%, list=25%, signal=42%	
NIFEDIPINE ACTION PATHWAY%PATHWHIZ%PW000394	NIFEDIPINE ACTION PATHWAY%PATHWHIZ%PW000394		21	-0.3380553	-0.9169467	0.53995156	0.96927667	1.0	206	tags=10%, list=2%, signal=10%	
REGULATION OF PROTEIN SECRETION%GOBP%GO:0050708	REGULATION OF PROTEIN SECRETION%GOBP%GO:0050708		99	-0.24298544	-0.9167348	0.68245125	0.96895623	1.0	787	tags=12%, list=7%, signal=13%	
ISRADIPINE ACTION PATHWAY%PATHWHIZ%PW000393	ISRADIPINE ACTION PATHWAY%PATHWHIZ%PW000393		21	-0.3380553	-0.91642785	0.575	0.9689369	1.0	206	tags=10%, list=2%, signal=10%	
DOBUTAMINE ACTION PATHWAY%PATHWHIZ%PW000639	DOBUTAMINE ACTION PATHWAY%PATHWHIZ%PW000639		21	-0.3380553	-0.91638297	0.5728643	0.96812373	1.0	206	tags=10%, list=2%, signal=10%	
CARTEOLOL ACTION PATHWAY%PATHWHIZ%PW000634	CARTEOLOL ACTION PATHWAY%PATHWHIZ%PW000634		21	-0.3380553	-0.9163542	0.57995224	0.96726006	1.0	206	tags=10%, list=2%, signal=10%	
FOSPHENYTOIN (ANTIARRHYTHMIC) ACTION PATHWAY%PATHWHIZ%PW000379	FOSPHENYTOIN (ANTIARRHYTHMIC) ACTION PATHWAY%PATHWHIZ%PW000379		21	-0.3380553	-0.9160691	0.5595855	0.96720004	1.0	206	tags=10%, list=2%, signal=10%	
CENTRIOLE REPLICATION%GOBP%GO:0007099	CENTRIOLE REPLICATION%GOBP%GO:0007099		22	-0.33044344	-0.9160185	0.5724299	0.966421	1.0	3180	tags=50%, list=29%, signal=70%	
THIOGUANINE ACTION PATHWAY%PATHWHIZ%PW000429	THIOGUANINE ACTION PATHWAY%PATHWHIZ%PW000429		36	-0.29222602	-0.91575724	0.59188545	0.9662913	1.0	522	tags=11%, list=5%, signal=12%	
MITOCHONDRIAL CALCIUM ION TRANSMEMBRANE TRANSPORT%GOBP%GO:0006851	MITOCHONDRIAL CALCIUM ION TRANSMEMBRANE TRANSPORT%GOBP%GO:0006851		19	-0.34427595	-0.9156498	0.58156025	0.965679	1.0	298	tags=11%, list=3%, signal=11%	
METIPRANOLOL ACTION PATHWAY%PATHWHIZ%PW000644	METIPRANOLOL ACTION PATHWAY%PATHWHIZ%PW000644		21	-0.3380553	-0.91514224	0.5817757	0.96627843	1.0	206	tags=10%, list=2%, signal=10%	
NIMODIPINE ACTION PATHWAY%PATHWHIZ%PW000395	NIMODIPINE ACTION PATHWAY%PATHWHIZ%PW000395		21	-0.3380553	-0.9148536	0.5471264	0.9662322	1.0	206	tags=10%, list=2%, signal=10%	
POSITIVE REGULATION OF T CELL CYTOKINE PRODUCTION%GOBP%GO:0002726	POSITIVE REGULATION OF T CELL CYTOKINE PRODUCTION%GOBP%GO:0002726		17	-0.35190728	-0.9145359	0.5897436	0.96623	1.0	344	tags=12%, list=3%, signal=12%	
2-HYDROXYGLUTRIC ACIDURIA (D AND L FORM)%SMPDB%SMP0000136	2-HYDROXYGLUTRIC ACIDURIA (D AND L FORM)%SMPDB%SMP0000136		18	-0.34610236	-0.9145269	0.6004566	0.9653156	1.0	128	tags=6%, list=1%, signal=6%	
REGULATION OF TRANSFORMING GROWTH FACTOR BETA RECEPTOR SIGNALING PATHWAY%GOBP%GO:0017015	REGULATION OF TRANSFORMING GROWTH FACTOR BETA RECEPTOR SIGNALING PATHWAY%GOBP%GO:0017015		82	-0.2518772	-0.91434	0.648294	0.96495926	1.0	2798	tags=32%, list=25%, signal=42%	
MEXILETINE ACTION PATHWAY%PATHWHIZ%PW000382	MEXILETINE ACTION PATHWAY%PATHWHIZ%PW000382		21	-0.3380553	-0.9143119	0.5739796	0.96411496	1.0	206	tags=10%, list=2%, signal=10%	
FERTILIZATION%GOBP%GO:0009566	FERTILIZATION%GOBP%GO:0009566		31	-0.30998147	-0.9142099	0.5819861	0.9634725	1.0	1818	tags=29%, list=17%, signal=35%	
INTERLEUKIN-1-MEDIATED SIGNALING PATHWAY%GOBP%GO:0070498	INTERLEUKIN-1-MEDIATED SIGNALING PATHWAY%GOBP%GO:0070498		20	-0.3276675	-0.91394377	0.5889423	0.96335465	1.0	2257	tags=35%, list=21%, signal=44%	
LEVOBUNOLOL ACTION PATHWAY%SMPDB%SMP0000666	LEVOBUNOLOL ACTION PATHWAY%SMPDB%SMP0000666		21	-0.3380553	-0.9137108	0.5696517	0.96311927	1.0	206	tags=10%, list=2%, signal=10%	
PROTEIN HYDROXYLATION%REACTOME DATABASE ID RELEASE 93%9629569	PROTEIN HYDROXYLATION%REACTOME DATABASE ID RELEASE 93%9629569		16	-0.35637105	-0.91354156	0.55580866	0.96269745	1.0	797	tags=19%, list=7%, signal=20%	
GLUTATHIONE METABOLIC PROCESS%GOBP%GO:0006749	GLUTATHIONE METABOLIC PROCESS%GOBP%GO:0006749		23	-0.32478005	-0.91302794	0.5829493	0.96336275	1.0	1942	tags=39%, list=18%, signal=47%	
NEGATIVE REGULATION OF MIRNA TRANSCRIPTION%GOBP%GO:1902894	NEGATIVE REGULATION OF MIRNA TRANSCRIPTION%GOBP%GO:1902894		17	-0.3541908	-0.9128968	0.60599077	0.96279037	1.0	374	tags=12%, list=3%, signal=12%	
4-HYDROXYBUTYRIC ACIDURIA SUCCINIC SEMIALDEHYDE DEHYDROGENASE DEFICIENCY%SMPDB%SMP0000243	4-HYDROXYBUTYRIC ACIDURIA SUCCINIC SEMIALDEHYDE DEHYDROGENASE DEFICIENCY%SMPDB%SMP0000243		18	-0.34610236	-0.9128052	0.58468676	0.96213	1.0	128	tags=6%, list=1%, signal=6%	
DENDRITIC SPINE ORGANIZATION%GOBP%GO:0097061	DENDRITIC SPINE ORGANIZATION%GOBP%GO:0097061		16	-0.3481424	-0.91262954	0.5445783	0.9617608	1.0	622	tags=13%, list=6%, signal=13%	
SEMI-LUNAR VALVE DEVELOPMENT%GOBP%GO:1905314	SEMI-LUNAR VALVE DEVELOPMENT%GOBP%GO:1905314		20	-0.34072575	-0.9124783	0.58079624	0.96128744	1.0	1967	tags=40%, list=18%, signal=49%	
PRE-NOTCH EXPRESSION AND PROCESSING%REACTOME DATABASE ID RELEASE 93%1912422	PRE-NOTCH EXPRESSION AND PROCESSING%REACTOME DATABASE ID RELEASE 93%1912422		60	-0.26218683	-0.91225094	0.6631579	0.96102804	1.0	1984	tags=30%, list=18%, signal=36%	
REGULATION OF NUCLEAR DIVISION%GOBP%GO:0051783	REGULATION OF NUCLEAR DIVISION%GOBP%GO:0051783		83	-0.25420627	-0.9119007	0.63276833	0.9611986	1.0	906	tags=10%, list=8%, signal=10%	
EMBRYONIC APPENDAGE MORPHOGENESIS%GOBP%GO:0035113	EMBRYONIC APPENDAGE MORPHOGENESIS%GOBP%GO:0035113		18	-0.34529012	-0.91132903	0.58215964	0.96204406	1.0	707	tags=11%, list=6%, signal=12%	
REGULATION OF ORGAN GROWTH%GOBP%GO:0046620	REGULATION OF ORGAN GROWTH%GOBP%GO:0046620		19	-0.33902675	-0.9112759	0.579602	0.96127695	1.0	707	tags=16%, list=6%, signal=17%	
LIMB DEVELOPMENT%GOBP%GO:0060173	LIMB DEVELOPMENT%GOBP%GO:0060173		29	-0.30994293	-0.9112454	0.60097325	0.9604398	1.0	1024	tags=17%, list=9%, signal=19%	
SUCCINIC SEMIALDEHYDE DEHYDROGENASE DEFICIENCY%SMPDB%SMP0000567	SUCCINIC SEMIALDEHYDE DEHYDROGENASE DEFICIENCY%SMPDB%SMP0000567		18	-0.34610236	-0.910941	0.5817308	0.9604144	1.0	128	tags=6%, list=1%, signal=6%	
BUPRANOLOL ACTION PATHWAY%SMPDB%SMP0000670	BUPRANOLOL ACTION PATHWAY%SMPDB%SMP0000670		21	-0.3380553	-0.9106533	0.589372	0.960341	1.0	206	tags=10%, list=2%, signal=10%	
DISOPYRAMIDE ACTION PATHWAY%SMPDB%SMP0000325	DISOPYRAMIDE ACTION PATHWAY%SMPDB%SMP0000325		21	-0.3380553	-0.9102923	0.56028366	0.9604647	1.0	206	tags=10%, list=2%, signal=10%	
HALLMARK_GLYCOLYSIS%MSIGDBHALLMARK%HALLMARK_GLYCOLYSIS	HALLMARK_GLYCOLYSIS%MSIGDBHALLMARK%HALLMARK_GLYCOLYSIS		104	-0.24214037	-0.9091615	0.6827195	0.96293837	1.0	453	tags=8%, list=4%, signal=8%	
CYTOPLASMIC MICROTUBULE ORGANIZATION%GOBP%GO:0031122	CYTOPLASMIC MICROTUBULE ORGANIZATION%GOBP%GO:0031122		47	-0.27984956	-0.9086815	0.6061381	0.96342134	1.0	605	tags=11%, list=6%, signal=11%	
TRANSLATION FACTORS%WIKIPATHWAYS_20250810%WP107%HOMO SAPIENS	TRANSLATION FACTORS%WIKIPATHWAYS_20250810%WP107%HOMO SAPIENS		40	-0.28401342	-0.90864295	0.6109726	0.9626384	1.0	930	tags=13%, list=8%, signal=14%	
GASTRULATION%GOBP%GO:0007369	GASTRULATION%GOBP%GO:0007369		35	-0.29671854	-0.90842843	0.6127451	0.9623601	1.0	680	tags=14%, list=6%, signal=15%	
BIOCARTA_NTHI_PATHWAY%MSIGDB_C2%BIOCARTA_NTHI_PATHWAY	BIOCARTA_NTHI_PATHWAY%MSIGDB_C2%BIOCARTA_NTHI_PATHWAY		21	-0.32992145	-0.9082608	0.5986394	0.961946	1.0	756	tags=14%, list=7%, signal=15%	
BETAXOLOL ACTION PATHWAY%SMPDB%SMP0000299	BETAXOLOL ACTION PATHWAY%SMPDB%SMP0000299		21	-0.3380553	-0.9081963	0.5775281	0.9612225	1.0	206	tags=10%, list=2%, signal=10%	
DNA DOUBLE STRAND BREAK RESPONSE%REACTOME%R-HSA-5693606.4	DNA DOUBLE STRAND BREAK RESPONSE%REACTOME%R-HSA-5693606.4		49	-0.2784374	-0.9080287	0.63366336	0.9607828	1.0	1976	tags=24%, list=18%, signal=30%	
NON-MOTILE CILIUM ASSEMBLY%GOBP%GO:1905515	NON-MOTILE CILIUM ASSEMBLY%GOBP%GO:1905515		29	-0.30588928	-0.90721357	0.5985222	0.96229726	1.0	1600	tags=21%, list=15%, signal=24%	
AMLODIPINE ACTION PATHWAY%PATHWHIZ%PW000391	AMLODIPINE ACTION PATHWAY%PATHWHIZ%PW000391		21	-0.3380553	-0.9069944	0.578199	0.9620332	1.0	206	tags=10%, list=2%, signal=10%	
M-CSF%IOB%M-CSF	M-CSF%IOB%M-CSF		18	-0.34449917	-0.9068825	0.56341463	0.9614589	1.0	244	tags=11%, list=2%, signal=11%	
CILIUM ASSEMBLY%REACTOME%R-HSA-5617833.5	CILIUM ASSEMBLY%REACTOME%R-HSA-5617833.5		166	-0.22368546	-0.9064962	0.7376093	0.9616909	1.0	2671	tags=28%, list=24%, signal=36%	
REGULATION OF AXONOGENESIS%GOBP%GO:0050770	REGULATION OF AXONOGENESIS%GOBP%GO:0050770		39	-0.29027894	-0.90639	0.61	0.9610595	1.0	684	tags=15%, list=6%, signal=16%	
ALPRENOLOL ACTION PATHWAY%SMPDB%SMP0000297	ALPRENOLOL ACTION PATHWAY%SMPDB%SMP0000297		21	-0.3380553	-0.90624696	0.57575756	0.96055084	1.0	206	tags=10%, list=2%, signal=10%	
PENBUTOLOL ACTION PATHWAY%SMPDB%SMP0000305	PENBUTOLOL ACTION PATHWAY%SMPDB%SMP0000305		21	-0.3380553	-0.9061402	0.59610707	0.9599753	1.0	206	tags=10%, list=2%, signal=10%	
PID_MYC_PATHWAY%MSIGDB_C2%PID_MYC_PATHWAY	PID_MYC_PATHWAY%MSIGDB_C2%PID_MYC_PATHWAY		19	-0.34040973	-0.9059986	0.6023529	0.9595051	1.0	1053	tags=21%, list=10%, signal=23%	
DEFECTS IN VITAMIN AND COFACTOR METABOLISM%REACTOME DATABASE ID RELEASE 93%3296482	DEFECTS IN VITAMIN AND COFACTOR METABOLISM%REACTOME DATABASE ID RELEASE 93%3296482		19	-0.33714965	-0.9059341	0.5938967	0.95878637	1.0	2542	tags=32%, list=23%, signal=41%	
NEGATIVE REGULATION OF NERVOUS SYSTEM DEVELOPMENT%GOBP%GO:0051961	NEGATIVE REGULATION OF NERVOUS SYSTEM DEVELOPMENT%GOBP%GO:0051961		36	-0.29299882	-0.9056617	0.60048425	0.958708	1.0	707	tags=14%, list=6%, signal=15%	
L-AMINO ACID BIOSYNTHETIC PROCESS%GOBP%GO:0170034	L-AMINO ACID BIOSYNTHETIC PROCESS%GOBP%GO:0170034		25	-0.31880105	-0.9047221	0.60277134	0.96060646	1.0	2073	tags=24%, list=19%, signal=30%	
RUNX2 REGULATES BONE DEVELOPMENT%REACTOME%R-HSA-8941326.2	RUNX2 REGULATES BONE DEVELOPMENT%REACTOME%R-HSA-8941326.2		16	-0.35978788	-0.90462834	0.581864	0.9599777	1.0	914	tags=19%, list=8%, signal=20%	
OXIDATIVE PHOSPHORYLATION%GOBP%GO:0006119	OXIDATIVE PHOSPHORYLATION%GOBP%GO:0006119		90	-0.24787837	-0.90448284	0.6666667	0.95949394	1.0	3214	tags=34%, list=29%, signal=48%	
SYNTHESIS OF VERY LONG-CHAIN FATTY ACYL-COAS%REACTOME%R-HSA-75876.10	SYNTHESIS OF VERY LONG-CHAIN FATTY ACYL-COAS%REACTOME%R-HSA-75876.10		17	-0.3444294	-0.9043672	0.5758294	0.9589152	1.0	1639	tags=35%, list=15%, signal=41%	
HYPERINSULINISM-HYPERAMMONEMIA SYNDROME%PATHWHIZ%PW000072	HYPERINSULINISM-HYPERAMMONEMIA SYNDROME%PATHWHIZ%PW000072		18	-0.34610236	-0.90413785	0.5731415	0.95866615	1.0	128	tags=6%, list=1%, signal=6%	
REGULATION OF HEART RATE%GOBP%GO:0002027	REGULATION OF HEART RATE%GOBP%GO:0002027		29	-0.3086228	-0.90404177	0.60539216	0.9580389	1.0	1176	tags=21%, list=11%, signal=23%	
CANONICAL WNT SIGNALING PATHWAY%GOBP%GO:0060070	CANONICAL WNT SIGNALING PATHWAY%GOBP%GO:0060070		31	-0.30656627	-0.90400696	0.60189575	0.95724815	1.0	1626	tags=23%, list=15%, signal=26%	
POSITIVE REGULATION OF NON-CANONICAL NF-KAPPAB SIGNAL TRANSDUCTION%GOBP%GO:1901224	POSITIVE REGULATION OF NON-CANONICAL NF-KAPPAB SIGNAL TRANSDUCTION%GOBP%GO:1901224		32	-0.30158663	-0.9036453	0.60152286	0.95745194	1.0	419	tags=13%, list=4%, signal=13%	
CARVEDILOL ACTION PATHWAY%SMPDB%SMP0000367	CARVEDILOL ACTION PATHWAY%SMPDB%SMP0000367		21	-0.3380553	-0.9033374	0.5966587	0.9574627	1.0	206	tags=10%, list=2%, signal=10%	
NEGATIVE REGULATION OF MIRNA METABOLIC PROCESS%GOBP%GO:2000629	NEGATIVE REGULATION OF MIRNA METABOLIC PROCESS%GOBP%GO:2000629		18	-0.35195205	-0.90333456	0.600939	0.95658076	1.0	374	tags=11%, list=3%, signal=11%	
PEPTIDYL-CYSTEINE MODIFICATION%GOBP%GO:0018198	PEPTIDYL-CYSTEINE MODIFICATION%GOBP%GO:0018198		15	-0.36110532	-0.903071	0.5810811	0.9565042	1.0	987	tags=20%, list=9%, signal=22%	
VIRAL BUDDING%GOBP%GO:0046755	VIRAL BUDDING%GOBP%GO:0046755		21	-0.33035183	-0.90280586	0.583908	0.95640445	1.0	2432	tags=33%, list=22%, signal=43%	
UNSATURATED FATTY ACID METABOLIC PROCESS%GOBP%GO:0033559	UNSATURATED FATTY ACID METABOLIC PROCESS%GOBP%GO:0033559		42	-0.28540736	-0.90263313	0.63255817	0.95601976	1.0	535	tags=12%, list=5%, signal=12%	
PROTEIN-DNA COMPLEX DISASSEMBLY%GOBP%GO:0032986	PROTEIN-DNA COMPLEX DISASSEMBLY%GOBP%GO:0032986		21	-0.3262196	-0.9025999	0.603912	0.9552279	1.0	1122	tags=19%, list=10%, signal=21%	
REGULATION OF VASCULAR ASSOCIATED SMOOTH MUSCLE CELL PROLIFERATION%GOBP%GO:1904705	REGULATION OF VASCULAR ASSOCIATED SMOOTH MUSCLE CELL PROLIFERATION%GOBP%GO:1904705		20	-0.3313559	-0.9025889	0.624424	0.9543772	1.0	402	tags=15%, list=4%, signal=16%	
PROCAINAMIDE (ANTIARRHYTHMIC) ACTION PATHWAY%PATHWHIZ%PW000377	PROCAINAMIDE (ANTIARRHYTHMIC) ACTION PATHWAY%PATHWHIZ%PW000377		21	-0.3380553	-0.90247047	0.57894737	0.95382303	1.0	206	tags=10%, list=2%, signal=10%	
POSITIVE REGULATION OF AMIDE METABOLIC PROCESS%GOBP%GO:0034250	POSITIVE REGULATION OF AMIDE METABOLIC PROCESS%GOBP%GO:0034250		19	-0.3441601	-0.90199256	0.6120092	0.95432323	1.0	2145	tags=37%, list=20%, signal=46%	
ARBUTAMINE ACTION PATHWAY%SMPDB%SMP0000664	ARBUTAMINE ACTION PATHWAY%SMPDB%SMP0000664		21	-0.3380553	-0.9019782	0.6139089	0.9535006	1.0	206	tags=10%, list=2%, signal=10%	
NECTIN ADHESION PATHWAY%PATHWAY INTERACTION DATABASE NCI-NATURE CURATED DATA%NECTIN ADHESION PATHWAY	NECTIN ADHESION PATHWAY%PATHWAY INTERACTION DATABASE NCI-NATURE CURATED DATA%NECTIN ADHESION PATHWAY		24	-0.32942715	-0.90170544	0.58352405	0.9534365	1.0	2587	tags=42%, list=24%, signal=54%	
RNA POLYMERASE I PROMOTER CLEARANCE%REACTOME DATABASE ID RELEASE 93%73854	RNA POLYMERASE I PROMOTER CLEARANCE%REACTOME DATABASE ID RELEASE 93%73854		63	-0.26070878	-0.9010202	0.6551724	0.9545358	1.0	2357	tags=29%, list=21%, signal=36%	
CARDIAC CONDUCTION%REACTOME%R-HSA-5576891.4	CARDIAC CONDUCTION%REACTOME%R-HSA-5576891.4		48	-0.280549	-0.9009058	0.64096385	0.9540135	1.0	337	tags=8%, list=3%, signal=9%	
VACUOLAR LOCALIZATION%GOBP%GO:1990849	VACUOLAR LOCALIZATION%GOBP%GO:1990849		39	-0.29187578	-0.8999165	0.6354167	0.95602244	1.0	516	tags=13%, list=5%, signal=13%	
LEUCINE ISOLEUCINE AND VALINE METABOLISM%WIKIPATHWAYS_20250810%WP4686%HOMO SAPIENS	LEUCINE ISOLEUCINE AND VALINE METABOLISM%WIKIPATHWAYS_20250810%WP4686%HOMO SAPIENS		16	-0.353434	-0.8995424	0.600939	0.9561926	1.0	1418	tags=19%, list=13%, signal=21%	
MERCAPTOPURINE ACTION PATHWAY%PATHWHIZ%PW000267	MERCAPTOPURINE ACTION PATHWAY%PATHWHIZ%PW000267		36	-0.29222602	-0.899129	0.60556847	0.9565184	1.0	522	tags=11%, list=5%, signal=12%	
REGULATION OF PEPTIDYL-TYROSINE PHOSPHORYLATION%GOBP%GO:0050730	REGULATION OF PEPTIDYL-TYROSINE PHOSPHORYLATION%GOBP%GO:0050730		36	-0.28621045	-0.8984289	0.6356383	0.9576187	1.0	374	tags=11%, list=3%, signal=11%	
CENTRAL NERVOUS SYSTEM NEURON DEVELOPMENT%GOBP%GO:0021954	CENTRAL NERVOUS SYSTEM NEURON DEVELOPMENT%GOBP%GO:0021954		23	-0.31456316	-0.8977689	0.63761467	0.95864934	1.0	653	tags=13%, list=6%, signal=14%	
PROTEIN K6-LINKED UBIQUITINATION%GOBP%GO:0085020	PROTEIN K6-LINKED UBIQUITINATION%GOBP%GO:0085020		15	-0.35245264	-0.89771193	0.5912409	0.95792615	1.0	419	tags=13%, list=4%, signal=14%	
CHRONIC HYPERGLYCEMIA IMPAIRMENT OF NEURON FUNCTION%WIKIPATHWAYS_20250810%WP5283%HOMO SAPIENS	CHRONIC HYPERGLYCEMIA IMPAIRMENT OF NEURON FUNCTION%WIKIPATHWAYS_20250810%WP5283%HOMO SAPIENS		15	-0.3595876	-0.89641976	0.62441313	0.9607412	1.0	463	tags=20%, list=4%, signal=21%	
MITOCHONDRIAL TRANSLATION%REACTOME%R-HSA-5368287.5	MITOCHONDRIAL TRANSLATION%REACTOME%R-HSA-5368287.5		108	-0.2399636	-0.8959016	0.7166213	0.9613409	1.0	3045	tags=33%, list=28%, signal=46%	
FOREBRAIN GENERATION OF NEURONS%GOBP%GO:0021872	FOREBRAIN GENERATION OF NEURONS%GOBP%GO:0021872		15	-0.35001877	-0.89514834	0.5958904	0.9626364	1.0	3427	tags=60%, list=31%, signal=87%	
PEROXISOMAL LIPID METABOLISM%REACTOME DATABASE ID RELEASE 93%390918	PEROXISOMAL LIPID METABOLISM%REACTOME DATABASE ID RELEASE 93%390918		15	-0.35464996	-0.8945405	0.587822	0.9634559	1.0	1329	tags=27%, list=12%, signal=30%	
REGULATION OF VASCULAR ENDOTHELIAL GROWTH FACTOR PRODUCTION%GOBP%GO:0010574	REGULATION OF VASCULAR ENDOTHELIAL GROWTH FACTOR PRODUCTION%GOBP%GO:0010574		16	-0.34585074	-0.894462	0.5762712	0.9627789	1.0	344	tags=13%, list=3%, signal=13%	
SIGNALING BY NOTCH1 PEST DOMAIN MUTANTS IN CANCER%REACTOME%R-HSA-2644602.3	SIGNALING BY NOTCH1 PEST DOMAIN MUTANTS IN CANCER%REACTOME%R-HSA-2644602.3		46	-0.27189586	-0.8943359	0.65829146	0.9622346	1.0	2493	tags=41%, list=23%, signal=53%	
RUNX1 REGULATES TRANSCRIPTION OF GENES INVOLVED IN DIFFERENTIATION OF HSCS%REACTOME DATABASE ID RELEASE 93%8939236	RUNX1 REGULATES TRANSCRIPTION OF GENES INVOLVED IN DIFFERENTIATION OF HSCS%REACTOME DATABASE ID RELEASE 93%8939236		70	-0.25211564	-0.8938781	0.72845954	0.96264946	1.0	697	tags=11%, list=6%, signal=12%	
PURINE RIBONUCLEOTIDE TRANSPORT%GOBP%GO:0015868	PURINE RIBONUCLEOTIDE TRANSPORT%GOBP%GO:0015868		22	-0.313764	-0.8937158	0.5957944	0.96223295	1.0	674	tags=18%, list=6%, signal=19%	
PLASMA LIPOPROTEIN PARTICLE ORGANIZATION%GOBP%GO:0071827	PLASMA LIPOPROTEIN PARTICLE ORGANIZATION%GOBP%GO:0071827		20	-0.3387818	-0.89249986	0.5895522	0.9647422	1.0	999	tags=20%, list=9%, signal=22%	
IN UTERO EMBRYONIC DEVELOPMENT%GOBP%GO:0001701	IN UTERO EMBRYONIC DEVELOPMENT%GOBP%GO:0001701		28	-0.30870494	-0.8924884	0.6449086	0.96390045	1.0	1017	tags=18%, list=9%, signal=20%	
NEGATIVE REGULATION OF G PROTEIN-COUPLED RECEPTOR SIGNALING PATHWAY%GOBP%GO:0045744	NEGATIVE REGULATION OF G PROTEIN-COUPLED RECEPTOR SIGNALING PATHWAY%GOBP%GO:0045744		28	-0.3176361	-0.8922218	0.6339713	0.9638011	1.0	837	tags=14%, list=8%, signal=15%	
EPIDERMAL CELL DIFFERENTIATION%GOBP%GO:0009913	EPIDERMAL CELL DIFFERENTIATION%GOBP%GO:0009913		30	-0.29910758	-0.89189726	0.6426799	0.96386284	1.0	570	tags=10%, list=5%, signal=11%	
AZATHIOPRINE ACTION PATHWAY%SMPDB%SMP0000427	AZATHIOPRINE ACTION PATHWAY%SMPDB%SMP0000427		36	-0.29222602	-0.8911365	0.627451	0.96515036	1.0	522	tags=11%, list=5%, signal=12%	
MATERNAL TO ZYGOTIC TRANSITION (MZT)%REACTOME%R-HSA-9816359.2	MATERNAL TO ZYGOTIC TRANSITION (MZT)%REACTOME%R-HSA-9816359.2		56	-0.26625508	-0.8904081	0.7007874	0.96638227	1.0	2357	tags=27%, list=21%, signal=34%	
PID_AJDISS_2PATHWAY%MSIGDB_C2%PID_AJDISS_2PATHWAY	PID_AJDISS_2PATHWAY%MSIGDB_C2%PID_AJDISS_2PATHWAY		28	-0.29803246	-0.8898401	0.63080686	0.96704257	1.0	818	tags=14%, list=7%, signal=15%	
NILOTINIB INHIBITION OF BCR-ABL%PATHWHIZ%PW032595	NILOTINIB INHIBITION OF BCR-ABL%PATHWHIZ%PW032595		17	-0.337561	-0.88978064	0.6102941	0.9663469	1.0	695	tags=18%, list=6%, signal=19%	
SIGNALING BY NOTCH1 HD+PEST DOMAIN MUTANTS IN CANCER%REACTOME%R-HSA-2894858.3	SIGNALING BY NOTCH1 HD+PEST DOMAIN MUTANTS IN CANCER%REACTOME%R-HSA-2894858.3		46	-0.27189586	-0.88957685	0.64634144	0.96607953	1.0	2493	tags=41%, list=23%, signal=53%	
FOXM1 TRANSCRIPTION FACTOR NETWORK%PATHWAY INTERACTION DATABASE NCI-NATURE CURATED DATA%FOXM1 TRANSCRIPTION FACTOR NETWORK	FOXM1 TRANSCRIPTION FACTOR NETWORK%PATHWAY INTERACTION DATABASE NCI-NATURE CURATED DATA%FOXM1 TRANSCRIPTION FACTOR NETWORK		33	-0.29857817	-0.88956326	0.6515513	0.9652375	1.0	169	tags=9%, list=2%, signal=9%	
CARDIAC MUSCLE TISSUE MORPHOGENESIS%GOBP%GO:0055008	CARDIAC MUSCLE TISSUE MORPHOGENESIS%GOBP%GO:0055008		17	-0.3444636	-0.88930213	0.6224719	0.96510816	1.0	1049	tags=29%, list=10%, signal=32%	
SIGNAL TRANSDUCTION THROUGH IL1R%WIKIPATHWAYS_20250810%WP4496%HOMO SAPIENS	SIGNAL TRANSDUCTION THROUGH IL1R%WIKIPATHWAYS_20250810%WP4496%HOMO SAPIENS		23	-0.31611782	-0.888733	0.6277916	0.9657944	1.0	2145	tags=35%, list=20%, signal=43%	
REGULATION OF RAC1 ACTIVITY%PATHWAY INTERACTION DATABASE NCI-NATURE CURATED DATA%REGULATION OF RAC1 ACTIVITY	REGULATION OF RAC1 ACTIVITY%PATHWAY INTERACTION DATABASE NCI-NATURE CURATED DATA%REGULATION OF RAC1 ACTIVITY		31	-0.30209774	-0.88851005	0.6510417	0.9655329	1.0	541	tags=6%, list=5%, signal=7%	
MALONYL-COA DECARBOXYLASE DEFICIENCY%PATHWHIZ%PW000478	MALONYL-COA DECARBOXYLASE DEFICIENCY%PATHWHIZ%PW000478		15	-0.34514934	-0.8884082	0.59241706	0.9649726	1.0	3234	tags=47%, list=29%, signal=66%	
HAIR FOLLICLE DEVELOPMENT CYTODIFFERENTIATION STAGE 3 OF 3%WIKIPATHWAYS_20250810%WP2840%HOMO SAPIENS	HAIR FOLLICLE DEVELOPMENT CYTODIFFERENTIATION STAGE 3 OF 3%WIKIPATHWAYS_20250810%WP2840%HOMO SAPIENS		29	-0.30373293	-0.88827944	0.6296296	0.96444803	1.0	1960	tags=34%, list=18%, signal=42%	
PROTEIN-LIPID COMPLEX ORGANIZATION%GOBP%GO:0071825	PROTEIN-LIPID COMPLEX ORGANIZATION%GOBP%GO:0071825		22	-0.31887233	-0.8882133	0.61904764	0.9637486	1.0	999	tags=18%, list=9%, signal=20%	
REGULATION OF DNA REPLICATION%GOBP%GO:0006275	REGULATION OF DNA REPLICATION%GOBP%GO:0006275		89	-0.244173	-0.88796216	0.69948184	0.9635458	1.0	1532	tags=12%, list=14%, signal=14%	
PID_NECTIN_PATHWAY%MSIGDB_C2%PID_NECTIN_PATHWAY	PID_NECTIN_PATHWAY%MSIGDB_C2%PID_NECTIN_PATHWAY		20	-0.3313039	-0.8878225	0.5979381	0.9630687	1.0	598	tags=15%, list=5%, signal=16%	
ENDOCHONDRAL OSSIFICATION WITH SKELETAL DYSPLASIAS%WIKIPATHWAYS_20250810%WP4808%HOMO SAPIENS	ENDOCHONDRAL OSSIFICATION WITH SKELETAL DYSPLASIAS%WIKIPATHWAYS_20250810%WP4808%HOMO SAPIENS		19	-0.33193544	-0.88723326	0.6073171	0.9637867	1.0	374	tags=11%, list=3%, signal=11%	
TRANSFORMING GROWTH FACTOR BETA RECEPTOR SUPERFAMILY SIGNALING PATHWAY%GOBP%GO:0141091	TRANSFORMING GROWTH FACTOR BETA RECEPTOR SUPERFAMILY SIGNALING PATHWAY%GOBP%GO:0141091		64	-0.25341666	-0.88711864	0.66751915	0.9632172	1.0	1796	tags=25%, list=16%, signal=30%	
ENDODERMAL CELL DIFFERENTIATION%GOBP%GO:0035987	ENDODERMAL CELL DIFFERENTIATION%GOBP%GO:0035987		15	-0.35243377	-0.8867439	0.5939675	0.9633699	1.0	598	tags=20%, list=5%, signal=21%	
KIT RECEPTOR SIGNALING%WIKIPATHWAYS_20250810%WP304%HOMO SAPIENS	KIT RECEPTOR SIGNALING%WIKIPATHWAYS_20250810%WP304%HOMO SAPIENS		42	-0.27903625	-0.8864639	0.657289	0.9632622	1.0	1095	tags=14%, list=10%, signal=16%	
REGULATION OF CANONICAL WNT SIGNALING PATHWAY%GOBP%GO:0060828	REGULATION OF CANONICAL WNT SIGNALING PATHWAY%GOBP%GO:0060828		125	-0.23105834	-0.8858195	0.7590361	0.96419597	1.0	1255	tags=14%, list=11%, signal=16%	
MITOCHONDRIAL CALCIUM ION TRANSPORT%REACTOME%R-HSA-8949215.3	MITOCHONDRIAL CALCIUM ION TRANSPORT%REACTOME%R-HSA-8949215.3		23	-0.32052773	-0.88507915	0.64619166	0.9653315	1.0	298	tags=9%, list=3%, signal=9%	
MEMORY%GOBP%GO:0007613	MEMORY%GOBP%GO:0007613		30	-0.29581055	-0.8844049	0.61989796	0.96640414	1.0	1024	tags=17%, list=9%, signal=18%	
METABOLISM OF STEROIDS%REACTOME%R-HSA-8957322.4	METABOLISM OF STEROIDS%REACTOME%R-HSA-8957322.4		99	-0.23716247	-0.8843115	0.7418478	0.96579367	1.0	1525	tags=12%, list=14%, signal=14%	
LYSOSOME LOCALIZATION%GOBP%GO:0032418	LYSOSOME LOCALIZATION%GOBP%GO:0032418		38	-0.2946915	-0.8839604	0.6553398	0.96592486	1.0	516	tags=13%, list=5%, signal=14%	
AMINO ACID METABOLIC PROCESS%GOBP%GO:0006520	AMINO ACID METABOLIC PROCESS%GOBP%GO:0006520		156	-0.22472484	-0.88393253	0.7654321	0.96514106	1.0	1505	tags=15%, list=14%, signal=18%	
MEMBRANE LIPID METABOLIC PROCESS%GOBP%GO:0006643	MEMBRANE LIPID METABOLIC PROCESS%GOBP%GO:0006643		121	-0.22979203	-0.883859	0.7762431	0.9644768	1.0	1365	tags=19%, list=12%, signal=21%	
ZINC ION TRANSPORT%GOBP%GO:0006829	ZINC ION TRANSPORT%GOBP%GO:0006829		20	-0.33418295	-0.88366306	0.62690353	0.9641521	1.0	1440	tags=30%, list=13%, signal=34%	
EGF SIGNALLING PATHWAY%SMPDB%SMP0063810	EGF SIGNALLING PATHWAY%SMPDB%SMP0063810		24	-0.31230155	-0.8831738	0.6412777	0.9646115	1.0	541	tags=8%, list=5%, signal=9%	
RRNA MODIFICATION%GOBP%GO:0000154	RRNA MODIFICATION%GOBP%GO:0000154		29	-0.29675812	-0.88289785	0.6526316	0.9644386	1.0	2944	tags=38%, list=27%, signal=52%	
BIOCARTA_PDGF_PATHWAY%MSIGDB_C2%BIOCARTA_PDGF_PATHWAY	BIOCARTA_PDGF_PATHWAY%MSIGDB_C2%BIOCARTA_PDGF_PATHWAY		21	-0.3227613	-0.8822015	0.6270784	0.9654145	1.0	541	tags=10%, list=5%, signal=10%	
GPI ANCHOR METABOLIC PROCESS%GOBP%GO:0006505	GPI ANCHOR METABOLIC PROCESS%GOBP%GO:0006505		22	-0.32188982	-0.8821053	0.6296296	0.9648319	1.0	1982	tags=27%, list=18%, signal=33%	
EMBRYONIC LIMB MORPHOGENESIS%GOBP%GO:0030326	EMBRYONIC LIMB MORPHOGENESIS%GOBP%GO:0030326		18	-0.34529012	-0.8820029	0.6440281	0.9642748	1.0	707	tags=11%, list=6%, signal=12%	
SIGNALING BY NOTCH1 IN CANCER%REACTOME%R-HSA-2644603.5	SIGNALING BY NOTCH1 IN CANCER%REACTOME%R-HSA-2644603.5		46	-0.27189586	-0.8815568	0.6770026	0.9646298	1.0	2493	tags=41%, list=23%, signal=53%	
MALONIC ACIDURIA%SMPDB%SMP0000198	MALONIC ACIDURIA%SMPDB%SMP0000198		15	-0.34514934	-0.88143045	0.6381579	0.9641283	1.0	3234	tags=47%, list=29%, signal=66%	
SARS-COV-2-HOST INTERACTIONS%REACTOME%R-HSA-9705683.4	SARS-COV-2-HOST INTERACTIONS%REACTOME%R-HSA-9705683.4		163	-0.22326839	-0.88073224	0.77134144	0.96514183	1.0	1736	tags=23%, list=16%, signal=27%	
CONSTITUTIVE SIGNALING BY NOTCH1 PEST DOMAIN MUTANTS%REACTOME DATABASE ID RELEASE 93%2644606	CONSTITUTIVE SIGNALING BY NOTCH1 PEST DOMAIN MUTANTS%REACTOME DATABASE ID RELEASE 93%2644606		46	-0.27189586	-0.8797777	0.6451613	0.96684176	1.0	2493	tags=41%, list=23%, signal=53%	
FOREBRAIN DEVELOPMENT%GOBP%GO:0030900	FOREBRAIN DEVELOPMENT%GOBP%GO:0030900		78	-0.24462937	-0.87973523	0.72328764	0.9660993	1.0	1822	tags=21%, list=17%, signal=24%	
PROTEIN IMPORT INTO MITOCHONDRIAL MATRIX%GOBP%GO:0030150	PROTEIN IMPORT INTO MITOCHONDRIAL MATRIX%GOBP%GO:0030150		20	-0.32943162	-0.8796588	0.6199095	0.96545994	1.0	1291	tags=20%, list=12%, signal=23%	
N GLYCAN BIOSYNTHESIS%WIKIPATHWAYS_20250810%WP5153%HOMO SAPIENS	N GLYCAN BIOSYNTHESIS%WIKIPATHWAYS_20250810%WP5153%HOMO SAPIENS		41	-0.2728875	-0.8789529	0.686636	0.9665247	1.0	1480	tags=17%, list=13%, signal=20%	
PROPANOATE METABOLISM%SMPDB%SMP0000016	PROPANOATE METABOLISM%SMPDB%SMP0000016		15	-0.34514934	-0.8770764	0.6330275	0.9707358	1.0	3234	tags=47%, list=29%, signal=66%	
DRUG ADME%REACTOME%R-HSA-9748784.5	DRUG ADME%REACTOME%R-HSA-9748784.5		36	-0.28637272	-0.87694895	0.66169155	0.9702284	1.0	836	tags=17%, list=8%, signal=18%	
CHROMATIN MODIFICATIONS DURING THE MATERNAL TO ZYGOTIC TRANSITION (MZT)%REACTOME DATABASE ID RELEASE 93%9821002	CHROMATIN MODIFICATIONS DURING THE MATERNAL TO ZYGOTIC TRANSITION (MZT)%REACTOME DATABASE ID RELEASE 93%9821002		23	-0.31339556	-0.8767333	0.66423357	0.9699482	1.0	2357	tags=43%, list=21%, signal=55%	
REGULATION OF PEPTIDE TRANSPORT%GOBP%GO:0090087	REGULATION OF PEPTIDE TRANSPORT%GOBP%GO:0090087		60	-0.25880367	-0.8763419	0.7037037	0.9701413	1.0	470	tags=7%, list=4%, signal=7%	
GLUTAMATE METABOLISM%PATHWHIZ%PW000003	GLUTAMATE METABOLISM%PATHWHIZ%PW000003		18	-0.34610236	-0.87627137	0.6067146	0.96950907	1.0	128	tags=6%, list=1%, signal=6%	
REGULATION OF EXTENT OF CELL GROWTH%GOBP%GO:0061387	REGULATION OF EXTENT OF CELL GROWTH%GOBP%GO:0061387		26	-0.31031182	-0.8760698	0.65931374	0.96918166	1.0	684	tags=15%, list=6%, signal=16%	
GLYCOSYL COMPOUND METABOLIC PROCESS%GOBP%GO:1901657	GLYCOSYL COMPOUND METABOLIC PROCESS%GOBP%GO:1901657		45	-0.271442	-0.8749663	0.6719577	0.97129035	1.0	1348	tags=22%, list=12%, signal=25%	
PEROXISOMAL PROTEIN IMPORT%REACTOME%R-HSA-9033241.5	PEROXISOMAL PROTEIN IMPORT%REACTOME%R-HSA-9033241.5		43	-0.27979228	-0.8749172	0.66933334	0.9705922	1.0	1330	tags=16%, list=12%, signal=18%	
GPI ANCHOR BIOSYNTHETIC PROCESS%GOBP%GO:0006506	GPI ANCHOR BIOSYNTHETIC PROCESS%GOBP%GO:0006506		22	-0.32188982	-0.87491083	0.6155718	0.9697665	1.0	1982	tags=27%, list=18%, signal=33%	
POSITIVE REGULATION OF TELOMERE MAINTENANCE%GOBP%GO:0032206	POSITIVE REGULATION OF TELOMERE MAINTENANCE%GOBP%GO:0032206		66	-0.2545799	-0.8746712	0.72069824	0.96954525	1.0	3069	tags=30%, list=28%, signal=42%	
FCERI MEDIATED CA+2 MOBILIZATION%REACTOME%R-HSA-2871809.3	FCERI MEDIATED CA+2 MOBILIZATION%REACTOME%R-HSA-2871809.3		26	-0.3014494	-0.87402797	0.64547676	0.9704482	1.0	1095	tags=27%, list=10%, signal=30%	
BCR-ABL ACTION IN CML PATHOGENESIS%SMPDB%SMP0031692	BCR-ABL ACTION IN CML PATHOGENESIS%SMPDB%SMP0031692		17	-0.337561	-0.87401736	0.6181818	0.9696364	1.0	695	tags=18%, list=6%, signal=19%	
DASATINIB INHIBITION OF BCR-ABL%PATHWHIZ%PW032594	DASATINIB INHIBITION OF BCR-ABL%PATHWHIZ%PW032594		17	-0.337561	-0.8739871	0.63171357	0.9688834	1.0	695	tags=18%, list=6%, signal=19%	
CONSTITUTIVE SIGNALING BY NOTCH1 HD+PEST DOMAIN MUTANTS%REACTOME DATABASE ID RELEASE 93%2894862	CONSTITUTIVE SIGNALING BY NOTCH1 HD+PEST DOMAIN MUTANTS%REACTOME DATABASE ID RELEASE 93%2894862		46	-0.27189586	-0.87278664	0.6857143	0.97118556	1.0	2493	tags=41%, list=23%, signal=53%	
RESPONSE TO TUMOR NECROSIS FACTOR%GOBP%GO:0034612	RESPONSE TO TUMOR NECROSIS FACTOR%GOBP%GO:0034612		78	-0.2435525	-0.8725189	0.74715906	0.9710459	1.0	1331	tags=13%, list=12%, signal=14%	
CYTOCHROME P450 - ARRANGED BY SUBSTRATE TYPE%REACTOME%R-HSA-211897.5	CYTOCHROME P450 - ARRANGED BY SUBSTRATE TYPE%REACTOME%R-HSA-211897.5		18	-0.33243066	-0.87113523	0.63420427	0.97386336	1.0	24	tags=6%, list=0%, signal=6%	
VITAMIN TRANSPORT%GOBP%GO:0051180	VITAMIN TRANSPORT%GOBP%GO:0051180		23	-0.3107129	-0.87095255	0.6666667	0.97347665	1.0	522	tags=13%, list=5%, signal=14%	
VESICLE CYTOSKELETAL TRAFFICKING%GOBP%GO:0099518	VESICLE CYTOSKELETAL TRAFFICKING%GOBP%GO:0099518		39	-0.277835	-0.8702877	0.670354	0.97437274	1.0	779	tags=13%, list=7%, signal=14%	
NUCLEOSIDE TRIPHOSPHATE BIOSYNTHETIC PROCESS%GOBP%GO:0009142	NUCLEOSIDE TRIPHOSPHATE BIOSYNTHETIC PROCESS%GOBP%GO:0009142		84	-0.23981947	-0.8701433	0.75354105	0.9739066	1.0	3051	tags=33%, list=28%, signal=46%	
ENDOCHONDRAL OSSIFICATION%WIKIPATHWAYS_20250810%WP474%HOMO SAPIENS	ENDOCHONDRAL OSSIFICATION%WIKIPATHWAYS_20250810%WP474%HOMO SAPIENS		19	-0.33193544	-0.8700955	0.64903843	0.9732067	1.0	374	tags=11%, list=3%, signal=11%	
BAFETINIB INHIBITION OF BCR-ABL%PATHWHIZ%PW032597	BAFETINIB INHIBITION OF BCR-ABL%PATHWHIZ%PW032597		17	-0.337561	-0.8699604	0.6217494	0.9727122	1.0	695	tags=18%, list=6%, signal=19%	
REGULATION OF PLASMA LIPOPROTEIN PARTICLE LEVELS%GOBP%GO:0097006	REGULATION OF PLASMA LIPOPROTEIN PARTICLE LEVELS%GOBP%GO:0097006		26	-0.2965025	-0.86984915	0.6751918	0.97217035	1.0	470	tags=12%, list=4%, signal=12%	
BOSUTINIB INHIBITION OF BCR-ABL%PATHWHIZ%PW032596	BOSUTINIB INHIBITION OF BCR-ABL%PATHWHIZ%PW032596		17	-0.337561	-0.8695815	0.64975846	0.9720703	1.0	695	tags=18%, list=6%, signal=19%	
E2F MEDIATED REGULATION OF DNA REPLICATION%REACTOME DATABASE ID RELEASE 93%113510	E2F MEDIATED REGULATION OF DNA REPLICATION%REACTOME DATABASE ID RELEASE 93%113510		21	-0.3216583	-0.86949825	0.6602871	0.9714837	1.0	1363	tags=24%, list=12%, signal=27%	
GLUCOSE CATABOLIC PROCESS%GOBP%GO:0006007	GLUCOSE CATABOLIC PROCESS%GOBP%GO:0006007		15	-0.34378347	-0.86808795	0.65925926	0.9742522	1.0	621	tags=13%, list=6%, signal=14%	
BIOCARTA_EGF_PATHWAY%MSIGDB_C2%BIOCARTA_EGF_PATHWAY	BIOCARTA_EGF_PATHWAY%MSIGDB_C2%BIOCARTA_EGF_PATHWAY		21	-0.3227613	-0.86783725	0.6455399	0.97406125	1.0	541	tags=10%, list=5%, signal=10%	
REGULATION OF AMYLOID PRECURSOR PROTEIN CATABOLIC PROCESS%GOBP%GO:1902991	REGULATION OF AMYLOID PRECURSOR PROTEIN CATABOLIC PROCESS%GOBP%GO:1902991		30	-0.29267484	-0.86748236	0.686747	0.97411174	1.0	2817	tags=37%, list=26%, signal=49%	
REGULATION OF STEM CELL POPULATION MAINTENANCE%GOBP%GO:2000036	REGULATION OF STEM CELL POPULATION MAINTENANCE%GOBP%GO:2000036		53	-0.26135015	-0.8673944	0.7358025	0.9735146	1.0	604	tags=9%, list=5%, signal=10%	
REGULATION OF PROTEIN-CONTAINING COMPLEX DISASSEMBLY%GOBP%GO:0043244	REGULATION OF PROTEIN-CONTAINING COMPLEX DISASSEMBLY%GOBP%GO:0043244		79	-0.24307144	-0.86718965	0.7479224	0.9732217	1.0	822	tags=9%, list=7%, signal=10%	
MATURATION OF TCA ENZYMES AND REGULATION OF TCA CYCLE%REACTOME DATABASE ID RELEASE 93%9854311	MATURATION OF TCA ENZYMES AND REGULATION OF TCA CYCLE%REACTOME DATABASE ID RELEASE 93%9854311		18	-0.33268026	-0.8661507	0.6698795	0.97504485	1.0	1219	tags=22%, list=11%, signal=25%	
PONATINIB INHIBITION OF BCR-ABL%PATHWHIZ%PW032598	PONATINIB INHIBITION OF BCR-ABL%PATHWHIZ%PW032598		17	-0.337561	-0.8656617	0.6642512	0.97549695	1.0	695	tags=18%, list=6%, signal=19%	
PURINE NUCLEOSIDE TRIPHOSPHATE BIOSYNTHETIC PROCESS%GOBP%GO:0009145	PURINE NUCLEOSIDE TRIPHOSPHATE BIOSYNTHETIC PROCESS%GOBP%GO:0009145		75	-0.24240468	-0.8651828	0.7331606	0.9758999	1.0	3214	tags=36%, list=29%, signal=51%	
ANATOMICAL STRUCTURE MATURATION%GOBP%GO:0071695	ANATOMICAL STRUCTURE MATURATION%GOBP%GO:0071695		50	-0.25994924	-0.8645475	0.72164947	0.97668475	1.0	663	tags=8%, list=6%, signal=8%	
PROTEIN O-LINKED GLYCOSYLATION VIA XYLOSE%GOBP%GO:0180064	PROTEIN O-LINKED GLYCOSYLATION VIA XYLOSE%GOBP%GO:0180064		34	-0.28602698	-0.86436373	0.71	0.9763551	1.0	296	tags=9%, list=3%, signal=9%	
TRANSLATIONAL INITIATION%GOBP%GO:0006413	TRANSLATIONAL INITIATION%GOBP%GO:0006413		57	-0.25350687	-0.86312234	0.7443609	0.97870123	1.0	737	tags=11%, list=7%, signal=11%	
ENDOCYTIC RECYCLING%GOBP%GO:0032456	ENDOCYTIC RECYCLING%GOBP%GO:0032456		62	-0.24714147	-0.86306965	0.71849865	0.9780067	1.0	768	tags=10%, list=7%, signal=10%	
VEGFR3 SIGNALING IN LYMPHATIC ENDOTHELIUM%PATHWAY INTERACTION DATABASE NCI-NATURE CURATED DATA%VEGFR3 SIGNALING IN LYMPHATIC ENDOTHELIUM	VEGFR3 SIGNALING IN LYMPHATIC ENDOTHELIUM%PATHWAY INTERACTION DATABASE NCI-NATURE CURATED DATA%VEGFR3 SIGNALING IN LYMPHATIC ENDOTHELIUM		18	-0.32341516	-0.86306685	0.63420427	0.97718275	1.0	756	tags=17%, list=7%, signal=18%	
ESTABLISHMENT OF PROTEIN LOCALIZATION TO PLASMA MEMBRANE%GOBP%GO:0061951	ESTABLISHMENT OF PROTEIN LOCALIZATION TO PLASMA MEMBRANE%GOBP%GO:0061951		37	-0.27520272	-0.86284614	0.7080292	0.9769173	1.0	518	tags=8%, list=5%, signal=8%	
PYRIMIDINE DEOXYRIBONUCLEOTIDE METABOLIC PROCESS%GOBP%GO:0009219	PYRIMIDINE DEOXYRIBONUCLEOTIDE METABOLIC PROCESS%GOBP%GO:0009219		19	-0.32000706	-0.8628415	0.66587114	0.97610164	1.0	2351	tags=42%, list=21%, signal=53%	
PURINE NUCLEOTIDE TRANSPORT%GOBP%GO:0015865	PURINE NUCLEOTIDE TRANSPORT%GOBP%GO:0015865		22	-0.313764	-0.86263704	0.6581395	0.9757713	1.0	674	tags=18%, list=6%, signal=19%	
POSITIVE REGULATION OF EXTRACELLULAR MATRIX ORGANIZATION%GOBP%GO:1903055	POSITIVE REGULATION OF EXTRACELLULAR MATRIX ORGANIZATION%GOBP%GO:1903055		17	-0.32871208	-0.8625726	0.63595504	0.9751133	1.0	1748	tags=24%, list=16%, signal=28%	
RECYCLING PATHWAY OF L1%REACTOME%R-HSA-437239.3	RECYCLING PATHWAY OF L1%REACTOME%R-HSA-437239.3		23	-0.31407765	-0.8625541	0.6838235	0.9743482	1.0	1477	tags=17%, list=13%, signal=20%	
OLIGOSACCHARIDE METABOLIC PROCESS%GOBP%GO:0009311	OLIGOSACCHARIDE METABOLIC PROCESS%GOBP%GO:0009311		26	-0.3003368	-0.86238796	0.695962	0.97392213	1.0	816	tags=12%, list=7%, signal=12%	
REGULATION OF NEUTROPHIL MIGRATION%GOBP%GO:1902622	REGULATION OF NEUTROPHIL MIGRATION%GOBP%GO:1902622		20	-0.31727168	-0.86222255	0.6261905	0.9735191	1.0	12	tags=5%, list=0%, signal=5%	
BIOCARTA_TPO_PATHWAY%MSIGDB_C2%BIOCARTA_TPO_PATHWAY	BIOCARTA_TPO_PATHWAY%MSIGDB_C2%BIOCARTA_TPO_PATHWAY		19	-0.33711913	-0.8622	0.64677805	0.97274673	1.0	541	tags=11%, list=5%, signal=11%	
ADENINE NUCLEOTIDE TRANSPORT%GOBP%GO:0051503	ADENINE NUCLEOTIDE TRANSPORT%GOBP%GO:0051503		22	-0.313764	-0.8619458	0.67356324	0.9725716	1.0	674	tags=18%, list=6%, signal=19%	
PURINE RIBONUCLEOSIDE TRIPHOSPHATE BIOSYNTHETIC PROCESS%GOBP%GO:0009206	PURINE RIBONUCLEOSIDE TRIPHOSPHATE BIOSYNTHETIC PROCESS%GOBP%GO:0009206		75	-0.24240468	-0.86180097	0.77656674	0.97207874	1.0	3214	tags=36%, list=29%, signal=51%	
TSH%NETPATH%TSH	TSH%NETPATH%TSH		16	-0.33904836	-0.8609083	0.6393035	0.9734726	1.0	35	tags=6%, list=0%, signal=6%	
METHYLMALONIC ACIDURIA DUE TO COBALAMIN-RELATED DISORDERS%PATHWHIZ%PW000208	METHYLMALONIC ACIDURIA DUE TO COBALAMIN-RELATED DISORDERS%PATHWHIZ%PW000208		15	-0.34514934	-0.8608491	0.65311	0.9728082	1.0	3234	tags=47%, list=29%, signal=66%	
MITOCHONDRIAL TRANSLATION TERMINATION%REACTOME%R-HSA-5419276.5	MITOCHONDRIAL TRANSLATION TERMINATION%REACTOME%R-HSA-5419276.5		97	-0.23263417	-0.86071694	0.8034682	0.9723322	1.0	1770	tags=19%, list=16%, signal=22%	
NUCLEOTIDE BIOSYNTHETIC PROCESS%GOBP%GO:0009165	NUCLEOTIDE BIOSYNTHETIC PROCESS%GOBP%GO:0009165		141	-0.21995848	-0.8600837	0.84011626	0.973109	1.0	1878	tags=17%, list=17%, signal=20%	
RHO GTPASES ACTIVATE CIT%REACTOME DATABASE ID RELEASE 93%5625900	RHO GTPASES ACTIVATE CIT%REACTOME DATABASE ID RELEASE 93%5625900		16	-0.33369616	-0.85954803	0.6582569	0.9736207	1.0	152	tags=6%, list=1%, signal=6%	
ENDOMETRIAL CANCER%WIKIPATHWAYS_20250810%WP4155%HOMO SAPIENS	ENDOMETRIAL CANCER%WIKIPATHWAYS_20250810%WP4155%HOMO SAPIENS		39	-0.2724228	-0.8594355	0.7036145	0.97308195	1.0	541	tags=8%, list=5%, signal=8%	
MICRORNAS IN CARDIOMYOCYTE HYPERTROPHY%WIKIPATHWAYS_20250810%WP1544%HOMO SAPIENS	MICRORNAS IN CARDIOMYOCYTE HYPERTROPHY%WIKIPATHWAYS_20250810%WP1544%HOMO SAPIENS		51	-0.26157996	-0.8588149	0.7121212	0.9738626	1.0	780	tags=14%, list=7%, signal=15%	
ACUTE MYELOID LEUKEMIA%WIKIPATHWAYS_20250810%WP5293%HOMO SAPIENS	ACUTE MYELOID LEUKEMIA%WIKIPATHWAYS_20250810%WP5293%HOMO SAPIENS		47	-0.27062017	-0.85842115	0.71611255	0.9740157	1.0	541	tags=9%, list=5%, signal=9%	
HDACS DEACETYLATE HISTONES%REACTOME%R-HSA-3214815.5	HDACS DEACETYLATE HISTONES%REACTOME%R-HSA-3214815.5		44	-0.26569223	-0.85838157	0.68434346	0.9732975	1.0	1623	tags=18%, list=15%, signal=21%	
PHOSPHODIESTERASES IN NEURONAL FUNCTION%WIKIPATHWAYS_20250810%WP4222%HOMO SAPIENS	PHOSPHODIESTERASES IN NEURONAL FUNCTION%WIKIPATHWAYS_20250810%WP4222%HOMO SAPIENS		18	-0.3248639	-0.8582384	0.6605081	0.9728419	1.0	295	tags=11%, list=3%, signal=11%	
COLUMNAR/CUBOIDAL EPITHELIAL CELL DIFFERENTIATION%GOBP%GO:0002065	COLUMNAR/CUBOIDAL EPITHELIAL CELL DIFFERENTIATION%GOBP%GO:0002065		15	-0.33970475	-0.8568219	0.6650602	0.9754389	1.0	42	tags=7%, list=0%, signal=7%	
REGULATION OF ALTERNATIVE MRNA SPLICING, VIA SPLICEOSOME%GOBP%GO:0000381	REGULATION OF ALTERNATIVE MRNA SPLICING, VIA SPLICEOSOME%GOBP%GO:0000381		54	-0.25330135	-0.85612917	0.7044855	0.9763368	1.0	301	tags=6%, list=3%, signal=6%	
TRANSCRIPTIONAL ACTIVITY OF SMAD2 SMAD3:SMAD4 HETEROTRIMER%REACTOME DATABASE ID RELEASE 93%2173793	TRANSCRIPTIONAL ACTIVITY OF SMAD2 SMAD3:SMAD4 HETEROTRIMER%REACTOME DATABASE ID RELEASE 93%2173793		45	-0.27082095	-0.85504574	0.71240103	0.97821	1.0	2011	tags=22%, list=18%, signal=27%	
TRNA MODIFICATION IN THE NUCLEUS AND CYTOSOL%REACTOME%R-HSA-6782315.8	TRNA MODIFICATION IN THE NUCLEUS AND CYTOSOL%REACTOME%R-HSA-6782315.8		40	-0.2734844	-0.8547722	0.72252744	0.9780988	1.0	1625	tags=18%, list=15%, signal=20%	
VASCULAR ENDOTHELIAL CELL RESPONSE TO FLUID SHEAR STRESS%GOBP%GO:0097699	VASCULAR ENDOTHELIAL CELL RESPONSE TO FLUID SHEAR STRESS%GOBP%GO:0097699		19	-0.3213598	-0.8547482	0.6415525	0.97734314	1.0	3072	tags=47%, list=28%, signal=66%	
RRNA TRANSCRIPTION%GOBP%GO:0009303	RRNA TRANSCRIPTION%GOBP%GO:0009303		19	-0.32818523	-0.8542485	0.675174	0.97774523	1.0	1519	tags=16%, list=14%, signal=18%	
AMINO ACID METABOLISM%WIKIPATHWAYS_20250810%WP3925%HOMO SAPIENS	AMINO ACID METABOLISM%WIKIPATHWAYS_20250810%WP3925%HOMO SAPIENS		41	-0.26725182	-0.8539846	0.73383087	0.9775841	1.0	1247	tags=15%, list=11%, signal=16%	
PURINERGIC SIGNALING IN LEISHMANIASIS INFECTION%REACTOME%R-HSA-9660826.3	PURINERGIC SIGNALING IN LEISHMANIASIS INFECTION%REACTOME%R-HSA-9660826.3		19	-0.3148529	-0.85348374	0.6791045	0.97799754	1.0	344	tags=11%, list=3%, signal=11%	
SIGNALING BY NOTCH2%REACTOME%R-HSA-1980145.4	SIGNALING BY NOTCH2%REACTOME%R-HSA-1980145.4		24	-0.30551204	-0.85309327	0.73657286	0.97813773	1.0	2436	tags=54%, list=22%, signal=69%	
PID_AMB2_NEUTROPHILS_PATHWAY%MSIGDB_C2%PID_AMB2_NEUTROPHILS_PATHWAY	PID_AMB2_NEUTROPHILS_PATHWAY%MSIGDB_C2%PID_AMB2_NEUTROPHILS_PATHWAY		18	-0.32241625	-0.85254157	0.69382715	0.9787053	1.0	1248	tags=22%, list=11%, signal=25%	
MODULATION BY SYMBIONT OF ENTRY INTO HOST%GOBP%GO:0052372	MODULATION BY SYMBIONT OF ENTRY INTO HOST%GOBP%GO:0052372		18	-0.32485446	-0.85250384	0.659204	0.9779769	1.0	962	tags=17%, list=9%, signal=18%	
NEURAL CREST DIFFERENTIATION%WIKIPATHWAYS_20250810%WP2064%HOMO SAPIENS	NEURAL CREST DIFFERENTIATION%WIKIPATHWAYS_20250810%WP2064%HOMO SAPIENS		33	-0.27978057	-0.8517322	0.6945813	0.9790015	1.0	1960	tags=27%, list=18%, signal=33%	
NEGATIVE REGULATION OF INTERLEUKIN-2 PRODUCTION%GOBP%GO:0032703	NEGATIVE REGULATION OF INTERLEUKIN-2 PRODUCTION%GOBP%GO:0032703		15	-0.34283823	-0.8516112	0.6527778	0.9784999	1.0	805	tags=27%, list=7%, signal=29%	
REGULATION OF PYRUVATE METABOLISM%REACTOME DATABASE ID RELEASE 93%9861718	REGULATION OF PYRUVATE METABOLISM%REACTOME DATABASE ID RELEASE 93%9861718		27	-0.29314086	-0.85108405	0.6689498	0.97898734	1.0	1976	tags=33%, list=18%, signal=41%	
POSITIVE REGULATION OF RECEPTOR SIGNALING PATHWAY VIA JAK-STAT%GOBP%GO:0046427	POSITIVE REGULATION OF RECEPTOR SIGNALING PATHWAY VIA JAK-STAT%GOBP%GO:0046427		18	-0.33072963	-0.8510368	0.6732673	0.9783015	1.0	1530	tags=33%, list=14%, signal=39%	
AORTIC VALVE DEVELOPMENT%GOBP%GO:0003176	AORTIC VALVE DEVELOPMENT%GOBP%GO:0003176		19	-0.31751445	-0.8504838	0.6516588	0.9788353	1.0	1967	tags=37%, list=18%, signal=45%	
PDGFR BETA PATHWAY%WIKIPATHWAYS_20250810%WP3972%HOMO SAPIENS	PDGFR BETA PATHWAY%WIKIPATHWAYS_20250810%WP3972%HOMO SAPIENS		22	-0.30882326	-0.8496878	0.69190603	0.97995704	1.0	541	tags=9%, list=5%, signal=10%	
NOVEL INTRACELLULAR COMPONENTS OF RIG I LIKE RECEPTOR PATHWAY%WIKIPATHWAYS_20250810%WP3865%HOMO SAPIENS	NOVEL INTRACELLULAR COMPONENTS OF RIG I LIKE RECEPTOR PATHWAY%WIKIPATHWAYS_20250810%WP3865%HOMO SAPIENS		47	-0.25553367	-0.8495892	0.7336683	0.97937137	1.0	1071	tags=11%, list=10%, signal=12%	
PID_ERBB2_ERBB3_PATHWAY%MSIGDB_C2%PID_ERBB2_ERBB3_PATHWAY	PID_ERBB2_ERBB3_PATHWAY%MSIGDB_C2%PID_ERBB2_ERBB3_PATHWAY		28	-0.2964197	-0.8495538	0.7004717	0.9786624	1.0	614	tags=11%, list=6%, signal=11%	
SIGNALING EVENTS MEDIATED BY PTP1B%PATHWAY INTERACTION DATABASE NCI-NATURE CURATED DATA%SIGNALING EVENTS MEDIATED BY PTP1B	SIGNALING EVENTS MEDIATED BY PTP1B%PATHWAY INTERACTION DATABASE NCI-NATURE CURATED DATA%SIGNALING EVENTS MEDIATED BY PTP1B		34	-0.2779872	-0.8490877	0.7105882	0.97893405	1.0	701	tags=12%, list=6%, signal=13%	
PID_PTP1B_PATHWAY%MSIGDB_C2%PID_PTP1B_PATHWAY	PID_PTP1B_PATHWAY%MSIGDB_C2%PID_PTP1B_PATHWAY		27	-0.2992007	-0.8488995	0.72076374	0.978594	1.0	701	tags=11%, list=6%, signal=12%	
REGULATION OF MEMBRANE PROTEIN ECTODOMAIN PROTEOLYSIS%GOBP%GO:0051043	REGULATION OF MEMBRANE PROTEIN ECTODOMAIN PROTEOLYSIS%GOBP%GO:0051043		18	-0.32982072	-0.8488256	0.6425	0.9779762	1.0	344	tags=11%, list=3%, signal=11%	
PERTURBATIONS TO HOST CELL AUTOPHAGY INDUCED BY SARS COV 2 PROTEINS%WIKIPATHWAYS_20250810%WP4936%HOMO SAPIENS	PERTURBATIONS TO HOST CELL AUTOPHAGY INDUCED BY SARS COV 2 PROTEINS%WIKIPATHWAYS_20250810%WP4936%HOMO SAPIENS		34	-0.28301984	-0.84841067	0.7277778	0.9781269	1.0	1243	tags=18%, list=11%, signal=20%	
ENTRAINMENT OF CIRCADIAN CLOCK%GOBP%GO:0009649	ENTRAINMENT OF CIRCADIAN CLOCK%GOBP%GO:0009649		21	-0.3111574	-0.8477822	0.6926952	0.9788312	1.0	585	tags=14%, list=5%, signal=15%	
POSITIVE REGULATION OF PROTEIN SECRETION%GOBP%GO:0050714	POSITIVE REGULATION OF PROTEIN SECRETION%GOBP%GO:0050714		59	-0.2477566	-0.8469868	0.77272725	0.9799008	1.0	1192	tags=15%, list=11%, signal=17%	
SELENIUM METABOLISM AND SELENOPROTEINS%WIKIPATHWAYS_20250810%WP28%HOMO SAPIENS	SELENIUM METABOLISM AND SELENOPROTEINS%WIKIPATHWAYS_20250810%WP28%HOMO SAPIENS		31	-0.28054032	-0.84683263	0.72115386	0.9794779	1.0	2340	tags=32%, list=21%, signal=41%	
CELL RECRUITMENT (PRO-INFLAMMATORY RESPONSE)%REACTOME%R-HSA-9664424.3	CELL RECRUITMENT (PRO-INFLAMMATORY RESPONSE)%REACTOME%R-HSA-9664424.3		19	-0.3148529	-0.84673697	0.65686274	0.97888106	1.0	344	tags=11%, list=3%, signal=11%	
REGULATION OF RUNX1 EXPRESSION AND ACTIVITY%REACTOME%R-HSA-8934593.2	REGULATION OF RUNX1 EXPRESSION AND ACTIVITY%REACTOME%R-HSA-8934593.2		16	-0.32832474	-0.84641594	0.67830426	0.9788651	1.0	1660	tags=31%, list=15%, signal=37%	
REGULATION OF SMOOTH MUSCLE CELL MIGRATION%GOBP%GO:0014910	REGULATION OF SMOOTH MUSCLE CELL MIGRATION%GOBP%GO:0014910		15	-0.33939323	-0.84603715	0.6706161	0.9789689	1.0	1049	tags=20%, list=10%, signal=22%	
REGULATION OF NEUTROPHIL CHEMOTAXIS%GOBP%GO:0090022	REGULATION OF NEUTROPHIL CHEMOTAXIS%GOBP%GO:0090022		18	-0.32743222	-0.8458966	0.6600877	0.97849786	1.0	12	tags=6%, list=0%, signal=6%	
PLASMA MEMBRANE REPAIR%GOBP%GO:0001778	PLASMA MEMBRANE REPAIR%GOBP%GO:0001778		17	-0.32914722	-0.8455903	0.6791569	0.97842723	1.0	2432	tags=41%, list=22%, signal=53%	
MITOCHONDRIAL FATTY ACID BETA-OXIDATION%REACTOME DATABASE ID RELEASE 93%77289	MITOCHONDRIAL FATTY ACID BETA-OXIDATION%REACTOME DATABASE ID RELEASE 93%77289		31	-0.27905613	-0.84470475	0.7070218	0.9797268	1.0	2948	tags=48%, list=27%, signal=66%	
PIGMENTATION%GOBP%GO:0043473	PIGMENTATION%GOBP%GO:0043473		54	-0.25731125	-0.84464	0.7984293	0.9790774	1.0	779	tags=11%, list=7%, signal=12%	
HALLMARK_OXIDATIVE_PHOSPHORYLATION%MSIGDBHALLMARK%HALLMARK_OXIDATIVE_PHOSPHORYLATION	HALLMARK_OXIDATIVE_PHOSPHORYLATION%MSIGDBHALLMARK%HALLMARK_OXIDATIVE_PHOSPHORYLATION		152	-0.2160158	-0.8442974	0.8680352	0.9790745	1.0	2386	tags=25%, list=22%, signal=31%	
INORGANIC ION IMPORT ACROSS PLASMA MEMBRANE%GOBP%GO:0099587	INORGANIC ION IMPORT ACROSS PLASMA MEMBRANE%GOBP%GO:0099587		31	-0.28440565	-0.8442063	0.7113924	0.97850007	1.0	408	tags=13%, list=4%, signal=13%	
NUCLEOTIDE TRANSPORT%GOBP%GO:0006862	NUCLEOTIDE TRANSPORT%GOBP%GO:0006862		28	-0.29206422	-0.84400964	0.69953054	0.9781983	1.0	1114	tags=21%, list=10%, signal=24%	
GNRH SIGNALING PATHWAY%PATHWHIZ%PW064816	GNRH SIGNALING PATHWAY%PATHWHIZ%PW064816		31	-0.28356707	-0.8437566	0.7128713	0.97804385	1.0	1029	tags=16%, list=9%, signal=18%	
PYRUVATE METABOLISM%REACTOME%R-HSA-70268.10	PYRUVATE METABOLISM%REACTOME%R-HSA-70268.10		36	-0.27157837	-0.8434614	0.7182045	0.9779558	1.0	1976	tags=28%, list=18%, signal=34%	
BIOCARTA_P38MAPK_PATHWAY%MSIGDB_C2%BIOCARTA_P38MAPK_PATHWAY	BIOCARTA_P38MAPK_PATHWAY%MSIGDB_C2%BIOCARTA_P38MAPK_PATHWAY		27	-0.2903305	-0.8427405	0.71532845	0.9787784	1.0	1399	tags=19%, list=13%, signal=21%	
P38 MAPK SIGNALING%WIKIPATHWAYS_20250810%WP400%HOMO SAPIENS	P38 MAPK SIGNALING%WIKIPATHWAYS_20250810%WP400%HOMO SAPIENS		26	-0.29475567	-0.84199315	0.7090909	0.9797362	1.0	1399	tags=19%, list=13%, signal=22%	
NEGATIVE REGULATION OF LEUKOCYTE MIGRATION%GOBP%GO:0002686	NEGATIVE REGULATION OF LEUKOCYTE MIGRATION%GOBP%GO:0002686		21	-0.3132257	-0.84184694	0.68203884	0.97928596	1.0	795	tags=14%, list=7%, signal=15%	
POSITIVE REGULATION OF OSTEOBLAST DIFFERENTIATION%GOBP%GO:0045669	POSITIVE REGULATION OF OSTEOBLAST DIFFERENTIATION%GOBP%GO:0045669		23	-0.306385	-0.84175706	0.7115839	0.97870165	1.0	1873	tags=35%, list=17%, signal=42%	
PROTEIN LOCALIZATION TO CYTOSKELETON%GOBP%GO:0044380	PROTEIN LOCALIZATION TO CYTOSKELETON%GOBP%GO:0044380		34	-0.27366397	-0.84138143	0.72182256	0.9787971	1.0	1150	tags=12%, list=10%, signal=13%	
PROTON MOTIVE FORCE-DRIVEN ATP SYNTHESIS%GOBP%GO:0015986	PROTON MOTIVE FORCE-DRIVEN ATP SYNTHESIS%GOBP%GO:0015986		66	-0.24080886	-0.84124535	0.7607527	0.9783312	1.0	3214	tags=36%, list=29%, signal=51%	
ORGANOPHOSPHATE ESTER TRANSPORT%GOBP%GO:0015748	ORGANOPHOSPHATE ESTER TRANSPORT%GOBP%GO:0015748		94	-0.22684638	-0.84056	0.8138889	0.97911006	1.0	1849	tags=20%, list=17%, signal=24%	
POSITIVE REGULATION OF POST-TRANSLATIONAL PROTEIN MODIFICATION%GOBP%GO:1901875	POSITIVE REGULATION OF POST-TRANSLATIONAL PROTEIN MODIFICATION%GOBP%GO:1901875		88	-0.23151009	-0.8404082	0.8351064	0.9786609	1.0	1276	tags=13%, list=12%, signal=14%	
FATTY-ACYL-COA BIOSYNTHETIC PROCESS%GOBP%GO:0046949	FATTY-ACYL-COA BIOSYNTHETIC PROCESS%GOBP%GO:0046949		21	-0.3047751	-0.83993995	0.68139535	0.97891074	1.0	1981	tags=33%, list=18%, signal=41%	
PLASMA MEMBRANE ORGANIZATION%GOBP%GO:0007009	PLASMA MEMBRANE ORGANIZATION%GOBP%GO:0007009		65	-0.2427253	-0.8394494	0.76454294	0.9792043	1.0	1966	tags=23%, list=18%, signal=28%	
INORGANIC CATION IMPORT ACROSS PLASMA MEMBRANE%GOBP%GO:0098659	INORGANIC CATION IMPORT ACROSS PLASMA MEMBRANE%GOBP%GO:0098659		31	-0.28440565	-0.83885115	0.72422063	0.97978926	1.0	408	tags=13%, list=4%, signal=13%	
ORGANELLE TRANSPORT ALONG MICROTUBULE%GOBP%GO:0072384	ORGANELLE TRANSPORT ALONG MICROTUBULE%GOBP%GO:0072384		59	-0.24776523	-0.83741605	0.7741117	0.98227865	1.0	779	tags=12%, list=7%, signal=13%	
BRAIN DEVELOPMENT%GOBP%GO:0007420	BRAIN DEVELOPMENT%GOBP%GO:0007420		195	-0.20272756	-0.83675593	0.9247649	0.9829991	1.0	1135	tags=13%, list=10%, signal=14%	
CLEAVAGE OF THE DAMAGED PYRIMIDINE%REACTOME%R-HSA-110329.4	CLEAVAGE OF THE DAMAGED PYRIMIDINE%REACTOME%R-HSA-110329.4		29	-0.279211	-0.8366402	0.7100737	0.98249054	1.0	2357	tags=38%, list=21%, signal=48%	
NEGATIVE REGULATION OF CELL JUNCTION ASSEMBLY%GOBP%GO:1901889	NEGATIVE REGULATION OF CELL JUNCTION ASSEMBLY%GOBP%GO:1901889		22	-0.30622455	-0.8362832	0.72864324	0.9825219	1.0	744	tags=14%, list=7%, signal=15%	
ADIPOGENESIS%WIKIPATHWAYS_20250810%WP236%HOMO SAPIENS	ADIPOGENESIS%WIKIPATHWAYS_20250810%WP236%HOMO SAPIENS		61	-0.24199389	-0.836087	0.79539645	0.9821838	1.0	1626	tags=16%, list=15%, signal=19%	
MORPHOGENESIS OF AN EPITHELIUM%GOBP%GO:0002009	MORPHOGENESIS OF AN EPITHELIUM%GOBP%GO:0002009		97	-0.22517885	-0.83574975	0.8689459	0.9821674	1.0	2151	tags=21%, list=20%, signal=25%	
RHOJ GTPASE CYCLE%REACTOME DATABASE ID RELEASE 93%9013409	RHOJ GTPASE CYCLE%REACTOME DATABASE ID RELEASE 93%9013409		47	-0.2631172	-0.8354776	0.7424594	0.98197824	1.0	2449	tags=30%, list=22%, signal=38%	
CARDIAC MUSCLE CELL DIFFERENTIATION%GOBP%GO:0055007	CARDIAC MUSCLE CELL DIFFERENTIATION%GOBP%GO:0055007		16	-0.33480343	-0.8339398	0.6956522	0.9846684	1.0	1374	tags=25%, list=13%, signal=29%	
MORPHOGENESIS OF A POLARIZED EPITHELIUM%GOBP%GO:0001738	MORPHOGENESIS OF A POLARIZED EPITHELIUM%GOBP%GO:0001738		16	-0.3365655	-0.83356756	0.68115944	0.98473424	1.0	1529	tags=19%, list=14%, signal=22%	
ATP SYNTHESIS COUPLED ELECTRON TRANSPORT%GOBP%GO:0042773	ATP SYNTHESIS COUPLED ELECTRON TRANSPORT%GOBP%GO:0042773		73	-0.2326752	-0.8332075	0.8291457	0.9847417	1.0	2650	tags=26%, list=24%, signal=34%	
REGULATION OF LIPID BIOSYNTHETIC PROCESS%GOBP%GO:0046890	REGULATION OF LIPID BIOSYNTHETIC PROCESS%GOBP%GO:0046890		89	-0.22299814	-0.8330488	0.85915494	0.98428345	1.0	1147	tags=13%, list=10%, signal=15%	
RESPONSE TO LAMINAR FLUID SHEAR STRESS%GOBP%GO:0034616	RESPONSE TO LAMINAR FLUID SHEAR STRESS%GOBP%GO:0034616		22	-0.30017233	-0.83031696	0.7344913	0.98959047	1.0	3245	tags=45%, list=30%, signal=64%	
FATTY ACID DERIVATIVE BIOSYNTHETIC PROCESS%GOBP%GO:1901570	FATTY ACID DERIVATIVE BIOSYNTHETIC PROCESS%GOBP%GO:1901570		27	-0.28575134	-0.8301827	0.7227723	0.9891007	1.0	1981	tags=33%, list=18%, signal=41%	
PID_ERA_GENOMIC_PATHWAY%MSIGDB_C2%PID_ERA_GENOMIC_PATHWAY	PID_ERA_GENOMIC_PATHWAY%MSIGDB_C2%PID_ERA_GENOMIC_PATHWAY		34	-0.27033645	-0.8299229	0.7381546	0.98890835	1.0	1748	tags=21%, list=16%, signal=24%	
SIGNALING BY NOTCH1%REACTOME DATABASE ID RELEASE 93%1980143	SIGNALING BY NOTCH1%REACTOME DATABASE ID RELEASE 93%1980143		57	-0.24826634	-0.829023	0.8095238	0.9901238	1.0	2003	tags=28%, list=18%, signal=34%	
MEIOTIC NUCLEAR DIVISION%GOBP%GO:0140013	MEIOTIC NUCLEAR DIVISION%GOBP%GO:0140013		70	-0.23426825	-0.82881874	0.7964377	0.9898156	1.0	48	tags=3%, list=0%, signal=3%	
SUMOYLATION OF INTRACELLULAR RECEPTORS%REACTOME%R-HSA-4090294.5	SUMOYLATION OF INTRACELLULAR RECEPTORS%REACTOME%R-HSA-4090294.5		20	-0.31289425	-0.82868826	0.7063291	0.9892979	1.0	914	tags=15%, list=8%, signal=16%	
BMP RECEPTOR SIGNALING%PATHWAY INTERACTION DATABASE NCI-NATURE CURATED DATA%BMP RECEPTOR SIGNALING	BMP RECEPTOR SIGNALING%PATHWAY INTERACTION DATABASE NCI-NATURE CURATED DATA%BMP RECEPTOR SIGNALING		26	-0.2880458	-0.82728237	0.73141485	0.9915489	1.0	1748	tags=27%, list=16%, signal=32%	
AEROBIC ELECTRON TRANSPORT CHAIN%GOBP%GO:0019646	AEROBIC ELECTRON TRANSPORT CHAIN%GOBP%GO:0019646		72	-0.23901378	-0.82676196	0.7845304	0.9918825	1.0	2650	tags=26%, list=24%, signal=35%	
IRON UPTAKE AND TRANSPORT%REACTOME DATABASE ID RELEASE 93%917937	IRON UPTAKE AND TRANSPORT%REACTOME DATABASE ID RELEASE 93%917937		40	-0.2660377	-0.82609695	0.757732	0.9925852	1.0	1301	tags=20%, list=12%, signal=23%	
MODIFIED AMINO ACID METABOLIC PROCESS%GOBP%GO:0006575	MODIFIED AMINO ACID METABOLIC PROCESS%GOBP%GO:0006575		84	-0.23140608	-0.8258269	0.80547947	0.99240035	1.0	1942	tags=24%, list=18%, signal=29%	
16P12 2 COPY NUMBER VARIATION SYNDROME 520KB %WIKIPATHWAYS_20250810%WP5510%HOMO SAPIENS	16P12 2 COPY NUMBER VARIATION SYNDROME 520KB %WIKIPATHWAYS_20250810%WP5510%HOMO SAPIENS		38	-0.2683913	-0.8250617	0.7579462	0.99324065	1.0	3071	tags=34%, list=28%, signal=47%	
INTRACELLULAR SIGNALLING THROUGH ADENOSINE RECEPTOR A2B AND ADENOSINE%SMPDB%SMP0000321	INTRACELLULAR SIGNALLING THROUGH ADENOSINE RECEPTOR A2B AND ADENOSINE%SMPDB%SMP0000321		34	-0.27045593	-0.8231476	0.7535545	0.99658394	1.0	3023	tags=38%, list=28%, signal=53%	
DEPYRIMIDINATION%REACTOME%R-HSA-73928.3	DEPYRIMIDINATION%REACTOME%R-HSA-73928.3		29	-0.279211	-0.8224781	0.74623114	0.9972	1.0	2357	tags=38%, list=21%, signal=48%	
MITOCHONDRIAL ATP SYNTHESIS COUPLED ELECTRON TRANSPORT%GOBP%GO:0042775	MITOCHONDRIAL ATP SYNTHESIS COUPLED ELECTRON TRANSPORT%GOBP%GO:0042775		73	-0.2326752	-0.8222927	0.8688119	0.9968089	1.0	2650	tags=26%, list=24%, signal=34%	
POSITIVE REGULATION OF PROTEIN TARGETING TO MITOCHONDRION%GOBP%GO:1903955	POSITIVE REGULATION OF PROTEIN TARGETING TO MITOCHONDRION%GOBP%GO:1903955		26	-0.28403997	-0.8216017	0.74129355	0.9974743	1.0	572	tags=12%, list=5%, signal=12%	
PID_TCPTP_PATHWAY%MSIGDB_C2%PID_TCPTP_PATHWAY	PID_TCPTP_PATHWAY%MSIGDB_C2%PID_TCPTP_PATHWAY		26	-0.2887455	-0.82107466	0.75124377	0.9978833	1.0	541	tags=12%, list=5%, signal=12%	
RECOGNITION AND ASSOCIATION OF DNA GLYCOSYLASE WITH SITE CONTAINING AN AFFECTED PYRIMIDINE%REACTOME%R-HSA-110328.4	RECOGNITION AND ASSOCIATION OF DNA GLYCOSYLASE WITH SITE CONTAINING AN AFFECTED PYRIMIDINE%REACTOME%R-HSA-110328.4		29	-0.279211	-0.8197847	0.74523807	0.99985045	1.0	2357	tags=38%, list=21%, signal=48%	
RHO GTPASES ACTIVATE PKNS%REACTOME DATABASE ID RELEASE 93%5625740	RHO GTPASES ACTIVATE PKNS%REACTOME DATABASE ID RELEASE 93%5625740		44	-0.25994137	-0.8197324	0.77837837	0.99918085	1.0	567	tags=9%, list=5%, signal=10%	
RESPIRATORY ELECTRON TRANSPORT CHAIN%GOBP%GO:0022904	RESPIRATORY ELECTRON TRANSPORT CHAIN%GOBP%GO:0022904		77	-0.2285789	-0.8188849	0.85359114	1.0	1.0	2386	tags=23%, list=22%, signal=30%	
NUCLEOTIDE BINDING OLIGOMERIZATION DOMAIN NOD PATHWAY%WIKIPATHWAYS_20250810%WP1433%HOMO SAPIENS	NUCLEOTIDE BINDING OLIGOMERIZATION DOMAIN NOD PATHWAY%WIKIPATHWAYS_20250810%WP1433%HOMO SAPIENS		23	-0.28946432	-0.81846946	0.7657431	1.0	1.0	2145	tags=26%, list=20%, signal=32%	
RRNA METHYLATION%GOBP%GO:0031167	RRNA METHYLATION%GOBP%GO:0031167		19	-0.3049435	-0.8184206	0.7040573	0.999587	1.0	1912	tags=26%, list=17%, signal=32%	
MEIOTIC CELL CYCLE PROCESS%GOBP%GO:1903046	MEIOTIC CELL CYCLE PROCESS%GOBP%GO:1903046		83	-0.22266385	-0.8177692	0.84864867	1.0	1.0	940	tags=8%, list=9%, signal=9%	
TGF BETA RECEPTOR SIGNALING%WIKIPATHWAYS_20250810%WP560%HOMO SAPIENS	TGF BETA RECEPTOR SIGNALING%WIKIPATHWAYS_20250810%WP560%HOMO SAPIENS		33	-0.26721784	-0.8175866	0.757732	0.99972796	1.0	707	tags=9%, list=6%, signal=10%	
PLACENTA DEVELOPMENT%GOBP%GO:0001890	PLACENTA DEVELOPMENT%GOBP%GO:0001890		21	-0.29764077	-0.8172269	0.718894	0.99972993	1.0	2017	tags=33%, list=18%, signal=41%	
ZINC ION TRANSMEMBRANE TRANSPORT%GOBP%GO:0071577	ZINC ION TRANSMEMBRANE TRANSPORT%GOBP%GO:0071577		18	-0.31468016	-0.81684333	0.7334906	0.9997526	1.0	1440	tags=28%, list=13%, signal=32%	
WNT SIGNALING NETPATH%WIKIPATHWAYS_20250810%WP363%HOMO SAPIENS	WNT SIGNALING NETPATH%WIKIPATHWAYS_20250810%WP363%HOMO SAPIENS		35	-0.26608694	-0.81653005	0.77608144	0.9996391	1.0	621	tags=11%, list=6%, signal=12%	
VIRAL LIFE CYCLE%GOBP%GO:0019058	VIRAL LIFE CYCLE%GOBP%GO:0019058		85	-0.22552817	-0.81552845	0.8762626	1.0	1.0	1714	tags=18%, list=16%, signal=21%	
LEPTIN%IOB%LEPTIN	LEPTIN%IOB%LEPTIN		16	-0.31592944	-0.8151962	0.72921616	1.0	1.0	756	tags=19%, list=7%, signal=20%	
CELLULAR RESPONSE TO HYDROGEN PEROXIDE%GOBP%GO:0070301	CELLULAR RESPONSE TO HYDROGEN PEROXIDE%GOBP%GO:0070301		27	-0.28025723	-0.8151816	0.76155716	0.99999636	1.0	805	tags=15%, list=7%, signal=16%	
RIBONUCLEOSIDE TRIPHOSPHATE BIOSYNTHETIC PROCESS%GOBP%GO:0009201	RIBONUCLEOSIDE TRIPHOSPHATE BIOSYNTHETIC PROCESS%GOBP%GO:0009201		79	-0.22726679	-0.8149651	0.8817204	0.99967784	1.0	3214	tags=35%, list=29%, signal=50%	
PID_NFKAPPAB_CANONICAL_PATHWAY%MSIGDB_C2%PID_NFKAPPAB_CANONICAL_PATHWAY	PID_NFKAPPAB_CANONICAL_PATHWAY%MSIGDB_C2%PID_NFKAPPAB_CANONICAL_PATHWAY		18	-0.30960512	-0.8147676	0.70615035	0.9993243	1.0	2145	tags=22%, list=20%, signal=28%	
POSITIVE REGULATION OF PROTEIN UBIQUITINATION%GOBP%GO:0031398	POSITIVE REGULATION OF PROTEIN UBIQUITINATION%GOBP%GO:0031398		68	-0.23170042	-0.8130869	0.85164833	1.0	1.0	810	tags=9%, list=7%, signal=9%	
SIGNALING BY BMP%REACTOME%R-HSA-201451.6	SIGNALING BY BMP%REACTOME%R-HSA-201451.6		20	-0.30250064	-0.8125748	0.7326969	1.0	1.0	1997	tags=40%, list=18%, signal=49%	
VASOPRESSIN REGULATED WATER REABSORPTION%WIKIPATHWAYS_20250810%WP5085%HOMO SAPIENS	VASOPRESSIN REGULATED WATER REABSORPTION%WIKIPATHWAYS_20250810%WP5085%HOMO SAPIENS		26	-0.2895963	-0.8124828	0.7351485	1.0	1.0	33	tags=4%, list=0%, signal=4%	
PORPHYRIN-CONTAINING COMPOUND METABOLIC PROCESS%GOBP%GO:0006778	PORPHYRIN-CONTAINING COMPOUND METABOLIC PROCESS%GOBP%GO:0006778		27	-0.28307372	-0.8122802	0.78608245	1.0	1.0	1090	tags=22%, list=10%, signal=25%	
REGULATION OF T-HELPER 17 TYPE IMMUNE RESPONSE%GOBP%GO:2000316	REGULATION OF T-HELPER 17 TYPE IMMUNE RESPONSE%GOBP%GO:2000316		24	-0.2917372	-0.8122063	0.73159146	1.0	1.0	795	tags=21%, list=7%, signal=22%	
RNA 5'-END PROCESSING%GOBP%GO:0000966	RNA 5'-END PROCESSING%GOBP%GO:0000966		33	-0.2614409	-0.81206644	0.80963856	1.0	1.0	433	tags=6%, list=4%, signal=6%	
OXIDATIVE STRESS RESPONSE%PANTHER PATHWAY%P00046	OXIDATIVE STRESS RESPONSE%PANTHER PATHWAY%P00046		22	-0.29112253	-0.8116162	0.7354369	1.0	1.0	1399	tags=23%, list=13%, signal=26%	
NEGATIVE REGULATION OF HIPPO SIGNALING%GOBP%GO:0035331	NEGATIVE REGULATION OF HIPPO SIGNALING%GOBP%GO:0035331		19	-0.3056053	-0.8100057	0.7512077	1.0	1.0	756	tags=11%, list=7%, signal=11%	
RNA MODIFICATION%GOBP%GO:0009451	RNA MODIFICATION%GOBP%GO:0009451		139	-0.20559634	-0.8099814	0.9175824	1.0	1.0	2954	tags=30%, list=27%, signal=41%	
DETECTION OF MECHANICAL STIMULUS%GOBP%GO:0050982	DETECTION OF MECHANICAL STIMULUS%GOBP%GO:0050982		17	-0.31357625	-0.80950373	0.71363634	1.0	1.0	2379	tags=29%, list=22%, signal=37%	
C-MYC PATHWAY%PATHWAY INTERACTION DATABASE NCI-NATURE CURATED DATA%C-MYC PATHWAY	C-MYC PATHWAY%PATHWAY INTERACTION DATABASE NCI-NATURE CURATED DATA%C-MYC PATHWAY		23	-0.28925192	-0.8082616	0.7591743	1.0	1.0	1053	tags=17%, list=10%, signal=19%	
PURINE-CONTAINING COMPOUND TRANSMEMBRANE TRANSPORT%GOBP%GO:0072530	PURINE-CONTAINING COMPOUND TRANSMEMBRANE TRANSPORT%GOBP%GO:0072530		18	-0.31216872	-0.80752283	0.73007715	1.0	1.0	394	tags=11%, list=4%, signal=12%	
HISTONE MRNA METABOLIC PROCESS%GOBP%GO:0008334	HISTONE MRNA METABOLIC PROCESS%GOBP%GO:0008334		19	-0.30634165	-0.8074974	0.7385321	1.0	1.0	1486	tags=32%, list=14%, signal=36%	
PEPTIDYL-TYROSINE MODIFICATION%GOBP%GO:0018212	PEPTIDYL-TYROSINE MODIFICATION%GOBP%GO:0018212		27	-0.286222	-0.8072751	0.7413793	1.0	1.0	1590	tags=22%, list=14%, signal=26%	
ENDOTHELIUM DEVELOPMENT%GOBP%GO:0003158	ENDOTHELIUM DEVELOPMENT%GOBP%GO:0003158		40	-0.24932079	-0.80713624	0.8051282	1.0	1.0	1997	tags=28%, list=18%, signal=33%	
METALLO-SULFUR CLUSTER ASSEMBLY%GOBP%GO:0031163	METALLO-SULFUR CLUSTER ASSEMBLY%GOBP%GO:0031163		23	-0.28218293	-0.8065614	0.7549505	1.0	1.0	1707	tags=22%, list=16%, signal=26%	
GASTRIC CANCER NETWORK 2%WIKIPATHWAYS_20250810%WP2363%HOMO SAPIENS	GASTRIC CANCER NETWORK 2%WIKIPATHWAYS_20250810%WP2363%HOMO SAPIENS		25	-0.2816187	-0.8058318	0.7647059	1.0	1.0	726	tags=12%, list=7%, signal=13%	
POSITIVE EPIGENETIC REGULATION OF RRNA EXPRESSION%REACTOME DATABASE ID RELEASE 93%5250913	POSITIVE EPIGENETIC REGULATION OF RRNA EXPRESSION%REACTOME DATABASE ID RELEASE 93%5250913		59	-0.23173676	-0.80411834	0.8586118	1.0	1.0	1024	tags=14%, list=9%, signal=15%	
REGULATION OF ATP METABOLIC PROCESS%GOBP%GO:1903578	REGULATION OF ATP METABOLIC PROCESS%GOBP%GO:1903578		41	-0.25428	-0.8038576	0.7984887	1.0	1.0	914	tags=15%, list=8%, signal=16%	
REGULATION OF DNA STRAND ELONGATION%GOBP%GO:0060382	REGULATION OF DNA STRAND ELONGATION%GOBP%GO:0060382		16	-0.3079848	-0.80343354	0.7544757	1.0	1.0	2390	tags=31%, list=22%, signal=40%	
REGULATION OF STEROID METABOLIC PROCESS%GOBP%GO:0019218	REGULATION OF STEROID METABOLIC PROCESS%GOBP%GO:0019218		41	-0.25809443	-0.8023086	0.8	1.0	1.0	2766	tags=34%, list=25%, signal=45%	
MITOCHONDRIAL ELECTRON TRANSPORT, NADH TO UBIQUINONE%GOBP%GO:0006120	MITOCHONDRIAL ELECTRON TRANSPORT, NADH TO UBIQUINONE%GOBP%GO:0006120		41	-0.2556895	-0.801396	0.82722515	1.0	1.0	2019	tags=24%, list=18%, signal=30%	
BMP SIGNALING PATHWAY%GOBP%GO:0030509	BMP SIGNALING PATHWAY%GOBP%GO:0030509		23	-0.2804027	-0.8005592	0.7835294	1.0	1.0	1796	tags=35%, list=16%, signal=41%	
FORMATION OF THE NON-CANONICAL BAF (NCBAF) COMPLEX%REACTOME%R-HSA-9933947.1	FORMATION OF THE NON-CANONICAL BAF (NCBAF) COMPLEX%REACTOME%R-HSA-9933947.1		17	-0.30156672	-0.79893625	0.7231121	1.0	1.0	1122	tags=24%, list=10%, signal=26%	
INTERCONVERSION OF NUCLEOTIDE DI- AND TRIPHOSPHATES%REACTOME DATABASE ID RELEASE 93%499943	INTERCONVERSION OF NUCLEOTIDE DI- AND TRIPHOSPHATES%REACTOME DATABASE ID RELEASE 93%499943		25	-0.28500012	-0.7989231	0.76942354	1.0	1.0	1878	tags=32%, list=17%, signal=39%	
E-CADHERIN SIGNALING IN KERATINOCYTES%PATHWAY INTERACTION DATABASE NCI-NATURE CURATED DATA%E-CADHERIN SIGNALING IN KERATINOCYTES	E-CADHERIN SIGNALING IN KERATINOCYTES%PATHWAY INTERACTION DATABASE NCI-NATURE CURATED DATA%E-CADHERIN SIGNALING IN KERATINOCYTES		17	-0.31285045	-0.7985292	0.752551	1.0	1.0	968	tags=18%, list=9%, signal=19%	
ADORA2B MEDIATED ANTI-INFLAMMATORY CYTOKINES PRODUCTION%REACTOME%R-HSA-9660821.4	ADORA2B MEDIATED ANTI-INFLAMMATORY CYTOKINES PRODUCTION%REACTOME%R-HSA-9660821.4		24	-0.28190303	-0.7985138	0.7704545	1.0	1.0	1031	tags=17%, list=9%, signal=18%	
DNA REPAIR-DEPENDENT CHROMATIN REMODELING%GOBP%GO:0140861	DNA REPAIR-DEPENDENT CHROMATIN REMODELING%GOBP%GO:0140861		24	-0.28473336	-0.7981821	0.77619046	1.0	1.0	268	tags=8%, list=2%, signal=9%	
ALSTROM SYNDROME%WIKIPATHWAYS_20250810%WP5202%HOMO SAPIENS	ALSTROM SYNDROME%WIKIPATHWAYS_20250810%WP5202%HOMO SAPIENS		25	-0.2825762	-0.79771656	0.7595238	1.0	1.0	1150	tags=12%, list=10%, signal=13%	
POSITIVE REGULATION OF PROTEIN MODIFICATION BY SMALL PROTEIN CONJUGATION OR REMOVAL%GOBP%GO:1903322	POSITIVE REGULATION OF PROTEIN MODIFICATION BY SMALL PROTEIN CONJUGATION OR REMOVAL%GOBP%GO:1903322		87	-0.21920563	-0.79653734	0.8972973	1.0	1.0	914	tags=9%, list=8%, signal=10%	
ZINC HOMEOSTASIS%WIKIPATHWAYS_20250810%WP3529%HOMO SAPIENS	ZINC HOMEOSTASIS%WIKIPATHWAYS_20250810%WP3529%HOMO SAPIENS		18	-0.30234376	-0.79587334	0.74816626	1.0	1.0	1440	tags=22%, list=13%, signal=26%	
PID_P75_NTR_PATHWAY%MSIGDB_C2%PID_P75_NTR_PATHWAY	PID_P75_NTR_PATHWAY%MSIGDB_C2%PID_P75_NTR_PATHWAY		43	-0.25080788	-0.7956511	0.8207071	1.0	1.0	1187	tags=14%, list=11%, signal=16%	
RESPONSE TO FLUID SHEAR STRESS%GOBP%GO:0034405	RESPONSE TO FLUID SHEAR STRESS%GOBP%GO:0034405		32	-0.26592714	-0.7955471	0.789731	1.0	1.0	3375	tags=47%, list=31%, signal=67%	
PTERIDINE-CONTAINING COMPOUND METABOLIC PROCESS%GOBP%GO:0042558	PTERIDINE-CONTAINING COMPOUND METABOLIC PROCESS%GOBP%GO:0042558		22	-0.28392503	-0.79550207	0.75813955	1.0	1.0	2073	tags=27%, list=19%, signal=34%	
NUCLEOSIDE MONOPHOSPHATE METABOLIC PROCESS%GOBP%GO:0009123	NUCLEOSIDE MONOPHOSPHATE METABOLIC PROCESS%GOBP%GO:0009123		31	-0.2707698	-0.7954079	0.78643215	1.0	1.0	2556	tags=32%, list=23%, signal=42%	
PEPTIDYL-TYROSINE PHOSPHORYLATION%GOBP%GO:0018108	PEPTIDYL-TYROSINE PHOSPHORYLATION%GOBP%GO:0018108		26	-0.2740253	-0.7951574	0.79949874	1.0	1.0	722	tags=12%, list=7%, signal=12%	
PROTEIN LOCALIZATION TO CHROMATIN%GOBP%GO:0071168	PROTEIN LOCALIZATION TO CHROMATIN%GOBP%GO:0071168		31	-0.2667582	-0.79490954	0.80253166	1.0	1.0	1722	tags=29%, list=16%, signal=34%	
PLATELET SENSITIZATION BY LDL%REACTOME%R-HSA-432142.4	PLATELET SENSITIZATION BY LDL%REACTOME%R-HSA-432142.4		16	-0.31263852	-0.7940399	0.7296651	1.0	1.0	1214	tags=19%, list=11%, signal=21%	
HALLMARK_WNT_BETA_CATENIN_SIGNALING%MSIGDBHALLMARK%HALLMARK_WNT_BETA_CATENIN_SIGNALING	HALLMARK_WNT_BETA_CATENIN_SIGNALING%MSIGDBHALLMARK%HALLMARK_WNT_BETA_CATENIN_SIGNALING		21	-0.29177397	-0.7939656	0.7791262	1.0	1.0	1394	tags=19%, list=13%, signal=22%	
RNA 3'-END PROCESSING%GOBP%GO:0031123	RNA 3'-END PROCESSING%GOBP%GO:0031123		71	-0.22179241	-0.7931642	0.90514904	1.0	1.0	1734	tags=20%, list=16%, signal=23%	
VESICLE TRANSPORT ALONG MICROTUBULE%GOBP%GO:0047496	VESICLE TRANSPORT ALONG MICROTUBULE%GOBP%GO:0047496		33	-0.26464304	-0.7930087	0.8078818	1.0	1.0	779	tags=12%, list=7%, signal=13%	
RXR AND RAR HETERODIMERIZATION WITH OTHER NUCLEAR RECEPTOR%PATHWAY INTERACTION DATABASE NCI-NATURE CURATED DATA%RXR AND RAR HETERODIMERIZATION WITH OTHER NUCLEAR RECEPTOR	RXR AND RAR HETERODIMERIZATION WITH OTHER NUCLEAR RECEPTOR%PATHWAY INTERACTION DATABASE NCI-NATURE CURATED DATA%RXR AND RAR HETERODIMERIZATION WITH OTHER NUCLEAR RECEPTOR		21	-0.28696293	-0.79182714	0.7638191	1.0	1.0	724	tags=10%, list=7%, signal=10%	
REGULATION OF GLYCOLYTIC PROCESS%GOBP%GO:0006110	REGULATION OF GLYCOLYTIC PROCESS%GOBP%GO:0006110		30	-0.2625444	-0.7915929	0.82323235	1.0	1.0	914	tags=13%, list=8%, signal=15%	
MEMBRANE DOCKING%GOBP%GO:0022406	MEMBRANE DOCKING%GOBP%GO:0022406		63	-0.22705255	-0.79145855	0.86934674	1.0	1.0	1895	tags=19%, list=17%, signal=23%	
NETRIN-1 SIGNALING%REACTOME DATABASE ID RELEASE 93%373752	NETRIN-1 SIGNALING%REACTOME DATABASE ID RELEASE 93%373752		19	-0.29949194	-0.7908729	0.7493858	1.0	1.0	2210	tags=37%, list=20%, signal=46%	
PPAR SIGNALING%WIKIPATHWAYS_20250810%WP3942%HOMO SAPIENS	PPAR SIGNALING%WIKIPATHWAYS_20250810%WP3942%HOMO SAPIENS		16	-0.3125385	-0.79086834	0.73860914	1.0	1.0	1639	tags=31%, list=15%, signal=37%	
PHOSPHOLIPID TRANSLOCATION%GOBP%GO:0045332	PHOSPHOLIPID TRANSLOCATION%GOBP%GO:0045332		30	-0.265035	-0.7907993	0.8115942	1.0	1.0	836	tags=13%, list=8%, signal=14%	
SPHINGOLIPID DE NOVO BIOSYNTHESIS%REACTOME DATABASE ID RELEASE 93%1660661	SPHINGOLIPID DE NOVO BIOSYNTHESIS%REACTOME DATABASE ID RELEASE 93%1660661		27	-0.27401423	-0.79072565	0.7989418	1.0	1.0	1318	tags=19%, list=12%, signal=21%	
REGULATION OF EPIDERMAL CELL DIFFERENTIATION%GOBP%GO:0045604	REGULATION OF EPIDERMAL CELL DIFFERENTIATION%GOBP%GO:0045604		21	-0.2888286	-0.78976315	0.7890819	1.0	1.0	1293	tags=19%, list=12%, signal=22%	
REGULATION OF NUCLEOTIDE METABOLIC PROCESS%GOBP%GO:0006140	REGULATION OF NUCLEOTIDE METABOLIC PROCESS%GOBP%GO:0006140		45	-0.24314502	-0.7892418	0.8435897	1.0	1.0	914	tags=13%, list=8%, signal=14%	
CELLULAR RESPONSE TO BMP STIMULUS%GOBP%GO:0071773	CELLULAR RESPONSE TO BMP STIMULUS%GOBP%GO:0071773		23	-0.2804027	-0.7888064	0.78506786	1.0	1.0	1796	tags=35%, list=16%, signal=41%	
LIPOPROTEIN METABOLIC PROCESS%GOBP%GO:0042157	LIPOPROTEIN METABOLIC PROCESS%GOBP%GO:0042157		30	-0.26725668	-0.787466	0.8219512	1.0	1.0	1118	tags=17%, list=10%, signal=19%	
SMOOTHENED SIGNALING PATHWAY%GOBP%GO:0007224	SMOOTHENED SIGNALING PATHWAY%GOBP%GO:0007224		21	-0.29030085	-0.78644145	0.7889688	1.0	1.0	2671	tags=38%, list=24%, signal=50%	
REGULATION OF PURINE NUCLEOTIDE METABOLIC PROCESS%GOBP%GO:1900542	REGULATION OF PURINE NUCLEOTIDE METABOLIC PROCESS%GOBP%GO:1900542		45	-0.24314502	-0.7864286	0.8251928	1.0	1.0	914	tags=13%, list=8%, signal=14%	
REGULATION OF EPITHELIAL TO MESENCHYMAL TRANSITION%GOBP%GO:0010717	REGULATION OF EPITHELIAL TO MESENCHYMAL TRANSITION%GOBP%GO:0010717		52	-0.2351544	-0.7863964	0.8832891	1.0	1.0	2122	tags=31%, list=19%, signal=38%	
RESPONSE TO BMP%GOBP%GO:0071772	RESPONSE TO BMP%GOBP%GO:0071772		23	-0.2804027	-0.7862797	0.786036	1.0	1.0	1796	tags=35%, list=16%, signal=41%	
PID_FGF_PATHWAY%MSIGDB_C2%PID_FGF_PATHWAY	PID_FGF_PATHWAY%MSIGDB_C2%PID_FGF_PATHWAY		29	-0.26504955	-0.78622234	0.79683375	1.0	1.0	541	tags=10%, list=5%, signal=11%	
CYTOSKELETON-DEPENDENT INTRACELLULAR TRANSPORT%GOBP%GO:0030705	CYTOSKELETON-DEPENDENT INTRACELLULAR TRANSPORT%GOBP%GO:0030705		136	-0.20115799	-0.7854497	0.9710145	1.0	1.0	1529	tags=15%, list=14%, signal=18%	
REGULATION OF PROTEIN TARGETING TO MITOCHONDRION%GOBP%GO:1903214	REGULATION OF PROTEIN TARGETING TO MITOCHONDRION%GOBP%GO:1903214		33	-0.25924546	-0.7851863	0.81009614	1.0	1.0	897	tags=12%, list=8%, signal=13%	
PSEUDOURIDINE SYNTHESIS%GOBP%GO:0001522	PSEUDOURIDINE SYNTHESIS%GOBP%GO:0001522		17	-0.30284008	-0.78510594	0.78504676	1.0	1.0	3587	tags=47%, list=33%, signal=70%	
IRON-SULFUR CLUSTER ASSEMBLY%GOBP%GO:0016226	IRON-SULFUR CLUSTER ASSEMBLY%GOBP%GO:0016226		23	-0.28218293	-0.7850328	0.78851175	1.0	1.0	1707	tags=22%, list=16%, signal=26%	
PROTEIN LOCALIZATION TO MICROTUBULE CYTOSKELETON%GOBP%GO:0072698	PROTEIN LOCALIZATION TO MICROTUBULE CYTOSKELETON%GOBP%GO:0072698		30	-0.26405185	-0.78483003	0.79223746	1.0	1.0	1150	tags=10%, list=10%, signal=11%	
CARDIAC VENTRICLE MORPHOGENESIS%GOBP%GO:0003208	CARDIAC VENTRICLE MORPHOGENESIS%GOBP%GO:0003208		19	-0.29313287	-0.7848078	0.77008927	1.0	1.0	1967	tags=32%, list=18%, signal=38%	
REGULATION OF KERATINOCYTE DIFFERENTIATION%GOBP%GO:0045616	REGULATION OF KERATINOCYTE DIFFERENTIATION%GOBP%GO:0045616		18	-0.30103347	-0.7839781	0.781491	1.0	1.0	1293	tags=22%, list=12%, signal=25%	
REGULATION OF PROTEIN NEDDYLATION%GOBP%GO:2000434	REGULATION OF PROTEIN NEDDYLATION%GOBP%GO:2000434		15	-0.30858	-0.7839266	0.7546729	1.0	1.0	211	tags=7%, list=2%, signal=7%	
RECOGNITION AND ASSOCIATION OF DNA GLYCOSYLASE WITH SITE CONTAINING AN AFFECTED PURINE%REACTOME DATABASE ID RELEASE 93%110330	RECOGNITION AND ASSOCIATION OF DNA GLYCOSYLASE WITH SITE CONTAINING AN AFFECTED PURINE%REACTOME DATABASE ID RELEASE 93%110330		24	-0.2729082	-0.7837051	0.78518516	1.0	1.0	2357	tags=38%, list=21%, signal=48%	
CIRCADIAN REGULATION OF GENE EXPRESSION%GOBP%GO:0032922	CIRCADIAN REGULATION OF GENE EXPRESSION%GOBP%GO:0032922		50	-0.24462993	-0.78300965	0.86340207	1.0	1.0	585	tags=10%, list=5%, signal=11%	
NEGATIVE REGULATION OF ALPHA-BETA T CELL DIFFERENTIATION%GOBP%GO:0046639	NEGATIVE REGULATION OF ALPHA-BETA T CELL DIFFERENTIATION%GOBP%GO:0046639		16	-0.30308118	-0.7819515	0.7613065	1.0	1.0	795	tags=19%, list=7%, signal=20%	
FAS (CD95) SIGNALING PATHWAY%PATHWAY INTERACTION DATABASE NCI-NATURE CURATED DATA%FAS (CD95) SIGNALING PATHWAY	FAS (CD95) SIGNALING PATHWAY%PATHWAY INTERACTION DATABASE NCI-NATURE CURATED DATA%FAS (CD95) SIGNALING PATHWAY		30	-0.2642738	-0.7808984	0.81136954	1.0	1.0	1399	tags=17%, list=13%, signal=19%	
REGULATION OF CENTRIOLE REPLICATION%GOBP%GO:0046599	REGULATION OF CENTRIOLE REPLICATION%GOBP%GO:0046599		22	-0.28237733	-0.7807421	0.7983871	1.0	1.0	1560	tags=18%, list=14%, signal=21%	
REGULATION OF PURINE NUCLEOTIDE CATABOLIC PROCESS%GOBP%GO:0033121	REGULATION OF PURINE NUCLEOTIDE CATABOLIC PROCESS%GOBP%GO:0033121		30	-0.2625444	-0.78046536	0.8239609	1.0	1.0	914	tags=13%, list=8%, signal=15%	
HALLMARK_SPERMATOGENESIS%MSIGDBHALLMARK%HALLMARK_SPERMATOGENESIS	HALLMARK_SPERMATOGENESIS%MSIGDBHALLMARK%HALLMARK_SPERMATOGENESIS		47	-0.2404984	-0.7802877	0.86279684	1.0	1.0	1266	tags=11%, list=12%, signal=12%	
NEGATIVE REGULATION OF NON-CANONICAL NF-KAPPAB SIGNAL TRANSDUCTION%GOBP%GO:1901223	NEGATIVE REGULATION OF NON-CANONICAL NF-KAPPAB SIGNAL TRANSDUCTION%GOBP%GO:1901223		19	-0.29571468	-0.77945584	0.7783133	1.0	1.0	780	tags=16%, list=7%, signal=17%	
NEGATIVE REGULATION OF TOR SIGNALING%GOBP%GO:0032007	NEGATIVE REGULATION OF TOR SIGNALING%GOBP%GO:0032007		63	-0.22706059	-0.7781351	0.89544237	1.0	1.0	612	tags=8%, list=6%, signal=8%	
GPI ANCHORED PROTEIN BIOSYNTHESIS%GOBP%GO:0180046	GPI ANCHORED PROTEIN BIOSYNTHESIS%GOBP%GO:0180046		26	-0.27077943	-0.7780817	0.79301745	1.0	1.0	1982	tags=23%, list=18%, signal=28%	
DEPURINATION%REACTOME DATABASE ID RELEASE 93%73927	DEPURINATION%REACTOME DATABASE ID RELEASE 93%73927		24	-0.2729082	-0.7779133	0.80701756	1.0	1.0	2357	tags=38%, list=21%, signal=48%	
POSITIVE REGULATION OF NUCLEOTIDE METABOLIC PROCESS%GOBP%GO:0045981	POSITIVE REGULATION OF NUCLEOTIDE METABOLIC PROCESS%GOBP%GO:0045981		20	-0.28715566	-0.77760935	0.7843602	1.0	1.0	1915	tags=25%, list=17%, signal=30%	
RNA METHYLATION%GOBP%GO:0001510	RNA METHYLATION%GOBP%GO:0001510		67	-0.22198443	-0.77607065	0.9002625	1.0	1.0	2954	tags=33%, list=27%, signal=45%	
REGULATION OF NUCLEOTIDE CATABOLIC PROCESS%GOBP%GO:0030811	REGULATION OF NUCLEOTIDE CATABOLIC PROCESS%GOBP%GO:0030811		30	-0.2625444	-0.77604634	0.80904526	1.0	1.0	914	tags=13%, list=8%, signal=15%	
TRANSPORT ALONG MICROTUBULE%GOBP%GO:0010970	TRANSPORT ALONG MICROTUBULE%GOBP%GO:0010970		117	-0.20302293	-0.7759776	0.9708223	1.0	1.0	1529	tags=15%, list=14%, signal=18%	
NEGATIVE REGULATION OF CD4-POSITIVE, ALPHA-BETA T CELL DIFFERENTIATION%GOBP%GO:0043371	NEGATIVE REGULATION OF CD4-POSITIVE, ALPHA-BETA T CELL DIFFERENTIATION%GOBP%GO:0043371		15	-0.3142282	-0.77592045	0.78911567	1.0	1.0	795	tags=20%, list=7%, signal=22%	
GLYCOLYSIS AND GLUCONEOGENESIS%WIKIPATHWAYS_20250810%WP534%HOMO SAPIENS	GLYCOLYSIS AND GLUCONEOGENESIS%WIKIPATHWAYS_20250810%WP534%HOMO SAPIENS		20	-0.28626212	-0.77465576	0.783455	1.0	1.0	1247	tags=15%, list=11%, signal=17%	
PHOSPHORYLATED BMAL1:CLOCK (ARNTL:CLOCK) ACTIVATES EXPRESSION OF CORE CLOCK GENES%REACTOME DATABASE ID RELEASE 93%9931510	PHOSPHORYLATED BMAL1:CLOCK (ARNTL:CLOCK) ACTIVATES EXPRESSION OF CORE CLOCK GENES%REACTOME DATABASE ID RELEASE 93%9931510		15	-0.30553746	-0.773017	0.76658475	1.0	1.0	3261	tags=47%, list=30%, signal=66%	
REGULATION OF DOUBLE-STRAND BREAK REPAIR VIA NONHOMOLOGOUS END JOINING%GOBP%GO:2001032	REGULATION OF DOUBLE-STRAND BREAK REPAIR VIA NONHOMOLOGOUS END JOINING%GOBP%GO:2001032		24	-0.27830786	-0.77299523	0.7985782	1.0	1.0	698	tags=13%, list=6%, signal=13%	
NEGATIVE REGULATION OF RECEPTOR-MEDIATED ENDOCYTOSIS%GOBP%GO:0048261	NEGATIVE REGULATION OF RECEPTOR-MEDIATED ENDOCYTOSIS%GOBP%GO:0048261		20	-0.29086706	-0.772336	0.7925	1.0	1.0	1106	tags=20%, list=10%, signal=22%	
INTRACELLULAR ZINC ION HOMEOSTASIS%GOBP%GO:0006882	INTRACELLULAR ZINC ION HOMEOSTASIS%GOBP%GO:0006882		17	-0.30289277	-0.7720997	0.7671233	1.0	1.0	1358	tags=24%, list=12%, signal=27%	
POSITIVE REGULATION OF GLUCOSE METABOLIC PROCESS%GOBP%GO:0010907	POSITIVE REGULATION OF GLUCOSE METABOLIC PROCESS%GOBP%GO:0010907		22	-0.2831502	-0.77140915	0.80140185	1.0	1.0	422	tags=9%, list=4%, signal=9%	
GABA-B_RECEPTOR_II_SIGNALING%PANTHER PATHWAY%P05731	GABA-B_RECEPTOR_II_SIGNALING%PANTHER PATHWAY%P05731		17	-0.29536304	-0.77133596	0.7915691	1.0	1.0	1031	tags=18%, list=9%, signal=19%	
DETERMINATION OF BILATERAL SYMMETRY%GOBP%GO:0009855	DETERMINATION OF BILATERAL SYMMETRY%GOBP%GO:0009855		30	-0.25319743	-0.77106047	0.8439716	1.0	1.0	372	tags=7%, list=3%, signal=7%	
SIGNALING MEDIATED BY P38-ALPHA AND P38-BETA%PATHWAY INTERACTION DATABASE NCI-NATURE CURATED DATA%SIGNALING MEDIATED BY P38-ALPHA AND P38-BETA	SIGNALING MEDIATED BY P38-ALPHA AND P38-BETA%PATHWAY INTERACTION DATABASE NCI-NATURE CURATED DATA%SIGNALING MEDIATED BY P38-ALPHA AND P38-BETA		31	-0.25511065	-0.7694969	0.8109453	1.0	1.0	756	tags=10%, list=7%, signal=10%	
REGULATION OF FOCAL ADHESION ASSEMBLY%GOBP%GO:0051893	REGULATION OF FOCAL ADHESION ASSEMBLY%GOBP%GO:0051893		43	-0.24134347	-0.7691328	0.86538464	1.0	1.0	782	tags=12%, list=7%, signal=12%	
NOTCH1 INTRACELLULAR DOMAIN REGULATES TRANSCRIPTION%REACTOME DATABASE ID RELEASE 93%2122947	NOTCH1 INTRACELLULAR DOMAIN REGULATES TRANSCRIPTION%REACTOME DATABASE ID RELEASE 93%2122947		37	-0.24900551	-0.7681265	0.85330075	1.0	1.0	1374	tags=22%, list=13%, signal=25%	
REGULATION OF CELL-SUBSTRATE JUNCTION ASSEMBLY%GOBP%GO:0090109	REGULATION OF CELL-SUBSTRATE JUNCTION ASSEMBLY%GOBP%GO:0090109		43	-0.24134347	-0.76773095	0.8768844	1.0	1.0	782	tags=12%, list=7%, signal=12%	
REGULATION OF CENTROSOME DUPLICATION%GOBP%GO:0010824	REGULATION OF CENTROSOME DUPLICATION%GOBP%GO:0010824		39	-0.24111849	-0.767459	0.8635236	1.0	1.0	3444	tags=44%, list=31%, signal=63%	
PROTEINOGENIC AMINO ACID BIOSYNTHETIC PROCESS%GOBP%GO:0170038	PROTEINOGENIC AMINO ACID BIOSYNTHETIC PROCESS%GOBP%GO:0170038		27	-0.26970127	-0.7667785	0.8277512	1.0	1.0	580	tags=7%, list=5%, signal=8%	
NEGATIVE REGULATION OF PROTEIN MODIFICATION BY SMALL PROTEIN CONJUGATION OR REMOVAL%GOBP%GO:1903321	NEGATIVE REGULATION OF PROTEIN MODIFICATION BY SMALL PROTEIN CONJUGATION OR REMOVAL%GOBP%GO:1903321		58	-0.22343561	-0.76671284	0.8997429	1.0	1.0	1217	tags=12%, list=11%, signal=14%	
CLEAVAGE OF THE DAMAGED PURINE%REACTOME DATABASE ID RELEASE 93%110331	CLEAVAGE OF THE DAMAGED PURINE%REACTOME DATABASE ID RELEASE 93%110331		24	-0.2729082	-0.7661606	0.78088576	1.0	1.0	2357	tags=38%, list=21%, signal=48%	
NONHOMOLOGOUS END-JOINING (NHEJ)%REACTOME%R-HSA-5693571.3	NONHOMOLOGOUS END-JOINING (NHEJ)%REACTOME%R-HSA-5693571.3		41	-0.24306837	-0.76604825	0.86153847	1.0	1.0	983	tags=12%, list=9%, signal=13%	
REGULATION OF PROTEIN DEPOLYMERIZATION%GOBP%GO:1901879	REGULATION OF PROTEIN DEPOLYMERIZATION%GOBP%GO:1901879		47	-0.24033046	-0.7657892	0.86734694	1.0	1.0	312	tags=6%, list=3%, signal=7%	
POSITIVE REGULATION OF PURINE NUCLEOTIDE METABOLIC PROCESS%GOBP%GO:1900544	POSITIVE REGULATION OF PURINE NUCLEOTIDE METABOLIC PROCESS%GOBP%GO:1900544		20	-0.28715566	-0.7653536	0.8196721	1.0	1.0	1915	tags=25%, list=17%, signal=30%	
GLYCOGEN SYNTHESIS AND DEGRADATION%WIKIPATHWAYS_20250810%WP500%HOMO SAPIENS	GLYCOGEN SYNTHESIS AND DEGRADATION%WIKIPATHWAYS_20250810%WP500%HOMO SAPIENS		25	-0.26931787	-0.7633645	0.84134614	1.0	1.0	2361	tags=28%, list=21%, signal=36%	
MITOCHONDRIAL GENE EXPRESSION%GOBP%GO:0140053	MITOCHONDRIAL GENE EXPRESSION%GOBP%GO:0140053		137	-0.19972894	-0.7632012	0.96866095	1.0	1.0	2988	tags=33%, list=27%, signal=45%	
CLOCK CONTROLLED AUTOPHAGY IN BONE METABOLISM%WIKIPATHWAYS_20250810%WP5205%HOMO SAPIENS	CLOCK CONTROLLED AUTOPHAGY IN BONE METABOLISM%WIKIPATHWAYS_20250810%WP5205%HOMO SAPIENS		36	-0.24811791	-0.76286095	0.8781726	1.0	1.0	1179	tags=17%, list=11%, signal=19%	
PURINE RIBONUCLEOSIDE MONOPHOSPHATE METABOLIC PROCESS%GOBP%GO:0009167	PURINE RIBONUCLEOSIDE MONOPHOSPHATE METABOLIC PROCESS%GOBP%GO:0009167		17	-0.29994884	-0.7627088	0.767624	1.0	1.0	3569	tags=53%, list=32%, signal=78%	
PHYSICO CHEMICAL FEATURES AND TOXICITY ASSOCIATED PATHWAYS%WIKIPATHWAYS_20250810%WP3680%HOMO SAPIENS	PHYSICO CHEMICAL FEATURES AND TOXICITY ASSOCIATED PATHWAYS%WIKIPATHWAYS_20250810%WP3680%HOMO SAPIENS		35	-0.24631122	-0.7607416	0.85503685	1.0	1.0	920	tags=14%, list=8%, signal=16%	
SINGLE FERTILIZATION%GOBP%GO:0007338	SINGLE FERTILIZATION%GOBP%GO:0007338		27	-0.2643191	-0.7606579	0.8598131	1.0	1.0	1818	tags=26%, list=17%, signal=31%	
EARLY ENDOSOME TO LATE ENDOSOME TRANSPORT%GOBP%GO:0045022	EARLY ENDOSOME TO LATE ENDOSOME TRANSPORT%GOBP%GO:0045022		22	-0.27680284	-0.76063186	0.8333333	1.0	1.0	398	tags=9%, list=4%, signal=9%	
REGULATION OF EPIDERMIS DEVELOPMENT%GOBP%GO:0045682	REGULATION OF EPIDERMIS DEVELOPMENT%GOBP%GO:0045682		24	-0.26616576	-0.7596996	0.8407311	1.0	1.0	1293	tags=17%, list=12%, signal=19%	
POSITIVE REGULATION OF D-GLUCOSE TRANSMEMBRANE TRANSPORT%GOBP%GO:0010828	POSITIVE REGULATION OF D-GLUCOSE TRANSMEMBRANE TRANSPORT%GOBP%GO:0010828		19	-0.28701603	-0.75939137	0.8300971	1.0	1.0	1070	tags=11%, list=10%, signal=12%	
EAR DEVELOPMENT%GOBP%GO:0043583	EAR DEVELOPMENT%GOBP%GO:0043583		21	-0.28659114	-0.75917166	0.8235294	1.0	1.0	2210	tags=38%, list=20%, signal=48%	
FORMATION OF RNA POL II ELONGATION COMPLEX%REACTOME%R-HSA-112382.4	FORMATION OF RNA POL II ELONGATION COMPLEX%REACTOME%R-HSA-112382.4		54	-0.2222423	-0.75914335	0.9157895	1.0	1.0	20	tags=2%, list=0%, signal=2%	
MITOCHONDRIAL TRANSLATION%GOBP%GO:0032543	MITOCHONDRIAL TRANSLATION%GOBP%GO:0032543		102	-0.20403647	-0.7590092	0.95953757	1.0	1.0	3045	tags=35%, list=28%, signal=48%	
TGF_BETA_RECEPTOR%NETPATH%TGF_BETA_RECEPTOR	TGF_BETA_RECEPTOR%NETPATH%TGF_BETA_RECEPTOR		99	-0.20417897	-0.7587893	0.9558011	1.0	1.0	1415	tags=13%, list=13%, signal=15%	
POSITIVE REGULATION OF ATP METABOLIC PROCESS%GOBP%GO:1903580	POSITIVE REGULATION OF ATP METABOLIC PROCESS%GOBP%GO:1903580		20	-0.28715566	-0.7585692	0.81351984	1.0	1.0	1915	tags=25%, list=17%, signal=30%	
PLC BETA MEDIATED EVENTS%REACTOME DATABASE ID RELEASE 93%112043	PLC BETA MEDIATED EVENTS%REACTOME DATABASE ID RELEASE 93%112043		35	-0.2504755	-0.7560515	0.86787564	1.0	1.0	1031	tags=17%, list=9%, signal=19%	
CELLULAR RESPONSE TO REACTIVE OXYGEN SPECIES%GOBP%GO:0034614	CELLULAR RESPONSE TO REACTIVE OXYGEN SPECIES%GOBP%GO:0034614		62	-0.22130522	-0.7560294	0.9130435	1.0	1.0	1618	tags=21%, list=15%, signal=24%	
CANONICAL WNT SIGNALING PATHWAY%PATHWAY INTERACTION DATABASE NCI-NATURE CURATED DATA%CANONICAL WNT SIGNALING PATHWAY	CANONICAL WNT SIGNALING PATHWAY%PATHWAY INTERACTION DATABASE NCI-NATURE CURATED DATA%CANONICAL WNT SIGNALING PATHWAY		16	-0.28640345	-0.7556156	0.7847222	1.0	1.0	1626	tags=25%, list=15%, signal=29%	
VESICLE-MEDIATED TRANSPORT BETWEEN ENDOSOMAL COMPARTMENTS%GOBP%GO:0098927	VESICLE-MEDIATED TRANSPORT BETWEEN ENDOSOMAL COMPARTMENTS%GOBP%GO:0098927		26	-0.26206008	-0.7540695	0.83413464	1.0	1.0	398	tags=8%, list=4%, signal=8%	
REGULATION OF TP53 ACTIVITY THROUGH METHYLATION%REACTOME DATABASE ID RELEASE 93%6804760	REGULATION OF TP53 ACTIVITY THROUGH METHYLATION%REACTOME DATABASE ID RELEASE 93%6804760		18	-0.28730834	-0.75334775	0.80145276	1.0	1.0	1976	tags=39%, list=18%, signal=47%	
ATP BIOSYNTHETIC PROCESS%GOBP%GO:0006754	ATP BIOSYNTHETIC PROCESS%GOBP%GO:0006754		72	-0.21717724	-0.75333536	0.9236453	1.0	1.0	3214	tags=35%, list=29%, signal=49%	
PID_KIT_PATHWAY%MSIGDB_C2%PID_KIT_PATHWAY	PID_KIT_PATHWAY%MSIGDB_C2%PID_KIT_PATHWAY		41	-0.23836342	-0.75319755	0.90407676	1.0	1.0	1100	tags=12%, list=10%, signal=14%	
REGULATION OF T-HELPER 17 CELL DIFFERENTIATION%GOBP%GO:2000319	REGULATION OF T-HELPER 17 CELL DIFFERENTIATION%GOBP%GO:2000319		19	-0.2794751	-0.75205535	0.817734	1.0	1.0	795	tags=21%, list=7%, signal=23%	
PI3K AKT MTOR SIGNALING AND THERAPEUTIC OPPORTUNITIES IN PROSTATE CANCER%WIKIPATHWAYS_20250810%WP3844%HOMO SAPIENS	PI3K AKT MTOR SIGNALING AND THERAPEUTIC OPPORTUNITIES IN PROSTATE CANCER%WIKIPATHWAYS_20250810%WP3844%HOMO SAPIENS		23	-0.27305174	-0.7517036	0.8463415	1.0	1.0	121	tags=4%, list=1%, signal=4%	
HATS ACETYLATE HISTONES%REACTOME%R-HSA-3214847.3	HATS ACETYLATE HISTONES%REACTOME%R-HSA-3214847.3		92	-0.20507105	-0.74888843	0.94692737	1.0	1.0	2061	tags=18%, list=19%, signal=23%	
VESICLE DOCKING%GOBP%GO:0048278	VESICLE DOCKING%GOBP%GO:0048278		40	-0.23311166	-0.7488209	0.8907767	1.0	1.0	1895	tags=23%, list=17%, signal=27%	
LIPOPROTEIN BIOSYNTHETIC PROCESS%GOBP%GO:0042158	LIPOPROTEIN BIOSYNTHETIC PROCESS%GOBP%GO:0042158		22	-0.2683145	-0.74859905	0.8405797	1.0	1.0	1118	tags=18%, list=10%, signal=20%	
P38 MAPK SIGNALING PATHWAY%PATHWAY INTERACTION DATABASE NCI-NATURE CURATED DATA%P38 MAPK SIGNALING PATHWAY	P38 MAPK SIGNALING PATHWAY%PATHWAY INTERACTION DATABASE NCI-NATURE CURATED DATA%P38 MAPK SIGNALING PATHWAY		23	-0.2719776	-0.747537	0.83627206	1.0	1.0	1717	tags=30%, list=16%, signal=36%	
CRISTAE FORMATION%REACTOME%R-HSA-8949613.3	CRISTAE FORMATION%REACTOME%R-HSA-8949613.3		32	-0.24556823	-0.74715626	0.873385	1.0	1.0	3214	tags=38%, list=29%, signal=53%	
MAPK SIGNALING%WIKIPATHWAYS_20250810%WP382%HOMO SAPIENS	MAPK SIGNALING%WIKIPATHWAYS_20250810%WP382%HOMO SAPIENS		114	-0.19802038	-0.7469467	0.97450423	1.0	1.0	1053	tags=11%, list=10%, signal=12%	
SIGNALING BY TGF-BETA RECEPTOR COMPLEX%REACTOME DATABASE ID RELEASE 93%170834	SIGNALING BY TGF-BETA RECEPTOR COMPLEX%REACTOME DATABASE ID RELEASE 93%170834		74	-0.21360931	-0.74635065	0.9483204	1.0	1.0	2011	tags=20%, list=18%, signal=25%	
LIPID TRANSLOCATION%GOBP%GO:0034204	LIPID TRANSLOCATION%GOBP%GO:0034204		32	-0.25075582	-0.7453562	0.8517588	1.0	1.0	1482	tags=19%, list=13%, signal=22%	
PID_SMAD2_3NUCLEAR_PATHWAY%MSIGDB_C2%PID_SMAD2_3NUCLEAR_PATHWAY	PID_SMAD2_3NUCLEAR_PATHWAY%MSIGDB_C2%PID_SMAD2_3NUCLEAR_PATHWAY		53	-0.22407334	-0.74511814	0.91161615	1.0	1.0	383	tags=8%, list=3%, signal=8%	
REGULATION OF PROTEIN MODIFICATION BY SMALL PROTEIN CONJUGATION OR REMOVAL%GOBP%GO:1903320	REGULATION OF PROTEIN MODIFICATION BY SMALL PROTEIN CONJUGATION OR REMOVAL%GOBP%GO:1903320		160	-0.18431918	-0.7450538	0.98542273	1.0	1.0	1276	tags=11%, list=12%, signal=12%	
MICROTUBULE-BASED TRANSPORT%GOBP%GO:0099111	MICROTUBULE-BASED TRANSPORT%GOBP%GO:0099111		125	-0.19303833	-0.74442375	0.9795322	1.0	1.0	1529	tags=16%, list=14%, signal=18%	
GLYCOSAMINOGLYCAN METABOLIC PROCESS%GOBP%GO:0030203	GLYCOSAMINOGLYCAN METABOLIC PROCESS%GOBP%GO:0030203		27	-0.25836906	-0.74337953	0.8676123	1.0	1.0	1630	tags=26%, list=15%, signal=30%	
IL1-MEDIATED SIGNALING EVENTS%PATHWAY INTERACTION DATABASE NCI-NATURE CURATED DATA%IL1-MEDIATED SIGNALING EVENTS	IL1-MEDIATED SIGNALING EVENTS%PATHWAY INTERACTION DATABASE NCI-NATURE CURATED DATA%IL1-MEDIATED SIGNALING EVENTS		28	-0.24798258	-0.7431682	0.8684211	1.0	1.0	2257	tags=25%, list=21%, signal=31%	
NEGATIVE REGULATION OF POST-TRANSLATIONAL PROTEIN MODIFICATION%GOBP%GO:1901874	NEGATIVE REGULATION OF POST-TRANSLATIONAL PROTEIN MODIFICATION%GOBP%GO:1901874		60	-0.21997647	-0.74284	0.9361702	1.0	1.0	1217	tags=12%, list=11%, signal=13%	
TRAIL SIGNALING PATHWAY%PATHWAY INTERACTION DATABASE NCI-NATURE CURATED DATA%TRAIL SIGNALING PATHWAY	TRAIL SIGNALING PATHWAY%PATHWAY INTERACTION DATABASE NCI-NATURE CURATED DATA%TRAIL SIGNALING PATHWAY		22	-0.2683068	-0.74261326	0.81914896	1.0	1.0	962	tags=9%, list=9%, signal=10%	
NEGATIVE REGULATION OF FIBROBLAST PROLIFERATION%GOBP%GO:0048147	NEGATIVE REGULATION OF FIBROBLAST PROLIFERATION%GOBP%GO:0048147		16	-0.2850322	-0.74076444	0.82678986	1.0	1.0	1035	tags=13%, list=9%, signal=14%	
SIGNALING BY FLT3 FUSION PROTEINS%REACTOME DATABASE ID RELEASE 93%9703465	SIGNALING BY FLT3 FUSION PROTEINS%REACTOME DATABASE ID RELEASE 93%9703465		16	-0.29087377	-0.74009204	0.8106796	1.0	1.0	1690	tags=25%, list=15%, signal=30%	
PROTEIN LIPIDATION%GOBP%GO:0006497	PROTEIN LIPIDATION%GOBP%GO:0006497		22	-0.2683145	-0.74008113	0.84615386	1.0	1.0	1118	tags=18%, list=10%, signal=20%	
MEIOTIC SYNAPSIS%REACTOME%R-HSA-1221632.3	MEIOTIC SYNAPSIS%REACTOME%R-HSA-1221632.3		39	-0.23420951	-0.7396841	0.89873415	1.0	1.0	2357	tags=28%, list=21%, signal=36%	
SPECIFICATION OF SYMMETRY%GOBP%GO:0009799	SPECIFICATION OF SYMMETRY%GOBP%GO:0009799		30	-0.25319743	-0.7394424	0.84931505	1.0	1.0	372	tags=7%, list=3%, signal=7%	
RNA POLYMERASE II TRANSCRIPTION ELONGATION%REACTOME%R-HSA-75955.4	RNA POLYMERASE II TRANSCRIPTION ELONGATION%REACTOME%R-HSA-75955.4		54	-0.2222423	-0.7390431	0.93493974	1.0	1.0	20	tags=2%, list=0%, signal=2%	
BIOMINERAL TISSUE DEVELOPMENT%GOBP%GO:0031214	BIOMINERAL TISSUE DEVELOPMENT%GOBP%GO:0031214		16	-0.29600704	-0.7388978	0.8320413	1.0	1.0	2163	tags=38%, list=20%, signal=47%	
BIOCARTA_EIF4_PATHWAY%MSIGDB_C2%BIOCARTA_EIF4_PATHWAY	BIOCARTA_EIF4_PATHWAY%MSIGDB_C2%BIOCARTA_EIF4_PATHWAY		18	-0.27639088	-0.7384061	0.84018266	1.0	1.0	756	tags=11%, list=7%, signal=12%	
PURINE NUCLEOSIDE MONOPHOSPHATE METABOLIC PROCESS%GOBP%GO:0009126	PURINE NUCLEOSIDE MONOPHOSPHATE METABOLIC PROCESS%GOBP%GO:0009126		18	-0.280869	-0.73754126	0.853598	1.0	1.0	2556	tags=33%, list=23%, signal=43%	
HCMV LATE EVENTS%REACTOME DATABASE ID RELEASE 93%9610379	HCMV LATE EVENTS%REACTOME DATABASE ID RELEASE 93%9610379		62	-0.21598385	-0.73742425	0.95174265	1.0	1.0	2396	tags=26%, list=22%, signal=33%	
ACTIVATION OF PROTEIN KINASE ACTIVITY%GOBP%GO:0032147	ACTIVATION OF PROTEIN KINASE ACTIVITY%GOBP%GO:0032147		23	-0.26519898	-0.7371375	0.828125	1.0	1.0	30	tags=4%, list=0%, signal=4%	
CELLULAR RESPONSES TO MECHANICAL STIMULI%REACTOME DATABASE ID RELEASE 93%9855142	CELLULAR RESPONSES TO MECHANICAL STIMULI%REACTOME DATABASE ID RELEASE 93%9855142		68	-0.21703365	-0.7353915	0.93048126	1.0	1.0	1031	tags=10%, list=9%, signal=11%	
MITOCHONDRIAL FUSION%GOBP%GO:0008053	MITOCHONDRIAL FUSION%GOBP%GO:0008053		18	-0.27942762	-0.735277	0.8451613	1.0	1.0	1326	tags=22%, list=12%, signal=25%	
VIRAL TRANSLATION%GOBP%GO:0019081	VIRAL TRANSLATION%GOBP%GO:0019081		15	-0.29384822	-0.73507243	0.81670535	1.0	1.0	1985	tags=27%, list=18%, signal=33%	
CELL SURFACE RECEPTOR SIGNALING PATHWAY VIA JAK-STAT%GOBP%GO:0007259	CELL SURFACE RECEPTOR SIGNALING PATHWAY VIA JAK-STAT%GOBP%GO:0007259		29	-0.2549255	-0.7343628	0.89800996	1.0	1.0	3375	tags=48%, list=31%, signal=70%	
HIGH LAMINAR FLOW SHEAR STRESS ACTIVATES SIGNALING BY PIEZO1 AND PECAM1:CDH5:KDR IN ENDOTHELIAL CELLS%REACTOME DATABASE ID RELEASE 93%9856530	HIGH LAMINAR FLOW SHEAR STRESS ACTIVATES SIGNALING BY PIEZO1 AND PECAM1:CDH5:KDR IN ENDOTHELIAL CELLS%REACTOME DATABASE ID RELEASE 93%9856530		45	-0.22863677	-0.73430634	0.8888889	1.0	1.0	1031	tags=11%, list=9%, signal=12%	
BIOCARTA_MET_PATHWAY%MSIGDB_C2%BIOCARTA_MET_PATHWAY	BIOCARTA_MET_PATHWAY%MSIGDB_C2%BIOCARTA_MET_PATHWAY		25	-0.2538681	-0.7338158	0.86585367	1.0	1.0	541	tags=8%, list=5%, signal=8%	
TP53 REGULATES TRANSCRIPTION OF ADDITIONAL CELL CYCLE GENES WHOSE EXACT ROLE IN THE P53 PATHWAY REMAIN UNCERTAIN%REACTOME DATABASE ID RELEASE 93%6804115	TP53 REGULATES TRANSCRIPTION OF ADDITIONAL CELL CYCLE GENES WHOSE EXACT ROLE IN THE P53 PATHWAY REMAIN UNCERTAIN%REACTOME DATABASE ID RELEASE 93%6804115		21	-0.26733336	-0.73349255	0.8393285	1.0	1.0	866	tags=10%, list=8%, signal=10%	
SEMA4D IN SEMAPHORIN SIGNALING%REACTOME DATABASE ID RELEASE 93%400685	SEMA4D IN SEMAPHORIN SIGNALING%REACTOME DATABASE ID RELEASE 93%400685		16	-0.28917015	-0.7330054	0.84782606	1.0	1.0	744	tags=13%, list=7%, signal=13%	
TETRAPYRROLE METABOLIC PROCESS%GOBP%GO:0033013	TETRAPYRROLE METABOLIC PROCESS%GOBP%GO:0033013		35	-0.24640046	-0.7325927	0.8848921	1.0	1.0	1525	tags=23%, list=14%, signal=26%	
PID_CERAMIDE_PATHWAY%MSIGDB_C2%PID_CERAMIDE_PATHWAY	PID_CERAMIDE_PATHWAY%MSIGDB_C2%PID_CERAMIDE_PATHWAY		32	-0.24431975	-0.73224425	0.86797065	1.0	1.0	962	tags=9%, list=9%, signal=10%	
HALLMARK_HEDGEHOG_SIGNALING%MSIGDBHALLMARK%HALLMARK_HEDGEHOG_SIGNALING	HALLMARK_HEDGEHOG_SIGNALING%MSIGDBHALLMARK%HALLMARK_HEDGEHOG_SIGNALING		15	-0.2924709	-0.7311292	0.8526077	1.0	1.0	1769	tags=27%, list=16%, signal=32%	
15Q11Q13 COPY NUMBER VARIATION%WIKIPATHWAYS_20250810%WP5407%HOMO SAPIENS	15Q11Q13 COPY NUMBER VARIATION%WIKIPATHWAYS_20250810%WP5407%HOMO SAPIENS		20	-0.27033788	-0.7286962	0.86650485	1.0	1.0	72	tags=5%, list=1%, signal=5%	
REGULATION OF DENDRITE MORPHOGENESIS%GOBP%GO:0048814	REGULATION OF DENDRITE MORPHOGENESIS%GOBP%GO:0048814		23	-0.26186934	-0.72858685	0.8715596	1.0	1.0	2684	tags=39%, list=24%, signal=52%	
REGULATION OF TELOMERE MAINTENANCE IN RESPONSE TO DNA DAMAGE%GOBP%GO:1904505	REGULATION OF TELOMERE MAINTENANCE IN RESPONSE TO DNA DAMAGE%GOBP%GO:1904505		16	-0.27847177	-0.72785586	0.84275186	1.0	1.0	7930	tags=100%, list=72%, signal=359%	
NOTCH SIGNALING PATHWAY%PATHWAY INTERACTION DATABASE NCI-NATURE CURATED DATA%NOTCH SIGNALING PATHWAY	NOTCH SIGNALING PATHWAY%PATHWAY INTERACTION DATABASE NCI-NATURE CURATED DATA%NOTCH SIGNALING PATHWAY		43	-0.22425187	-0.7272765	0.9420655	1.0	1.0	2021	tags=23%, list=18%, signal=28%	
NEGATIVE REGULATION OF TRANSFORMING GROWTH FACTOR BETA RECEPTOR SIGNALING PATHWAY%GOBP%GO:0030512	NEGATIVE REGULATION OF TRANSFORMING GROWTH FACTOR BETA RECEPTOR SIGNALING PATHWAY%GOBP%GO:0030512		56	-0.21517661	-0.7272042	0.93877554	1.0	1.0	2798	tags=27%, list=25%, signal=36%	
G-PROTEIN MEDIATED EVENTS%REACTOME%R-HSA-112040.3	G-PROTEIN MEDIATED EVENTS%REACTOME%R-HSA-112040.3		38	-0.23464741	-0.727193	0.9133663	1.0	1.0	1031	tags=16%, list=9%, signal=17%	
IRS-MEDIATED SIGNALLING%REACTOME DATABASE ID RELEASE 93%112399	IRS-MEDIATED SIGNALLING%REACTOME DATABASE ID RELEASE 93%112399		19	-0.27894238	-0.7266962	0.8614319	1.0	1.0	541	tags=11%, list=5%, signal=11%	
POST-TRANSLATIONAL MODIFICATION: SYNTHESIS OF GPI-ANCHORED PROTEINS%REACTOME DATABASE ID RELEASE 93%163125	POST-TRANSLATIONAL MODIFICATION: SYNTHESIS OF GPI-ANCHORED PROTEINS%REACTOME DATABASE ID RELEASE 93%163125		38	-0.23099355	-0.7262977	0.9236641	1.0	1.0	1213	tags=16%, list=11%, signal=18%	
REGULATION OF POST-TRANSCRIPTIONAL GENE SILENCING%GOBP%GO:0060147	REGULATION OF POST-TRANSCRIPTIONAL GENE SILENCING%GOBP%GO:0060147		16	-0.28294906	-0.72548217	0.83524024	1.0	1.0	1937	tags=19%, list=18%, signal=23%	
PLATELET CALCIUM HOMEOSTASIS%REACTOME DATABASE ID RELEASE 93%418360	PLATELET CALCIUM HOMEOSTASIS%REACTOME DATABASE ID RELEASE 93%418360		17	-0.27901918	-0.7253683	0.84367245	1.0	1.0	2562	tags=29%, list=23%, signal=38%	
DE NOVO PURINE BIOSYNTHESIS%PANTHER PATHWAY%P02738	DE NOVO PURINE BIOSYNTHESIS%PANTHER PATHWAY%P02738		21	-0.26536265	-0.7238913	0.83870965	1.0	1.0	2425	tags=33%, list=22%, signal=43%	
ACTIVATED NOTCH1 TRANSMITS SIGNAL TO THE NUCLEUS%REACTOME DATABASE ID RELEASE 93%2122948	ACTIVATED NOTCH1 TRANSMITS SIGNAL TO THE NUCLEUS%REACTOME DATABASE ID RELEASE 93%2122948		25	-0.2510388	-0.723555	0.86247087	1.0	1.0	2003	tags=32%, list=18%, signal=39%	
SIGNALING EVENTS REGULATED BY RET TYROSINE KINASE%PATHWAY INTERACTION DATABASE NCI-NATURE CURATED DATA%SIGNALING EVENTS REGULATED BY RET TYROSINE KINASE	SIGNALING EVENTS REGULATED BY RET TYROSINE KINASE%PATHWAY INTERACTION DATABASE NCI-NATURE CURATED DATA%SIGNALING EVENTS REGULATED BY RET TYROSINE KINASE		29	-0.24724752	-0.72286904	0.88382685	1.0	1.0	541	tags=7%, list=5%, signal=7%	
RESPONSE TO STEROL%GOBP%GO:0036314	RESPONSE TO STEROL%GOBP%GO:0036314		16	-0.28594324	-0.7228583	0.8424821	1.0	1.0	690	tags=13%, list=6%, signal=13%	
REGULATION OF VIRAL TRANSCRIPTION%GOBP%GO:0046782	REGULATION OF VIRAL TRANSCRIPTION%GOBP%GO:0046782		15	-0.28074875	-0.72191447	0.8398169	1.0	1.0	1035	tags=13%, list=9%, signal=15%	
KITRECEPTOR%NETPATH%KITRECEPTOR	KITRECEPTOR%NETPATH%KITRECEPTOR		51	-0.21484186	-0.72071546	0.94209355	1.0	1.0	3071	tags=41%, list=28%, signal=57%	
REGULATION OF POST-TRANSCRIPTIONAL GENE SILENCING BY REGULATORY NCRNA%GOBP%GO:1900368	REGULATION OF POST-TRANSCRIPTIONAL GENE SILENCING BY REGULATORY NCRNA%GOBP%GO:1900368		16	-0.28294906	-0.7201304	0.84313726	1.0	1.0	1937	tags=19%, list=18%, signal=23%	
DISEASES ASSOCIATED WITH O-GLYCOSYLATION OF PROTEINS%REACTOME%R-HSA-3906995.5	DISEASES ASSOCIATED WITH O-GLYCOSYLATION OF PROTEINS%REACTOME%R-HSA-3906995.5		24	-0.25286967	-0.7189808	0.88753057	1.0	1.0	1662	tags=25%, list=15%, signal=29%	
RESPIRATORY ELECTRON TRANSPORT%REACTOME DATABASE ID RELEASE 93%611105	RESPIRATORY ELECTRON TRANSPORT%REACTOME DATABASE ID RELEASE 93%611105		142	-0.18277301	-0.7189317	0.9920424	1.0	1.0	2487	tags=22%, list=23%, signal=28%	
REGULATION OF D-GLUCOSE IMPORT%GOBP%GO:0046324	REGULATION OF D-GLUCOSE IMPORT%GOBP%GO:0046324		20	-0.2660085	-0.718465	0.85995084	1.0	1.0	1070	tags=10%, list=10%, signal=11%	
REGULATION OF MIRNA-MEDIATED GENE SILENCING%GOBP%GO:0060964	REGULATION OF MIRNA-MEDIATED GENE SILENCING%GOBP%GO:0060964		16	-0.28294906	-0.7177445	0.8722892	1.0	1.0	1937	tags=19%, list=18%, signal=23%	
MEIOTIC RECOMBINATION%REACTOME%R-HSA-912446.7	MEIOTIC RECOMBINATION%REACTOME%R-HSA-912446.7		38	-0.22849517	-0.71640205	0.91466665	1.0	1.0	835	tags=11%, list=8%, signal=11%	
MITOCHONDRIAL BIOGENESIS%REACTOME%R-HSA-1592230.4	MITOCHONDRIAL BIOGENESIS%REACTOME%R-HSA-1592230.4		83	-0.19841	-0.716288	0.97319037	1.0	1.0	2423	tags=24%, list=22%, signal=31%	
NEGATIVE REGULATION OF RNA SPLICING%GOBP%GO:0033119	NEGATIVE REGULATION OF RNA SPLICING%GOBP%GO:0033119		19	-0.26492324	-0.71598935	0.86538464	1.0	1.0	950	tags=11%, list=9%, signal=12%	
DARPP-32 EVENTS%REACTOME%R-HSA-180024.6	DARPP-32 EVENTS%REACTOME%R-HSA-180024.6		20	-0.25832963	-0.7150147	0.87119436	1.0	1.0	1999	tags=30%, list=18%, signal=37%	
SYNTHESIS OF PIPS AT THE EARLY ENDOSOME MEMBRANE%REACTOME DATABASE ID RELEASE 93%1660516	SYNTHESIS OF PIPS AT THE EARLY ENDOSOME MEMBRANE%REACTOME DATABASE ID RELEASE 93%1660516		16	-0.27374122	-0.71156394	0.877193	1.0	1.0	2008	tags=31%, list=18%, signal=38%	
REGULATION OF SISTER CHROMATID COHESION%GOBP%GO:0007063	REGULATION OF SISTER CHROMATID COHESION%GOBP%GO:0007063		16	-0.27272725	-0.710518	0.8470874	1.0	1.0	7993	tags=100%, list=73%, signal=367%	
ELECTRON TRANSPORT CHAIN%GOBP%GO:0022900	ELECTRON TRANSPORT CHAIN%GOBP%GO:0022900		83	-0.19925521	-0.7097065	0.9699248	1.0	1.0	2386	tags=23%, list=22%, signal=29%	
RORA,B,C AND NR1D1 (REV-ERBA) REGULATE GENE EXPRESSION%REACTOME%R-HSA-9933387.1	RORA,B,C AND NR1D1 (REV-ERBA) REGULATE GENE EXPRESSION%REACTOME%R-HSA-9933387.1		21	-0.25494245	-0.70836145	0.86901766	1.0	1.0	1255	tags=14%, list=11%, signal=16%	
REGULATION OF EMBRYONIC DEVELOPMENT%GOBP%GO:0045995	REGULATION OF EMBRYONIC DEVELOPMENT%GOBP%GO:0045995		48	-0.21495475	-0.70645547	0.9568528	1.0	1.0	2390	tags=27%, list=22%, signal=34%	
MAINTENANCE OF CELL NUMBER%GOBP%GO:0098727	MAINTENANCE OF CELL NUMBER%GOBP%GO:0098727		26	-0.24383985	-0.7050747	0.8939394	1.0	1.0	707	tags=8%, list=6%, signal=8%	
RNA POLYMERASE I TRANSCRIPTION INITIATION%REACTOME DATABASE ID RELEASE 93%73762	RNA POLYMERASE I TRANSCRIPTION INITIATION%REACTOME DATABASE ID RELEASE 93%73762		44	-0.2223321	-0.70432603	0.94358975	1.0	1.0	1232	tags=16%, list=11%, signal=18%	
TRNA WOBBLE BASE MODIFICATION%GOBP%GO:0002097	TRNA WOBBLE BASE MODIFICATION%GOBP%GO:0002097		23	-0.25216305	-0.70244443	0.8891509	1.0	1.0	1141	tags=13%, list=10%, signal=15%	
RESPONSE TO AMINO ACID STARVATION%GOBP%GO:1990928	RESPONSE TO AMINO ACID STARVATION%GOBP%GO:1990928		47	-0.21389508	-0.7024288	0.9448621	1.0	1.0	1487	tags=17%, list=14%, signal=20%	
GENE SILENCING BY RNA%REACTOME DATABASE ID RELEASE 93%211000	GENE SILENCING BY RNA%REACTOME DATABASE ID RELEASE 93%211000		78	-0.19967492	-0.7023829	0.9859944	1.0	1.0	2396	tags=24%, list=22%, signal=31%	
PROTON MOTIVE FORCE-DRIVEN MITOCHONDRIAL ATP SYNTHESIS%GOBP%GO:0042776	PROTON MOTIVE FORCE-DRIVEN MITOCHONDRIAL ATP SYNTHESIS%GOBP%GO:0042776		60	-0.20361029	-0.70191526	0.952514	1.0	1.0	3214	tags=35%, list=29%, signal=49%	
NEGATIVE REGULATION OF CD4-POSITIVE, ALPHA-BETA T CELL ACTIVATION%GOBP%GO:2000515	NEGATIVE REGULATION OF CD4-POSITIVE, ALPHA-BETA T CELL ACTIVATION%GOBP%GO:2000515		18	-0.27157846	-0.7016827	0.85201794	1.0	1.0	795	tags=17%, list=7%, signal=18%	
CELLULAR RESPONSE TO AMINO ACID STARVATION%GOBP%GO:0034198	CELLULAR RESPONSE TO AMINO ACID STARVATION%GOBP%GO:0034198		45	-0.21727993	-0.7011477	0.9404467	1.0	1.0	1487	tags=18%, list=14%, signal=20%	
STEM CELL POPULATION MAINTENANCE%GOBP%GO:0019827	STEM CELL POPULATION MAINTENANCE%GOBP%GO:0019827		26	-0.24383985	-0.70106864	0.919708	1.0	1.0	707	tags=8%, list=6%, signal=8%	
GLYCOGEN METABOLISM%REACTOME%R-HSA-8982491.3	GLYCOGEN METABOLISM%REACTOME%R-HSA-8982491.3		21	-0.26139906	-0.7010473	0.87623763	1.0	1.0	1250	tags=24%, list=11%, signal=27%	
CELLULAR RESPONSE TO UV%GOBP%GO:0034644	CELLULAR RESPONSE TO UV%GOBP%GO:0034644		63	-0.20609608	-0.7009681	0.96428573	1.0	1.0	1193	tags=11%, list=11%, signal=12%	
ETHER LIPID METABOLIC PROCESS%GOBP%GO:0046485	ETHER LIPID METABOLIC PROCESS%GOBP%GO:0046485		15	-0.28005224	-0.70029414	0.9082353	1.0	1.0	1885	tags=33%, list=17%, signal=40%	
16P11 2 DISTAL DELETION SYNDROME%WIKIPATHWAYS_20250810%WP4950%HOMO SAPIENS	16P11 2 DISTAL DELETION SYNDROME%WIKIPATHWAYS_20250810%WP4950%HOMO SAPIENS		20	-0.2567664	-0.70018	0.9019608	1.0	1.0	2173	tags=30%, list=20%, signal=37%	
SYNTHESIS OF GLYCOSYLPHOSPHATIDYLINOSITOL (GPI)%REACTOME DATABASE ID RELEASE 93%162710	SYNTHESIS OF GLYCOSYLPHOSPHATIDYLINOSITOL (GPI)%REACTOME DATABASE ID RELEASE 93%162710		15	-0.280298	-0.69941264	0.85714287	1.0	1.0	1213	tags=13%, list=11%, signal=15%	
ENERGY DEPENDENT REGULATION OF MTOR BY LKB1-AMPK%REACTOME%R-HSA-380972.4	ENERGY DEPENDENT REGULATION OF MTOR BY LKB1-AMPK%REACTOME%R-HSA-380972.4		27	-0.24273561	-0.69850296	0.91219515	1.0	1.0	1597	tags=19%, list=15%, signal=22%	
PID_NCADHERIN_PATHWAY%MSIGDB_C2%PID_NCADHERIN_PATHWAY	PID_NCADHERIN_PATHWAY%MSIGDB_C2%PID_NCADHERIN_PATHWAY		23	-0.2451695	-0.6983333	0.9042821	1.0	1.0	2457	tags=26%, list=22%, signal=34%	
PRC2 METHYLATES HISTONES AND DNA%REACTOME DATABASE ID RELEASE 93%212300	PRC2 METHYLATES HISTONES AND DNA%REACTOME DATABASE ID RELEASE 93%212300		29	-0.23768789	-0.6980269	0.90789473	1.0	1.0	567	tags=10%, list=5%, signal=11%	
POSITIVE REGULATION OF EPITHELIAL TO MESENCHYMAL TRANSITION%GOBP%GO:0010718	POSITIVE REGULATION OF EPITHELIAL TO MESENCHYMAL TRANSITION%GOBP%GO:0010718		30	-0.23881592	-0.6966761	0.9217604	1.0	1.0	2122	tags=33%, list=19%, signal=41%	
SPHINGOLIPID METABOLISM INTEGRATED PATHWAY%WIKIPATHWAYS_20250810%WP4726%HOMO SAPIENS	SPHINGOLIPID METABOLISM INTEGRATED PATHWAY%WIKIPATHWAYS_20250810%WP4726%HOMO SAPIENS		16	-0.27648738	-0.6959169	0.8726415	1.0	1.0	1294	tags=25%, list=12%, signal=28%	
EXPRESSION OF BMAL (ARNTL), CLOCK, AND NPAS2%REACTOME%R-HSA-9931509.1	EXPRESSION OF BMAL (ARNTL), CLOCK, AND NPAS2%REACTOME%R-HSA-9931509.1		29	-0.23290564	-0.6947205	0.9192399	1.0	1.0	1255	tags=14%, list=11%, signal=16%	
ESTABLISHMENT OF PROTEIN LOCALIZATION TO PEROXISOME%GOBP%GO:0072663	ESTABLISHMENT OF PROTEIN LOCALIZATION TO PEROXISOME%GOBP%GO:0072663		17	-0.26582906	-0.69413996	0.89311165	1.0	1.0	1330	tags=24%, list=12%, signal=27%	
METALLOPROTEASE DUBS%REACTOME DATABASE ID RELEASE 93%5689901	METALLOPROTEASE DUBS%REACTOME DATABASE ID RELEASE 93%5689901		25	-0.24150628	-0.69395703	0.9216152	1.0	1.0	1121	tags=20%, list=10%, signal=22%	
G0 AND EARLY G1%REACTOME DATABASE ID RELEASE 93%1538133	G0 AND EARLY G1%REACTOME DATABASE ID RELEASE 93%1538133		25	-0.24677281	-0.6926383	0.9042821	1.0	1.0	1165	tags=16%, list=11%, signal=18%	
HEXOSE CATABOLIC PROCESS%GOBP%GO:0019320	HEXOSE CATABOLIC PROCESS%GOBP%GO:0019320		27	-0.24432918	-0.69228697	0.9177057	1.0	1.0	804	tags=11%, list=7%, signal=12%	
NEURAL NUCLEUS DEVELOPMENT%GOBP%GO:0048857	NEURAL NUCLEUS DEVELOPMENT%GOBP%GO:0048857		31	-0.22878507	-0.6913061	0.9170732	1.0	1.0	42	tags=3%, list=0%, signal=3%	
CELL SURFACE RECEPTOR SIGNALING PATHWAY VIA STAT%GOBP%GO:0097696	CELL SURFACE RECEPTOR SIGNALING PATHWAY VIA STAT%GOBP%GO:0097696		32	-0.23021635	-0.6885485	0.93483144	1.0	1.0	3375	tags=44%, list=31%, signal=63%	
KITRECEPTOR%IOB%KITRECEPTOR	KITRECEPTOR%IOB%KITRECEPTOR		53	-0.20246097	-0.6880413	0.9765013	1.0	1.0	1100	tags=13%, list=10%, signal=15%	
NUCLEOTIDE TRANSMEMBRANE TRANSPORT%GOBP%GO:1901679	NUCLEOTIDE TRANSMEMBRANE TRANSPORT%GOBP%GO:1901679		16	-0.26408705	-0.6861468	0.87990195	1.0	1.0	1849	tags=25%, list=17%, signal=30%	
REGULATION OF MRNA PROCESSING%GOBP%GO:0050684	REGULATION OF MRNA PROCESSING%GOBP%GO:0050684		101	-0.18502936	-0.685555	0.99731904	1.0	1.0	2154	tags=17%, list=20%, signal=21%	
DOLICHOL-LINKED OLIGOSACCHARIDE BIOSYNTHETIC PROCESS%GOBP%GO:0006488	DOLICHOL-LINKED OLIGOSACCHARIDE BIOSYNTHETIC PROCESS%GOBP%GO:0006488		18	-0.25710487	-0.6850239	0.90048546	1.0	1.0	2785	tags=44%, list=25%, signal=59%	
VEGFR2 MEDIATED VASCULAR PERMEABILITY%REACTOME DATABASE ID RELEASE 93%5218920	VEGFR2 MEDIATED VASCULAR PERMEABILITY%REACTOME DATABASE ID RELEASE 93%5218920		23	-0.24546392	-0.68412447	0.9239631	1.0	1.0	3069	tags=39%, list=28%, signal=54%	
IL11 SIGNALING%WIKIPATHWAYS_20250810%WP2332%HOMO SAPIENS	IL11 SIGNALING%WIKIPATHWAYS_20250810%WP2332%HOMO SAPIENS		36	-0.22245888	-0.6829428	0.9467005	1.0	1.0	701	tags=8%, list=6%, signal=9%	
CELLULAR RESPONSE TO LIGHT STIMULUS%GOBP%GO:0071482	CELLULAR RESPONSE TO LIGHT STIMULUS%GOBP%GO:0071482		65	-0.19951345	-0.68168396	0.96938777	1.0	1.0	1193	tags=11%, list=11%, signal=12%	
RESPONSE TO ACID CHEMICAL%GOBP%GO:0001101	RESPONSE TO ACID CHEMICAL%GOBP%GO:0001101		43	-0.2082422	-0.6801957	0.9564165	1.0	1.0	1504	tags=19%, list=14%, signal=21%	
RESPONSE TO GAMMA RADIATION%GOBP%GO:0010332	RESPONSE TO GAMMA RADIATION%GOBP%GO:0010332		20	-0.2516738	-0.6789656	0.89761907	1.0	1.0	1681	tags=15%, list=15%, signal=18%	
REGULATION OF MRNA SPLICING, VIA SPLICEOSOME%GOBP%GO:0048024	REGULATION OF MRNA SPLICING, VIA SPLICEOSOME%GOBP%GO:0048024		83	-0.18735085	-0.6788977	0.9831933	1.0	1.0	1870	tags=13%, list=17%, signal=16%	
REGULATION OF INSULIN SECRETION%GOBP%GO:0050796	REGULATION OF INSULIN SECRETION%GOBP%GO:0050796		49	-0.20809865	-0.6784697	0.9601064	1.0	1.0	787	tags=8%, list=7%, signal=9%	
MONOSACCHARIDE CATABOLIC PROCESS%GOBP%GO:0046365	MONOSACCHARIDE CATABOLIC PROCESS%GOBP%GO:0046365		29	-0.23350129	-0.678276	0.921519	1.0	1.0	1783	tags=21%, list=16%, signal=25%	
RANKL RANK SIGNALING%WIKIPATHWAYS_20250810%WP2018%HOMO SAPIENS	RANKL RANK SIGNALING%WIKIPATHWAYS_20250810%WP2018%HOMO SAPIENS		39	-0.21484496	-0.6765891	0.94988066	1.0	1.0	997	tags=10%, list=9%, signal=11%	
MACROMOLECULE DEACYLATION%GOBP%GO:0098732	MACROMOLECULE DEACYLATION%GOBP%GO:0098732		16	-0.26393157	-0.6761851	0.9007092	1.0	1.0	2225	tags=25%, list=20%, signal=31%	
REGULATION OF POTASSIUM ION TRANSMEMBRANE TRANSPORT%GOBP%GO:1901379	REGULATION OF POTASSIUM ION TRANSMEMBRANE TRANSPORT%GOBP%GO:1901379		23	-0.24375416	-0.67457354	0.92839503	1.0	1.0	1664	tags=22%, list=15%, signal=26%	
TUBE FORMATION%GOBP%GO:0035148	TUBE FORMATION%GOBP%GO:0035148		29	-0.23197241	-0.6743533	0.937046	1.0	1.0	1574	tags=17%, list=14%, signal=20%	
NEGATIVE REGULATION OF ENDOTHELIAL CELL PROLIFERATION%GOBP%GO:0001937	NEGATIVE REGULATION OF ENDOTHELIAL CELL PROLIFERATION%GOBP%GO:0001937		18	-0.25790083	-0.6738634	0.877451	1.0	1.0	1415	tags=22%, list=13%, signal=25%	
NOTCH3 INTRACELLULAR DOMAIN REGULATES TRANSCRIPTION%REACTOME%R-HSA-9013508.2	NOTCH3 INTRACELLULAR DOMAIN REGULATES TRANSCRIPTION%REACTOME%R-HSA-9013508.2		15	-0.27349666	-0.6735964	0.8933649	1.0	1.0	1374	tags=20%, list=13%, signal=23%	
UBIQUITIN-DEPENDENT PROTEIN CATABOLIC PROCESS VIA THE MULTIVESICULAR BODY SORTING PATHWAY%GOBP%GO:0043162	UBIQUITIN-DEPENDENT PROTEIN CATABOLIC PROCESS VIA THE MULTIVESICULAR BODY SORTING PATHWAY%GOBP%GO:0043162		32	-0.22118317	-0.67347085	0.9362745	1.0	1.0	2605	tags=31%, list=24%, signal=41%	
CYTOCHROME COMPLEX ASSEMBLY%GOBP%GO:0017004	CYTOCHROME COMPLEX ASSEMBLY%GOBP%GO:0017004		39	-0.21515033	-0.67341894	0.95739347	1.0	1.0	2487	tags=23%, list=23%, signal=30%	
METHYLATION%GOBP%GO:0032259	METHYLATION%GOBP%GO:0032259		104	-0.18216799	-0.6733685	0.99435025	1.0	1.0	3070	tags=33%, list=28%, signal=45%	
ACTIVATION OF RRNA EXPRESSION BY ERCC6 (CSB) AND EHMT2 (G9A)%REACTOME DATABASE ID RELEASE 93%427389	ACTIVATION OF RRNA EXPRESSION BY ERCC6 (CSB) AND EHMT2 (G9A)%REACTOME DATABASE ID RELEASE 93%427389		32	-0.22506754	-0.67311543	0.94763094	1.0	1.0	567	tags=9%, list=5%, signal=10%	
INFLUENCE OF LAMINOPATHIES ON WNT SIGNALING%WIKIPATHWAYS_20250810%WP4844%HOMO SAPIENS	INFLUENCE OF LAMINOPATHIES ON WNT SIGNALING%WIKIPATHWAYS_20250810%WP4844%HOMO SAPIENS		22	-0.24154556	-0.6728443	0.9408867	1.0	1.0	375	tags=9%, list=3%, signal=9%	
PROTEIN DEACYLATION%GOBP%GO:0035601	PROTEIN DEACYLATION%GOBP%GO:0035601		16	-0.26393157	-0.67130196	0.89366513	1.0	1.0	2225	tags=25%, list=20%, signal=31%	
PROCESSING OF SMDT1%REACTOME DATABASE ID RELEASE 93%8949664	PROCESSING OF SMDT1%REACTOME DATABASE ID RELEASE 93%8949664		16	-0.26532635	-0.6708887	0.9030733	1.0	1.0	159	tags=6%, list=1%, signal=6%	
MACROMOLECULE METHYLATION%GOBP%GO:0043414	MACROMOLECULE METHYLATION%GOBP%GO:0043414		100	-0.18106936	-0.67046255	1.0	1.0	1.0	2954	tags=31%, list=27%, signal=42%	
MLL4 AND MLL3 COMPLEXES REGULATE EXPRESSION OF PPARG TARGET GENES IN ADIPOGENESIS AND HEPATIC STEATOSIS%REACTOME DATABASE ID RELEASE 93%9841922	MLL4 AND MLL3 COMPLEXES REGULATE EXPRESSION OF PPARG TARGET GENES IN ADIPOGENESIS AND HEPATIC STEATOSIS%REACTOME DATABASE ID RELEASE 93%9841922		73	-0.18455313	-0.6675691	0.9972678	1.0	1.0	2452	tags=26%, list=22%, signal=33%	
TRYPTOPHAN METABOLISM%WIKIPATHWAYS_20250810%WP465%HOMO SAPIENS	TRYPTOPHAN METABOLISM%WIKIPATHWAYS_20250810%WP465%HOMO SAPIENS		16	-0.2630794	-0.6674728	0.9187359	1.0	1.0	2861	tags=38%, list=26%, signal=51%	
CYCLIN DEPENDENT KINASE 4 6 INHIBITORS IN BREAST CANCER%WIKIPATHWAYS_20250810%WP5497%HOMO SAPIENS	CYCLIN DEPENDENT KINASE 4 6 INHIBITORS IN BREAST CANCER%WIKIPATHWAYS_20250810%WP5497%HOMO SAPIENS		23	-0.24213654	-0.6668069	0.9109589	1.0	1.0	35	tags=4%, list=0%, signal=4%	
MEMBRANE FISSION%GOBP%GO:0090148	MEMBRANE FISSION%GOBP%GO:0090148		40	-0.20805635	-0.66583955	0.9705882	1.0	1.0	2953	tags=33%, list=27%, signal=44%	
PROTEIN O-LINKED GLYCOSYLATION VIA MANNOSE%GOBP%GO:0035269	PROTEIN O-LINKED GLYCOSYLATION VIA MANNOSE%GOBP%GO:0035269		15	-0.262468	-0.6654503	0.9143519	1.0	1.0	1982	tags=33%, list=18%, signal=41%	
VIRION ASSEMBLY%GOBP%GO:0019068	VIRION ASSEMBLY%GOBP%GO:0019068		29	-0.22141336	-0.6653341	0.9491525	1.0	1.0	2432	tags=28%, list=22%, signal=35%	
PID_INSULIN_PATHWAY%MSIGDB_C2%PID_INSULIN_PATHWAY	PID_INSULIN_PATHWAY%MSIGDB_C2%PID_INSULIN_PATHWAY		29	-0.22457989	-0.6637846	0.94930875	1.0	1.0	541	tags=7%, list=5%, signal=7%	
PORE COMPLEX ASSEMBLY%GOBP%GO:0046931	PORE COMPLEX ASSEMBLY%GOBP%GO:0046931		18	-0.24664018	-0.6631333	0.9108434	1.0	1.0	252	tags=6%, list=2%, signal=6%	
SEX-CHROMOSOME DOSAGE COMPENSATION%GOBP%GO:0007549	SEX-CHROMOSOME DOSAGE COMPENSATION%GOBP%GO:0007549		15	-0.26218766	-0.6616683	0.91190475	1.0	1.0	813	tags=13%, list=7%, signal=14%	
PID_HIV_NEF_PATHWAY%MSIGDB_C2%PID_HIV_NEF_PATHWAY	PID_HIV_NEF_PATHWAY%MSIGDB_C2%PID_HIV_NEF_PATHWAY		27	-0.23144625	-0.6606209	0.92137593	1.0	1.0	635	tags=11%, list=6%, signal=12%	
ARTERY DEVELOPMENT%GOBP%GO:0060840	ARTERY DEVELOPMENT%GOBP%GO:0060840		20	-0.24397995	-0.65825456	0.9308036	1.0	1.0	2142	tags=35%, list=20%, signal=43%	
TRNA MODIFICATION%GOBP%GO:0006400	TRNA MODIFICATION%GOBP%GO:0006400		85	-0.18398702	-0.6582183	0.9943182	1.0	1.0	2793	tags=27%, list=25%, signal=36%	
POLYOL BIOSYNTHETIC PROCESS%GOBP%GO:0046173	POLYOL BIOSYNTHETIC PROCESS%GOBP%GO:0046173		25	-0.23225293	-0.6574688	0.94865525	1.0	1.0	115	tags=4%, list=1%, signal=4%	
ALPHA 6 BETA 4 SIGNALING%WIKIPATHWAYS_20250810%WP244%HOMO SAPIENS	ALPHA 6 BETA 4 SIGNALING%WIKIPATHWAYS_20250810%WP244%HOMO SAPIENS		18	-0.2540431	-0.6567254	0.90954775	1.0	1.0	756	tags=11%, list=7%, signal=12%	
POSITIVE REGULATION OF RNA SPLICING%GOBP%GO:0033120	POSITIVE REGULATION OF RNA SPLICING%GOBP%GO:0033120		25	-0.22869718	-0.6547705	0.96359223	1.0	1.0	85	tags=4%, list=1%, signal=4%	
MITOCHONDRIAL RNA PROCESSING%GOBP%GO:0000963	MITOCHONDRIAL RNA PROCESSING%GOBP%GO:0000963		27	-0.22602363	-0.65403134	0.952	1.0	1.0	2414	tags=26%, list=22%, signal=33%	
DOSAGE COMPENSATION BY INACTIVATION OF X CHROMOSOME%GOBP%GO:0009048	DOSAGE COMPENSATION BY INACTIVATION OF X CHROMOSOME%GOBP%GO:0009048		15	-0.26218766	-0.6537524	0.8993135	1.0	1.0	813	tags=13%, list=7%, signal=14%	
TICAM1, RIP1-MEDIATED IKK COMPLEX RECRUITMENT%REACTOME DATABASE ID RELEASE 93%168927	TICAM1, RIP1-MEDIATED IKK COMPLEX RECRUITMENT%REACTOME DATABASE ID RELEASE 93%168927		16	-0.24942827	-0.6536903	0.9028436	1.0	1.0	697	tags=13%, list=6%, signal=13%	
FIBROBLAST GROWTH FACTOR RECEPTOR SIGNALING PATHWAY%GOBP%GO:0008543	FIBROBLAST GROWTH FACTOR RECEPTOR SIGNALING PATHWAY%GOBP%GO:0008543		15	-0.25978822	-0.653644	0.91484714	1.0	1.0	2682	tags=40%, list=24%, signal=53%	
EPIGENETIC REGULATION OF ADIPOGENESIS GENES BY MLL3 AND MLL4 COMPLEXES%REACTOME DATABASE ID RELEASE 93%9851695	EPIGENETIC REGULATION OF ADIPOGENESIS GENES BY MLL3 AND MLL4 COMPLEXES%REACTOME DATABASE ID RELEASE 93%9851695		73	-0.18455313	-0.6523325	0.9898219	1.0	1.0	2452	tags=26%, list=22%, signal=33%	
CAM PATHWAY%REACTOME%R-HSA-111997.3	CAM PATHWAY%REACTOME%R-HSA-111997.3		23	-0.23191619	-0.6506405	0.9426434	1.0	1.0	1031	tags=17%, list=9%, signal=19%	
REGULATION OF STEROID BIOSYNTHETIC PROCESS%GOBP%GO:0050810	REGULATION OF STEROID BIOSYNTHETIC PROCESS%GOBP%GO:0050810		33	-0.21161827	-0.6501388	0.95609754	1.0	1.0	2766	tags=30%, list=25%, signal=40%	
EPIGENETIC REGULATION OF GENE EXPRESSION BY MLL3 AND MLL4 COMPLEXES%REACTOME%R-HSA-9818564.1	EPIGENETIC REGULATION OF GENE EXPRESSION BY MLL3 AND MLL4 COMPLEXES%REACTOME%R-HSA-9818564.1		73	-0.18455313	-0.64902514	0.9973545	1.0	1.0	2452	tags=26%, list=22%, signal=33%	
N-GLYCAN PROCESSING%GOBP%GO:0006491	N-GLYCAN PROCESSING%GOBP%GO:0006491		18	-0.25106272	-0.64849174	0.93824226	1.0	1.0	1480	tags=17%, list=13%, signal=19%	
PDGF PATHWAY%WIKIPATHWAYS_20250810%WP2526%HOMO SAPIENS	PDGF PATHWAY%WIKIPATHWAYS_20250810%WP2526%HOMO SAPIENS		30	-0.21927789	-0.6482672	0.9634146	1.0	1.0	541	tags=7%, list=5%, signal=7%	
MORPHOGENESIS OF EMBRYONIC EPITHELIUM%GOBP%GO:0016331	MORPHOGENESIS OF EMBRYONIC EPITHELIUM%GOBP%GO:0016331		25	-0.23051105	-0.6460794	0.92893404	1.0	1.0	1574	tags=20%, list=14%, signal=23%	
RNA POLYMERASE II PRE-TRANSCRIPTION EVENTS%REACTOME DATABASE ID RELEASE 93%674695	RNA POLYMERASE II PRE-TRANSCRIPTION EVENTS%REACTOME DATABASE ID RELEASE 93%674695		72	-0.18356495	-0.6441357	0.99120235	1.0	1.0	20	tags=1%, list=0%, signal=1%	
TRNA PROCESSING%GOBP%GO:0008033	TRNA PROCESSING%GOBP%GO:0008033		115	-0.1702939	-0.6439097	0.9969697	1.0	1.0	2818	tags=25%, list=26%, signal=34%	
TRANSCRIPTIONAL REGULATION BY MECP2%REACTOME%R-HSA-8986944.4	TRANSCRIPTIONAL REGULATION BY MECP2%REACTOME%R-HSA-8986944.4		35	-0.2110233	-0.6430055	0.95421684	1.0	1.0	1255	tags=11%, list=11%, signal=13%	
TRANSCRIPTIONAL REGULATION BY SMALL RNAS%REACTOME%R-HSA-5578749.7	TRANSCRIPTIONAL REGULATION BY SMALL RNAS%REACTOME%R-HSA-5578749.7		58	-0.19329835	-0.64040184	0.992268	1.0	1.0	2396	tags=28%, list=22%, signal=35%	
TARGETED AGENTS IN TRIPLE NEGATIVE BREAST CANCER%WIKIPATHWAYS_20250810%WP5215%HOMO SAPIENS	TARGETED AGENTS IN TRIPLE NEGATIVE BREAST CANCER%WIKIPATHWAYS_20250810%WP5215%HOMO SAPIENS		31	-0.21827486	-0.6394076	0.95555556	1.0	1.0	612	tags=6%, list=6%, signal=7%	
CREB1 PHOSPHORYLATION THROUGH NMDA RECEPTOR-MEDIATED ACTIVATION OF RAS SIGNALING%REACTOME DATABASE ID RELEASE 93%442742	CREB1 PHOSPHORYLATION THROUGH NMDA RECEPTOR-MEDIATED ACTIVATION OF RAS SIGNALING%REACTOME DATABASE ID RELEASE 93%442742		16	-0.24482827	-0.6391104	0.9154589	1.0	1.0	315	tags=6%, list=3%, signal=6%	
INTRACELLULAR TRAFFICKING PROTEINS INVOLVED IN CMT NEUROPATHY%WIKIPATHWAYS_20250810%WP4856%HOMO SAPIENS	INTRACELLULAR TRAFFICKING PROTEINS INVOLVED IN CMT NEUROPATHY%WIKIPATHWAYS_20250810%WP4856%HOMO SAPIENS		15	-0.25498146	-0.6390906	0.9433962	1.0	1.0	809	tags=13%, list=7%, signal=14%	
PID_NOTCH_PATHWAY%MSIGDB_C2%PID_NOTCH_PATHWAY	PID_NOTCH_PATHWAY%MSIGDB_C2%PID_NOTCH_PATHWAY		34	-0.21167879	-0.6376391	0.96153843	1.0	1.0	2003	tags=24%, list=18%, signal=29%	
POLY(A)+ MRNA EXPORT FROM NUCLEUS%GOBP%GO:0016973	POLY(A)+ MRNA EXPORT FROM NUCLEUS%GOBP%GO:0016973		15	-0.25150648	-0.6368381	0.9184149	1.0	1.0	2617	tags=40%, list=24%, signal=52%	
EPIGENETIC REGULATION BY WDR5-CONTAINING HISTONE MODIFYING COMPLEXES%REACTOME DATABASE ID RELEASE 93%9917777	EPIGENETIC REGULATION BY WDR5-CONTAINING HISTONE MODIFYING COMPLEXES%REACTOME DATABASE ID RELEASE 93%9917777		105	-0.170665	-0.6358921	0.99731183	1.0	1.0	2452	tags=25%, list=22%, signal=32%	
DEPOSITION OF NEW CENPA-CONTAINING NUCLEOSOMES AT THE CENTROMERE%REACTOME DATABASE ID RELEASE 93%606279	DEPOSITION OF NEW CENPA-CONTAINING NUCLEOSOMES AT THE CENTROMERE%REACTOME DATABASE ID RELEASE 93%606279		42	-0.19805372	-0.6351152	0.9698492	1.0	1.0	567	tags=7%, list=5%, signal=8%	
CALMODULIN INDUCED EVENTS%REACTOME%R-HSA-111933.3	CALMODULIN INDUCED EVENTS%REACTOME%R-HSA-111933.3		23	-0.23191619	-0.6342455	0.9426434	1.0	1.0	1031	tags=17%, list=9%, signal=19%	
INTRAFLAGELLAR TRANSPORT PROTEINS BINDING TO DYNEIN%WIKIPATHWAYS_20250810%WP4532%HOMO SAPIENS	INTRAFLAGELLAR TRANSPORT PROTEINS BINDING TO DYNEIN%WIKIPATHWAYS_20250810%WP4532%HOMO SAPIENS		19	-0.23572522	-0.63422424	0.9206731	1.0	1.0	3393	tags=47%, list=31%, signal=68%	
P38 MAPK PATHWAY%PANTHER PATHWAY%P05918	P38 MAPK PATHWAY%PANTHER PATHWAY%P05918		25	-0.22169782	-0.6326885	0.9527363	1.0	1.0	1717	tags=20%, list=16%, signal=24%	
NUCLEOSOME ASSEMBLY%REACTOME DATABASE ID RELEASE 93%774815	NUCLEOSOME ASSEMBLY%REACTOME DATABASE ID RELEASE 93%774815		42	-0.19805372	-0.63114494	0.9807229	1.0	1.0	567	tags=7%, list=5%, signal=8%	
REGULATION OF PTEN GENE TRANSCRIPTION%REACTOME%R-HSA-8943724.2	REGULATION OF PTEN GENE TRANSCRIPTION%REACTOME%R-HSA-8943724.2		53	-0.19329569	-0.63111836	0.97964376	1.0	1.0	3221	tags=40%, list=29%, signal=56%	
INTRACILIARY ANTEROGRADE TRANSPORT%GOBP%GO:0035720	INTRACILIARY ANTEROGRADE TRANSPORT%GOBP%GO:0035720		17	-0.24046974	-0.6300173	0.9238095	1.0	1.0	2629	tags=41%, list=24%, signal=54%	
CA-DEPENDENT EVENTS%REACTOME%R-HSA-111996.3	CA-DEPENDENT EVENTS%REACTOME%R-HSA-111996.3		25	-0.22621451	-0.6289544	0.95577395	1.0	1.0	1031	tags=16%, list=9%, signal=18%	
VIRAL BUDDING VIA HOST ESCRT COMPLEX%GOBP%GO:0039702	VIRAL BUDDING VIA HOST ESCRT COMPLEX%GOBP%GO:0039702		18	-0.23628743	-0.62843394	0.9449761	1.0	1.0	2432	tags=33%, list=22%, signal=43%	
NRF2 ARE REGULATION%WIKIPATHWAYS_20250810%WP4357%HOMO SAPIENS	NRF2 ARE REGULATION%WIKIPATHWAYS_20250810%WP4357%HOMO SAPIENS		19	-0.2331004	-0.6281985	0.94089836	1.0	1.0	701	tags=11%, list=6%, signal=11%	
MIDBRAIN DEVELOPMENT%GOBP%GO:0030901	MIDBRAIN DEVELOPMENT%GOBP%GO:0030901		40	-0.19860739	-0.6278803	0.9714286	1.0	1.0	1651	tags=18%, list=15%, signal=21%	
NANOPARTICLE MEDIATED ACTIVATION OF RECEPTOR SIGNALING%WIKIPATHWAYS_20250810%WP2643%HOMO SAPIENS	NANOPARTICLE MEDIATED ACTIVATION OF RECEPTOR SIGNALING%WIKIPATHWAYS_20250810%WP2643%HOMO SAPIENS		22	-0.22785333	-0.6255605	0.93601894	1.0	1.0	1182	tags=14%, list=11%, signal=15%	
HCMV EARLY EVENTS%REACTOME%R-HSA-9609690.2	HCMV EARLY EVENTS%REACTOME%R-HSA-9609690.2		64	-0.18149516	-0.62217325	0.9948849	1.0	1.0	2396	tags=22%, list=22%, signal=28%	
INITIATION OF TRANSCRIPTION AND TRANSLATION ELONGATION AT THE HIV 1 LTR%WIKIPATHWAYS_20250810%WP3414%HOMO SAPIENS	INITIATION OF TRANSCRIPTION AND TRANSLATION ELONGATION AT THE HIV 1 LTR%WIKIPATHWAYS_20250810%WP3414%HOMO SAPIENS		26	-0.21702853	-0.6209433	0.97979796	1.0	1.0	2145	tags=27%, list=20%, signal=33%	
TRANSCRIPTIONAL REGULATION BY VENTX%REACTOME%R-HSA-8853884.3	TRANSCRIPTIONAL REGULATION BY VENTX%REACTOME%R-HSA-8853884.3		35	-0.20410906	-0.62064517	0.9661836	1.0	1.0	2498	tags=29%, list=23%, signal=37%	
REGULATION OF NEUROTRANSMITTER SECRETION%GOBP%GO:0046928	REGULATION OF NEUROTRANSMITTER SECRETION%GOBP%GO:0046928		29	-0.20993248	-0.6203796	0.9813333	1.0	1.0	382	tags=7%, list=3%, signal=7%	
VXPX CARGO-TARGETING TO CILIUM%REACTOME%R-HSA-5620916.4	VXPX CARGO-TARGETING TO CILIUM%REACTOME%R-HSA-5620916.4		17	-0.2375265	-0.6184464	0.93611795	1.0	1.0	3668	tags=41%, list=33%, signal=62%	
NEGATIVE REGULATION OF FGFR2 SIGNALING%REACTOME%R-HSA-5654727.3	NEGATIVE REGULATION OF FGFR2 SIGNALING%REACTOME%R-HSA-5654727.3		15	-0.24252428	-0.6151508	0.95259595	1.0	1.0	2682	tags=33%, list=24%, signal=44%	
MRNA MODIFICATION%GOBP%GO:0016556	MRNA MODIFICATION%GOBP%GO:0016556		15	-0.24822688	-0.61479914	0.93121696	1.0	1.0	1569	tags=20%, list=14%, signal=23%	
REGULATION OF GENE SILENCING BY REGULATORY NCRNA%GOBP%GO:0060966	REGULATION OF GENE SILENCING BY REGULATORY NCRNA%GOBP%GO:0060966		18	-0.23533408	-0.6136999	0.9530516	1.0	1.0	1937	tags=17%, list=18%, signal=20%	
REGULATION OF DNA-TEMPLATED TRANSCRIPTION INITIATION%GOBP%GO:2000142	REGULATION OF DNA-TEMPLATED TRANSCRIPTION INITIATION%GOBP%GO:2000142		62	-0.17949338	-0.6136065	0.9947507	1.0	1.0	3098	tags=29%, list=28%, signal=40%	
PID_MTOR_4PATHWAY%MSIGDB_C2%PID_MTOR_4PATHWAY	PID_MTOR_4PATHWAY%MSIGDB_C2%PID_MTOR_4PATHWAY		54	-0.18602088	-0.6133721	0.9974811	1.0	1.0	2967	tags=30%, list=27%, signal=40%	
STEROID BIOSYNTHETIC PROCESS%GOBP%GO:0006694	STEROID BIOSYNTHETIC PROCESS%GOBP%GO:0006694		40	-0.19383721	-0.61256427	0.9810427	1.0	1.0	665	tags=8%, list=6%, signal=8%	
NEGATIVE REGULATION OF FGFR3 SIGNALING%REACTOME DATABASE ID RELEASE 93%5654732	NEGATIVE REGULATION OF FGFR3 SIGNALING%REACTOME DATABASE ID RELEASE 93%5654732		15	-0.24252434	-0.6104499	0.9279279	1.0	1.0	2682	tags=33%, list=24%, signal=44%	
CANONICAL NF-KAPPAB PATHWAY%PATHWAY INTERACTION DATABASE NCI-NATURE CURATED DATA%CANONICAL NF-KAPPAB PATHWAY	CANONICAL NF-KAPPAB PATHWAY%PATHWAY INTERACTION DATABASE NCI-NATURE CURATED DATA%CANONICAL NF-KAPPAB PATHWAY		21	-0.22475898	-0.61030364	0.9555035	1.0	1.0	2145	tags=19%, list=20%, signal=24%	
REGULATION OF CDH11 EXPRESSION AND FUNCTION%REACTOME DATABASE ID RELEASE 93%9759475	REGULATION OF CDH11 EXPRESSION AND FUNCTION%REACTOME DATABASE ID RELEASE 93%9759475		17	-0.23342542	-0.6101895	0.94860816	1.0	1.0	2011	tags=29%, list=18%, signal=36%	
NEGATIVE REGULATION OF FGFR1 SIGNALING%REACTOME DATABASE ID RELEASE 93%5654726	NEGATIVE REGULATION OF FGFR1 SIGNALING%REACTOME DATABASE ID RELEASE 93%5654726		15	-0.24252428	-0.6091618	0.9350348	1.0	1.0	2682	tags=33%, list=24%, signal=44%	
SKELETAL MUSCLE ORGAN DEVELOPMENT%GOBP%GO:0060538	SKELETAL MUSCLE ORGAN DEVELOPMENT%GOBP%GO:0060538		20	-0.22453918	-0.6087813	0.9512195	1.0	1.0	800	tags=10%, list=7%, signal=11%	
M-DECAY: DEGRADATION OF MATERNAL MRNAS BY MATERNALLY STORED FACTORS%REACTOME%R-HSA-9820841.1	M-DECAY: DEGRADATION OF MATERNAL MRNAS BY MATERNALLY STORED FACTORS%REACTOME%R-HSA-9820841.1		23	-0.21505186	-0.60643965	0.9735577	1.0	1.0	737	tags=9%, list=7%, signal=9%	
REGULATION OF EXPRESSION AND FUNCTION OF TYPE II CLASSICAL CADHERINS%REACTOME%R-HSA-9764260.2	REGULATION OF EXPRESSION AND FUNCTION OF TYPE II CLASSICAL CADHERINS%REACTOME%R-HSA-9764260.2		18	-0.22768232	-0.6057527	0.9537037	1.0	1.0	2011	tags=28%, list=18%, signal=34%	
TRANSCRIPTIONAL REGULATION BY E2F6%REACTOME%R-HSA-8953750.3	TRANSCRIPTIONAL REGULATION BY E2F6%REACTOME%R-HSA-8953750.3		32	-0.2017764	-0.6048665	0.97738695	1.0	1.0	1053	tags=9%, list=10%, signal=10%	
NEGATIVE REGULATION OF FGFR4 SIGNALING%REACTOME%R-HSA-5654733.3	NEGATIVE REGULATION OF FGFR4 SIGNALING%REACTOME%R-HSA-5654733.3		15	-0.24252428	-0.604242	0.94871795	1.0	1.0	2682	tags=33%, list=24%, signal=44%	
NETRIN-MEDIATED SIGNALING EVENTS%PATHWAY INTERACTION DATABASE NCI-NATURE CURATED DATA%NETRIN-MEDIATED SIGNALING EVENTS	NETRIN-MEDIATED SIGNALING EVENTS%PATHWAY INTERACTION DATABASE NCI-NATURE CURATED DATA%NETRIN-MEDIATED SIGNALING EVENTS		24	-0.21443625	-0.59647286	0.9594272	1.0	1.0	701	tags=8%, list=6%, signal=9%	
MELATONIN METABOLISM AND EFFECTS%WIKIPATHWAYS_20250810%WP3298%HOMO SAPIENS	MELATONIN METABOLISM AND EFFECTS%WIKIPATHWAYS_20250810%WP3298%HOMO SAPIENS		18	-0.22362061	-0.59336764	0.9537037	1.0	1.0	8532	tags=100%, list=78%, signal=447%	
REGULATION OF PROTEIN LOCALIZATION TO CELL SURFACE%GOBP%GO:2000008	REGULATION OF PROTEIN LOCALIZATION TO CELL SURFACE%GOBP%GO:2000008		23	-0.21671271	-0.59309715	0.9466357	1.0	1.0	147	tags=4%, list=1%, signal=4%	
PID_HDAC_CLASSI_PATHWAY%MSIGDB_C2%PID_HDAC_CLASSI_PATHWAY	PID_HDAC_CLASSI_PATHWAY%MSIGDB_C2%PID_HDAC_CLASSI_PATHWAY		52	-0.17867132	-0.5907523	0.997449	1.0	1.0	2493	tags=23%, list=23%, signal=30%	
DNA REPLICATION INITIATION%GOBP%GO:0006270	DNA REPLICATION INITIATION%GOBP%GO:0006270		25	-0.21034959	-0.58972365	0.98245615	1.0	1.0	2419	tags=28%, list=22%, signal=36%	
EPO%IOB%EPO	EPO%IOB%EPO		23	-0.21206032	-0.5878626	0.9872123	1.0	1.0	1100	tags=9%, list=10%, signal=10%	
MIRNA-MEDIATED GENE SILENCING BY INHIBITION OF TRANSLATION%GOBP%GO:0035278	MIRNA-MEDIATED GENE SILENCING BY INHIBITION OF TRANSLATION%GOBP%GO:0035278		16	-0.23408404	-0.58540535	0.9639423	1.0	1.0	1660	tags=19%, list=15%, signal=22%	
LDL INFLUENCE ON CD14 AND TLR4%WIKIPATHWAYS_20250810%WP5272%HOMO SAPIENS	LDL INFLUENCE ON CD14 AND TLR4%WIKIPATHWAYS_20250810%WP5272%HOMO SAPIENS		17	-0.22501607	-0.5846787	0.9563107	1.0	1.0	756	tags=12%, list=7%, signal=13%	
LOCOMOTORY BEHAVIOR%GOBP%GO:0007626	LOCOMOTORY BEHAVIOR%GOBP%GO:0007626		18	-0.22118619	-0.5816292	0.96642685	1.0	1.0	1937	tags=28%, list=18%, signal=34%	
POSITIVE REGULATION OF MRNA PROCESSING%GOBP%GO:0050685	POSITIVE REGULATION OF MRNA PROCESSING%GOBP%GO:0050685		18	-0.22137736	-0.5778857	0.9683258	1.0	1.0	2986	tags=33%, list=27%, signal=46%	
REGULATION OF MITOTIC SPINDLE ASSEMBLY%GOBP%GO:1901673	REGULATION OF MITOTIC SPINDLE ASSEMBLY%GOBP%GO:1901673		17	-0.22409257	-0.575748	0.9691943	1.0	1.0	2748	tags=35%, list=25%, signal=47%	
INTERACTOME OF POLYCOMB REPRESSIVE COMPLEX 2 PRC2 %WIKIPATHWAYS_20250810%WP2916%HOMO SAPIENS	INTERACTOME OF POLYCOMB REPRESSIVE COMPLEX 2 PRC2 %WIKIPATHWAYS_20250810%WP2916%HOMO SAPIENS		15	-0.23130926	-0.57522136	0.9549763	1.0	1.0	8447	tags=100%, list=77%, signal=432%	
SIGNALING EVENTS MEDIATED BY HDAC CLASS I%PATHWAY INTERACTION DATABASE NCI-NATURE CURATED DATA%SIGNALING EVENTS MEDIATED BY HDAC CLASS I	SIGNALING EVENTS MEDIATED BY HDAC CLASS I%PATHWAY INTERACTION DATABASE NCI-NATURE CURATED DATA%SIGNALING EVENTS MEDIATED BY HDAC CLASS I		60	-0.16555798	-0.575181	0.99740934	1.0	1.0	1241	tags=12%, list=11%, signal=13%	
ENVELOPE PROTEINS AND THEIR POTENTIAL ROLES IN EDMD PHYSIOPATHOLOGY%WIKIPATHWAYS_20250810%WP4535%HOMO SAPIENS	ENVELOPE PROTEINS AND THEIR POTENTIAL ROLES IN EDMD PHYSIOPATHOLOGY%WIKIPATHWAYS_20250810%WP4535%HOMO SAPIENS		26	-0.20126882	-0.57509243	0.973301	1.0	1.0	1084	tags=12%, list=10%, signal=13%	
MRNA 3'-END PROCESSING%GOBP%GO:0031124	MRNA 3'-END PROCESSING%GOBP%GO:0031124		27	-0.20266712	-0.571803	0.9787234	1.0	1.0	1734	tags=19%, list=16%, signal=22%	
REGULATION OF CHOLESTEROL METABOLIC PROCESS%GOBP%GO:0090181	REGULATION OF CHOLESTEROL METABOLIC PROCESS%GOBP%GO:0090181		26	-0.19937721	-0.5678013	0.9858491	1.0	1.0	2766	tags=35%, list=25%, signal=46%	
TRNA METHYLATION%GOBP%GO:0030488	TRNA METHYLATION%GOBP%GO:0030488		36	-0.18412599	-0.56695396	0.98806685	1.0	1.0	2954	tags=33%, list=27%, signal=45%	
TRNA PROCESSING%REACTOME DATABASE ID RELEASE 93%72306	TRNA PROCESSING%REACTOME DATABASE ID RELEASE 93%72306		102	-0.15301658	-0.566516	1.0	1.0	1.0	2396	tags=21%, list=22%, signal=26%	
REGULATION OF TRANSCRIPTION INITIATION BY RNA POLYMERASE II%GOBP%GO:0060260	REGULATION OF TRANSCRIPTION INITIATION BY RNA POLYMERASE II%GOBP%GO:0060260		57	-0.16687736	-0.5587896	1.0	1.0	1.0	2711	tags=23%, list=25%, signal=30%	
GLYCOSYLPHOSPHATIDYL INOSITOL ANCHOR PATHWAY%WIKIPATHWAYS_20250810%WP5505%HOMO SAPIENS	GLYCOSYLPHOSPHATIDYL INOSITOL ANCHOR PATHWAY%WIKIPATHWAYS_20250810%WP5505%HOMO SAPIENS		22	-0.20172256	-0.5541953	0.9786223	1.0	1.0	1582	tags=18%, list=14%, signal=21%	
DAG1 GLYCOSYLATIONS%REACTOME%R-HSA-8931838.1	DAG1 GLYCOSYLATIONS%REACTOME%R-HSA-8931838.1		16	-0.21433468	-0.54545534	0.9725686	1.0	1.0	652	tags=13%, list=6%, signal=13%	
NON-CODING RNA METABOLISM%REACTOME%R-HSA-194441.4	NON-CODING RNA METABOLISM%REACTOME%R-HSA-194441.4		49	-0.16175729	-0.54098284	0.997416	1.0	1.0	2706	tags=29%, list=25%, signal=38%	
CONSTITUTIVE HETEROCHROMATIN FORMATION%GOBP%GO:0140719	CONSTITUTIVE HETEROCHROMATIN FORMATION%GOBP%GO:0140719		38	-0.17564476	-0.5402608	0.9949875	1.0	1.0	2590	tags=21%, list=24%, signal=27%	
MICROTUBULE POLYMERIZATION%GOBP%GO:0046785	MICROTUBULE POLYMERIZATION%GOBP%GO:0046785		33	-0.17919226	-0.53875136	0.9975	1.0	1.0	1210	tags=12%, list=11%, signal=14%	
GLYCEROLIPIDS AND GLYCEROPHOSPHOLIPIDS%WIKIPATHWAYS_20250810%WP4722%HOMO SAPIENS	GLYCEROLIPIDS AND GLYCEROPHOSPHOLIPIDS%WIKIPATHWAYS_20250810%WP4722%HOMO SAPIENS		15	-0.21882565	-0.5386123	0.9858156	1.0	1.0	2243	tags=27%, list=20%, signal=33%	
REGULATION OF CENTROSOME CYCLE%GOBP%GO:0046605	REGULATION OF CENTROSOME CYCLE%GOBP%GO:0046605		44	-0.16735184	-0.53815967	1.0	1.0	1.0	3185	tags=34%, list=29%, signal=48%	
RHOBTB1 GTPASE CYCLE%REACTOME DATABASE ID RELEASE 93%9013422	RHOBTB1 GTPASE CYCLE%REACTOME DATABASE ID RELEASE 93%9013422		22	-0.18999067	-0.5367554	0.9757869	1.0	1.0	744	tags=9%, list=7%, signal=10%	
SNRNP ASSEMBLY%REACTOME DATABASE ID RELEASE 93%191859	SNRNP ASSEMBLY%REACTOME DATABASE ID RELEASE 93%191859		49	-0.16175729	-0.53365546	1.0	1.0	1.0	2706	tags=29%, list=25%, signal=38%	
PKMTS METHYLATE HISTONE LYSINES%REACTOME DATABASE ID RELEASE 93%3214841	PKMTS METHYLATE HISTONE LYSINES%REACTOME DATABASE ID RELEASE 93%3214841		42	-0.16175564	-0.5161004	0.99759614	1.0	1.0	2452	tags=19%, list=22%, signal=24%	
MICROTUBULE NUCLEATION%GOBP%GO:0007020	MICROTUBULE NUCLEATION%GOBP%GO:0007020		28	-0.17330371	-0.5016837	0.99763036	1.0	1.0	1150	tags=11%, list=10%, signal=12%	
NUCLEAR PORE ORGANIZATION%GOBP%GO:0006999	NUCLEAR PORE ORGANIZATION%GOBP%GO:0006999		15	-0.2008629	-0.49846262	0.9848485	1.0	1.0	2986	tags=40%, list=27%, signal=55%	
NEGATIVE REGULATION OF TRANSFERASE ACTIVITY%GOBP%GO:0051348	NEGATIVE REGULATION OF TRANSFERASE ACTIVITY%GOBP%GO:0051348		65	-0.14375223	-0.4978007	1.0	1.0	1.0	1773	tags=14%, list=16%, signal=16%	
POSITIVE REGULATION OF MRNA SPLICING, VIA SPLICEOSOME%GOBP%GO:0048026	POSITIVE REGULATION OF MRNA SPLICING, VIA SPLICEOSOME%GOBP%GO:0048026		15	-0.19776729	-0.49310082	0.9909297	1.0	1.0	2986	tags=33%, list=27%, signal=46%	
BIOCARTA_MTOR_PATHWAY%MSIGDB_C2%BIOCARTA_MTOR_PATHWAY	BIOCARTA_MTOR_PATHWAY%MSIGDB_C2%BIOCARTA_MTOR_PATHWAY		17	-0.1860657	-0.4795155	0.99246234	1.0	1.0	3165	tags=29%, list=29%, signal=41%	
PID_HEDGEHOG_GLI_PATHWAY%MSIGDB_C2%PID_HEDGEHOG_GLI_PATHWAY	PID_HEDGEHOG_GLI_PATHWAY%MSIGDB_C2%PID_HEDGEHOG_GLI_PATHWAY		29	-0.15859103	-0.47101748	1.0	1.0	1.0	2766	tags=28%, list=25%, signal=37%	
RNA POLYMERASE III CHAIN ELONGATION%REACTOME DATABASE ID RELEASE 93%73780	RNA POLYMERASE III CHAIN ELONGATION%REACTOME DATABASE ID RELEASE 93%73780		17	-0.17437959	-0.45443827	0.9951691	1.0	1.0	1188	tags=12%, list=11%, signal=13%	
TRANSCRIPTION BY RNA POLYMERASE III%GOBP%GO:0006383	TRANSCRIPTION BY RNA POLYMERASE III%GOBP%GO:0006383		33	-0.15215187	-0.44824696	1.0	1.0	1.0	1542	tags=15%, list=14%, signal=18%	
GENERAL TRANSCRIPTION REGULATION%PANTHER PATHWAY%P00023	GENERAL TRANSCRIPTION REGULATION%PANTHER PATHWAY%P00023		23	-0.15663482	-0.44375747	0.9974293	1.0	1.0	3978	tags=48%, list=36%, signal=75%	
PROTEIN LOCALIZATION TO MICROTUBULE ORGANIZING CENTER%GOBP%GO:1905508	PROTEIN LOCALIZATION TO MICROTUBULE ORGANIZING CENTER%GOBP%GO:1905508		21	-0.16389675	-0.4430386	0.9951456	1.0	1.0	1150	tags=10%, list=10%, signal=11%	
MITOCHONDRIAL GENE EXPRESSION%WIKIPATHWAYS_20250810%WP391%HOMO SAPIENS	MITOCHONDRIAL GENE EXPRESSION%WIKIPATHWAYS_20250810%WP391%HOMO SAPIENS		17	-0.17405388	-0.44292682	0.99764705	1.0	1.0	2011	tags=24%, list=18%, signal=29%	
PROTEIN LOCALIZATION TO CENTROSOME%GOBP%GO:0071539	PROTEIN LOCALIZATION TO CENTROSOME%GOBP%GO:0071539		21	-0.16389675	-0.44121295	0.9976415	1.0	1.0	1150	tags=10%, list=10%, signal=11%	
POSITIVE REGULATION OF DNA-TEMPLATED TRANSCRIPTION INITIATION%GOBP%GO:2000144	POSITIVE REGULATION OF DNA-TEMPLATED TRANSCRIPTION INITIATION%GOBP%GO:2000144		52	-0.13010356	-0.43616664	1.0	1.0	1.0	3098	tags=29%, list=28%, signal=40%	
NAD BIOSYNTHETIC PATHWAYS%WIKIPATHWAYS_20250810%WP3645%HOMO SAPIENS	NAD BIOSYNTHETIC PATHWAYS%WIKIPATHWAYS_20250810%WP3645%HOMO SAPIENS		16	-0.16741131	-0.42996573	0.99766356	1.0	1.0	9148	tags=100%, list=83%, signal=598%	
SYNAPTIC SIGNALING ASSOCIATED WITH AUTISM SPECTRUM DISORDER%WIKIPATHWAYS_20250810%WP4539%HOMO SAPIENS	SYNAPTIC SIGNALING ASSOCIATED WITH AUTISM SPECTRUM DISORDER%WIKIPATHWAYS_20250810%WP4539%HOMO SAPIENS		26	-0.14490472	-0.41710496	1.0	1.0	1.0	512	tags=4%, list=5%, signal=4%	
CHOLESTEROL BIOSYNTHETIC PROCESS%GOBP%GO:0006695	CHOLESTEROL BIOSYNTHETIC PROCESS%GOBP%GO:0006695		25	-0.13597372	-0.38033167	1.0	1.0	1.0	9494	tags=100%, list=86%, signal=736%	
SECONDARY ALCOHOL BIOSYNTHETIC PROCESS%GOBP%GO:1902653	SECONDARY ALCOHOL BIOSYNTHETIC PROCESS%GOBP%GO:1902653		25	-0.13597372	-0.37852722	1.0	0.999869	1.0	9494	tags=100%, list=86%, signal=736%	
