NAME	GS<br> follow link to MSigDB	GS DETAILS	SIZE	ES	NES	NOM p-val	FDR q-val	FWER p-val	RANK AT MAX	LEADING EDGE	
HALLMARK_HEME_METABOLISM%MSIGDBHALLMARK%HALLMARK_HEME_METABOLISM	HALLMARK_HEME_METABOLISM%MSIGDBHALLMARK%HALLMARK_HEME_METABOLISM	Details ...	140	0.6382169	2.3423395	0.0	0.0	0.0	1225	tags=44%, list=11%, signal=48%	
B CELL RECEPTOR SIGNALING PATHWAY%GOBP%GO:0050853	B CELL RECEPTOR SIGNALING PATHWAY%GOBP%GO:0050853	Details ...	33	0.74564946	2.1591547	0.0	0.001101764	0.002	1578	tags=61%, list=14%, signal=71%	
B CELL DIFFERENTIATION%GOBP%GO:0030183	B CELL DIFFERENTIATION%GOBP%GO:0030183	Details ...	52	0.68546903	2.12682	0.0	0.0014644382	0.004	1210	tags=40%, list=11%, signal=45%	
IMMUNE RESPONSE-ACTIVATING CELL SURFACE RECEPTOR SIGNALING PATHWAY%GOBP%GO:0002429	IMMUNE RESPONSE-ACTIVATING CELL SURFACE RECEPTOR SIGNALING PATHWAY%GOBP%GO:0002429	Details ...	149	0.5709702	2.120944	0.0	0.0010983286	0.004	1578	tags=34%, list=14%, signal=39%	
ANTIGEN RECEPTOR-MEDIATED SIGNALING PATHWAY%GOBP%GO:0050851	ANTIGEN RECEPTOR-MEDIATED SIGNALING PATHWAY%GOBP%GO:0050851	Details ...	98	0.59962684	2.1132758	0.0	8.786629E-4	0.004	1578	tags=36%, list=14%, signal=41%	
ERYTHROCYTE DEVELOPMENT%GOBP%GO:0048821	ERYTHROCYTE DEVELOPMENT%GOBP%GO:0048821	Details ...	20	0.8148227	2.0838602	0.0	9.145476E-4	0.005	430	tags=40%, list=4%, signal=42%	
BINDING AND UPTAKE OF LIGANDS BY SCAVENGER RECEPTORS%REACTOME%R-HSA-2173782.3	BINDING AND UPTAKE OF LIGANDS BY SCAVENGER RECEPTORS%REACTOME%R-HSA-2173782.3	Details ...	19	0.80332583	2.0598776	0.0	0.0015685074	0.008	769	tags=58%, list=7%, signal=62%	
INTERFERON ALPHA BETA SIGNALING%REACTOME%R-HSA-909733.9	INTERFERON ALPHA BETA SIGNALING%REACTOME%R-HSA-909733.9	Details ...	60	0.6361064	2.0434494	0.0	0.0019236454	0.012	1855	tags=47%, list=17%, signal=56%	
LEUKOCYTE MEDIATED CYTOTOXICITY%GOBP%GO:0001909	LEUKOCYTE MEDIATED CYTOTOXICITY%GOBP%GO:0001909	Details ...	32	0.69501764	2.0142078	0.0	0.0054913135	0.043	889	tags=38%, list=8%, signal=41%	
IMMUNE RESPONSE-REGULATING CELL SURFACE RECEPTOR SIGNALING PATHWAY%GOBP%GO:0002768	IMMUNE RESPONSE-REGULATING CELL SURFACE RECEPTOR SIGNALING PATHWAY%GOBP%GO:0002768	Details ...	164	0.5409225	2.0110822	0.0	0.005051543	0.044	1578	tags=33%, list=14%, signal=38%	
CELLULAR DEFENSE RESPONSE%GOBP%GO:0006968	CELLULAR DEFENSE RESPONSE%GOBP%GO:0006968	Details ...	23	0.75977606	1.9918337	0.0	0.0072043156	0.07	1100	tags=52%, list=10%, signal=58%	
ANTIGEN ACTIVATES B CELL RECEPTOR (BCR) LEADING TO GENERATION OF SECOND MESSENGERS%REACTOME%R-HSA-983695.6	ANTIGEN ACTIVATES B CELL RECEPTOR (BCR) LEADING TO GENERATION OF SECOND MESSENGERS%REACTOME%R-HSA-983695.6	Details ...	31	0.6875555	1.9578625	0.0017152659	0.013221024	0.137	1535	tags=48%, list=14%, signal=56%	
MYELOID CELL DEVELOPMENT%GOBP%GO:0061515	MYELOID CELL DEVELOPMENT%GOBP%GO:0061515	Details ...	33	0.6680632	1.9523773	0.0	0.013132891	0.143	687	tags=30%, list=6%, signal=32%	
MONONUCLEAR CELL DIFFERENTIATION%GOBP%GO:1903131	MONONUCLEAR CELL DIFFERENTIATION%GOBP%GO:1903131	Details ...	146	0.525213	1.951683	0.0	0.012588118	0.146	1587	tags=36%, list=14%, signal=42%	
LYMPHOCYTE DIFFERENTIATION%GOBP%GO:0030098	LYMPHOCYTE DIFFERENTIATION%GOBP%GO:0030098	Details ...	116	0.5464732	1.9511778	0.0	0.011894414	0.148	1587	tags=36%, list=14%, signal=42%	
CELLULAR RESPONSE TO LIPOPROTEIN PARTICLE STIMULUS%GOBP%GO:0071402	CELLULAR RESPONSE TO LIPOPROTEIN PARTICLE STIMULUS%GOBP%GO:0071402	Details ...	22	0.735294	1.9367938	0.0	0.014590349	0.193	1408	tags=45%, list=13%, signal=52%	
ANTIGEN PROCESSING AND PRESENTATION%GOBP%GO:0019882	ANTIGEN PROCESSING AND PRESENTATION%GOBP%GO:0019882	Details ...	58	0.5856387	1.907694	0.0	0.024247816	0.317	2222	tags=43%, list=20%, signal=54%	
B CELL ACTIVATION%GOBP%GO:0042113	B CELL ACTIVATION%GOBP%GO:0042113	Details ...	84	0.5650937	1.9048268	0.0	0.024062477	0.33	1210	tags=33%, list=11%, signal=37%	
IMMUNOREGULATORY INTERACTIONS BETWEEN A LYMPHOID AND A NON-LYMPHOID CELL%REACTOME%R-HSA-198933.9	IMMUNOREGULATORY INTERACTIONS BETWEEN A LYMPHOID AND A NON-LYMPHOID CELL%REACTOME%R-HSA-198933.9	Details ...	56	0.59601814	1.901496	0.0	0.024072431	0.343	1440	tags=46%, list=13%, signal=53%	
GLYCOSPHINGOLIPID METABOLISM%REACTOME DATABASE ID RELEASE 93%1660662	GLYCOSPHINGOLIPID METABOLISM%REACTOME DATABASE ID RELEASE 93%1660662	Details ...	34	0.6530756	1.895132	0.0	0.02480383	0.368	1426	tags=38%, list=13%, signal=44%	
RESPONSE TO LIPOPROTEIN PARTICLE%GOBP%GO:0055094	RESPONSE TO LIPOPROTEIN PARTICLE%GOBP%GO:0055094		20	0.73827285	1.8922541	0.0	0.02503695	0.381	1408	tags=45%, list=13%, signal=52%	
CELLULAR RESPONSE TO LOW-DENSITY LIPOPROTEIN PARTICLE STIMULUS%GOBP%GO:0071404	CELLULAR RESPONSE TO LOW-DENSITY LIPOPROTEIN PARTICLE STIMULUS%GOBP%GO:0071404		20	0.73827285	1.8916812	0.001754386	0.024299307	0.386	1408	tags=45%, list=13%, signal=52%	
TCR SIGNALING IN NAIVE CD4+ T CELLS%PATHWAY INTERACTION DATABASE NCI-NATURE CURATED DATA%TCR SIGNALING IN NAIVE CD4+ T CELLS	TCR SIGNALING IN NAIVE CD4+ T CELLS%PATHWAY INTERACTION DATABASE NCI-NATURE CURATED DATA%TCR SIGNALING IN NAIVE CD4+ T CELLS		58	0.58301735	1.8753695	0.0	0.03043126	0.467	895	tags=28%, list=8%, signal=30%	
INTERFERON-MEDIATED SIGNALING PATHWAY%GOBP%GO:0140888	INTERFERON-MEDIATED SIGNALING PATHWAY%GOBP%GO:0140888		36	0.631332	1.8667498	0.0	0.033338916	0.522	2851	tags=58%, list=26%, signal=79%	
EXTRAFOLLICULAR AND FOLLICULAR B CELL ACTIVATION BY SARS COV 2%WIKIPATHWAYS_20250810%WP5218%HOMO SAPIENS	EXTRAFOLLICULAR AND FOLLICULAR B CELL ACTIVATION BY SARS COV 2%WIKIPATHWAYS_20250810%WP5218%HOMO SAPIENS		42	0.6160994	1.8574044	0.0	0.03887923	0.587	1604	tags=48%, list=15%, signal=56%	
CELL KILLING%GOBP%GO:0001906	CELL KILLING%GOBP%GO:0001906		47	0.6031508	1.8518829	0.0	0.041280754	0.621	1519	tags=36%, list=14%, signal=42%	
ANTIGEN PROCESSING-CROSS PRESENTATION%REACTOME DATABASE ID RELEASE 93%1236975	ANTIGEN PROCESSING-CROSS PRESENTATION%REACTOME DATABASE ID RELEASE 93%1236975		83	0.53994066	1.8518788	0.0	0.03975184	0.621	2226	tags=40%, list=20%, signal=49%	
REGULATION OF PROTEIN EXIT FROM ENDOPLASMIC RETICULUM%GOBP%GO:0070861	REGULATION OF PROTEIN EXIT FROM ENDOPLASMIC RETICULUM%GOBP%GO:0070861		18	0.733284	1.8502376	0.0	0.039354406	0.633	1007	tags=28%, list=9%, signal=31%	
TCR SIGNALING IN NAIVE CD8+ T CELLS%PATHWAY INTERACTION DATABASE NCI-NATURE CURATED DATA%TCR SIGNALING IN NAIVE CD8+ T CELLS	TCR SIGNALING IN NAIVE CD8+ T CELLS%PATHWAY INTERACTION DATABASE NCI-NATURE CURATED DATA%TCR SIGNALING IN NAIVE CD8+ T CELLS		44	0.59831065	1.8499392	0.0	0.03830113	0.636	1517	tags=34%, list=14%, signal=39%	
HALLMARK_INTERFERON_GAMMA_RESPONSE%MSIGDBHALLMARK%HALLMARK_INTERFERON_GAMMA_RESPONSE	HALLMARK_INTERFERON_GAMMA_RESPONSE%MSIGDBHALLMARK%HALLMARK_INTERFERON_GAMMA_RESPONSE		145	0.5016387	1.8485395	0.0	0.03757429	0.643	1917	tags=41%, list=17%, signal=49%	
PHOSPHORYLATION OF CD3 AND TCR ZETA CHAINS%REACTOME%R-HSA-202427.8	PHOSPHORYLATION OF CD3 AND TCR ZETA CHAINS%REACTOME%R-HSA-202427.8		17	0.7424528	1.8409523	0.0	0.04106005	0.685	895	tags=41%, list=8%, signal=45%	
HDAC6 INTERACTIONS IN THE CENTRAL NERVOUS SYSTEM%WIKIPATHWAYS_20250810%WP5426%HOMO SAPIENS	HDAC6 INTERACTIONS IN THE CENTRAL NERVOUS SYSTEM%WIKIPATHWAYS_20250810%WP5426%HOMO SAPIENS		60	0.565543	1.8408055	0.0	0.03988064	0.687	1740	tags=35%, list=16%, signal=41%	
REGULATION OF ANTIGEN RECEPTOR-MEDIATED SIGNALING PATHWAY%GOBP%GO:0050854	REGULATION OF ANTIGEN RECEPTOR-MEDIATED SIGNALING PATHWAY%GOBP%GO:0050854		49	0.5775796	1.8393438	0.0	0.039608367	0.696	1030	tags=29%, list=9%, signal=31%	
ANTIGEN PROCESSING AND PRESENTATION OF PEPTIDE ANTIGEN VIA MHC CLASS I%GOBP%GO:0002474	ANTIGEN PROCESSING AND PRESENTATION OF PEPTIDE ANTIGEN VIA MHC CLASS I%GOBP%GO:0002474		19	0.72269833	1.8391405	0.0	0.038574666	0.696	1380	tags=47%, list=13%, signal=54%	
ANTIGEN PRESENTATION: FOLDING, ASSEMBLY AND PEPTIDE LOADING OF CLASS I MHC%REACTOME%R-HSA-983170.5	ANTIGEN PRESENTATION: FOLDING, ASSEMBLY AND PEPTIDE LOADING OF CLASS I MHC%REACTOME%R-HSA-983170.5		24	0.68164146	1.8381861	0.0	0.03806821	0.702	2316	tags=50%, list=21%, signal=63%	
CELL SURFACE INTERACTIONS AT THE VASCULAR WALL%REACTOME DATABASE ID RELEASE 93%202733	CELL SURFACE INTERACTIONS AT THE VASCULAR WALL%REACTOME DATABASE ID RELEASE 93%202733		90	0.52697426	1.835976	0.0	0.03832182	0.716	1142	tags=39%, list=10%, signal=43%	
ER-PHAGOSOME PATHWAY%REACTOME%R-HSA-1236974.8	ER-PHAGOSOME PATHWAY%REACTOME%R-HSA-1236974.8		71	0.5584115	1.8353102	0.0	0.03776352	0.723	2226	tags=39%, list=20%, signal=49%	
HALLMARK_INTERFERON_ALPHA_RESPONSE%MSIGDBHALLMARK%HALLMARK_INTERFERON_ALPHA_RESPONSE	HALLMARK_INTERFERON_ALPHA_RESPONSE%MSIGDBHALLMARK%HALLMARK_INTERFERON_ALPHA_RESPONSE		77	0.5459919	1.8329171	0.0	0.038538482	0.739	2606	tags=53%, list=24%, signal=69%	
G BETA:GAMMA SIGNALLING THROUGH PI3KGAMMA%REACTOME%R-HSA-392451.5	G BETA:GAMMA SIGNALLING THROUGH PI3KGAMMA%REACTOME%R-HSA-392451.5		16	0.74895513	1.8299059	0.0017064846	0.039672542	0.758	1668	tags=50%, list=15%, signal=59%	
IMMUNE EFFECTOR PROCESS%GOBP%GO:0002252	IMMUNE EFFECTOR PROCESS%GOBP%GO:0002252		177	0.4852448	1.8224758	0.0	0.044154994	0.8	1606	tags=36%, list=15%, signal=42%	
POSITIVE REGULATION OF CHROMOSOME SEGREGATION%GOBP%GO:0051984	POSITIVE REGULATION OF CHROMOSOME SEGREGATION%GOBP%GO:0051984		26	0.6604478	1.8222262	0.0	0.043346003	0.803	2480	tags=58%, list=23%, signal=74%	
TRANSCRIPTIONAL REGULATION OF MEMORY B CELL DIFFERENTIATION%WIKIPATHWAYS_20250810%WP5491%HOMO SAPIENS	TRANSCRIPTIONAL REGULATION OF MEMORY B CELL DIFFERENTIATION%WIKIPATHWAYS_20250810%WP5491%HOMO SAPIENS		30	0.64741486	1.8138362	0.0017636684	0.048346505	0.847	1462	tags=47%, list=13%, signal=54%	
INTERFERON GAMMA SIGNALING%REACTOME DATABASE ID RELEASE 93%877300	INTERFERON GAMMA SIGNALING%REACTOME DATABASE ID RELEASE 93%877300		69	0.5447843	1.810079	0.0	0.049627233	0.864	2222	tags=43%, list=20%, signal=54%	
PID_CD8_TCR_PATHWAY%MSIGDB_C2%PID_CD8_TCR_PATHWAY	PID_CD8_TCR_PATHWAY%MSIGDB_C2%PID_CD8_TCR_PATHWAY		38	0.6062903	1.8092828	0.0016638935	0.048998002	0.868	715	tags=26%, list=7%, signal=28%	
MORPHINE ACTION PATHWAY%PATHWHIZ%PW000412	MORPHINE ACTION PATHWAY%PATHWHIZ%PW000412		16	0.74916095	1.807559	0.0	0.049302872	0.871	1466	tags=56%, list=13%, signal=65%	
AMINO ACID TRANSPORT ACROSS THE PLASMA MEMBRANE%REACTOME%R-HSA-352230.5	AMINO ACID TRANSPORT ACROSS THE PLASMA MEMBRANE%REACTOME%R-HSA-352230.5		18	0.7160662	1.8070688	0.0017667845	0.04861463	0.871	1122	tags=44%, list=10%, signal=49%	
LEUKOCYTE DIFFERENTIATION%GOBP%GO:0002521	LEUKOCYTE DIFFERENTIATION%GOBP%GO:0002521		173	0.4831827	1.8044367	0.0	0.04950253	0.875	1587	tags=33%, list=14%, signal=38%	
HALLMARK_ALLOGRAFT_REJECTION%MSIGDBHALLMARK%HALLMARK_ALLOGRAFT_REJECTION	HALLMARK_ALLOGRAFT_REJECTION%MSIGDBHALLMARK%HALLMARK_ALLOGRAFT_REJECTION		118	0.5053641	1.802095	0.0	0.050349977	0.886	981	tags=28%, list=9%, signal=30%	
DEFENSE RESPONSE TO VIRUS%GOBP%GO:0051607	DEFENSE RESPONSE TO VIRUS%GOBP%GO:0051607		150	0.48657656	1.801193	0.0	0.050063245	0.89	2233	tags=33%, list=20%, signal=40%	
POTENTIAL THERAPEUTICS FOR SARS%REACTOME%R-HSA-9679191.5	POTENTIAL THERAPEUTICS FOR SARS%REACTOME%R-HSA-9679191.5		87	0.52039295	1.7947744	0.0	0.054259088	0.92	1699	tags=28%, list=15%, signal=32%	
MAINTENANCE OF PROTEIN LOCALIZATION IN ORGANELLE%GOBP%GO:0072595	MAINTENANCE OF PROTEIN LOCALIZATION IN ORGANELLE%GOBP%GO:0072595		31	0.61304104	1.7837348	0.0034013605	0.06347359	0.949	1408	tags=35%, list=13%, signal=41%	
REGULATION OF ENDOPLASMIC RETICULUM STRESS-INDUCED INTRINSIC APOPTOTIC SIGNALING PATHWAY%GOBP%GO:1902235	REGULATION OF ENDOPLASMIC RETICULUM STRESS-INDUCED INTRINSIC APOPTOTIC SIGNALING PATHWAY%GOBP%GO:1902235		20	0.69778985	1.7809035	0.0	0.06536424	0.957	2856	tags=70%, list=26%, signal=94%	
B CELL ACTIVATION%REACTOME%R-HSA-983705.3	B CELL ACTIVATION%REACTOME%R-HSA-983705.3		96	0.5127383	1.779696	0.0015649452	0.065294616	0.958	1790	tags=29%, list=16%, signal=35%	
ANTIGEN PROCESSING AND PRESENTATION OF PEPTIDE ANTIGEN%GOBP%GO:0048002	ANTIGEN PROCESSING AND PRESENTATION OF PEPTIDE ANTIGEN%GOBP%GO:0048002		40	0.59114146	1.7742223	0.0016233766	0.07013155	0.966	981	tags=33%, list=9%, signal=36%	
TCR SIGNALING%REACTOME%R-HSA-202403.7	TCR SIGNALING%REACTOME%R-HSA-202403.7		95	0.5102809	1.7718257	0.0	0.070921786	0.969	946	tags=23%, list=9%, signal=25%	
TYPE I INTERFERON-MEDIATED SIGNALING PATHWAY%GOBP%GO:0060337	TYPE I INTERFERON-MEDIATED SIGNALING PATHWAY%GOBP%GO:0060337		27	0.62598044	1.7685924	0.001669449	0.07329558	0.974	2727	tags=56%, list=25%, signal=74%	
HYDROGEN PEROXIDE METABOLIC PROCESS%GOBP%GO:0042743	HYDROGEN PEROXIDE METABOLIC PROCESS%GOBP%GO:0042743		16	0.7274084	1.7607471	0.0	0.08113585	0.986	1641	tags=50%, list=15%, signal=59%	
REGULATION OF LEUKOCYTE MEDIATED CYTOTOXICITY%GOBP%GO:0001910	REGULATION OF LEUKOCYTE MEDIATED CYTOTOXICITY%GOBP%GO:0001910		45	0.5709781	1.7593089	0.0	0.0815221	0.988	2377	tags=51%, list=22%, signal=65%	
PID_TCR_PATHWAY%MSIGDB_C2%PID_TCR_PATHWAY	PID_TCR_PATHWAY%MSIGDB_C2%PID_TCR_PATHWAY		47	0.57108504	1.7571604	0.0016583748	0.08253059	0.993	791	tags=23%, list=7%, signal=25%	
CROSS-PRESENTATION OF SOLUBLE EXOGENOUS ANTIGENS (ENDOSOMES)%REACTOME%R-HSA-1236978.5	CROSS-PRESENTATION OF SOLUBLE EXOGENOUS ANTIGENS (ENDOSOMES)%REACTOME%R-HSA-1236978.5		39	0.5819924	1.7565619	0.0	0.08185103	0.993	909	tags=26%, list=8%, signal=28%	
REGULATION OF PRODUCTION OF MOLECULAR MEDIATOR OF IMMUNE RESPONSE%GOBP%GO:0002700	REGULATION OF PRODUCTION OF MOLECULAR MEDIATOR OF IMMUNE RESPONSE%GOBP%GO:0002700		82	0.5157491	1.7475343	0.0	0.091593176	0.995	981	tags=23%, list=9%, signal=25%	
T CELL ACTIVATION%GOBP%GO:0042110	T CELL ACTIVATION%GOBP%GO:0042110		132	0.48273078	1.7432115	0.0	0.09508635	0.997	1666	tags=33%, list=15%, signal=39%	
REGULATION OF IMMUNOGLOBULIN PRODUCTION%GOBP%GO:0002637	REGULATION OF IMMUNOGLOBULIN PRODUCTION%GOBP%GO:0002637		34	0.60055506	1.7371168	0.0017152659	0.102618426	0.997	981	tags=26%, list=9%, signal=29%	
ROLE OF PHOSPHOLIPIDS IN PHAGOCYTOSIS%REACTOME%R-HSA-2029485.3	ROLE OF PHOSPHOLIPIDS IN PHAGOCYTOSIS%REACTOME%R-HSA-2029485.3		24	0.6334466	1.7365211	0.005244755	0.10194336	0.997	1263	tags=46%, list=11%, signal=52%	
REACTIVE OXYGEN SPECIES METABOLIC PROCESS%GOBP%GO:0072593	REACTIVE OXYGEN SPECIES METABOLIC PROCESS%GOBP%GO:0072593		42	0.5835543	1.7331296	0.0016366612	0.105677254	0.999	1641	tags=38%, list=15%, signal=45%	
REGULATION OF T CELL MEDIATED CYTOTOXICITY%GOBP%GO:0001914	REGULATION OF T CELL MEDIATED CYTOTOXICITY%GOBP%GO:0001914		21	0.65478545	1.7306373	0.006655574	0.1074834	0.999	2203	tags=52%, list=20%, signal=65%	
ADAPTIVE IMMUNE RESPONSE%GOBP%GO:0002250	ADAPTIVE IMMUNE RESPONSE%GOBP%GO:0002250		103	0.49439684	1.7303194	0.0	0.10630767	0.999	2058	tags=43%, list=19%, signal=52%	
REGULATION OF B CELL RECEPTOR SIGNALING PATHWAY%GOBP%GO:0050855	REGULATION OF B CELL RECEPTOR SIGNALING PATHWAY%GOBP%GO:0050855		15	0.7134511	1.7293748	0.0017331023	0.10616905	0.999	1030	tags=40%, list=9%, signal=44%	
PROTEASOME ASSEMBLY%REACTOME DATABASE ID RELEASE 93%9907900	PROTEASOME ASSEMBLY%REACTOME DATABASE ID RELEASE 93%9907900		50	0.550685	1.723043	0.0	0.1132928	0.999	909	tags=22%, list=8%, signal=24%	
IRE1ALPHA ACTIVATES CHAPERONES%REACTOME%R-HSA-381070.3	IRE1ALPHA ACTIVATES CHAPERONES%REACTOME%R-HSA-381070.3		46	0.56364816	1.7219775	0.0016313214	0.11296414	1.0	1842	tags=35%, list=17%, signal=42%	
PID_ALPHA_SYNUCLEIN_PATHWAY%MSIGDB_C2%PID_ALPHA_SYNUCLEIN_PATHWAY	PID_ALPHA_SYNUCLEIN_PATHWAY%MSIGDB_C2%PID_ALPHA_SYNUCLEIN_PATHWAY		17	0.6894027	1.7175348	0.0017482517	0.11746695	1.0	1494	tags=47%, list=14%, signal=54%	
NEURODEGENERATIVE DISEASES%REACTOME DATABASE ID RELEASE 93%8863678	NEURODEGENERATIVE DISEASES%REACTOME DATABASE ID RELEASE 93%8863678		18	0.6754221	1.713092	0.008389262	0.12244605	1.0	2518	tags=67%, list=23%, signal=86%	
DEFECTIVE INTRINSIC PATHWAY FOR APOPTOSIS%REACTOME%R-HSA-9734009.2	DEFECTIVE INTRINSIC PATHWAY FOR APOPTOSIS%REACTOME%R-HSA-9734009.2		20	0.66199374	1.7130537	0.0	0.12081354	1.0	2518	tags=60%, list=23%, signal=78%	
GLYCOSPHINGOLIPID CATABOLISM%REACTOME DATABASE ID RELEASE 93%9840310	GLYCOSPHINGOLIPID CATABOLISM%REACTOME DATABASE ID RELEASE 93%9840310		23	0.6440766	1.7122793	0.006837607	0.120595254	1.0	1745	tags=39%, list=16%, signal=46%	
NEUTRAL AMINO ACID TRANSPORT%GOBP%GO:0015804	NEUTRAL AMINO ACID TRANSPORT%GOBP%GO:0015804		27	0.6153445	1.7096342	0.0034364262	0.12310892	1.0	2433	tags=48%, list=22%, signal=62%	
SYNTHESIS OF PC%REACTOME DATABASE ID RELEASE 93%1483191	SYNTHESIS OF PC%REACTOME DATABASE ID RELEASE 93%1483191		18	0.66996753	1.7049192	0.0016835016	0.12875025	1.0	831	tags=22%, list=8%, signal=24%	
DEREGULATED CDK5 TRIGGERS MULTIPLE NEURODEGENERATIVE PATHWAYS IN ALZHEIMER'S DISEASE MODELS%REACTOME DATABASE ID RELEASE 93%8862803	DEREGULATED CDK5 TRIGGERS MULTIPLE NEURODEGENERATIVE PATHWAYS IN ALZHEIMER'S DISEASE MODELS%REACTOME DATABASE ID RELEASE 93%8862803		18	0.6754221	1.7023783	0.0049586776	0.1317239	1.0	2518	tags=67%, list=23%, signal=86%	
POSITIVE REGULATION OF PHAGOCYTOSIS%GOBP%GO:0050766	POSITIVE REGULATION OF PHAGOCYTOSIS%GOBP%GO:0050766		40	0.5694191	1.7012538	0.0016420361	0.13181548	1.0	1450	tags=45%, list=13%, signal=52%	
CELLULAR RESPONSE TO TYPE I INTERFERON%GOBP%GO:0071357	CELLULAR RESPONSE TO TYPE I INTERFERON%GOBP%GO:0071357		28	0.6123051	1.7010461	0.0049916804	0.13042645	1.0	2727	tags=54%, list=25%, signal=71%	
RHOU GTPASE CYCLE%REACTOME DATABASE ID RELEASE 93%9013420	RHOU GTPASE CYCLE%REACTOME DATABASE ID RELEASE 93%9013420		34	0.5842279	1.6966202	0.005033557	0.13631016	1.0	2037	tags=47%, list=19%, signal=58%	
GENERATION OF SECOND MESSENGER MOLECULES%REACTOME DATABASE ID RELEASE 93%202433	GENERATION OF SECOND MESSENGER MOLECULES%REACTOME DATABASE ID RELEASE 93%202433		25	0.619346	1.6939392	0.0070546735	0.13900676	1.0	946	tags=36%, list=9%, signal=39%	
TRANSPORT OF INORGANIC CATIONS ANIONS AND AMINO ACIDS OLIGOPEPTIDES%REACTOME DATABASE ID RELEASE 93%425393	TRANSPORT OF INORGANIC CATIONS ANIONS AND AMINO ACIDS OLIGOPEPTIDES%REACTOME DATABASE ID RELEASE 93%425393		58	0.515075	1.6895719	0.0049751243	0.14463335	1.0	2007	tags=41%, list=18%, signal=50%	
POSITIVE REGULATION OF PRODUCTION OF MOLECULAR MEDIATOR OF IMMUNE RESPONSE%GOBP%GO:0002702	POSITIVE REGULATION OF PRODUCTION OF MOLECULAR MEDIATOR OF IMMUNE RESPONSE%GOBP%GO:0002702		64	0.51411456	1.6880435	0.0031948881	0.14548056	1.0	981	tags=22%, list=9%, signal=24%	
BIOGENIC AMINE METABOLIC PROCESS%GOBP%GO:0006576	BIOGENIC AMINE METABOLIC PROCESS%GOBP%GO:0006576		21	0.65172476	1.6858902	0.003407155	0.14752355	1.0	1464	tags=38%, list=13%, signal=44%	
LYMPHOCYTE MEDIATED IMMUNITY%GOBP%GO:0002449	LYMPHOCYTE MEDIATED IMMUNITY%GOBP%GO:0002449		72	0.4995555	1.6853056	0.0	0.14683759	1.0	769	tags=26%, list=7%, signal=28%	
REGULATION OF SYNAPSE ASSEMBLY%GOBP%GO:0051963	REGULATION OF SYNAPSE ASSEMBLY%GOBP%GO:0051963		40	0.5621752	1.6818644	0.004893964	0.15128718	1.0	2218	tags=48%, list=20%, signal=59%	
TYPE I INTERFERON INDUCTION AND SIGNALING DURING SARS COV 2 INFECTION%WIKIPATHWAYS_20250810%WP4868%HOMO SAPIENS	TYPE I INTERFERON INDUCTION AND SIGNALING DURING SARS COV 2 INFECTION%WIKIPATHWAYS_20250810%WP4868%HOMO SAPIENS		24	0.6273566	1.6801796	0.010152284	0.15251341	1.0	2727	tags=58%, list=25%, signal=77%	
DEFENSE RESPONSE TO BACTERIUM%GOBP%GO:0042742	DEFENSE RESPONSE TO BACTERIUM%GOBP%GO:0042742		97	0.48372817	1.6792626	0.0	0.15249531	1.0	1873	tags=40%, list=17%, signal=48%	
TYPE II INTERFERON SIGNALING%WIKIPATHWAYS_20250810%WP619%HOMO SAPIENS	TYPE II INTERFERON SIGNALING%WIKIPATHWAYS_20250810%WP619%HOMO SAPIENS		24	0.6175317	1.6732334	0.0068610637	0.16226071	1.0	1855	tags=54%, list=17%, signal=65%	
PD-1 SIGNALING%REACTOME%R-HSA-389948.6	PD-1 SIGNALING%REACTOME%R-HSA-389948.6		15	0.6895048	1.6730286	0.0054347827	0.16093603	1.0	895	tags=33%, list=8%, signal=36%	
ANTIGEN PROCESSING AND PRESENTATION OF EXOGENOUS ANTIGEN%GOBP%GO:0019884	ANTIGEN PROCESSING AND PRESENTATION OF EXOGENOUS ANTIGEN%GOBP%GO:0019884		31	0.5930951	1.6728085	0.0052724076	0.1596275	1.0	2222	tags=48%, list=20%, signal=60%	
T CELL SELECTION%GOBP%GO:0045058	T CELL SELECTION%GOBP%GO:0045058		19	0.6513753	1.6709183	0.012544803	0.16167714	1.0	2712	tags=74%, list=25%, signal=98%	
NEGATIVE REGULATION OF ANTIGEN RECEPTOR-MEDIATED SIGNALING PATHWAY%GOBP%GO:0050858	NEGATIVE REGULATION OF ANTIGEN RECEPTOR-MEDIATED SIGNALING PATHWAY%GOBP%GO:0050858		29	0.5860169	1.6699702	0.0071301246	0.16176392	1.0	906	tags=28%, list=8%, signal=30%	
INNATE IMMUNE RESPONSE-ACTIVATING SIGNALING PATHWAY%GOBP%GO:0002758	INNATE IMMUNE RESPONSE-ACTIVATING SIGNALING PATHWAY%GOBP%GO:0002758		97	0.47884616	1.6697503	0.0	0.16048707	1.0	2654	tags=41%, list=24%, signal=54%	
NICOTINIC ACETYLCHOLINE RECEPTOR SIGNALING PATHWAY%PANTHER PATHWAY%P00044	NICOTINIC ACETYLCHOLINE RECEPTOR SIGNALING PATHWAY%PANTHER PATHWAY%P00044		21	0.6435629	1.6655313	0.012027492	0.16679533	1.0	1442	tags=57%, list=13%, signal=66%	
POSITIVE REGULATION OF TUMOR NECROSIS FACTOR PRODUCTION%GOBP%GO:0032760	POSITIVE REGULATION OF TUMOR NECROSIS FACTOR PRODUCTION%GOBP%GO:0032760		53	0.52430564	1.664594	0.006441224	0.16711116	1.0	1613	tags=36%, list=15%, signal=42%	
DETECTION OF BIOTIC STIMULUS%GOBP%GO:0009595	DETECTION OF BIOTIC STIMULUS%GOBP%GO:0009595		21	0.6471029	1.6643822	0.009724474	0.16588873	1.0	3153	tags=57%, list=29%, signal=80%	
DIRECT P53 EFFECTORS%PATHWAY INTERACTION DATABASE NCI-NATURE CURATED DATA%DIRECT P53 EFFECTORS	DIRECT P53 EFFECTORS%PATHWAY INTERACTION DATABASE NCI-NATURE CURATED DATA%DIRECT P53 EFFECTORS		101	0.47655493	1.6619877	0.0	0.16881558	1.0	2072	tags=35%, list=19%, signal=42%	
ERYTHROCYTE DIFFERENTIATION%GOBP%GO:0030218	ERYTHROCYTE DIFFERENTIATION%GOBP%GO:0030218		55	0.52380395	1.6597524	0.0016501651	0.17144607	1.0	1266	tags=27%, list=12%, signal=31%	
AMINE METABOLIC PROCESS%GOBP%GO:0009308	AMINE METABOLIC PROCESS%GOBP%GO:0009308		24	0.6125537	1.6595186	0.011784512	0.16999573	1.0	1464	tags=33%, list=13%, signal=38%	
APOPTOSIS SIGNALING PATHWAY%PANTHER PATHWAY%P00006	APOPTOSIS SIGNALING PATHWAY%PANTHER PATHWAY%P00006		85	0.48658276	1.6588823	0.0015527951	0.1694252	1.0	1578	tags=29%, list=14%, signal=34%	
REGULATION OF TRANSLATION IN RESPONSE TO STRESS%GOBP%GO:0043555	REGULATION OF TRANSLATION IN RESPONSE TO STRESS%GOBP%GO:0043555		15	0.68697256	1.6551933	0.01058201	0.17480236	1.0	2598	tags=60%, list=24%, signal=78%	
ACTIN FILAMENT ORGANIZATION%GOBP%GO:0007015	ACTIN FILAMENT ORGANIZATION%GOBP%GO:0007015		161	0.4374983	1.6535705	0.0	0.17651565	1.0	2804	tags=46%, list=26%, signal=61%	
TYROBP CAUSAL NETWORK IN MICROGLIA%WIKIPATHWAYS_20250810%WP3945%HOMO SAPIENS	TYROBP CAUSAL NETWORK IN MICROGLIA%WIKIPATHWAYS_20250810%WP3945%HOMO SAPIENS		46	0.52591026	1.6512092	0.0031897926	0.17976272	1.0	2238	tags=50%, list=20%, signal=63%	
DOWNSTREAM TCR SIGNALING%REACTOME%R-HSA-202424.6	DOWNSTREAM TCR SIGNALING%REACTOME%R-HSA-202424.6		77	0.48551127	1.6504036	0.0	0.1799275	1.0	909	tags=21%, list=8%, signal=22%	
IMMUNE RESPONSE TO TUBERCULOSIS%WIKIPATHWAYS_20250810%WP4197%HOMO SAPIENS	IMMUNE RESPONSE TO TUBERCULOSIS%WIKIPATHWAYS_20250810%WP4197%HOMO SAPIENS		19	0.650863	1.6502815	0.005033557	0.17841731	1.0	2851	tags=63%, list=26%, signal=85%	
LEUKOCYTE MEDIATED IMMUNITY%GOBP%GO:0002443	LEUKOCYTE MEDIATED IMMUNITY%GOBP%GO:0002443		91	0.4701894	1.649024	0.0	0.1789957	1.0	1587	tags=34%, list=14%, signal=39%	
REGULATION OF MITOTIC SISTER CHROMATID SEGREGATION%GOBP%GO:0033047	REGULATION OF MITOTIC SISTER CHROMATID SEGREGATION%GOBP%GO:0033047		48	0.53233546	1.6474804	0.006451613	0.18038458	1.0	2335	tags=42%, list=21%, signal=53%	
XBP1(S) ACTIVATES CHAPERONE GENES%REACTOME%R-HSA-381038.5	XBP1(S) ACTIVATES CHAPERONE GENES%REACTOME%R-HSA-381038.5		44	0.54343355	1.6473684	0.0050083473	0.17894244	1.0	1842	tags=32%, list=17%, signal=38%	
PHAGOCYTOSIS, ENGULFMENT%GOBP%GO:0006911	PHAGOCYTOSIS, ENGULFMENT%GOBP%GO:0006911		17	0.6515114	1.6461596	0.013913044	0.17947902	1.0	782	tags=29%, list=7%, signal=32%	
ABC TRANSPORTER DISORDERS%REACTOME DATABASE ID RELEASE 93%5619084	ABC TRANSPORTER DISORDERS%REACTOME DATABASE ID RELEASE 93%5619084		52	0.523093	1.6458529	0.0	0.1785359	1.0	1931	tags=33%, list=18%, signal=39%	
DEFENSE RESPONSE TO GRAM-NEGATIVE BACTERIUM%GOBP%GO:0050829	DEFENSE RESPONSE TO GRAM-NEGATIVE BACTERIUM%GOBP%GO:0050829		26	0.59661245	1.6451545	0.008561644	0.17835951	1.0	1857	tags=46%, list=17%, signal=55%	
PHAGOCYTOSIS%GOBP%GO:0006909	PHAGOCYTOSIS%GOBP%GO:0006909		83	0.48324364	1.6450865	0.0014771048	0.17691767	1.0	1556	tags=28%, list=14%, signal=32%	
RESPONSE TO TYPE I INTERFERON%GOBP%GO:0034340	RESPONSE TO TYPE I INTERFERON%GOBP%GO:0034340		35	0.54873246	1.6441257	0.006482982	0.17707697	1.0	2900	tags=51%, list=26%, signal=70%	
AMINO ACID IMPORT ACROSS PLASMA MEMBRANE%GOBP%GO:0089718	AMINO ACID IMPORT ACROSS PLASMA MEMBRANE%GOBP%GO:0089718		18	0.6487141	1.6439215	0.006546645	0.1759397	1.0	1103	tags=50%, list=10%, signal=55%	
RESPIRATORY BURST%GOBP%GO:0045730	RESPIRATORY BURST%GOBP%GO:0045730		15	0.67533284	1.6427705	0.014159292	0.17658687	1.0	1526	tags=60%, list=14%, signal=70%	
FC-GAMMA RECEPTOR SIGNALING PATHWAY%GOBP%GO:0038094	FC-GAMMA RECEPTOR SIGNALING PATHWAY%GOBP%GO:0038094		23	0.6154404	1.6423762	0.0016366612	0.17573495	1.0	1403	tags=43%, list=13%, signal=50%	
NEUROMUSCULAR PROCESS%GOBP%GO:0050905	NEUROMUSCULAR PROCESS%GOBP%GO:0050905		22	0.6198388	1.6404865	0.015228426	0.17805241	1.0	731	tags=32%, list=7%, signal=34%	
CELLULAR RESPONSE TO TYPE II INTERFERON%GOBP%GO:0071346	CELLULAR RESPONSE TO TYPE II INTERFERON%GOBP%GO:0071346		38	0.552357	1.6400108	0.00837521	0.17764896	1.0	2623	tags=53%, list=24%, signal=69%	
NEGATIVE REGULATION OF INTRACELLULAR PROTEIN TRANSPORT%GOBP%GO:0090317	NEGATIVE REGULATION OF INTRACELLULAR PROTEIN TRANSPORT%GOBP%GO:0090317		23	0.6185954	1.6392835	0.01	0.17739855	1.0	1389	tags=39%, list=13%, signal=45%	
TNFR2 NON-CANONICAL NF-KB PATHWAY%REACTOME DATABASE ID RELEASE 93%5668541	TNFR2 NON-CANONICAL NF-KB PATHWAY%REACTOME DATABASE ID RELEASE 93%5668541		66	0.4950937	1.639275	0.004784689	0.1759506	1.0	1921	tags=32%, list=17%, signal=38%	
NATURAL KILLER CELL MEDIATED CYTOTOXICITY%GOBP%GO:0042267	NATURAL KILLER CELL MEDIATED CYTOTOXICITY%GOBP%GO:0042267		21	0.6207751	1.6385835	0.010256411	0.17567568	1.0	628	tags=29%, list=6%, signal=30%	
POSITIVE REGULATION OF IMMUNOGLOBULIN PRODUCTION%GOBP%GO:0002639	POSITIVE REGULATION OF IMMUNOGLOBULIN PRODUCTION%GOBP%GO:0002639		28	0.5830348	1.6375511	0.013582343	0.17660455	1.0	981	tags=21%, list=9%, signal=23%	
REGULATION OF INTRACELLULAR PROTEIN TRANSPORT%GOBP%GO:0033157	REGULATION OF INTRACELLULAR PROTEIN TRANSPORT%GOBP%GO:0033157		95	0.4767349	1.6357875	0.0016025641	0.1785918	1.0	2769	tags=36%, list=25%, signal=47%	
TOLL LIKE RECEPTOR SIGNALING RELATED TO MYD88%WIKIPATHWAYS_20250810%WP3858%HOMO SAPIENS	TOLL LIKE RECEPTOR SIGNALING RELATED TO MYD88%WIKIPATHWAYS_20250810%WP3858%HOMO SAPIENS		21	0.6129265	1.635234	0.016666668	0.1783445	1.0	2727	tags=48%, list=25%, signal=63%	
PATTERN RECOGNITION RECEPTOR SIGNALING PATHWAY%GOBP%GO:0002221	PATTERN RECOGNITION RECEPTOR SIGNALING PATHWAY%GOBP%GO:0002221		88	0.47577575	1.6348374	0.0	0.17764673	1.0	2654	tags=41%, list=24%, signal=54%	
POSITIVE REGULATION OF IMMUNE EFFECTOR PROCESS%GOBP%GO:0002699	POSITIVE REGULATION OF IMMUNE EFFECTOR PROCESS%GOBP%GO:0002699		128	0.44566402	1.6343503	0.0014947683	0.17714083	1.0	1030	tags=20%, list=9%, signal=22%	
ACTIVATION OF INNATE IMMUNE RESPONSE%GOBP%GO:0002218	ACTIVATION OF INNATE IMMUNE RESPONSE%GOBP%GO:0002218		119	0.45546094	1.6341741	0.0015772871	0.1761438	1.0	2769	tags=40%, list=25%, signal=53%	
DEVELOPMENTAL GROWTH INVOLVED IN MORPHOGENESIS%GOBP%GO:0060560	DEVELOPMENTAL GROWTH INVOLVED IN MORPHOGENESIS%GOBP%GO:0060560		28	0.57237476	1.6334871	0.006993007	0.17611109	1.0	2037	tags=36%, list=19%, signal=44%	
FOXO FAMILY SIGNALING%PATHWAY INTERACTION DATABASE NCI-NATURE CURATED DATA%FOXO FAMILY SIGNALING	FOXO FAMILY SIGNALING%PATHWAY INTERACTION DATABASE NCI-NATURE CURATED DATA%FOXO FAMILY SIGNALING		43	0.5422339	1.6327847	0.0016835016	0.17612973	1.0	2912	tags=40%, list=27%, signal=54%	
T CELL DIFFERENTIATION%GOBP%GO:0030217	T CELL DIFFERENTIATION%GOBP%GO:0030217		68	0.48704898	1.6307696	0.003220612	0.1790843	1.0	2712	tags=50%, list=25%, signal=66%	
POSITIVE REGULATION OF CELL KILLING%GOBP%GO:0031343	POSITIVE REGULATION OF CELL KILLING%GOBP%GO:0031343		30	0.57848436	1.6305771	0.01010101	0.1780125	1.0	2203	tags=50%, list=20%, signal=62%	
REGULATION OF RUNX3 EXPRESSION AND ACTIVITY%REACTOME%R-HSA-8941858.3	REGULATION OF RUNX3 EXPRESSION AND ACTIVITY%REACTOME%R-HSA-8941858.3		44	0.53017807	1.627548	0.01	0.1826137	1.0	2787	tags=43%, list=25%, signal=58%	
G-PROTEIN BETA:GAMMA SIGNALLING%REACTOME%R-HSA-397795.5	G-PROTEIN BETA:GAMMA SIGNALLING%REACTOME%R-HSA-397795.5		23	0.60982674	1.626953	0.001669449	0.18242761	1.0	1668	tags=39%, list=15%, signal=46%	
REGULATION OF REACTIVE OXYGEN SPECIES BIOSYNTHETIC PROCESS%GOBP%GO:1903426	REGULATION OF REACTIVE OXYGEN SPECIES BIOSYNTHETIC PROCESS%GOBP%GO:1903426		19	0.6352807	1.6264117	0.019677997	0.18209706	1.0	1349	tags=37%, list=12%, signal=42%	
CYTOPLASMIC PATTERN RECOGNITION RECEPTOR SIGNALING PATHWAY%GOBP%GO:0002753	CYTOPLASMIC PATTERN RECOGNITION RECEPTOR SIGNALING PATHWAY%GOBP%GO:0002753		55	0.5117524	1.6261982	0.0049261083	0.18117015	1.0	2654	tags=44%, list=24%, signal=57%	
MYELOID CELL HOMEOSTASIS%GOBP%GO:0002262	MYELOID CELL HOMEOSTASIS%GOBP%GO:0002262		63	0.49906105	1.6260941	0.0015576323	0.18006535	1.0	1266	tags=27%, list=12%, signal=30%	
THE ROLE OF NEF IN HIV-1 REPLICATION AND DISEASE PATHOGENESIS%REACTOME DATABASE ID RELEASE 93%164952	THE ROLE OF NEF IN HIV-1 REPLICATION AND DISEASE PATHOGENESIS%REACTOME DATABASE ID RELEASE 93%164952		24	0.6085012	1.6260246	0.0051107327	0.17888789	1.0	2325	tags=46%, list=21%, signal=58%	
REGULATION OF RESPONSE TO NUTRIENT LEVELS%GOBP%GO:0032107	REGULATION OF RESPONSE TO NUTRIENT LEVELS%GOBP%GO:0032107		15	0.6676387	1.624163	0.0035650623	0.18128894	1.0	1827	tags=47%, list=17%, signal=56%	
MICROGLIA PATHOGEN PHAGOCYTOSIS PATHWAY%WIKIPATHWAYS_20250810%WP3937%HOMO SAPIENS	MICROGLIA PATHOGEN PHAGOCYTOSIS PATHWAY%WIKIPATHWAYS_20250810%WP3937%HOMO SAPIENS		23	0.59849745	1.6231153	0.015306123	0.18191484	1.0	1526	tags=39%, list=14%, signal=45%	
TAR SYNDROME%WIKIPATHWAYS_20250810%WP5362%HOMO SAPIENS	TAR SYNDROME%WIKIPATHWAYS_20250810%WP5362%HOMO SAPIENS		43	0.52691674	1.6216666	0.0132231405	0.18352388	1.0	2336	tags=35%, list=21%, signal=44%	
TRANSCRIPTIONAL REGULATION BY RUNX3%REACTOME%R-HSA-8878159.4	TRANSCRIPTIONAL REGULATION BY RUNX3%REACTOME%R-HSA-8878159.4		73	0.47867626	1.6201693	0.0032	0.18532032	1.0	1797	tags=34%, list=16%, signal=41%	
PID_P53_DOWNSTREAM_PATHWAY%MSIGDB_C2%PID_P53_DOWNSTREAM_PATHWAY	PID_P53_DOWNSTREAM_PATHWAY%MSIGDB_C2%PID_P53_DOWNSTREAM_PATHWAY		88	0.4676622	1.6182224	0.001610306	0.18785137	1.0	2783	tags=44%, list=25%, signal=59%	
DENDRITE DEVELOPMENT%GOBP%GO:0016358	DENDRITE DEVELOPMENT%GOBP%GO:0016358		33	0.5525457	1.617667	0.0121951215	0.1878226	1.0	1612	tags=30%, list=15%, signal=35%	
POSITIVE REGULATION OF T CELL MEDIATED CYTOTOXICITY%GOBP%GO:0001916	POSITIVE REGULATION OF T CELL MEDIATED CYTOTOXICITY%GOBP%GO:0001916		16	0.6604415	1.6171162	0.01655629	0.18784758	1.0	2203	tags=56%, list=20%, signal=70%	
RESPONSE TO TYPE II INTERFERON%GOBP%GO:0034341	RESPONSE TO TYPE II INTERFERON%GOBP%GO:0034341		53	0.50480574	1.6161827	0.007800312	0.18856807	1.0	2623	tags=51%, list=24%, signal=67%	
REGULATION OF INFLAMMATORY RESPONSE%GOBP%GO:0050727	REGULATION OF INFLAMMATORY RESPONSE%GOBP%GO:0050727		191	0.4266142	1.6153014	0.0	0.18908282	1.0	1965	tags=32%, list=18%, signal=39%	
POSITIVE REGULATION OF INTERLEUKIN-2 PRODUCTION%GOBP%GO:0032743	POSITIVE REGULATION OF INTERLEUKIN-2 PRODUCTION%GOBP%GO:0032743		22	0.6049957	1.6149836	0.005244755	0.18853447	1.0	1041	tags=32%, list=9%, signal=35%	
POSITIVE REGULATION OF RELEASE OF CYTOCHROME C FROM MITOCHONDRIA%GOBP%GO:0090200	POSITIVE REGULATION OF RELEASE OF CYTOCHROME C FROM MITOCHONDRIA%GOBP%GO:0090200		17	0.6466639	1.612826	0.019538188	0.19201444	1.0	1578	tags=53%, list=14%, signal=62%	
ERYTHROCYTE HOMEOSTASIS%GOBP%GO:0034101	ERYTHROCYTE HOMEOSTASIS%GOBP%GO:0034101		57	0.49854746	1.6122457	0.0016025641	0.1920712	1.0	1266	tags=26%, list=12%, signal=30%	
REGULATION OF PHAGOCYTOSIS%GOBP%GO:0050764	REGULATION OF PHAGOCYTOSIS%GOBP%GO:0050764		58	0.5038441	1.6118299	0.004901961	0.19171053	1.0	2226	tags=47%, list=20%, signal=58%	
REGULATION OF CELL ADHESION MEDIATED BY INTEGRIN%GOBP%GO:0033628	REGULATION OF CELL ADHESION MEDIATED BY INTEGRIN%GOBP%GO:0033628		22	0.6004265	1.6115855	0.011945393	0.19094978	1.0	1263	tags=36%, list=11%, signal=41%	
HORMONE TRANSPORT%GOBP%GO:0009914	HORMONE TRANSPORT%GOBP%GO:0009914		16	0.647557	1.6083316	0.011804384	0.1963081	1.0	2098	tags=44%, list=19%, signal=54%	
REGULATION OF ATTACHMENT OF SPINDLE MICROTUBULES TO KINETOCHORE%GOBP%GO:0051988	REGULATION OF ATTACHMENT OF SPINDLE MICROTUBULES TO KINETOCHORE%GOBP%GO:0051988		21	0.6177756	1.6083082	0.020797227	0.19506203	1.0	1747	tags=38%, list=16%, signal=45%	
REGULATION OF TYPE I INTERFERON PRODUCTION%GOBP%GO:0032479	REGULATION OF TYPE I INTERFERON PRODUCTION%GOBP%GO:0032479		105	0.4496693	1.6054399	0.0032051282	0.19954647	1.0	2159	tags=34%, list=20%, signal=42%	
POSITIVE REGULATION OF MONONUCLEAR CELL MIGRATION%GOBP%GO:0071677	POSITIVE REGULATION OF MONONUCLEAR CELL MIGRATION%GOBP%GO:0071677		46	0.51718307	1.6048915	0.010118044	0.19942683	1.0	1705	tags=37%, list=16%, signal=44%	
CELL ACTIVATION INVOLVED IN IMMUNE RESPONSE%GOBP%GO:0002263	CELL ACTIVATION INVOLVED IN IMMUNE RESPONSE%GOBP%GO:0002263		97	0.45584667	1.6033578	0.00466563	0.20146982	1.0	1606	tags=36%, list=15%, signal=42%	
PID_PI3KCI_PATHWAY%MSIGDB_C2%PID_PI3KCI_PATHWAY	PID_PI3KCI_PATHWAY%MSIGDB_C2%PID_PI3KCI_PATHWAY		32	0.5654641	1.601792	0.0051993066	0.20372212	1.0	1891	tags=38%, list=17%, signal=45%	
CELLULAR RESPONSE TO INTERFERON-BETA%GOBP%GO:0035458	CELLULAR RESPONSE TO INTERFERON-BETA%GOBP%GO:0035458		17	0.65852493	1.5980272	0.0123893805	0.2107707	1.0	3113	tags=71%, list=28%, signal=98%	
RHO GTPASES ACTIVATE NADPH OXIDASES%REACTOME%R-HSA-5668599.9	RHO GTPASES ACTIVATE NADPH OXIDASES%REACTOME%R-HSA-5668599.9		20	0.6201274	1.597269	0.0070921984	0.21131298	1.0	1541	tags=40%, list=14%, signal=46%	
REGULATION OF IMMUNE EFFECTOR PROCESS%GOBP%GO:0002697	REGULATION OF IMMUNE EFFECTOR PROCESS%GOBP%GO:0002697		191	0.4176295	1.5959953	0.0	0.21269071	1.0	1440	tags=24%, list=13%, signal=27%	
REGULATION OF RAS FAMILY ACTIVATION%PATHWAY INTERACTION DATABASE NCI-NATURE CURATED DATA%REGULATION OF RAS FAMILY ACTIVATION	REGULATION OF RAS FAMILY ACTIVATION%PATHWAY INTERACTION DATABASE NCI-NATURE CURATED DATA%REGULATION OF RAS FAMILY ACTIVATION		22	0.598067	1.5958215	0.020700637	0.2117315	1.0	1517	tags=27%, list=14%, signal=32%	
ATR SIGNALING PATHWAY%PATHWAY INTERACTION DATABASE NCI-NATURE CURATED DATA%ATR SIGNALING PATHWAY	ATR SIGNALING PATHWAY%PATHWAY INTERACTION DATABASE NCI-NATURE CURATED DATA%ATR SIGNALING PATHWAY		37	0.53517544	1.5956973	0.0099502485	0.21064186	1.0	2718	tags=41%, list=25%, signal=54%	
MHC PROTEIN COMPLEX ASSEMBLY%GOBP%GO:0002396	MHC PROTEIN COMPLEX ASSEMBLY%GOBP%GO:0002396		15	0.65270877	1.5952051	0.019448947	0.2105592	1.0	929	tags=33%, list=8%, signal=36%	
TORC1 SIGNALING%GOBP%GO:0038202	TORC1 SIGNALING%GOBP%GO:0038202		17	0.62662506	1.5934407	0.01604278	0.21280947	1.0	2120	tags=29%, list=19%, signal=36%	
T CELL RECEPTOR SIGNALING PATHWAY%GOBP%GO:0050852	T CELL RECEPTOR SIGNALING PATHWAY%GOBP%GO:0050852		70	0.4838613	1.5926461	0.0048154094	0.21325842	1.0	895	tags=21%, list=8%, signal=23%	
INTRACELLULAR CHOLESTEROL TRANSPORT%GOBP%GO:0032367	INTRACELLULAR CHOLESTEROL TRANSPORT%GOBP%GO:0032367		17	0.64035183	1.5913769	0.012612613	0.21477251	1.0	1327	tags=35%, list=12%, signal=40%	
TCR%NETPATH%TCR	TCR%NETPATH%TCR		160	0.43347088	1.5904083	0.0014992504	0.21548979	1.0	2645	tags=40%, list=24%, signal=52%	
REGULATION OF ACTIN DYNAMICS FOR PHAGOCYTIC CUP FORMATION%REACTOME%R-HSA-2029482.4	REGULATION OF ACTIN DYNAMICS FOR PHAGOCYTIC CUP FORMATION%REACTOME%R-HSA-2029482.4		57	0.49973893	1.589987	0.0016778524	0.21510841	1.0	2926	tags=40%, list=27%, signal=55%	
PARKIN UBIQUITIN PROTEASOMAL SYSTEM PATHWAY%WIKIPATHWAYS_20250810%WP2359%HOMO SAPIENS	PARKIN UBIQUITIN PROTEASOMAL SYSTEM PATHWAY%WIKIPATHWAYS_20250810%WP2359%HOMO SAPIENS		39	0.53531533	1.5899397	0.006504065	0.21393389	1.0	1193	tags=26%, list=11%, signal=29%	
POSITIVE REGULATION OF TUMOR NECROSIS FACTOR SUPERFAMILY CYTOKINE PRODUCTION%GOBP%GO:1903557	POSITIVE REGULATION OF TUMOR NECROSIS FACTOR SUPERFAMILY CYTOKINE PRODUCTION%GOBP%GO:1903557		56	0.50160724	1.5883788	0.009756098	0.21599427	1.0	1613	tags=34%, list=15%, signal=40%	
NEF-MEDIATES DOWN MODULATION OF CELL SURFACE RECEPTORS BY RECRUITING THEM TO CLATHRIN ADAPTERS%REACTOME%R-HSA-164938.5	NEF-MEDIATES DOWN MODULATION OF CELL SURFACE RECEPTORS BY RECRUITING THEM TO CLATHRIN ADAPTERS%REACTOME%R-HSA-164938.5		18	0.618086	1.5877517	0.018835617	0.21614037	1.0	2325	tags=50%, list=21%, signal=63%	
REGULATION OF EXTRINSIC APOPTOTIC SIGNALING PATHWAY VIA DEATH DOMAIN RECEPTORS%GOBP%GO:1902041	REGULATION OF EXTRINSIC APOPTOTIC SIGNALING PATHWAY VIA DEATH DOMAIN RECEPTORS%GOBP%GO:1902041		25	0.59356815	1.5869509	0.0050847456	0.21667042	1.0	1440	tags=36%, list=13%, signal=41%	
NEGATIVE REGULATION OF VIRAL GENOME REPLICATION%GOBP%GO:0045071	NEGATIVE REGULATION OF VIRAL GENOME REPLICATION%GOBP%GO:0045071		36	0.5450169	1.5856277	0.012820513	0.21842632	1.0	1986	tags=36%, list=18%, signal=44%	
INNATE IMMUNE RESPONSE ACTIVATING CELL SURFACE RECEPTOR SIGNALING PATHWAY%GOBP%GO:0002220	INNATE IMMUNE RESPONSE ACTIVATING CELL SURFACE RECEPTOR SIGNALING PATHWAY%GOBP%GO:0002220		37	0.53347707	1.5849661	0.0067453627	0.21876253	1.0	2159	tags=35%, list=20%, signal=44%	
NEGATIVE REGULATION OF LEUKOCYTE MEDIATED CYTOTOXICITY%GOBP%GO:0001911	NEGATIVE REGULATION OF LEUKOCYTE MEDIATED CYTOTOXICITY%GOBP%GO:0001911		17	0.6427244	1.5844196	0.026622295	0.21862873	1.0	1008	tags=29%, list=9%, signal=32%	
NATURAL KILLER CELL MEDIATED IMMUNITY%GOBP%GO:0002228	NATURAL KILLER CELL MEDIATED IMMUNITY%GOBP%GO:0002228		22	0.5976485	1.5837904	0.016393442	0.21884938	1.0	628	tags=27%, list=6%, signal=29%	
PRION DISEASE PATHWAY%WIKIPATHWAYS_20250810%WP3995%HOMO SAPIENS	PRION DISEASE PATHWAY%WIKIPATHWAYS_20250810%WP3995%HOMO SAPIENS		25	0.5814181	1.5828359	0.011804384	0.21983597	1.0	2769	tags=40%, list=25%, signal=53%	
REGULATION OF TUMOR NECROSIS FACTOR PRODUCTION%GOBP%GO:0032680	REGULATION OF TUMOR NECROSIS FACTOR PRODUCTION%GOBP%GO:0032680		80	0.46733376	1.5824293	0.004854369	0.2194822	1.0	2423	tags=41%, list=22%, signal=53%	
COSTIMULATION BY THE CD28 FAMILY%REACTOME%R-HSA-388841.8	COSTIMULATION BY THE CD28 FAMILY%REACTOME%R-HSA-388841.8		57	0.48503315	1.5819584	0.008196721	0.21925996	1.0	1668	tags=28%, list=15%, signal=33%	
CELLULAR RESPONSE TO VIRUS%GOBP%GO:0098586	CELLULAR RESPONSE TO VIRUS%GOBP%GO:0098586		37	0.53348523	1.580937	0.017094018	0.22012296	1.0	2587	tags=43%, list=24%, signal=56%	
REGULATION OF LONG-TERM SYNAPTIC POTENTIATION%GOBP%GO:1900271	REGULATION OF LONG-TERM SYNAPTIC POTENTIATION%GOBP%GO:1900271		15	0.6663273	1.5794698	0.015358361	0.22225444	1.0	2279	tags=53%, list=21%, signal=67%	
BCR SIGNALING PATHWAY%PATHWAY INTERACTION DATABASE NCI-NATURE CURATED DATA%BCR SIGNALING PATHWAY	BCR SIGNALING PATHWAY%PATHWAY INTERACTION DATABASE NCI-NATURE CURATED DATA%BCR SIGNALING PATHWAY		63	0.48946592	1.5791479	0.001633987	0.22165339	1.0	1895	tags=27%, list=17%, signal=32%	
RESPONSE TO INTERFERON-BETA%GOBP%GO:0035456	RESPONSE TO INTERFERON-BETA%GOBP%GO:0035456		24	0.58812267	1.577729	0.017699115	0.22353868	1.0	3294	tags=67%, list=30%, signal=95%	
HOMEOSTASIS OF NUMBER OF CELLS%GOBP%GO:0048872	HOMEOSTASIS OF NUMBER OF CELLS%GOBP%GO:0048872		92	0.4515878	1.5775673	0.003144654	0.22266889	1.0	1408	tags=25%, list=13%, signal=28%	
MONONUCLEAR CELL MIGRATION%GOBP%GO:0071674	MONONUCLEAR CELL MIGRATION%GOBP%GO:0071674		38	0.5395332	1.5759329	0.0080256825	0.22510259	1.0	2229	tags=50%, list=20%, signal=63%	
ANTIGEN PROCESSING: UB, ATP-INDEPENDENT PROTEASOMAL DEGRADATION%REACTOME%R-HSA-9912633.1	ANTIGEN PROCESSING: UB, ATP-INDEPENDENT PROTEASOMAL DEGRADATION%REACTOME%R-HSA-9912633.1		19	0.6150448	1.5752505	0.02003339	0.22537129	1.0	2775	tags=47%, list=25%, signal=63%	
REGULATION OF B CELL PROLIFERATION%GOBP%GO:0030888	REGULATION OF B CELL PROLIFERATION%GOBP%GO:0030888		28	0.5609472	1.5734451	0.014729951	0.22809082	1.0	673	tags=25%, list=6%, signal=27%	
CELLULAR RESPONSE TO TOPOLOGICALLY INCORRECT PROTEIN%GOBP%GO:0035967	CELLULAR RESPONSE TO TOPOLOGICALLY INCORRECT PROTEIN%GOBP%GO:0035967		70	0.47843614	1.5731832	0.011235955	0.22753124	1.0	2444	tags=40%, list=22%, signal=51%	
THE ROLE OF GTSE1 IN G2 M PROGRESSION AFTER G2 CHECKPOINT%REACTOME DATABASE ID RELEASE 93%8852276	THE ROLE OF GTSE1 IN G2 M PROGRESSION AFTER G2 CHECKPOINT%REACTOME DATABASE ID RELEASE 93%8852276		46	0.5115761	1.5727125	0.006633499	0.22748122	1.0	1797	tags=30%, list=16%, signal=36%	
PROTEASOME DEGRADATION%WIKIPATHWAYS_20250810%WP183%HOMO SAPIENS	PROTEASOME DEGRADATION%WIKIPATHWAYS_20250810%WP183%HOMO SAPIENS		39	0.53535426	1.5726252	0.014950166	0.22648071	1.0	1223	tags=26%, list=11%, signal=29%	
PEPTIDYL-TYROSINE DEPHOSPHORYLATION%GOBP%GO:0035335	PEPTIDYL-TYROSINE DEPHOSPHORYLATION%GOBP%GO:0035335		15	0.6420402	1.5710098	0.029209621	0.2290206	1.0	1137	tags=33%, list=10%, signal=37%	
LEUKOCYTE ACTIVATION INVOLVED IN IMMUNE RESPONSE%GOBP%GO:0002366	LEUKOCYTE ACTIVATION INVOLVED IN IMMUNE RESPONSE%GOBP%GO:0002366		93	0.4503744	1.5700411	0.0031152647	0.22984149	1.0	1606	tags=35%, list=15%, signal=41%	
POSITIVE REGULATION OF LYMPHOCYTE ACTIVATION%GOBP%GO:0051251	POSITIVE REGULATION OF LYMPHOCYTE ACTIVATION%GOBP%GO:0051251		185	0.41459727	1.5694641	0.0	0.22997996	1.0	2453	tags=37%, list=22%, signal=47%	
CELLULAR RESPONSE TO NUTRIENT%GOBP%GO:0031670	CELLULAR RESPONSE TO NUTRIENT%GOBP%GO:0031670		16	0.63401175	1.5692477	0.020833334	0.22930384	1.0	1975	tags=50%, list=18%, signal=61%	
ANTIGEN PROCESSING AND PRESENTATION OF EXOGENOUS PEPTIDE ANTIGEN%GOBP%GO:0002478	ANTIGEN PROCESSING AND PRESENTATION OF EXOGENOUS PEPTIDE ANTIGEN%GOBP%GO:0002478		28	0.5626614	1.5679969	0.014586709	0.23100317	1.0	2222	tags=43%, list=20%, signal=54%	
REGULATION OF PROTEIN LOCALIZATION TO CELL PERIPHERY%GOBP%GO:1904375	REGULATION OF PROTEIN LOCALIZATION TO CELL PERIPHERY%GOBP%GO:1904375		84	0.45489153	1.5679197	0.0	0.23001003	1.0	2478	tags=33%, list=23%, signal=43%	
REGULATION OF FILOPODIUM ASSEMBLY%GOBP%GO:0051489	REGULATION OF FILOPODIUM ASSEMBLY%GOBP%GO:0051489		26	0.5714385	1.5673287	0.013559322	0.23037915	1.0	2131	tags=42%, list=19%, signal=52%	
NRAGE SIGNALS DEATH THROUGH JNK%REACTOME DATABASE ID RELEASE 93%193648	NRAGE SIGNALS DEATH THROUGH JNK%REACTOME DATABASE ID RELEASE 93%193648		40	0.5168071	1.5666834	0.014876033	0.23067342	1.0	1558	tags=33%, list=14%, signal=38%	
BASIGIN INTERACTIONS%REACTOME DATABASE ID RELEASE 93%210991	BASIGIN INTERACTIONS%REACTOME DATABASE ID RELEASE 93%210991		16	0.6411628	1.5666492	0.010452962	0.22959709	1.0	1082	tags=38%, list=10%, signal=42%	
NEGATIVE REGULATION OF INTRACELLULAR TRANSPORT%GOBP%GO:0032387	NEGATIVE REGULATION OF INTRACELLULAR TRANSPORT%GOBP%GO:0032387		34	0.53769207	1.5664189	0.01141925	0.22892012	1.0	1674	tags=32%, list=15%, signal=38%	
AURORA B SIGNALING%PATHWAY INTERACTION DATABASE NCI-NATURE CURATED DATA%AURORA B SIGNALING	AURORA B SIGNALING%PATHWAY INTERACTION DATABASE NCI-NATURE CURATED DATA%AURORA B SIGNALING		37	0.5220089	1.5662714	0.0132231405	0.2281749	1.0	2775	tags=43%, list=25%, signal=58%	
POSITIVE REGULATION OF VACUOLE ORGANIZATION%GOBP%GO:0044090	POSITIVE REGULATION OF VACUOLE ORGANIZATION%GOBP%GO:0044090		19	0.59299153	1.5661682	0.015570934	0.2272948	1.0	1405	tags=32%, list=13%, signal=36%	
REGULATION OF T CELL RECEPTOR SIGNALING PATHWAY%GOBP%GO:0050856	REGULATION OF T CELL RECEPTOR SIGNALING PATHWAY%GOBP%GO:0050856		37	0.52533853	1.5644084	0.015100671	0.23010206	1.0	636	tags=22%, list=6%, signal=23%	
G ALPHA (12 13) SIGNALLING EVENTS%REACTOME%R-HSA-416482.7	G ALPHA (12 13) SIGNALLING EVENTS%REACTOME%R-HSA-416482.7		49	0.4986088	1.561999	0.009661836	0.2342411	1.0	1620	tags=33%, list=15%, signal=38%	
POSITIVE REGULATION OF LEUKOCYTE ACTIVATION%GOBP%GO:0002696	POSITIVE REGULATION OF LEUKOCYTE ACTIVATION%GOBP%GO:0002696		195	0.41210067	1.559838	0.0	0.23797902	1.0	2453	tags=36%, list=22%, signal=46%	
CELL RECOGNITION%GOBP%GO:0008037	CELL RECOGNITION%GOBP%GO:0008037		32	0.54957	1.5573919	0.018032787	0.24230339	1.0	1273	tags=31%, list=12%, signal=35%	
REGULATION OF ORNITHINE DECARBOXYLASE (ODC)%REACTOME%R-HSA-350562.5	REGULATION OF ORNITHINE DECARBOXYLASE (ODC)%REACTOME%R-HSA-350562.5		37	0.5227418	1.5559006	0.010204081	0.2445568	1.0	2787	tags=38%, list=25%, signal=51%	
PROTEIN LOCALIZATION TO ENDOPLASMIC RETICULUM%GOBP%GO:0070972	PROTEIN LOCALIZATION TO ENDOPLASMIC RETICULUM%GOBP%GO:0070972		22	0.5811005	1.5555079	0.02341137	0.2442571	1.0	1551	tags=27%, list=14%, signal=32%	
CLASS I PI3K SIGNALING EVENTS%PATHWAY INTERACTION DATABASE NCI-NATURE CURATED DATA%CLASS I PI3K SIGNALING EVENTS	CLASS I PI3K SIGNALING EVENTS%PATHWAY INTERACTION DATABASE NCI-NATURE CURATED DATA%CLASS I PI3K SIGNALING EVENTS		41	0.51194936	1.555493	0.021452146	0.24311504	1.0	1891	tags=37%, list=17%, signal=44%	
PID_TXA2PATHWAY%MSIGDB_C2%PID_TXA2PATHWAY	PID_TXA2PATHWAY%MSIGDB_C2%PID_TXA2PATHWAY		27	0.55969554	1.5548239	0.01724138	0.24347727	1.0	1517	tags=37%, list=14%, signal=43%	
PID_AURORA_B_PATHWAY%MSIGDB_C2%PID_AURORA_B_PATHWAY	PID_AURORA_B_PATHWAY%MSIGDB_C2%PID_AURORA_B_PATHWAY		20	0.59036094	1.5537176	0.036906853	0.24482265	1.0	2570	tags=55%, list=23%, signal=72%	
REGULATION OF TUMOR NECROSIS FACTOR SUPERFAMILY CYTOKINE PRODUCTION%GOBP%GO:1903555	REGULATION OF TUMOR NECROSIS FACTOR SUPERFAMILY CYTOKINE PRODUCTION%GOBP%GO:1903555		83	0.45196116	1.5537119	0.004769475	0.24367839	1.0	2423	tags=40%, list=22%, signal=51%	
AUTOPHAGY OF MITOCHONDRION%GOBP%GO:0000422	AUTOPHAGY OF MITOCHONDRION%GOBP%GO:0000422		56	0.474243	1.5529883	0.013559322	0.24421293	1.0	2209	tags=34%, list=20%, signal=42%	
HALLMARK_APICAL_SURFACE%MSIGDBHALLMARK%HALLMARK_APICAL_SURFACE	HALLMARK_APICAL_SURFACE%MSIGDBHALLMARK%HALLMARK_APICAL_SURFACE		20	0.5984767	1.552547	0.026132405	0.24427637	1.0	1612	tags=45%, list=15%, signal=53%	
CELL SURFACE PATTERN RECOGNITION RECEPTOR SIGNALING PATHWAY%GOBP%GO:0002752	CELL SURFACE PATTERN RECOGNITION RECEPTOR SIGNALING PATHWAY%GOBP%GO:0002752		27	0.5549503	1.5515708	0.012589928	0.24537016	1.0	1263	tags=30%, list=11%, signal=33%	
ALPHA-BETA T CELL ACTIVATION%GOBP%GO:0046631	ALPHA-BETA T CELL ACTIVATION%GOBP%GO:0046631		45	0.50356096	1.5513672	0.012820513	0.24471702	1.0	2712	tags=47%, list=25%, signal=62%	
B CELL RECEPTOR SIGNALING%WIKIPATHWAYS_20250810%WP23%HOMO SAPIENS	B CELL RECEPTOR SIGNALING%WIKIPATHWAYS_20250810%WP23%HOMO SAPIENS		74	0.4604398	1.5500352	0.0030487804	0.24676779	1.0	1752	tags=26%, list=16%, signal=30%	
POSITIVE REGULATION OF RESPONSE TO ENDOPLASMIC RETICULUM STRESS%GOBP%GO:1905898	POSITIVE REGULATION OF RESPONSE TO ENDOPLASMIC RETICULUM STRESS%GOBP%GO:1905898		27	0.556103	1.5494373	0.018549748	0.2469917	1.0	1578	tags=33%, list=14%, signal=39%	
VIRAL PROTEIN PROCESSING%GOBP%GO:0019082	VIRAL PROTEIN PROCESSING%GOBP%GO:0019082		26	0.55764186	1.5491842	0.029565217	0.24654044	1.0	2316	tags=54%, list=21%, signal=68%	
HUMORAL IMMUNE RESPONSE%GOBP%GO:0006959	HUMORAL IMMUNE RESPONSE%GOBP%GO:0006959		66	0.46784544	1.5489249	0.01104101	0.24604787	1.0	1079	tags=32%, list=10%, signal=35%	
HALLMARK_XENOBIOTIC_METABOLISM%MSIGDBHALLMARK%HALLMARK_XENOBIOTIC_METABOLISM	HALLMARK_XENOBIOTIC_METABOLISM%MSIGDBHALLMARK%HALLMARK_XENOBIOTIC_METABOLISM		84	0.45318976	1.5474443	0.0062305294	0.2484078	1.0	2162	tags=32%, list=20%, signal=40%	
SUPEROXIDE METABOLIC PROCESS%GOBP%GO:0006801	SUPEROXIDE METABOLIC PROCESS%GOBP%GO:0006801		19	0.6091456	1.5459373	0.03642384	0.25086102	1.0	1534	tags=47%, list=14%, signal=55%	
BCR%NETPATH%BCR	BCR%NETPATH%BCR		78	0.45427245	1.5459005	0.0062402496	0.24981464	1.0	1752	tags=31%, list=16%, signal=36%	
NF-KB SIGNALING PATHWAY%PATHWHIZ%PW064818	NF-KB SIGNALING PATHWAY%PATHWHIZ%PW064818		22	0.57915294	1.5458016	0.024096385	0.24893469	1.0	2047	tags=36%, list=19%, signal=45%	
INORGANIC ANION TRANSMEMBRANE TRANSPORT%GOBP%GO:0098661	INORGANIC ANION TRANSMEMBRANE TRANSPORT%GOBP%GO:0098661		31	0.54086435	1.5449454	0.020338982	0.2498029	1.0	1040	tags=29%, list=9%, signal=32%	
ANTIBACTERIAL HUMORAL RESPONSE%GOBP%GO:0019731	ANTIBACTERIAL HUMORAL RESPONSE%GOBP%GO:0019731		20	0.59348255	1.5439504	0.026086956	0.250896	1.0	459	tags=35%, list=4%, signal=36%	
PROTEIN TARGETING TO ER%GOBP%GO:0045047	PROTEIN TARGETING TO ER%GOBP%GO:0045047		27	0.56322443	1.5436983	0.010507881	0.2504192	1.0	3440	tags=63%, list=31%, signal=91%	
NUCLEOSIDE DIPHOSPHATE METABOLIC PROCESS%GOBP%GO:0009132	NUCLEOSIDE DIPHOSPHATE METABOLIC PROCESS%GOBP%GO:0009132		44	0.5022767	1.54244	0.01754386	0.25225812	1.0	1947	tags=39%, list=18%, signal=47%	
LISSENCEPHALY GENE (LIS1) IN NEURONAL MIGRATION AND DEVELOPMENT%PATHWAY INTERACTION DATABASE NCI-NATURE CURATED DATA%LISSENCEPHALY GENE (LIS1) IN NEURONAL MIGRATION AND DEVELOPMENT	LISSENCEPHALY GENE (LIS1) IN NEURONAL MIGRATION AND DEVELOPMENT%PATHWAY INTERACTION DATABASE NCI-NATURE CURATED DATA%LISSENCEPHALY GENE (LIS1) IN NEURONAL MIGRATION AND DEVELOPMENT		23	0.58227617	1.5423392	0.022807017	0.25139138	1.0	1718	tags=30%, list=16%, signal=36%	
PID_CXCR4_PATHWAY%MSIGDB_C2%PID_CXCR4_PATHWAY	PID_CXCR4_PATHWAY%MSIGDB_C2%PID_CXCR4_PATHWAY		60	0.47869143	1.542327	0.0064205457	0.2503175	1.0	1526	tags=25%, list=14%, signal=29%	
ROS AND RNS PRODUCTION IN PHAGOCYTES%REACTOME%R-HSA-1222556.11	ROS AND RNS PRODUCTION IN PHAGOCYTES%REACTOME%R-HSA-1222556.11		26	0.555876	1.5409769	0.015652174	0.25232393	1.0	1186	tags=38%, list=11%, signal=43%	
NEGATIVE REGULATION OF ESTABLISHMENT OF PROTEIN LOCALIZATION%GOBP%GO:1904950	NEGATIVE REGULATION OF ESTABLISHMENT OF PROTEIN LOCALIZATION%GOBP%GO:1904950		60	0.4788127	1.5408399	0.009724474	0.25150993	1.0	1389	tags=28%, list=13%, signal=32%	
HEDGEHOG LIGAND BIOGENESIS%REACTOME DATABASE ID RELEASE 93%5358346	HEDGEHOG LIGAND BIOGENESIS%REACTOME DATABASE ID RELEASE 93%5358346		44	0.5071305	1.5404836	0.012027492	0.2514058	1.0	1790	tags=30%, list=16%, signal=35%	
REGULATION OF MITOCHONDRIAL MEMBRANE POTENTIAL%GOBP%GO:0051881	REGULATION OF MITOCHONDRIAL MEMBRANE POTENTIAL%GOBP%GO:0051881		30	0.5471902	1.5402254	0.020761246	0.2509647	1.0	1578	tags=43%, list=14%, signal=50%	
LEISHMANIA PHAGOCYTOSIS%REACTOME%R-HSA-9664417.2	LEISHMANIA PHAGOCYTOSIS%REACTOME%R-HSA-9664417.2		55	0.4831773	1.5396754	0.00837521	0.25123727	1.0	1356	tags=24%, list=12%, signal=27%	
MEASLES VIRUS INFECTION%WIKIPATHWAYS_20250810%WP4630%HOMO SAPIENS	MEASLES VIRUS INFECTION%WIKIPATHWAYS_20250810%WP4630%HOMO SAPIENS		81	0.45570377	1.5386186	0.012944984	0.25241828	1.0	2598	tags=43%, list=24%, signal=56%	
FCGR3A-MEDIATED PHAGOCYTOSIS%REACTOME%R-HSA-9664422.2	FCGR3A-MEDIATED PHAGOCYTOSIS%REACTOME%R-HSA-9664422.2		55	0.4831773	1.53841	0.010016695	0.251817	1.0	1356	tags=24%, list=12%, signal=27%	
PEPTIDE ANTIGEN ASSEMBLY WITH MHC PROTEIN COMPLEX%GOBP%GO:0002501	PEPTIDE ANTIGEN ASSEMBLY WITH MHC PROTEIN COMPLEX%GOBP%GO:0002501		15	0.65270877	1.536511	0.030195381	0.25523636	1.0	929	tags=33%, list=8%, signal=36%	
POSITIVE REGULATION OF CELL JUNCTION ASSEMBLY%GOBP%GO:1901890	POSITIVE REGULATION OF CELL JUNCTION ASSEMBLY%GOBP%GO:1901890		28	0.55655897	1.5354719	0.020304568	0.2566556	1.0	1993	tags=46%, list=18%, signal=57%	
FC RECEPTOR MEDIATED STIMULATORY SIGNALING PATHWAY%GOBP%GO:0002431	FC RECEPTOR MEDIATED STIMULATORY SIGNALING PATHWAY%GOBP%GO:0002431		21	0.5789116	1.5352026	0.030927835	0.2562089	1.0	1403	tags=38%, list=13%, signal=44%	
REGULATION OF CHROMOSOME SEGREGATION%GOBP%GO:0051983	REGULATION OF CHROMOSOME SEGREGATION%GOBP%GO:0051983		113	0.4294717	1.5345175	0.0045731706	0.25674236	1.0	2490	tags=35%, list=23%, signal=44%	
UROKINASE-TYPE PLASMINOGEN ACTIVATOR (UPA) AND UPAR-MEDIATED SIGNALING%PATHWAY INTERACTION DATABASE NCI-NATURE CURATED DATA%UROKINASE-TYPE PLASMINOGEN ACTIVATOR (UPA) AND UPAR-MEDIATED SIGNALING	UROKINASE-TYPE PLASMINOGEN ACTIVATOR (UPA) AND UPAR-MEDIATED SIGNALING%PATHWAY INTERACTION DATABASE NCI-NATURE CURATED DATA%UROKINASE-TYPE PLASMINOGEN ACTIVATOR (UPA) AND UPAR-MEDIATED SIGNALING		19	0.58511746	1.5317789	0.03242321	0.2621804	1.0	2570	tags=53%, list=23%, signal=69%	
FCERI MEDIATED NF-KB ACTIVATION%REACTOME DATABASE ID RELEASE 93%2871837	FCERI MEDIATED NF-KB ACTIVATION%REACTOME DATABASE ID RELEASE 93%2871837		67	0.46517736	1.5301782	0.006688963	0.26500475	1.0	909	tags=19%, list=8%, signal=21%	
REGULATION OF RELEASE OF CYTOCHROME C FROM MITOCHONDRIA%GOBP%GO:0090199	REGULATION OF RELEASE OF CYTOCHROME C FROM MITOCHONDRIA%GOBP%GO:0090199		30	0.53974086	1.5298134	0.027118644	0.26473168	1.0	1578	tags=47%, list=14%, signal=54%	
ACTIVATION OF NF-KAPPAB IN B CELLS%REACTOME%R-HSA-1169091.2	ACTIVATION OF NF-KAPPAB IN B CELLS%REACTOME%R-HSA-1169091.2		53	0.477901	1.5292169	0.02247191	0.2650878	1.0	2787	tags=38%, list=25%, signal=50%	
PID_LIS1_PATHWAY%MSIGDB_C2%PID_LIS1_PATHWAY	PID_LIS1_PATHWAY%MSIGDB_C2%PID_LIS1_PATHWAY		16	0.61854696	1.5283928	0.028119508	0.26625913	1.0	1718	tags=31%, list=16%, signal=37%	
CELL GROWTH%GOBP%GO:0016049	CELL GROWTH%GOBP%GO:0016049		31	0.5289402	1.5279223	0.020408163	0.26623312	1.0	2249	tags=35%, list=20%, signal=44%	
INORGANIC ANION TRANSPORT%GOBP%GO:0015698	INORGANIC ANION TRANSPORT%GOBP%GO:0015698		46	0.48714343	1.5266418	0.018333333	0.26834914	1.0	2459	tags=39%, list=22%, signal=50%	
POSITIVE T CELL SELECTION%GOBP%GO:0043368	POSITIVE T CELL SELECTION%GOBP%GO:0043368		16	0.62983626	1.526579	0.019197207	0.26743013	1.0	2712	tags=69%, list=25%, signal=91%	
RAC 1 CELL MOTILITY SIGNALING PATHWAY%SMPDB%SMP0063795	RAC 1 CELL MOTILITY SIGNALING PATHWAY%SMPDB%SMP0063795		19	0.5981024	1.525459	0.038720537	0.26902297	1.0	3479	tags=58%, list=32%, signal=85%	
RETROGRADE PROTEIN TRANSPORT, ER TO CYTOSOL%GOBP%GO:0030970	RETROGRADE PROTEIN TRANSPORT, ER TO CYTOSOL%GOBP%GO:0030970		19	0.5964579	1.5233254	0.028286189	0.27330765	1.0	3182	tags=68%, list=29%, signal=96%	
FCGAMMA RECEPTOR (FCGR) DEPENDENT PHAGOCYTOSIS%REACTOME%R-HSA-2029480.3	FCGAMMA RECEPTOR (FCGR) DEPENDENT PHAGOCYTOSIS%REACTOME%R-HSA-2029480.3		78	0.45080382	1.5219449	0.008130081	0.27566338	1.0	1356	tags=23%, list=12%, signal=26%	
IL3%NETPATH%IL3	IL3%NETPATH%IL3		34	0.51704055	1.5215212	0.028052805	0.2756784	1.0	1855	tags=32%, list=17%, signal=39%	
MYELOID CELL DIFFERENTIATION%GOBP%GO:0030099	MYELOID CELL DIFFERENTIATION%GOBP%GO:0030099		138	0.41786057	1.5201638	0.0015313936	0.27817664	1.0	1266	tags=22%, list=12%, signal=24%	
APOPTOSIS%REACTOME DATABASE ID RELEASE 93%109581	APOPTOSIS%REACTOME DATABASE ID RELEASE 93%109581		138	0.41103888	1.5198466	0.0058224164	0.27793786	1.0	1857	tags=29%, list=17%, signal=34%	
POSITIVE REGULATION OF LEUKOCYTE MEDIATED CYTOTOXICITY%GOBP%GO:0001912	POSITIVE REGULATION OF LEUKOCYTE MEDIATED CYTOTOXICITY%GOBP%GO:0001912		28	0.55488	1.5195632	0.03752039	0.27756813	1.0	2203	tags=50%, list=20%, signal=62%	
SOMITOGENESIS%REACTOME%R-HSA-9824272.2	SOMITOGENESIS%REACTOME%R-HSA-9824272.2		38	0.505331	1.518811	0.031198686	0.27830607	1.0	2787	tags=37%, list=25%, signal=49%	
APC C-MEDIATED DEGRADATION OF CELL CYCLE PROTEINS%REACTOME DATABASE ID RELEASE 93%174143	APC C-MEDIATED DEGRADATION OF CELL CYCLE PROTEINS%REACTOME DATABASE ID RELEASE 93%174143		74	0.4587368	1.5187273	0.012158055	0.27740988	1.0	2787	tags=38%, list=25%, signal=50%	
POSITIVE REGULATION OF CALCIUM-MEDIATED SIGNALING%GOBP%GO:0050850	POSITIVE REGULATION OF CALCIUM-MEDIATED SIGNALING%GOBP%GO:0050850		22	0.5667586	1.518663	0.026890757	0.27646568	1.0	1583	tags=27%, list=14%, signal=32%	
ENDOPLASMIC RETICULUM TO CYTOSOL TRANSPORT%GOBP%GO:1903513	ENDOPLASMIC RETICULUM TO CYTOSOL TRANSPORT%GOBP%GO:1903513		19	0.5964579	1.5174907	0.03826955	0.27812392	1.0	3182	tags=68%, list=29%, signal=96%	
REGULATION OF B CELL ACTIVATION%GOBP%GO:0050864	REGULATION OF B CELL ACTIVATION%GOBP%GO:0050864		62	0.46337587	1.5168945	0.011363637	0.27849245	1.0	673	tags=18%, list=6%, signal=19%	
NEGATIVE REGULATION OF MET ACTIVITY%REACTOME%R-HSA-6807004.4	NEGATIVE REGULATION OF MET ACTIVITY%REACTOME%R-HSA-6807004.4		17	0.59497786	1.5168813	0.047540985	0.27745858	1.0	1654	tags=53%, list=15%, signal=62%	
APC C:CDC20 MEDIATED DEGRADATION OF MITOTIC PROTEINS%REACTOME%R-HSA-176409.5	APC C:CDC20 MEDIATED DEGRADATION OF MITOTIC PROTEINS%REACTOME%R-HSA-176409.5		62	0.4622359	1.5165101	0.018032787	0.27731407	1.0	2787	tags=37%, list=25%, signal=49%	
PID_BCR_5PATHWAY%MSIGDB_C2%PID_BCR_5PATHWAY	PID_BCR_5PATHWAY%MSIGDB_C2%PID_BCR_5PATHWAY		55	0.4777935	1.5156783	0.033707865	0.27829906	1.0	1752	tags=24%, list=16%, signal=28%	
POSITIVE REGULATION OF B CELL ACTIVATION%GOBP%GO:0050871	POSITIVE REGULATION OF B CELL ACTIVATION%GOBP%GO:0050871		39	0.49923536	1.5155642	0.023728814	0.27751452	1.0	382	tags=15%, list=3%, signal=16%	
POSITIVE REGULATION OF VIRAL LIFE CYCLE%GOBP%GO:1903902	POSITIVE REGULATION OF VIRAL LIFE CYCLE%GOBP%GO:1903902		17	0.61345595	1.5153203	0.034602076	0.27707452	1.0	2226	tags=53%, list=20%, signal=66%	
AMYLOID FIBRIL FORMATION%GOBP%GO:1990000	AMYLOID FIBRIL FORMATION%GOBP%GO:1990000		18	0.5960147	1.5143714	0.04347826	0.27835244	1.0	2222	tags=39%, list=20%, signal=49%	
8P23 1 COPY NUMBER VARIATION SYNDROME%WIKIPATHWAYS_20250810%WP5346%HOMO SAPIENS	8P23 1 COPY NUMBER VARIATION SYNDROME%WIKIPATHWAYS_20250810%WP5346%HOMO SAPIENS		32	0.526876	1.5143043	0.014035088	0.27747747	1.0	3566	tags=53%, list=32%, signal=78%	
REGULATION OF MITOTIC CELL CYCLE%REACTOME DATABASE ID RELEASE 93%453276	REGULATION OF MITOTIC CELL CYCLE%REACTOME DATABASE ID RELEASE 93%453276		74	0.4587368	1.5141723	0.011254019	0.27673954	1.0	2787	tags=38%, list=25%, signal=50%	
HOST INTERACTIONS OF HIV FACTORS%REACTOME DATABASE ID RELEASE 93%162909	HOST INTERACTIONS OF HIV FACTORS%REACTOME DATABASE ID RELEASE 93%162909		109	0.42632183	1.5141692	0.004792332	0.27571836	1.0	2466	tags=29%, list=22%, signal=37%	
METABOLISM OF POLYAMINES%REACTOME%R-HSA-351202.5	METABOLISM OF POLYAMINES%REACTOME%R-HSA-351202.5		42	0.4898791	1.5129976	0.021594685	0.27740487	1.0	1790	tags=26%, list=16%, signal=31%	
PARASITE INFECTION%REACTOME DATABASE ID RELEASE 93%9664407	PARASITE INFECTION%REACTOME DATABASE ID RELEASE 93%9664407		55	0.4831773	1.5122148	0.011128776	0.27814376	1.0	1356	tags=24%, list=12%, signal=27%	
PURINE NUCLEOSIDE DIPHOSPHATE METABOLIC PROCESS%GOBP%GO:0009135	PURINE NUCLEOSIDE DIPHOSPHATE METABOLIC PROCESS%GOBP%GO:0009135		30	0.53236586	1.5102025	0.03577513	0.2822044	1.0	1947	tags=47%, list=18%, signal=57%	
BIOCARTA_VDR_PATHWAY%MSIGDB_C2%BIOCARTA_VDR_PATHWAY	BIOCARTA_VDR_PATHWAY%MSIGDB_C2%BIOCARTA_VDR_PATHWAY		21	0.5835075	1.5095868	0.046232875	0.2829059	1.0	3289	tags=57%, list=30%, signal=81%	
POSITIVE REGULATION OF CALCIUM ION TRANSPORT%GOBP%GO:0051928	POSITIVE REGULATION OF CALCIUM ION TRANSPORT%GOBP%GO:0051928		26	0.5467932	1.5090929	0.02292769	0.2831296	1.0	275	tags=19%, list=3%, signal=20%	
REGULATION OF APOPTOTIC SIGNALING PATHWAY%GOBP%GO:2001233	REGULATION OF APOPTOTIC SIGNALING PATHWAY%GOBP%GO:2001233		186	0.39772788	1.50859	0.00433526	0.28335446	1.0	1578	tags=25%, list=14%, signal=28%	
REGULATION OF SISTER CHROMATID SEGREGATION%GOBP%GO:0033045	REGULATION OF SISTER CHROMATID SEGREGATION%GOBP%GO:0033045		91	0.43170568	1.5080183	0.006329114	0.28372696	1.0	2490	tags=36%, list=23%, signal=47%	
TRANSLATION OF STRUCTURAL PROTEINS%REACTOME DATABASE ID RELEASE 93%9683701	TRANSLATION OF STRUCTURAL PROTEINS%REACTOME DATABASE ID RELEASE 93%9683701		27	0.5422074	1.5070207	0.03374778	0.2852011	1.0	2316	tags=48%, list=21%, signal=61%	
RESPONSE TO INTERFERON-ALPHA%GOBP%GO:0035455	RESPONSE TO INTERFERON-ALPHA%GOBP%GO:0035455		16	0.6137592	1.5058694	0.035778176	0.28708094	1.0	2463	tags=56%, list=22%, signal=72%	
REGULATION OF EPITHELIAL CELL MIGRATION%GOBP%GO:0010632	REGULATION OF EPITHELIAL CELL MIGRATION%GOBP%GO:0010632		36	0.51291645	1.5051563	0.024271844	0.28788048	1.0	946	tags=22%, list=9%, signal=24%	
REGULATION OF INTRINSIC APOPTOTIC SIGNALING PATHWAY%GOBP%GO:2001242	REGULATION OF INTRINSIC APOPTOTIC SIGNALING PATHWAY%GOBP%GO:2001242		102	0.42951787	1.5046797	0.0064	0.28803512	1.0	1578	tags=26%, list=14%, signal=31%	
POSITIVE REGULATION OF INFLAMMATORY RESPONSE%GOBP%GO:0050729	POSITIVE REGULATION OF INFLAMMATORY RESPONSE%GOBP%GO:0050729		78	0.4419607	1.5038517	0.0097402595	0.2889213	1.0	1909	tags=35%, list=17%, signal=42%	
VPU MEDIATED DEGRADATION OF CD4%REACTOME%R-HSA-180534.3	VPU MEDIATED DEGRADATION OF CD4%REACTOME%R-HSA-180534.3		39	0.50719887	1.5021471	0.022544283	0.29219633	1.0	2787	tags=41%, list=25%, signal=55%	
SCF-BETA-TRCP MEDIATED DEGRADATION OF EMI1%REACTOME DATABASE ID RELEASE 93%174113	SCF-BETA-TRCP MEDIATED DEGRADATION OF EMI1%REACTOME DATABASE ID RELEASE 93%174113		42	0.48785347	1.5020453	0.024137931	0.29140002	1.0	2787	tags=40%, list=25%, signal=54%	
ENDOPLASMIC RETICULUM UNFOLDED PROTEIN RESPONSE%GOBP%GO:0030968	ENDOPLASMIC RETICULUM UNFOLDED PROTEIN RESPONSE%GOBP%GO:0030968		46	0.48529968	1.5010803	0.017571885	0.2928043	1.0	2598	tags=41%, list=24%, signal=54%	
REGULATION OF PROTEIN LOCALIZATION TO MEMBRANE%GOBP%GO:1905475	REGULATION OF PROTEIN LOCALIZATION TO MEMBRANE%GOBP%GO:1905475		84	0.4377551	1.4983933	0.009884679	0.29883975	1.0	2478	tags=32%, list=23%, signal=41%	
REGULATION OF NATURAL KILLER CELL MEDIATED IMMUNITY%GOBP%GO:0002715	REGULATION OF NATURAL KILLER CELL MEDIATED IMMUNITY%GOBP%GO:0002715		24	0.54572	1.4973037	0.046793763	0.30064362	1.0	3194	tags=50%, list=29%, signal=70%	
P53 TRANSCRIPTIONAL GENE NETWORK%WIKIPATHWAYS_20250810%WP4963%HOMO SAPIENS	P53 TRANSCRIPTIONAL GENE NETWORK%WIKIPATHWAYS_20250810%WP4963%HOMO SAPIENS		59	0.4552772	1.4962491	0.010050251	0.30224687	1.0	2140	tags=37%, list=19%, signal=46%	
ACTIVATION OF APC C AND APC C:CDC20 MEDIATED DEGRADATION OF MITOTIC PROTEINS%REACTOME DATABASE ID RELEASE 93%176814	ACTIVATION OF APC C AND APC C:CDC20 MEDIATED DEGRADATION OF MITOTIC PROTEINS%REACTOME DATABASE ID RELEASE 93%176814		63	0.45476645	1.4957659	0.012903226	0.30252957	1.0	2787	tags=37%, list=25%, signal=49%	
INTRINSIC APOPTOTIC SIGNALING PATHWAY IN RESPONSE TO DNA DAMAGE%GOBP%GO:0008630	INTRINSIC APOPTOTIC SIGNALING PATHWAY IN RESPONSE TO DNA DAMAGE%GOBP%GO:0008630		44	0.48565766	1.4954946	0.017080745	0.30221683	1.0	2897	tags=43%, list=26%, signal=58%	
REGULATION OF NATURAL KILLER CELL MEDIATED CYTOTOXICITY%GOBP%GO:0042269	REGULATION OF NATURAL KILLER CELL MEDIATED CYTOTOXICITY%GOBP%GO:0042269		23	0.556574	1.4950492	0.03898305	0.3024354	1.0	2377	tags=39%, list=22%, signal=50%	
REGULATION OF RESPONSE TO ENDOPLASMIC RETICULUM STRESS%GOBP%GO:1905897	REGULATION OF RESPONSE TO ENDOPLASMIC RETICULUM STRESS%GOBP%GO:1905897		68	0.4491094	1.4948587	0.012578616	0.3018275	1.0	2856	tags=41%, list=26%, signal=55%	
ESTABLISHMENT OF PROTEIN LOCALIZATION TO ENDOPLASMIC RETICULUM%GOBP%GO:0072599	ESTABLISHMENT OF PROTEIN LOCALIZATION TO ENDOPLASMIC RETICULUM%GOBP%GO:0072599		31	0.52668077	1.4948335	0.038655464	0.30086848	1.0	3440	tags=58%, list=31%, signal=84%	
REGULATION OF CYTOKINESIS%GOBP%GO:0032465	REGULATION OF CYTOKINESIS%GOBP%GO:0032465		70	0.4507275	1.4941269	0.017432647	0.30159354	1.0	2623	tags=36%, list=24%, signal=47%	
MODULATORS OF TCR SIGNALING AND T CELL ACTIVATION%WIKIPATHWAYS_20250810%WP5072%HOMO SAPIENS	MODULATORS OF TCR SIGNALING AND T CELL ACTIVATION%WIKIPATHWAYS_20250810%WP5072%HOMO SAPIENS		43	0.48815754	1.4938713	0.026533997	0.30129245	1.0	715	tags=21%, list=7%, signal=22%	
REGULATION OF CALCIUM ION TRANSPORT%GOBP%GO:0051924	REGULATION OF CALCIUM ION TRANSPORT%GOBP%GO:0051924		75	0.44774854	1.4914744	0.012965964	0.3060757	1.0	1759	tags=28%, list=16%, signal=33%	
ESTABLISHMENT OF SPINDLE ORIENTATION%GOBP%GO:0051294	ESTABLISHMENT OF SPINDLE ORIENTATION%GOBP%GO:0051294		29	0.5278934	1.4914323	0.0375817	0.30510786	1.0	2700	tags=45%, list=25%, signal=59%	
REGULATION OF INTERLEUKIN-12 PRODUCTION%GOBP%GO:0032655	REGULATION OF INTERLEUKIN-12 PRODUCTION%GOBP%GO:0032655		33	0.51731527	1.490356	0.028960818	0.30689394	1.0	1613	tags=36%, list=15%, signal=42%	
ANTIGEN PROCESSING AND PRESENTATION OF PEPTIDE ANTIGEN VIA MHC CLASS II%GOBP%GO:0002495	ANTIGEN PROCESSING AND PRESENTATION OF PEPTIDE ANTIGEN VIA MHC CLASS II%GOBP%GO:0002495		22	0.55576277	1.489448	0.026936026	0.30834758	1.0	2222	tags=45%, list=20%, signal=57%	
REGULATION OF LYMPHOCYTE PROLIFERATION%GOBP%GO:0050670	REGULATION OF LYMPHOCYTE PROLIFERATION%GOBP%GO:0050670		99	0.42419752	1.4889349	0.01433121	0.30865633	1.0	1454	tags=27%, list=13%, signal=31%	
NIK-->NONCANONICAL NF-KB SIGNALING%REACTOME DATABASE ID RELEASE 93%5676590	NIK-->NONCANONICAL NF-KB SIGNALING%REACTOME DATABASE ID RELEASE 93%5676590		46	0.488272	1.4877042	0.02195946	0.3108157	1.0	1921	tags=30%, list=17%, signal=37%	
PLATELET ACTIVATION%GOBP%GO:0030168	PLATELET ACTIVATION%GOBP%GO:0030168		50	0.47639036	1.4865412	0.019386107	0.31266108	1.0	1911	tags=38%, list=17%, signal=46%	
G-CSF%IOB%G-CSF	G-CSF%IOB%G-CSF		28	0.543077	1.4864589	0.032702237	0.31180602	1.0	2587	tags=50%, list=24%, signal=65%	
REGULATION OF NEURON APOPTOTIC PROCESS%GOBP%GO:0043523	REGULATION OF NEURON APOPTOTIC PROCESS%GOBP%GO:0043523		76	0.43961844	1.4858869	0.015360983	0.312203	1.0	1718	tags=29%, list=16%, signal=34%	
AUTOPHAGOSOME ASSEMBLY%GOBP%GO:0000045	AUTOPHAGOSOME ASSEMBLY%GOBP%GO:0000045		58	0.4584353	1.4844948	0.016286645	0.31478232	1.0	1676	tags=26%, list=15%, signal=30%	
INTRACELLULAR STEROL TRANSPORT%GOBP%GO:0032366	INTRACELLULAR STEROL TRANSPORT%GOBP%GO:0032366		21	0.5681545	1.4843578	0.051194537	0.3141152	1.0	1327	tags=33%, list=12%, signal=38%	
22Q11 2 COPY NUMBER VARIATION SYNDROME%WIKIPATHWAYS_20250810%WP4657%HOMO SAPIENS	22Q11 2 COPY NUMBER VARIATION SYNDROME%WIKIPATHWAYS_20250810%WP4657%HOMO SAPIENS		48	0.47957873	1.4843539	0.023489933	0.3130989	1.0	3132	tags=38%, list=29%, signal=52%	
MACROPHAGE ACTIVATION%GOBP%GO:0042116	MACROPHAGE ACTIVATION%GOBP%GO:0042116		25	0.5466494	1.4824544	0.039182283	0.31701538	1.0	1420	tags=40%, list=13%, signal=46%	
DETOXIFICATION OF REACTIVE OXYGEN SPECIES%REACTOME%R-HSA-3299685.7	DETOXIFICATION OF REACTIVE OXYGEN SPECIES%REACTOME%R-HSA-3299685.7		24	0.557822	1.4823769	0.039049234	0.3161385	1.0	1051	tags=29%, list=10%, signal=32%	
REGULATION OF CYTOKINE PRODUCTION INVOLVED IN IMMUNE RESPONSE%GOBP%GO:0002718	REGULATION OF CYTOKINE PRODUCTION INVOLVED IN IMMUNE RESPONSE%GOBP%GO:0002718		50	0.4660871	1.4809289	0.025684932	0.31903583	1.0	981	tags=22%, list=9%, signal=24%	
PROGRAMMED CELL DEATH%REACTOME%R-HSA-5357801.4	PROGRAMMED CELL DEATH%REACTOME%R-HSA-5357801.4		163	0.39483723	1.4805601	0.005805515	0.31893554	1.0	1857	tags=29%, list=17%, signal=34%	
RESPONSE TO NUTRIENT%GOBP%GO:0007584	RESPONSE TO NUTRIENT%GOBP%GO:0007584		25	0.5424758	1.4803274	0.038800705	0.3185988	1.0	2287	tags=48%, list=21%, signal=60%	
OXIDATIVE DAMAGE RESPONSE%WIKIPATHWAYS_20250810%WP3941%HOMO SAPIENS	OXIDATIVE DAMAGE RESPONSE%WIKIPATHWAYS_20250810%WP3941%HOMO SAPIENS		26	0.53522116	1.4789064	0.05237316	0.32127744	1.0	3479	tags=54%, list=32%, signal=79%	
REGULATION OF APC C ACTIVATORS BETWEEN G1 S AND EARLY ANAPHASE%REACTOME DATABASE ID RELEASE 93%176408	REGULATION OF APC C ACTIVATORS BETWEEN G1 S AND EARLY ANAPHASE%REACTOME DATABASE ID RELEASE 93%176408		67	0.45012954	1.478653	0.014586709	0.32096738	1.0	2787	tags=37%, list=25%, signal=50%	
NEGATIVE REGULATION OF NOTCH4 SIGNALING%REACTOME DATABASE ID RELEASE 93%9604323	NEGATIVE REGULATION OF NOTCH4 SIGNALING%REACTOME DATABASE ID RELEASE 93%9604323		42	0.48516443	1.4781648	0.02152318	0.32114336	1.0	2787	tags=38%, list=25%, signal=51%	
GLUCONEOGENESIS%PATHWHIZ%PW088242	GLUCONEOGENESIS%PATHWHIZ%PW088242		15	0.6155933	1.478011	0.04194631	0.32056448	1.0	2016	tags=40%, list=18%, signal=49%	
DECTIN-1 MEDIATED NONCANONICAL NF-KB SIGNALING%REACTOME DATABASE ID RELEASE 93%5607761	DECTIN-1 MEDIATED NONCANONICAL NF-KB SIGNALING%REACTOME DATABASE ID RELEASE 93%5607761		47	0.47695804	1.4773595	0.02881356	0.3212688	1.0	1921	tags=30%, list=17%, signal=36%	
APC C:CDH1 MEDIATED DEGRADATION OF CDC20 AND OTHER APC C:CDH1 TARGETED PROTEINS IN LATE MITOSIS EARLY G1%REACTOME DATABASE ID RELEASE 93%174178	APC C:CDH1 MEDIATED DEGRADATION OF CDC20 AND OTHER APC C:CDH1 TARGETED PROTEINS IN LATE MITOSIS EARLY G1%REACTOME DATABASE ID RELEASE 93%174178		61	0.45355892	1.4773266	0.02446982	0.32032067	1.0	2787	tags=38%, list=25%, signal=50%	
LYMPHOCYTE MIGRATION%GOBP%GO:0072676	LYMPHOCYTE MIGRATION%GOBP%GO:0072676		21	0.5649157	1.4771034	0.03760684	0.3198873	1.0	1705	tags=52%, list=16%, signal=62%	
P38 SIGNALING MEDIATED BY MAPKAP KINASES%PATHWAY INTERACTION DATABASE NCI-NATURE CURATED DATA%P38 SIGNALING MEDIATED BY MAPKAP KINASES	P38 SIGNALING MEDIATED BY MAPKAP KINASES%PATHWAY INTERACTION DATABASE NCI-NATURE CURATED DATA%P38 SIGNALING MEDIATED BY MAPKAP KINASES		18	0.5822939	1.4770381	0.054635763	0.31908303	1.0	677	tags=22%, list=6%, signal=24%	
CELLULAR RESPONSE TO DSRNA%GOBP%GO:0071359	CELLULAR RESPONSE TO DSRNA%GOBP%GO:0071359		15	0.6098813	1.4768442	0.053113554	0.31851986	1.0	837	tags=27%, list=8%, signal=29%	
P75 NTR RECEPTOR-MEDIATED SIGNALLING%REACTOME DATABASE ID RELEASE 93%193704	P75 NTR RECEPTOR-MEDIATED SIGNALLING%REACTOME DATABASE ID RELEASE 93%193704		75	0.4388331	1.4752647	0.009836066	0.32161248	1.0	1654	tags=27%, list=15%, signal=31%	
MEMBRANE BIOGENESIS%GOBP%GO:0044091	MEMBRANE BIOGENESIS%GOBP%GO:0044091		38	0.49198404	1.4741427	0.034246575	0.32360578	1.0	3085	tags=39%, list=28%, signal=55%	
RESPONSE TO TUMOR CELL%GOBP%GO:0002347	RESPONSE TO TUMOR CELL%GOBP%GO:0002347		17	0.5803705	1.4727962	0.04347826	0.3262114	1.0	758	tags=29%, list=7%, signal=32%	
REGULATION OF LYMPHOCYTE MEDIATED IMMUNITY%GOBP%GO:0002706	REGULATION OF LYMPHOCYTE MEDIATED IMMUNITY%GOBP%GO:0002706		89	0.423941	1.4718059	0.014492754	0.3280092	1.0	2377	tags=33%, list=22%, signal=41%	
REGULATION OF PROTEIN EXPORT FROM NUCLEUS%GOBP%GO:0046825	REGULATION OF PROTEIN EXPORT FROM NUCLEUS%GOBP%GO:0046825		24	0.54029393	1.4708412	0.041597337	0.32963175	1.0	1836	tags=38%, list=17%, signal=45%	
SISTER CHROMATID SEGREGATION%GOBP%GO:0000819	SISTER CHROMATID SEGREGATION%GOBP%GO:0000819		122	0.4024225	1.4704303	0.010903426	0.32965845	1.0	2575	tags=34%, list=23%, signal=43%	
ENDOLYSOSOMAL TOLL-LIKE RECEPTOR SIGNALING PATHWAY%GOBP%GO:0140894	ENDOLYSOSOMAL TOLL-LIKE RECEPTOR SIGNALING PATHWAY%GOBP%GO:0140894		16	0.6022468	1.4704139	0.056198347	0.3287036	1.0	2342	tags=44%, list=21%, signal=56%	
TOLL-LIKE RECEPTOR CASCADES%REACTOME DATABASE ID RELEASE 93%168898	TOLL-LIKE RECEPTOR CASCADES%REACTOME DATABASE ID RELEASE 93%168898		141	0.40057084	1.4691498	0.0045941807	0.33114144	1.0	2727	tags=35%, list=25%, signal=47%	
AUTOPHAGOSOME ORGANIZATION%GOBP%GO:1905037	AUTOPHAGOSOME ORGANIZATION%GOBP%GO:1905037		62	0.45453247	1.469059	0.028391168	0.33037385	1.0	1676	tags=26%, list=15%, signal=30%	
ALPHA-SYNUCLEIN SIGNALING%PATHWAY INTERACTION DATABASE NCI-NATURE CURATED DATA%ALPHA-SYNUCLEIN SIGNALING	ALPHA-SYNUCLEIN SIGNALING%PATHWAY INTERACTION DATABASE NCI-NATURE CURATED DATA%ALPHA-SYNUCLEIN SIGNALING		22	0.55071664	1.4690374	0.04712042	0.3294253	1.0	1494	tags=50%, list=14%, signal=58%	
IMMUNE RESPONSE-REGULATING CELL SURFACE RECEPTOR SIGNALING PATHWAY INVOLVED IN PHAGOCYTOSIS%GOBP%GO:0002433	IMMUNE RESPONSE-REGULATING CELL SURFACE RECEPTOR SIGNALING PATHWAY INVOLVED IN PHAGOCYTOSIS%GOBP%GO:0002433		19	0.56732243	1.4673947	0.055462185	0.33286554	1.0	1403	tags=37%, list=13%, signal=42%	
REGULATION OF VIRAL LIFE CYCLE%GOBP%GO:1903900	REGULATION OF VIRAL LIFE CYCLE%GOBP%GO:1903900		80	0.4364523	1.4659629	0.022151899	0.33566764	1.0	2606	tags=39%, list=24%, signal=50%	
MRNA CIS SPLICING, VIA SPLICEOSOME%GOBP%GO:0045292	MRNA CIS SPLICING, VIA SPLICEOSOME%GOBP%GO:0045292		19	0.57660437	1.4659265	0.04116638	0.33475098	1.0	933	tags=21%, list=8%, signal=23%	
CELLULAR RESPONSE TO CHEMICAL STRESS%REACTOME%R-HSA-9711123.5	CELLULAR RESPONSE TO CHEMICAL STRESS%REACTOME%R-HSA-9711123.5		161	0.389652	1.4658701	0.004491018	0.33390218	1.0	2209	tags=25%, list=20%, signal=31%	
REGULATION OF INTERFERON-BETA PRODUCTION%GOBP%GO:0032648	REGULATION OF INTERFERON-BETA PRODUCTION%GOBP%GO:0032648		47	0.4758191	1.465823	0.036020584	0.3330555	1.0	2109	tags=34%, list=19%, signal=42%	
POSITIVE REGULATION OF INTERLEUKIN-12 PRODUCTION%GOBP%GO:0032735	POSITIVE REGULATION OF INTERLEUKIN-12 PRODUCTION%GOBP%GO:0032735		22	0.5480577	1.465807	0.04770017	0.3320963	1.0	1613	tags=41%, list=15%, signal=48%	
INTRACELLULAR RECEPTOR SIGNALING PATHWAY%GOBP%GO:0030522	INTRACELLULAR RECEPTOR SIGNALING PATHWAY%GOBP%GO:0030522		113	0.41315848	1.4653938	0.010802469	0.33219868	1.0	2654	tags=38%, list=24%, signal=50%	
REGULATION OF RELEASE OF SEQUESTERED CALCIUM ION INTO CYTOSOL%GOBP%GO:0051279	REGULATION OF RELEASE OF SEQUESTERED CALCIUM ION INTO CYTOSOL%GOBP%GO:0051279		25	0.5361711	1.4653367	0.0636833	0.331345	1.0	1539	tags=32%, list=14%, signal=37%	
REGULATION OF MONOATOMIC CATION TRANSMEMBRANE TRANSPORT%GOBP%GO:1904062	REGULATION OF MONOATOMIC CATION TRANSMEMBRANE TRANSPORT%GOBP%GO:1904062		95	0.42088503	1.4650139	0.018518519	0.33120924	1.0	1794	tags=26%, list=16%, signal=31%	
PID_ATR_PATHWAY%MSIGDB_C2%PID_ATR_PATHWAY	PID_ATR_PATHWAY%MSIGDB_C2%PID_ATR_PATHWAY		30	0.5158277	1.4648627	0.046551723	0.33071104	1.0	3496	tags=47%, list=32%, signal=68%	
PID_FOXO_PATHWAY%MSIGDB_C2%PID_FOXO_PATHWAY	PID_FOXO_PATHWAY%MSIGDB_C2%PID_FOXO_PATHWAY		35	0.49986383	1.4644758	0.038869258	0.33076793	1.0	2912	tags=37%, list=27%, signal=50%	
REGULATION OF ENDOPLASMIC RETICULUM UNFOLDED PROTEIN RESPONSE%GOBP%GO:1900101	REGULATION OF ENDOPLASMIC RETICULUM UNFOLDED PROTEIN RESPONSE%GOBP%GO:1900101		28	0.5256549	1.4642752	0.038590603	0.33039847	1.0	3382	tags=64%, list=31%, signal=93%	
RIBONUCLEOSIDE DIPHOSPHATE METABOLIC PROCESS%GOBP%GO:0009185	RIBONUCLEOSIDE DIPHOSPHATE METABOLIC PROCESS%GOBP%GO:0009185		39	0.49997905	1.4636933	0.0395189	0.33093882	1.0	1947	tags=41%, list=18%, signal=50%	
REGULATION OF PROTEIN LOCALIZATION TO PLASMA MEMBRANE%GOBP%GO:1903076	REGULATION OF PROTEIN LOCALIZATION TO PLASMA MEMBRANE%GOBP%GO:1903076		69	0.44049698	1.4636049	0.025236594	0.33018526	1.0	2478	tags=33%, list=23%, signal=43%	
MITOTIC METAPHASE AND ANAPHASE%REACTOME DATABASE ID RELEASE 93%2555396	MITOTIC METAPHASE AND ANAPHASE%REACTOME DATABASE ID RELEASE 93%2555396		197	0.38113737	1.4633845	0.0014925373	0.32979947	1.0	2787	tags=31%, list=25%, signal=41%	
POSITIVE REGULATION OF VIRAL PROCESS%GOBP%GO:0048524	POSITIVE REGULATION OF VIRAL PROCESS%GOBP%GO:0048524		49	0.46804726	1.4630804	0.022653721	0.32972503	1.0	2546	tags=35%, list=23%, signal=45%	
RESPIRATORY SYNCYTIAL VIRUS (RSV) GENOME REPLICATION, TRANSCRIPTION AND TRANSLATION%REACTOME%R-HSA-9820965.1	RESPIRATORY SYNCYTIAL VIRUS (RSV) GENOME REPLICATION, TRANSCRIPTION AND TRANSLATION%REACTOME%R-HSA-9820965.1		16	0.5922265	1.4629699	0.057291668	0.32907417	1.0	1777	tags=31%, list=16%, signal=37%	
TOLL LIKE RECEPTOR 7 8 (TLR7 8) CASCADE%REACTOME DATABASE ID RELEASE 93%168181	TOLL LIKE RECEPTOR 7 8 (TLR7 8) CASCADE%REACTOME DATABASE ID RELEASE 93%168181		93	0.42168465	1.4628012	0.016516516	0.3286413	1.0	1921	tags=24%, list=17%, signal=28%	
O-LINKED GLYCOSYLATION OF MUCINS%REACTOME%R-HSA-913709.5	O-LINKED GLYCOSYLATION OF MUCINS%REACTOME%R-HSA-913709.5		27	0.5308473	1.4624631	0.049069375	0.3286213	1.0	2105	tags=41%, list=19%, signal=50%	
DNA DAMAGE RESPONSE, SIGNAL TRANSDUCTION BY P53 CLASS MEDIATOR%GOBP%GO:0030330	DNA DAMAGE RESPONSE, SIGNAL TRANSDUCTION BY P53 CLASS MEDIATOR%GOBP%GO:0030330		32	0.50822186	1.4624273	0.027027028	0.32779402	1.0	2508	tags=34%, list=23%, signal=44%	
MODULATION OF PROCESS OF ANOTHER ORGANISM%GOBP%GO:0035821	MODULATION OF PROCESS OF ANOTHER ORGANISM%GOBP%GO:0035821		69	0.43858522	1.4612536	0.015	0.3301267	1.0	1199	tags=22%, list=11%, signal=24%	
AMINO ACID TRANSPORT%GOBP%GO:0006865	AMINO ACID TRANSPORT%GOBP%GO:0006865		53	0.46217513	1.460481	0.033762056	0.3311931	1.0	1972	tags=40%, list=18%, signal=48%	
POSITIVE REGULATION OF T CELL ACTIVATION%GOBP%GO:0050870	POSITIVE REGULATION OF T CELL ACTIVATION%GOBP%GO:0050870		147	0.3904827	1.4600405	0.003058104	0.33144227	1.0	1691	tags=28%, list=15%, signal=33%	
SCF(SKP2)-MEDIATED DEGRADATION OF P27 P21%REACTOME%R-HSA-187577.5	SCF(SKP2)-MEDIATED DEGRADATION OF P27 P21%REACTOME%R-HSA-187577.5		47	0.46754596	1.4596945	0.03770492	0.33133107	1.0	2861	tags=40%, list=26%, signal=54%	
AURORA A SIGNALING%PATHWAY INTERACTION DATABASE NCI-NATURE CURATED DATA%AURORA A SIGNALING	AURORA A SIGNALING%PATHWAY INTERACTION DATABASE NCI-NATURE CURATED DATA%AURORA A SIGNALING		29	0.52374846	1.459075	0.05451448	0.33204147	1.0	1865	tags=34%, list=17%, signal=41%	
REGULATION OF LEUKOCYTE MEDIATED IMMUNITY%GOBP%GO:0002703	REGULATION OF LEUKOCYTE MEDIATED IMMUNITY%GOBP%GO:0002703		121	0.40467536	1.4567302	0.011111111	0.3374453	1.0	2377	tags=33%, list=22%, signal=42%	
INTERLEUKIN-7 SIGNALING%REACTOME DATABASE ID RELEASE 93%1266695	INTERLEUKIN-7 SIGNALING%REACTOME DATABASE ID RELEASE 93%1266695		18	0.58129865	1.4567294	0.048013244	0.3365083	1.0	1058	tags=33%, list=10%, signal=37%	
NEGATIVE REGULATION OF CHROMOSOME ORGANIZATION%GOBP%GO:2001251	NEGATIVE REGULATION OF CHROMOSOME ORGANIZATION%GOBP%GO:2001251		64	0.4418362	1.45669	0.019354839	0.33567476	1.0	3816	tags=48%, list=35%, signal=74%	
CANCER IMMUNOTHERAPY BY PD 1 BLOCKADE%WIKIPATHWAYS_20250810%WP4585%HOMO SAPIENS	CANCER IMMUNOTHERAPY BY PD 1 BLOCKADE%WIKIPATHWAYS_20250810%WP4585%HOMO SAPIENS		15	0.60583526	1.456164	0.065989845	0.3361335	1.0	420	tags=27%, list=4%, signal=28%	
REGULATION OF ACTIVATED T CELL PROLIFERATION%GOBP%GO:0046006	REGULATION OF ACTIVATED T CELL PROLIFERATION%GOBP%GO:0046006		20	0.56663805	1.4557745	0.049069375	0.3361458	1.0	1613	tags=45%, list=15%, signal=53%	
NEGATIVE REGULATION OF TYPE I INTERFERON PRODUCTION%GOBP%GO:0032480	NEGATIVE REGULATION OF TYPE I INTERFERON PRODUCTION%GOBP%GO:0032480		39	0.4873004	1.4554913	0.0455312	0.33603972	1.0	2341	tags=36%, list=21%, signal=45%	
REGULATION OF RECEPTOR RECYCLING%GOBP%GO:0001919	REGULATION OF RECEPTOR RECYCLING%GOBP%GO:0001919		15	0.60058403	1.4545494	0.036649216	0.33765972	1.0	2069	tags=47%, list=19%, signal=57%	
CXCR4-MEDIATED SIGNALING EVENTS%PATHWAY INTERACTION DATABASE NCI-NATURE CURATED DATA%CXCR4-MEDIATED SIGNALING EVENTS	CXCR4-MEDIATED SIGNALING EVENTS%PATHWAY INTERACTION DATABASE NCI-NATURE CURATED DATA%CXCR4-MEDIATED SIGNALING EVENTS		73	0.43398362	1.4541547	0.024311183	0.337734	1.0	2767	tags=37%, list=25%, signal=49%	
TP53 REGULATES TRANSCRIPTION OF CELL DEATH GENES%REACTOME%R-HSA-5633008.4	TP53 REGULATES TRANSCRIPTION OF CELL DEATH GENES%REACTOME%R-HSA-5633008.4		32	0.5015124	1.4535396	0.03927987	0.33838546	1.0	1578	tags=34%, list=14%, signal=40%	
MYD88 DEPENDENT CASCADE INITIATED ON ENDOSOME%REACTOME DATABASE ID RELEASE 93%975155	MYD88 DEPENDENT CASCADE INITIATED ON ENDOSOME%REACTOME DATABASE ID RELEASE 93%975155		90	0.41382214	1.4534829	0.01969697	0.33761054	1.0	2580	tags=30%, list=23%, signal=39%	
PYROPTOTIC INFLAMMATORY RESPONSE%GOBP%GO:0070269	PYROPTOTIC INFLAMMATORY RESPONSE%GOBP%GO:0070269		22	0.5449743	1.4532684	0.038590603	0.33719322	1.0	1825	tags=36%, list=17%, signal=44%	
HH MUTANTS ABROGATE LIGAND SECRETION%REACTOME DATABASE ID RELEASE 93%5387390	HH MUTANTS ABROGATE LIGAND SECRETION%REACTOME DATABASE ID RELEASE 93%5387390		42	0.4786892	1.4531007	0.05076142	0.3367186	1.0	2856	tags=38%, list=26%, signal=51%	
IL2 SIGNALING%WIKIPATHWAYS_20250810%WP49%HOMO SAPIENS	IL2 SIGNALING%WIKIPATHWAYS_20250810%WP49%HOMO SAPIENS		30	0.512983	1.4528179	0.044905007	0.33656484	1.0	2587	tags=43%, list=24%, signal=57%	
HH MUTANTS ARE DEGRADED BY ERAD%REACTOME DATABASE ID RELEASE 93%5362768	HH MUTANTS ARE DEGRADED BY ERAD%REACTOME DATABASE ID RELEASE 93%5362768		42	0.4786892	1.4525312	0.040783033	0.33641815	1.0	2856	tags=38%, list=26%, signal=51%	
ACETAMINOPHEN METABOLISM PATHWAY%PATHWHIZ%PW000616	ACETAMINOPHEN METABOLISM PATHWAY%PATHWHIZ%PW000616		16	0.58561045	1.4520638	0.06996587	0.33660048	1.0	1466	tags=50%, list=13%, signal=58%	
NEGATIVE REGULATION OF NEURON APOPTOTIC PROCESS%GOBP%GO:0043524	NEGATIVE REGULATION OF NEURON APOPTOTIC PROCESS%GOBP%GO:0043524		40	0.47865894	1.4513714	0.026272578	0.33752018	1.0	1587	tags=35%, list=14%, signal=41%	
GANGLIOSIDE METABOLIC PROCESS%GOBP%GO:0001573	GANGLIOSIDE METABOLIC PROCESS%GOBP%GO:0001573		16	0.57753515	1.4510648	0.059964728	0.33751354	1.0	442	tags=19%, list=4%, signal=20%	
HALLMARK_G2M_CHECKPOINT%MSIGDBHALLMARK%HALLMARK_G2M_CHECKPOINT	HALLMARK_G2M_CHECKPOINT%MSIGDBHALLMARK%HALLMARK_G2M_CHECKPOINT		138	0.39389205	1.4507022	0.017991005	0.3375609	1.0	2595	tags=36%, list=24%, signal=46%	
G1 S DNA DAMAGE CHECKPOINTS%REACTOME DATABASE ID RELEASE 93%69615	G1 S DNA DAMAGE CHECKPOINTS%REACTOME DATABASE ID RELEASE 93%69615		57	0.45318854	1.4504608	0.03814262	0.33735728	1.0	2787	tags=39%, list=25%, signal=51%	
CELLULAR RESPONSE TO UNFOLDED PROTEIN%GOBP%GO:0034620	CELLULAR RESPONSE TO UNFOLDED PROTEIN%GOBP%GO:0034620		57	0.45922363	1.4500942	0.027642276	0.3374845	1.0	2444	tags=39%, list=22%, signal=49%	
REGULATION OF RUNX2 EXPRESSION AND ACTIVITY%REACTOME%R-HSA-8939902.4	REGULATION OF RUNX2 EXPRESSION AND ACTIVITY%REACTOME%R-HSA-8939902.4		51	0.4624691	1.4498968	0.023333333	0.33707178	1.0	1790	tags=27%, list=16%, signal=33%	
REGULATION OF MONONUCLEAR CELL MIGRATION%GOBP%GO:0071675	REGULATION OF MONONUCLEAR CELL MIGRATION%GOBP%GO:0071675		67	0.43884867	1.4491765	0.02488336	0.3380563	1.0	1705	tags=33%, list=16%, signal=39%	
REGULATION OF CALCIUM ION TRANSMEMBRANE TRANSPORT%GOBP%GO:1903169	REGULATION OF CALCIUM ION TRANSMEMBRANE TRANSPORT%GOBP%GO:1903169		52	0.45864472	1.4490991	0.021207178	0.33738175	1.0	1583	tags=25%, list=14%, signal=29%	
POSITIVE REGULATION OF LEUKOCYTE CELL-CELL ADHESION%GOBP%GO:1903039	POSITIVE REGULATION OF LEUKOCYTE CELL-CELL ADHESION%GOBP%GO:1903039		162	0.38547277	1.4478412	0.004622496	0.33977643	1.0	2279	tags=33%, list=21%, signal=41%	
TOLL LIKE RECEPTOR 9 (TLR9) CASCADE%REACTOME DATABASE ID RELEASE 93%168138	TOLL LIKE RECEPTOR 9 (TLR9) CASCADE%REACTOME DATABASE ID RELEASE 93%168138		97	0.41307122	1.4464985	0.018003274	0.3425577	1.0	1921	tags=23%, list=17%, signal=27%	
IMMUNOGLOBULIN MEDIATED IMMUNE RESPONSE%GOBP%GO:0016064	IMMUNOGLOBULIN MEDIATED IMMUNE RESPONSE%GOBP%GO:0016064		37	0.49151173	1.4464324	0.041050903	0.3418356	1.0	769	tags=30%, list=7%, signal=32%	
JOUBERT SYNDROME%SMPDB%SMP0000582	JOUBERT SYNDROME%SMPDB%SMP0000582		20	0.5619489	1.4459407	0.053667262	0.34231353	1.0	1815	tags=35%, list=17%, signal=42%	
TP53 REGULATES TRANSCRIPTION OF GENES INVOLVED IN G2 CELL CYCLE ARREST%REACTOME%R-HSA-6804114.3	TP53 REGULATES TRANSCRIPTION OF GENES INVOLVED IN G2 CELL CYCLE ARREST%REACTOME%R-HSA-6804114.3		17	0.580368	1.4459386	0.04779412	0.34142724	1.0	1975	tags=53%, list=18%, signal=64%	
CDK-MEDIATED PHOSPHORYLATION AND REMOVAL OF CDC6%REACTOME%R-HSA-69017.4	CDK-MEDIATED PHOSPHORYLATION AND REMOVAL OF CDC6%REACTOME%R-HSA-69017.4		59	0.45252028	1.4452431	0.023584906	0.3423859	1.0	2787	tags=39%, list=25%, signal=52%	
PHOTODYNAMIC THERAPY INDUCED UNFOLDED PROTEIN RESPONSE%WIKIPATHWAYS_20250810%WP3613%HOMO SAPIENS	PHOTODYNAMIC THERAPY INDUCED UNFOLDED PROTEIN RESPONSE%WIKIPATHWAYS_20250810%WP3613%HOMO SAPIENS		17	0.5657912	1.4452262	0.05782313	0.34153238	1.0	1558	tags=35%, list=14%, signal=41%	
MAINTENANCE OF PROTEIN LOCATION IN CELL%GOBP%GO:0032507	MAINTENANCE OF PROTEIN LOCATION IN CELL%GOBP%GO:0032507		41	0.47933978	1.4437457	0.037398376	0.34453383	1.0	1408	tags=29%, list=13%, signal=33%	
POSITIVE REGULATION OF B CELL PROLIFERATION%GOBP%GO:0030890	POSITIVE REGULATION OF B CELL PROLIFERATION%GOBP%GO:0030890		18	0.5629001	1.443603	0.06491228	0.34403947	1.0	382	tags=22%, list=3%, signal=23%	
FC-GAMMA RECEPTOR SIGNALING PATHWAY INVOLVED IN PHAGOCYTOSIS%GOBP%GO:0038096	FC-GAMMA RECEPTOR SIGNALING PATHWAY INVOLVED IN PHAGOCYTOSIS%GOBP%GO:0038096		19	0.56732243	1.443587	0.05872757	0.34318557	1.0	1403	tags=37%, list=13%, signal=42%	
T CELL COSTIMULATION%GOBP%GO:0031295	T CELL COSTIMULATION%GOBP%GO:0031295		24	0.52961797	1.4435394	0.052910052	0.34241757	1.0	1887	tags=46%, list=17%, signal=55%	
REGULATION OF T CELL MEDIATED IMMUNITY%GOBP%GO:0002709	REGULATION OF T CELL MEDIATED IMMUNITY%GOBP%GO:0002709		55	0.4521119	1.4432958	0.0237691	0.34214523	1.0	2226	tags=35%, list=20%, signal=43%	
APC:CDC20 MEDIATED DEGRADATION OF CELL CYCLE PROTEINS PRIOR TO SATISFATION OF THE CELL CYCLE CHECKPOINT%REACTOME DATABASE ID RELEASE 93%179419	APC:CDC20 MEDIATED DEGRADATION OF CELL CYCLE PROTEINS PRIOR TO SATISFATION OF THE CELL CYCLE CHECKPOINT%REACTOME DATABASE ID RELEASE 93%179419		60	0.443813	1.4431247	0.033980582	0.34169465	1.0	2787	tags=35%, list=25%, signal=47%	
NEUROINFLAMMATION AND GLUTAMATERGIC SIGNALING%WIKIPATHWAYS_20250810%WP5083%HOMO SAPIENS	NEUROINFLAMMATION AND GLUTAMATERGIC SIGNALING%WIKIPATHWAYS_20250810%WP5083%HOMO SAPIENS		63	0.446515	1.443	0.029173419	0.34121048	1.0	2882	tags=46%, list=26%, signal=62%	
DEFECTIVE CFTR CAUSES CYSTIC FIBROSIS%REACTOME DATABASE ID RELEASE 93%5678895	DEFECTIVE CFTR CAUSES CYSTIC FIBROSIS%REACTOME DATABASE ID RELEASE 93%5678895		47	0.4723351	1.4428433	0.028436018	0.34074318	1.0	1931	tags=28%, list=18%, signal=33%	
RIBONUCLEOSIDE DIPHOSPHATE CATABOLIC PROCESS%GOBP%GO:0009191	RIBONUCLEOSIDE DIPHOSPHATE CATABOLIC PROCESS%GOBP%GO:0009191		29	0.51234496	1.4415959	0.06644518	0.34307593	1.0	1947	tags=45%, list=18%, signal=54%	
MAINTENANCE OF LOCATION IN CELL%GOBP%GO:0051651	MAINTENANCE OF LOCATION IN CELL%GOBP%GO:0051651		53	0.4555466	1.4413658	0.037162162	0.34281927	1.0	1466	tags=32%, list=13%, signal=37%	
TRANSCRIPTIONAL REGULATION BY RUNX2%REACTOME%R-HSA-8878166.4	TRANSCRIPTIONAL REGULATION BY RUNX2%REACTOME%R-HSA-8878166.4		78	0.42919683	1.441132	0.015455951	0.34257793	1.0	1809	tags=31%, list=16%, signal=37%	
DEGRADATION OF BETA-CATENIN BY THE DESTRUCTION COMPLEX%REACTOME%R-HSA-195253.4	DEGRADATION OF BETA-CATENIN BY THE DESTRUCTION COMPLEX%REACTOME%R-HSA-195253.4		68	0.43619025	1.440634	0.021001615	0.3431077	1.0	1921	tags=26%, list=17%, signal=32%	
FOXO-MEDIATED TRANSCRIPTION%REACTOME%R-HSA-9614085.3	FOXO-MEDIATED TRANSCRIPTION%REACTOME%R-HSA-9614085.3		48	0.4667774	1.4404755	0.041876048	0.3426856	1.0	2912	tags=42%, list=27%, signal=56%	
PROTEIN EXIT FROM ENDOPLASMIC RETICULUM%GOBP%GO:0032527	PROTEIN EXIT FROM ENDOPLASMIC RETICULUM%GOBP%GO:0032527		23	0.5375623	1.4403337	0.07070707	0.34221366	1.0	3182	tags=61%, list=29%, signal=86%	
MITOTIC SPINDLE ASSEMBLY CHECKPOINT SIGNALING%GOBP%GO:0007094	MITOTIC SPINDLE ASSEMBLY CHECKPOINT SIGNALING%GOBP%GO:0007094		26	0.5240914	1.4401225	0.06324787	0.34187827	1.0	2168	tags=35%, list=20%, signal=43%	
SPINDLE ASSEMBLY CHECKPOINT SIGNALING%GOBP%GO:0071173	SPINDLE ASSEMBLY CHECKPOINT SIGNALING%GOBP%GO:0071173		26	0.5240914	1.4393201	0.06521739	0.34324747	1.0	2168	tags=35%, list=20%, signal=43%	
SARS-COV-2 ACTIVATES MODULATES INNATE AND ADAPTIVE IMMUNE RESPONSES%REACTOME%R-HSA-9705671.3	SARS-COV-2 ACTIVATES MODULATES INNATE AND ADAPTIVE IMMUNE RESPONSES%REACTOME%R-HSA-9705671.3		91	0.41553006	1.4388354	0.017515924	0.34363303	1.0	2607	tags=31%, list=24%, signal=40%	
NEGATIVE REGULATION OF LYMPHOCYTE MEDIATED IMMUNITY%GOBP%GO:0002707	NEGATIVE REGULATION OF LYMPHOCYTE MEDIATED IMMUNITY%GOBP%GO:0002707		26	0.5159274	1.43821	0.051693406	0.34438935	1.0	1008	tags=23%, list=9%, signal=25%	
POSITIVE REGULATION OF CYTOKINE PRODUCTION INVOLVED IN IMMUNE RESPONSE%GOBP%GO:0002720	POSITIVE REGULATION OF CYTOKINE PRODUCTION INVOLVED IN IMMUNE RESPONSE%GOBP%GO:0002720		37	0.48839957	1.4379113	0.040064104	0.3443695	1.0	981	tags=24%, list=9%, signal=27%	
CDC20:PHOSPHO-APC C MEDIATED DEGRADATION OF CYCLIN A%REACTOME DATABASE ID RELEASE 93%174184	CDC20:PHOSPHO-APC C MEDIATED DEGRADATION OF CYCLIN A%REACTOME DATABASE ID RELEASE 93%174184		59	0.44386196	1.4377869	0.027597403	0.34386167	1.0	2787	tags=36%, list=25%, signal=47%	
EFFECTS OF MFN2 MUTATION%WIKIPATHWAYS_20250810%WP5443%HOMO SAPIENS	EFFECTS OF MFN2 MUTATION%WIKIPATHWAYS_20250810%WP5443%HOMO SAPIENS		17	0.56802815	1.4375855	0.06326889	0.3435371	1.0	2499	tags=53%, list=23%, signal=68%	
MITOTIC SPINDLE CHECKPOINT SIGNALING%GOBP%GO:0071174	MITOTIC SPINDLE CHECKPOINT SIGNALING%GOBP%GO:0071174		26	0.5240914	1.4374236	0.041811846	0.3431338	1.0	2168	tags=35%, list=20%, signal=43%	
ROLE OF CALCINEURIN-DEPENDENT NFAT SIGNALING IN LYMPHOCYTES%PATHWAY INTERACTION DATABASE NCI-NATURE CURATED DATA%ROLE OF CALCINEURIN-DEPENDENT NFAT SIGNALING IN LYMPHOCYTES	ROLE OF CALCINEURIN-DEPENDENT NFAT SIGNALING IN LYMPHOCYTES%PATHWAY INTERACTION DATABASE NCI-NATURE CURATED DATA%ROLE OF CALCINEURIN-DEPENDENT NFAT SIGNALING IN LYMPHOCYTES		46	0.46749222	1.4370244	0.046744574	0.34327504	1.0	2769	tags=46%, list=25%, signal=61%	
RESOLUTION OF ABASIC SITES (AP SITES)%REACTOME DATABASE ID RELEASE 93%73933	RESOLUTION OF ABASIC SITES (AP SITES)%REACTOME DATABASE ID RELEASE 93%73933		35	0.49630848	1.4351947	0.030821918	0.3473577	1.0	2823	tags=34%, list=26%, signal=46%	
B CELL MEDIATED IMMUNITY%GOBP%GO:0019724	B CELL MEDIATED IMMUNITY%GOBP%GO:0019724		38	0.48605883	1.4350504	0.034941763	0.34685412	1.0	769	tags=29%, list=7%, signal=31%	
POSITIVE REGULATION OF INTERFERON-BETA PRODUCTION%GOBP%GO:0032728	POSITIVE REGULATION OF INTERFERON-BETA PRODUCTION%GOBP%GO:0032728		35	0.49109134	1.4345573	0.0397351	0.3473096	1.0	1990	tags=34%, list=18%, signal=42%	
REGULATION OF PEPTIDYL-SERINE PHOSPHORYLATION%GOBP%GO:0033135	REGULATION OF PEPTIDYL-SERINE PHOSPHORYLATION%GOBP%GO:0033135		21	0.5450899	1.4342031	0.066884175	0.34742337	1.0	616	tags=19%, list=6%, signal=20%	
MITOTIC ANAPHASE%REACTOME%R-HSA-68882.5	MITOTIC ANAPHASE%REACTOME%R-HSA-68882.5		196	0.3789853	1.4341887	0.0062695923	0.34661022	1.0	2787	tags=31%, list=25%, signal=41%	
POSITIVE REGULATION OF CHROMOSOME SEPARATION%GOBP%GO:1905820	POSITIVE REGULATION OF CHROMOSOME SEPARATION%GOBP%GO:1905820		28	0.50369483	1.4331104	0.043252595	0.34856442	1.0	3601	tags=61%, list=33%, signal=90%	
HALLMARK_P53_PATHWAY%MSIGDBHALLMARK%HALLMARK_P53_PATHWAY	HALLMARK_P53_PATHWAY%MSIGDBHALLMARK%HALLMARK_P53_PATHWAY		136	0.39151135	1.4327087	0.004518072	0.34880275	1.0	1809	tags=27%, list=16%, signal=32%	
REGULATION OF CELLULAR PH%GOBP%GO:0030641	REGULATION OF CELLULAR PH%GOBP%GO:0030641		62	0.437227	1.4321635	0.029220778	0.3494645	1.0	1233	tags=21%, list=11%, signal=23%	
MEMBRANE ASSEMBLY%GOBP%GO:0071709	MEMBRANE ASSEMBLY%GOBP%GO:0071709		36	0.4858386	1.4310317	0.042662118	0.3517884	1.0	3085	tags=39%, list=28%, signal=54%	
INFLAMMASOMES%REACTOME DATABASE ID RELEASE 93%622312	INFLAMMASOMES%REACTOME DATABASE ID RELEASE 93%622312		18	0.55539536	1.4308325	0.060606062	0.3514299	1.0	2553	tags=39%, list=23%, signal=51%	
SEPARATION OF SISTER CHROMATIDS%REACTOME%R-HSA-2467813.4	SEPARATION OF SISTER CHROMATIDS%REACTOME%R-HSA-2467813.4		151	0.38676524	1.4307994	0.0060698027	0.35067338	1.0	2787	tags=31%, list=25%, signal=41%	
GLUTAMINOLYSIS AND CANCER%SMPDB%SMP0002298	GLUTAMINOLYSIS AND CANCER%SMPDB%SMP0002298		31	0.5027473	1.4307929	0.055363324	0.34985548	1.0	3591	tags=55%, list=33%, signal=81%	
BLOOD COAGULATION%GOBP%GO:0007596	BLOOD COAGULATION%GOBP%GO:0007596		74	0.42669663	1.4307134	0.029900333	0.34925464	1.0	1620	tags=34%, list=15%, signal=39%	
VALIDATED TRANSCRIPTIONAL TARGETS OF TAP63 ISOFORMS%PATHWAY INTERACTION DATABASE NCI-NATURE CURATED DATA%VALIDATED TRANSCRIPTIONAL TARGETS OF TAP63 ISOFORMS	VALIDATED TRANSCRIPTIONAL TARGETS OF TAP63 ISOFORMS%PATHWAY INTERACTION DATABASE NCI-NATURE CURATED DATA%VALIDATED TRANSCRIPTIONAL TARGETS OF TAP63 ISOFORMS		38	0.4792304	1.4305007	0.050933786	0.349049	1.0	2033	tags=37%, list=19%, signal=45%	
UBIQUITIN-MEDIATED DEGRADATION OF PHOSPHORYLATED CDC25A%REACTOME DATABASE ID RELEASE 93%69601	UBIQUITIN-MEDIATED DEGRADATION OF PHOSPHORYLATED CDC25A%REACTOME DATABASE ID RELEASE 93%69601		44	0.46861276	1.4303559	0.04890388	0.34863427	1.0	2787	tags=39%, list=25%, signal=52%	
DEATH RECEPTOR SIGNALING%REACTOME DATABASE ID RELEASE 93%73887	DEATH RECEPTOR SIGNALING%REACTOME DATABASE ID RELEASE 93%73887		122	0.39715138	1.4299177	0.0125	0.3490003	1.0	1654	tags=23%, list=15%, signal=27%	
TRANSPORT ACROSS BLOOD-BRAIN BARRIER%GOBP%GO:0150104	TRANSPORT ACROSS BLOOD-BRAIN BARRIER%GOBP%GO:0150104		53	0.44693097	1.4297155	0.04397394	0.34872982	1.0	1103	tags=25%, list=10%, signal=27%	
AUF1 (HNRNP D0) BINDS AND DESTABILIZES MRNA%REACTOME%R-HSA-450408.5	AUF1 (HNRNP D0) BINDS AND DESTABILIZES MRNA%REACTOME%R-HSA-450408.5		40	0.47512382	1.4296399	0.04647436	0.34807202	1.0	2787	tags=38%, list=25%, signal=50%	
NEGATIVE REGULATION OF PROTEIN TRANSPORT%GOBP%GO:0051224	NEGATIVE REGULATION OF PROTEIN TRANSPORT%GOBP%GO:0051224		51	0.45519084	1.429358	0.036220472	0.34795094	1.0	1389	tags=29%, list=13%, signal=34%	
NEGATIVE REGULATION OF RESPONSE TO ENDOPLASMIC RETICULUM STRESS%GOBP%GO:1903573	NEGATIVE REGULATION OF RESPONSE TO ENDOPLASMIC RETICULUM STRESS%GOBP%GO:1903573		39	0.48520306	1.4285289	0.042276423	0.3493428	1.0	1963	tags=36%, list=18%, signal=44%	
PHOSPHATIDYLINOSITOL PHOSPHATE METABOLISM%SMPDB%SMP0000463	PHOSPHATIDYLINOSITOL PHOSPHATE METABOLISM%SMPDB%SMP0000463		20	0.5619489	1.4284447	0.05319149	0.3487444	1.0	1815	tags=35%, list=17%, signal=42%	
DISRUPTION OF ANATOMICAL STRUCTURE IN ANOTHER ORGANISM%GOBP%GO:0141060	DISRUPTION OF ANATOMICAL STRUCTURE IN ANOTHER ORGANISM%GOBP%GO:0141060		20	0.5479097	1.4279959	0.067474045	0.3490971	1.0	2201	tags=45%, list=20%, signal=56%	
P53-INDEPENDENT G1 S DNA DAMAGE CHECKPOINT%REACTOME DATABASE ID RELEASE 93%69613	P53-INDEPENDENT G1 S DNA DAMAGE CHECKPOINT%REACTOME DATABASE ID RELEASE 93%69613		44	0.46861276	1.4276593	0.045161292	0.34915137	1.0	2787	tags=39%, list=25%, signal=52%	
PURINE RIBONUCLEOSIDE DIPHOSPHATE METABOLIC PROCESS%GOBP%GO:0009179	PURINE RIBONUCLEOSIDE DIPHOSPHATE METABOLIC PROCESS%GOBP%GO:0009179		29	0.5021978	1.4275115	0.04255319	0.34873715	1.0	1947	tags=45%, list=18%, signal=54%	
POSITIVE REGULATION OF MITOTIC CELL CYCLE PHASE TRANSITION%GOBP%GO:1901992	POSITIVE REGULATION OF MITOTIC CELL CYCLE PHASE TRANSITION%GOBP%GO:1901992		61	0.43952325	1.4265312	0.03858521	0.35051313	1.0	3191	tags=52%, list=29%, signal=74%	
REGULATION OF TYPE I INTERFERON-MEDIATED SIGNALING PATHWAY%GOBP%GO:0060338	REGULATION OF TYPE I INTERFERON-MEDIATED SIGNALING PATHWAY%GOBP%GO:0060338		31	0.5026769	1.4258285	0.06397306	0.35143715	1.0	1537	tags=29%, list=14%, signal=34%	
REGULATION OF CELL JUNCTION ASSEMBLY%GOBP%GO:1901888	REGULATION OF CELL JUNCTION ASSEMBLY%GOBP%GO:1901888		97	0.40874273	1.4256724	0.0121951215	0.3510895	1.0	2290	tags=33%, list=21%, signal=41%	
ADAPTIVE IMMUNE RESPONSE BASED ON SOMATIC RECOMBINATION OF IMMUNE RECEPTORS BUILT FROM IMMUNOGLOBULIN SUPERFAMILY DOMAINS%GOBP%GO:0002460	ADAPTIVE IMMUNE RESPONSE BASED ON SOMATIC RECOMBINATION OF IMMUNE RECEPTORS BUILT FROM IMMUNOGLOBULIN SUPERFAMILY DOMAINS%GOBP%GO:0002460		73	0.4273845	1.4253213	0.04566929	0.351212	1.0	2058	tags=37%, list=19%, signal=45%	
PROTEIN K11-LINKED UBIQUITINATION%GOBP%GO:0070979	PROTEIN K11-LINKED UBIQUITINATION%GOBP%GO:0070979		35	0.4930354	1.4244412	0.058925476	0.35278732	1.0	2755	tags=40%, list=25%, signal=53%	
TOLL-LIKE RECEPTOR 4 SIGNALING PATHWAY%GOBP%GO:0034142	TOLL-LIKE RECEPTOR 4 SIGNALING PATHWAY%GOBP%GO:0034142		21	0.54084605	1.4242452	0.07745267	0.35249397	1.0	974	tags=24%, list=9%, signal=26%	
ANTIGEN PROCESSING AND PRESENTATION OF PEPTIDE OR POLYSACCHARIDE ANTIGEN VIA MHC CLASS II%GOBP%GO:0002504	ANTIGEN PROCESSING AND PRESENTATION OF PEPTIDE OR POLYSACCHARIDE ANTIGEN VIA MHC CLASS II%GOBP%GO:0002504		23	0.54234946	1.4239323	0.06081081	0.35243204	1.0	2222	tags=43%, list=20%, signal=54%	
PID_RAC1_PATHWAY%MSIGDB_C2%PID_RAC1_PATHWAY	PID_RAC1_PATHWAY%MSIGDB_C2%PID_RAC1_PATHWAY		41	0.46775305	1.4239204	0.04809287	0.35165974	1.0	1051	tags=22%, list=10%, signal=24%	
REGULATION OF PH%GOBP%GO:0006885	REGULATION OF PH%GOBP%GO:0006885		63	0.43333358	1.4230819	0.030944625	0.35312304	1.0	1233	tags=21%, list=11%, signal=23%	
AMYLOID PRECURSOR PROTEIN METABOLIC PROCESS%GOBP%GO:0042982	AMYLOID PRECURSOR PROTEIN METABOLIC PROCESS%GOBP%GO:0042982		16	0.56952274	1.4210958	0.08013356	0.35761535	1.0	1210	tags=25%, list=11%, signal=28%	
5HT2 TYPE RECEPTOR MEDIATED SIGNALING PATHWAY%PANTHER PATHWAY%P04374	5HT2 TYPE RECEPTOR MEDIATED SIGNALING PATHWAY%PANTHER PATHWAY%P04374		25	0.5228685	1.4208171	0.05872757	0.35757673	1.0	1517	tags=36%, list=14%, signal=42%	
DEGRADATION OF AXIN%REACTOME%R-HSA-4641257.3	DEGRADATION OF AXIN%REACTOME%R-HSA-4641257.3		41	0.4737806	1.420729	0.050434783	0.3569852	1.0	1790	tags=27%, list=16%, signal=32%	
TRANS-GOLGI NETWORK VESICLE BUDDING%REACTOME DATABASE ID RELEASE 93%199992	TRANS-GOLGI NETWORK VESICLE BUDDING%REACTOME DATABASE ID RELEASE 93%199992		63	0.43801326	1.4206795	0.03733766	0.3563323	1.0	2329	tags=35%, list=21%, signal=44%	
SIGNALING BY ALK FUSIONS AND ACTIVATED POINT MUTANTS%REACTOME DATABASE ID RELEASE 93%9725370	SIGNALING BY ALK FUSIONS AND ACTIVATED POINT MUTANTS%REACTOME DATABASE ID RELEASE 93%9725370		80	0.4107001	1.4202352	0.034755133	0.35667285	1.0	2254	tags=34%, list=21%, signal=42%	
REGULATION OF EXTRINSIC APOPTOTIC SIGNALING PATHWAY%GOBP%GO:2001236	REGULATION OF EXTRINSIC APOPTOTIC SIGNALING PATHWAY%GOBP%GO:2001236		74	0.42537546	1.419189	0.027113238	0.35857305	1.0	1440	tags=24%, list=13%, signal=28%	
THROMBOXANE A2 RECEPTOR SIGNALING%PATHWAY INTERACTION DATABASE NCI-NATURE CURATED DATA%THROMBOXANE A2 RECEPTOR SIGNALING	THROMBOXANE A2 RECEPTOR SIGNALING%PATHWAY INTERACTION DATABASE NCI-NATURE CURATED DATA%THROMBOXANE A2 RECEPTOR SIGNALING		43	0.46545672	1.4189496	0.05123967	0.35839894	1.0	1668	tags=37%, list=15%, signal=44%	
LYMPHOCYTE ACTIVATION INVOLVED IN IMMUNE RESPONSE%GOBP%GO:0002285	LYMPHOCYTE ACTIVATION INVOLVED IN IMMUNE RESPONSE%GOBP%GO:0002285		66	0.43866912	1.4185269	0.02138158	0.3586222	1.0	1606	tags=33%, list=15%, signal=39%	
ACTIN FILAMENT BUNDLE ASSEMBLY%GOBP%GO:0051017	ACTIN FILAMENT BUNDLE ASSEMBLY%GOBP%GO:0051017		37	0.47955465	1.41837	0.04715447	0.35822895	1.0	2261	tags=43%, list=21%, signal=54%	
DEVELOPMENTAL CELL GROWTH%GOBP%GO:0048588	DEVELOPMENTAL CELL GROWTH%GOBP%GO:0048588		30	0.5015815	1.4183162	0.06612903	0.35757387	1.0	2249	tags=33%, list=20%, signal=42%	
CHLORIDE TRANSMEMBRANE TRANSPORT%GOBP%GO:1902476	CHLORIDE TRANSMEMBRANE TRANSPORT%GOBP%GO:1902476		22	0.5311551	1.418145	0.071794875	0.35718435	1.0	1040	tags=32%, list=9%, signal=35%	
VASCULAR TRANSPORT%GOBP%GO:0010232	VASCULAR TRANSPORT%GOBP%GO:0010232		53	0.44693097	1.4180598	0.03583062	0.3565735	1.0	1103	tags=25%, list=10%, signal=27%	
UBIQUITIN-DEPENDENT DEGRADATION OF CYCLIN D%REACTOME DATABASE ID RELEASE 93%75815	UBIQUITIN-DEPENDENT DEGRADATION OF CYCLIN D%REACTOME DATABASE ID RELEASE 93%75815		38	0.47157112	1.417961	0.06482982	0.35604566	1.0	2861	tags=39%, list=26%, signal=53%	
P53-DEPENDENT G1 DNA DAMAGE RESPONSE%REACTOME%R-HSA-69563.6	P53-DEPENDENT G1 DNA DAMAGE RESPONSE%REACTOME%R-HSA-69563.6		50	0.45130324	1.4172773	0.045602605	0.35705683	1.0	1797	tags=28%, list=16%, signal=33%	
MITOPHAGY%GOBP%GO:0000423	MITOPHAGY%GOBP%GO:0000423		41	0.4728148	1.4172673	0.032	0.35631585	1.0	2598	tags=39%, list=24%, signal=51%	
CELL DEATH SIGNALLING VIA NRAGE, NRIF AND NADE%REACTOME DATABASE ID RELEASE 93%204998	CELL DEATH SIGNALLING VIA NRAGE, NRIF AND NADE%REACTOME DATABASE ID RELEASE 93%204998		57	0.4504906	1.4171767	0.02446982	0.35576302	1.0	1654	tags=28%, list=15%, signal=33%	
NEGATIVE REGULATION OF MITOTIC SISTER CHROMATID SEPARATION%GOBP%GO:2000816	NEGATIVE REGULATION OF MITOTIC SISTER CHROMATID SEPARATION%GOBP%GO:2000816		27	0.50548476	1.416974	0.07597173	0.35548508	1.0	3601	tags=52%, list=33%, signal=77%	
REGULATION OF INTRACELLULAR STEROID HORMONE RECEPTOR SIGNALING PATHWAY%GOBP%GO:0033143	REGULATION OF INTRACELLULAR STEROID HORMONE RECEPTOR SIGNALING PATHWAY%GOBP%GO:0033143		52	0.44484246	1.4162664	0.030063292	0.3565062	1.0	2562	tags=35%, list=23%, signal=45%	
REGULATION OF MONONUCLEAR CELL PROLIFERATION%GOBP%GO:0032944	REGULATION OF MONONUCLEAR CELL PROLIFERATION%GOBP%GO:0032944		100	0.40640032	1.4162021	0.0106870225	0.35591114	1.0	1454	tags=27%, list=13%, signal=31%	
HEDGEHOG 'ON' STATE%REACTOME%R-HSA-5632684.2	HEDGEHOG 'ON' STATE%REACTOME%R-HSA-5632684.2		59	0.43368044	1.4155251	0.028052805	0.35702047	1.0	2787	tags=37%, list=25%, signal=50%	
LYMPHOCYTE COSTIMULATION%GOBP%GO:0031294	LYMPHOCYTE COSTIMULATION%GOBP%GO:0031294		25	0.51348567	1.4147531	0.053781513	0.35827407	1.0	1887	tags=44%, list=17%, signal=53%	
HALLMARK_IL6_JAK_STAT3_SIGNALING%MSIGDBHALLMARK%HALLMARK_IL6_JAK_STAT3_SIGNALING	HALLMARK_IL6_JAK_STAT3_SIGNALING%MSIGDBHALLMARK%HALLMARK_IL6_JAK_STAT3_SIGNALING		55	0.4432998	1.4143305	0.02746365	0.35854486	1.0	2004	tags=40%, list=18%, signal=49%	
11P11 2 COPY NUMBER VARIATION SYNDROME %WIKIPATHWAYS_20250810%WP5348%HOMO SAPIENS	11P11 2 COPY NUMBER VARIATION SYNDROME %WIKIPATHWAYS_20250810%WP5348%HOMO SAPIENS		35	0.48138893	1.4140704	0.05989111	0.35839012	1.0	1199	tags=26%, list=11%, signal=29%	
RESPONSE TO TOPOLOGICALLY INCORRECT PROTEIN%GOBP%GO:0035966	RESPONSE TO TOPOLOGICALLY INCORRECT PROTEIN%GOBP%GO:0035966		88	0.40965855	1.4130772	0.03081664	0.36022362	1.0	2444	tags=35%, list=22%, signal=45%	
REGULATION OF LYMPHOCYTE DIFFERENTIATION%GOBP%GO:0045619	REGULATION OF LYMPHOCYTE DIFFERENTIATION%GOBP%GO:0045619		113	0.39353895	1.412858	0.022421524	0.36004224	1.0	2309	tags=36%, list=21%, signal=45%	
APC C:CDC20 MEDIATED DEGRADATION OF SECURIN%REACTOME DATABASE ID RELEASE 93%174154	APC C:CDC20 MEDIATED DEGRADATION OF SECURIN%REACTOME DATABASE ID RELEASE 93%174154		55	0.44092378	1.4125437	0.031152649	0.36009362	1.0	2787	tags=36%, list=25%, signal=48%	
SECONDARY ALCOHOL METABOLIC PROCESS%GOBP%GO:1902652	SECONDARY ALCOHOL METABOLIC PROCESS%GOBP%GO:1902652		52	0.44266406	1.4123805	0.031825796	0.35978702	1.0	2313	tags=29%, list=21%, signal=36%	
SIGNAL TRANSDUCTION BY P53 CLASS MEDIATOR%GOBP%GO:0072331	SIGNAL TRANSDUCTION BY P53 CLASS MEDIATOR%GOBP%GO:0072331		57	0.4369268	1.4117916	0.039473683	0.3605394	1.0	2549	tags=35%, list=23%, signal=45%	
NEGATIVE REGULATION OF ADAPTIVE IMMUNE RESPONSE%GOBP%GO:0002820	NEGATIVE REGULATION OF ADAPTIVE IMMUNE RESPONSE%GOBP%GO:0002820		26	0.5153656	1.411773	0.055160142	0.3598408	1.0	1178	tags=23%, list=11%, signal=26%	
G2 M TRANSITION%REACTOME DATABASE ID RELEASE 93%69275	G2 M TRANSITION%REACTOME DATABASE ID RELEASE 93%69275		162	0.37780288	1.411732	0.0076804915	0.35918006	1.0	2787	tags=33%, list=25%, signal=44%	
COAGULATION%GOBP%GO:0050817	COAGULATION%GOBP%GO:0050817		74	0.42669663	1.4116634	0.030844156	0.35858706	1.0	1620	tags=34%, list=15%, signal=39%	
REGULATION OF INTRACELLULAR TRANSPORT%GOBP%GO:0032386	REGULATION OF INTRACELLULAR TRANSPORT%GOBP%GO:0032386		179	0.37483507	1.4114157	0.0028818443	0.35849953	1.0	1910	tags=23%, list=17%, signal=27%	
CHLORIDE TRANSPORT%GOBP%GO:0006821	CHLORIDE TRANSPORT%GOBP%GO:0006821		33	0.48687413	1.4112409	0.05970149	0.35818818	1.0	2459	tags=42%, list=22%, signal=54%	
MITOCHONDRIAL TRANSPORT%GOBP%GO:0006839	MITOCHONDRIAL TRANSPORT%GOBP%GO:0006839		55	0.43455318	1.4110473	0.05324459	0.35783708	1.0	2385	tags=33%, list=22%, signal=42%	
SIGNAL RELEASE%GOBP%GO:0023061	SIGNAL RELEASE%GOBP%GO:0023061		45	0.46763688	1.4103305	0.044217687	0.35910156	1.0	2098	tags=40%, list=19%, signal=49%	
NUCLEAR CHROMOSOME SEGREGATION%GOBP%GO:0098813	NUCLEAR CHROMOSOME SEGREGATION%GOBP%GO:0098813		152	0.3784204	1.4099629	0.0061068702	0.35939217	1.0	2575	tags=33%, list=23%, signal=42%	
REGULATION OF MONOATOMIC ION TRANSMEMBRANE TRANSPORT%GOBP%GO:0034765	REGULATION OF MONOATOMIC ION TRANSMEMBRANE TRANSPORT%GOBP%GO:0034765		101	0.399293	1.4098098	0.026356589	0.3590984	1.0	1794	tags=25%, list=16%, signal=29%	
AUTODEGRADATION OF CDH1 BY CDH1:APC C%REACTOME DATABASE ID RELEASE 93%174084	AUTODEGRADATION OF CDH1 BY CDH1:APC C%REACTOME DATABASE ID RELEASE 93%174084		54	0.44979033	1.409149	0.045826513	0.36013323	1.0	2787	tags=37%, list=25%, signal=49%	
AUTOPHAGY%REACTOME%R-HSA-9612973.4	AUTOPHAGY%REACTOME%R-HSA-9612973.4		119	0.3952673	1.4083316	0.012698413	0.3615034	1.0	1676	tags=26%, list=15%, signal=30%	
CYTOKINE-MEDIATED SIGNALING PATHWAY%GOBP%GO:0019221	CYTOKINE-MEDIATED SIGNALING PATHWAY%GOBP%GO:0019221		180	0.37319893	1.4066745	0.011976048	0.36507505	1.0	1453	tags=23%, list=13%, signal=26%	
REGULATION OF INTRACELLULAR PH%GOBP%GO:0051453	REGULATION OF INTRACELLULAR PH%GOBP%GO:0051453		61	0.44197184	1.4065272	0.03255814	0.36472586	1.0	1233	tags=21%, list=11%, signal=24%	
FBXL7 DOWN-REGULATES AURKA DURING MITOTIC ENTRY AND IN EARLY MITOSIS%REACTOME DATABASE ID RELEASE 93%8854050	FBXL7 DOWN-REGULATES AURKA DURING MITOTIC ENTRY AND IN EARLY MITOSIS%REACTOME DATABASE ID RELEASE 93%8854050		41	0.4672447	1.4063436	0.048739497	0.36446258	1.0	1790	tags=27%, list=16%, signal=32%	
MODULATION OF HOST RESPONSES BY IFN-STIMULATED GENES%REACTOME DATABASE ID RELEASE 93%9909505	MODULATION OF HOST RESPONSES BY IFN-STIMULATED GENES%REACTOME DATABASE ID RELEASE 93%9909505		17	0.56661147	1.406214	0.07204117	0.36404344	1.0	1537	tags=29%, list=14%, signal=34%	
NEGATIVE REGULATION OF APOPTOTIC SIGNALING PATHWAY%GOBP%GO:2001234	NEGATIVE REGULATION OF APOPTOTIC SIGNALING PATHWAY%GOBP%GO:2001234		115	0.39536133	1.4034678	0.012048192	0.37045768	1.0	1544	tags=24%, list=14%, signal=28%	
PID_AURORA_A_PATHWAY%MSIGDB_C2%PID_AURORA_A_PATHWAY	PID_AURORA_A_PATHWAY%MSIGDB_C2%PID_AURORA_A_PATHWAY		23	0.5266187	1.4034396	0.067993365	0.36977723	1.0	1865	tags=39%, list=17%, signal=47%	
N-GLYCAN TRIMMING IN THE ER AND CALNEXIN CALRETICULIN CYCLE%REACTOME DATABASE ID RELEASE 93%532668	N-GLYCAN TRIMMING IN THE ER AND CALNEXIN CALRETICULIN CYCLE%REACTOME DATABASE ID RELEASE 93%532668		35	0.48178333	1.4034001	0.040852576	0.36912036	1.0	799	tags=20%, list=7%, signal=22%	
POSITIVE REGULATION OF JNK CASCADE%GOBP%GO:0046330	POSITIVE REGULATION OF JNK CASCADE%GOBP%GO:0046330		53	0.44582132	1.4033812	0.046434496	0.36840767	1.0	1420	tags=28%, list=13%, signal=32%	
NEGATIVE REGULATION OF EXTRINSIC APOPTOTIC SIGNALING PATHWAY VIA DEATH DOMAIN RECEPTORS%GOBP%GO:1902042	NEGATIVE REGULATION OF EXTRINSIC APOPTOTIC SIGNALING PATHWAY VIA DEATH DOMAIN RECEPTORS%GOBP%GO:1902042		16	0.56829464	1.4032155	0.08576642	0.3680564	1.0	1440	tags=38%, list=13%, signal=43%	
REGULATION OF LEUKOCYTE APOPTOTIC PROCESS%GOBP%GO:2000106	REGULATION OF LEUKOCYTE APOPTOTIC PROCESS%GOBP%GO:2000106		34	0.48533553	1.4031099	0.062711865	0.36759466	1.0	1556	tags=32%, list=14%, signal=38%	
P53-DEPENDENT G1 S DNA DAMAGE CHECKPOINT%REACTOME DATABASE ID RELEASE 93%69580	P53-DEPENDENT G1 S DNA DAMAGE CHECKPOINT%REACTOME DATABASE ID RELEASE 93%69580		50	0.45130324	1.402926	0.037037037	0.36735666	1.0	1797	tags=28%, list=16%, signal=33%	
ADP METABOLIC PROCESS%GOBP%GO:0046031	ADP METABOLIC PROCESS%GOBP%GO:0046031		27	0.5041131	1.4029121	0.07438017	0.36663982	1.0	1947	tags=44%, list=18%, signal=54%	
POSITIVE REGULATION OF T CELL MIGRATION%GOBP%GO:2000406	POSITIVE REGULATION OF T CELL MIGRATION%GOBP%GO:2000406		18	0.5574211	1.4014053	0.066433564	0.37011862	1.0	1210	tags=28%, list=11%, signal=31%	
REGULATION OF CHROMOSOME SEPARATION%GOBP%GO:1905818	REGULATION OF CHROMOSOME SEPARATION%GOBP%GO:1905818		66	0.42682794	1.4010342	0.04032258	0.3704224	1.0	2425	tags=36%, list=22%, signal=46%	
PROTEIN FOLDING%REACTOME DATABASE ID RELEASE 93%391251	PROTEIN FOLDING%REACTOME DATABASE ID RELEASE 93%391251		67	0.42356408	1.4007614	0.038961038	0.37037718	1.0	1444	tags=22%, list=13%, signal=26%	
HOST-MEDIATED PERTURBATION OF SYMBIONT PROCESS%GOBP%GO:0051851	HOST-MEDIATED PERTURBATION OF SYMBIONT PROCESS%GOBP%GO:0051851		66	0.42515576	1.40055	0.048361935	0.37020048	1.0	2086	tags=27%, list=19%, signal=33%	
PARKINSON DISEASE%PANTHER PATHWAY%P00049	PARKINSON DISEASE%PANTHER PATHWAY%P00049		35	0.48313192	1.4001588	0.052542374	0.370465	1.0	1025	tags=17%, list=9%, signal=19%	
BIOCARTA_G2_PATHWAY%MSIGDB_C2%BIOCARTA_G2_PATHWAY	BIOCARTA_G2_PATHWAY%MSIGDB_C2%BIOCARTA_G2_PATHWAY		18	0.553045	1.3999275	0.072164945	0.37040672	1.0	1797	tags=39%, list=16%, signal=46%	
SENSORY PROCESSING OF SOUND BY OUTER HAIR CELLS OF THE COCHLEA%REACTOME%R-HSA-9662361.2	SENSORY PROCESSING OF SOUND BY OUTER HAIR CELLS OF THE COCHLEA%REACTOME%R-HSA-9662361.2		22	0.5166724	1.3995913	0.069565214	0.3705164	1.0	2131	tags=41%, list=19%, signal=51%	
NEGATIVE REGULATION OF SISTER CHROMATID SEGREGATION%GOBP%GO:0033046	NEGATIVE REGULATION OF SISTER CHROMATID SEGREGATION%GOBP%GO:0033046		27	0.50548476	1.3995062	0.06382979	0.37003034	1.0	3601	tags=52%, list=33%, signal=77%	
SIGNAL RELEASE FROM SYNAPSE%GOBP%GO:0099643	SIGNAL RELEASE FROM SYNAPSE%GOBP%GO:0099643		27	0.4979396	1.3994186	0.08431703	0.3695333	1.0	2098	tags=37%, list=19%, signal=46%	
INTRINSIC PATHWAY FOR APOPTOSIS%REACTOME DATABASE ID RELEASE 93%109606	INTRINSIC PATHWAY FOR APOPTOSIS%REACTOME DATABASE ID RELEASE 93%109606		47	0.453209	1.3992816	0.047694754	0.36915404	1.0	1825	tags=28%, list=17%, signal=33%	
CLASS I PI3K SIGNALING EVENTS MEDIATED BY AKT%PATHWAY INTERACTION DATABASE NCI-NATURE CURATED DATA%CLASS I PI3K SIGNALING EVENTS MEDIATED BY AKT	CLASS I PI3K SIGNALING EVENTS MEDIATED BY AKT%PATHWAY INTERACTION DATABASE NCI-NATURE CURATED DATA%CLASS I PI3K SIGNALING EVENTS MEDIATED BY AKT		34	0.48368308	1.398249	0.05472637	0.37117696	1.0	2620	tags=38%, list=24%, signal=50%	
POSITIVE REGULATION OF MITOTIC CELL CYCLE%GOBP%GO:0045931	POSITIVE REGULATION OF MITOTIC CELL CYCLE%GOBP%GO:0045931		77	0.4133834	1.3973637	0.030959751	0.37293667	1.0	3083	tags=47%, list=28%, signal=65%	
EPHA2 FORWARD SIGNALING%PATHWAY INTERACTION DATABASE NCI-NATURE CURATED DATA%EPHA2 FORWARD SIGNALING	EPHA2 FORWARD SIGNALING%PATHWAY INTERACTION DATABASE NCI-NATURE CURATED DATA%EPHA2 FORWARD SIGNALING		17	0.55613166	1.396969	0.08488964	0.37323895	1.0	3554	tags=71%, list=32%, signal=104%	
MITOTIC SISTER CHROMATID SEGREGATION%GOBP%GO:0000070	MITOTIC SISTER CHROMATID SEGREGATION%GOBP%GO:0000070		118	0.38927943	1.3962958	0.016393442	0.37426323	1.0	2575	tags=32%, list=23%, signal=42%	
EFFECT OF PROGERIN ON GENES INVOLVED IN PROGERIA%WIKIPATHWAYS_20250810%WP4320%HOMO SAPIENS	EFFECT OF PROGERIN ON GENES INVOLVED IN PROGERIA%WIKIPATHWAYS_20250810%WP4320%HOMO SAPIENS		16	0.56019604	1.3961309	0.07925801	0.37398067	1.0	1199	tags=19%, list=11%, signal=21%	
FORMATION OF PARAXIAL MESODERM%REACTOME%R-HSA-9793380.5	FORMATION OF PARAXIAL MESODERM%REACTOME%R-HSA-9793380.5		48	0.4508702	1.3954029	0.042735044	0.37524086	1.0	2787	tags=38%, list=25%, signal=50%	
AUTODEGRADATION OF THE E3 UBIQUITIN LIGASE COP1%REACTOME%R-HSA-349425.4	AUTODEGRADATION OF THE E3 UBIQUITIN LIGASE COP1%REACTOME%R-HSA-349425.4		39	0.46378112	1.3953185	0.07475083	0.37474373	1.0	2787	tags=36%, list=25%, signal=48%	
HEMOSTASIS%GOBP%GO:0007599	HEMOSTASIS%GOBP%GO:0007599		78	0.413382	1.3947355	0.036006548	0.37556058	1.0	1620	tags=32%, list=15%, signal=37%	
MITOTIC NUCLEAR DIVISION%GOBP%GO:0140014	MITOTIC NUCLEAR DIVISION%GOBP%GO:0140014		135	0.3784958	1.3945651	0.022900764	0.37528774	1.0	3690	tags=45%, list=34%, signal=67%	
REGULATION OF ACTIVATED PAK-2P34 BY PROTEASOME MEDIATED DEGRADATION%REACTOME%R-HSA-211733.3	REGULATION OF ACTIVATED PAK-2P34 BY PROTEASOME MEDIATED DEGRADATION%REACTOME%R-HSA-211733.3		37	0.47698486	1.3940662	0.065404475	0.37584913	1.0	2787	tags=38%, list=25%, signal=51%	
ERAD PATHWAY%GOBP%GO:0036503	ERAD PATHWAY%GOBP%GO:0036503		80	0.40482497	1.3927441	0.038575668	0.37868077	1.0	2983	tags=39%, list=27%, signal=53%	
VIF-MEDIATED DEGRADATION OF APOBEC3G%REACTOME DATABASE ID RELEASE 93%180585	VIF-MEDIATED DEGRADATION OF APOBEC3G%REACTOME DATABASE ID RELEASE 93%180585		40	0.45987085	1.3926513	0.07809847	0.3782119	1.0	2787	tags=35%, list=25%, signal=47%	
CASPASE CASCADE IN APOPTOSIS%PATHWAY INTERACTION DATABASE NCI-NATURE CURATED DATA%CASPASE CASCADE IN APOPTOSIS	CASPASE CASCADE IN APOPTOSIS%PATHWAY INTERACTION DATABASE NCI-NATURE CURATED DATA%CASPASE CASCADE IN APOPTOSIS		49	0.45362967	1.3926206	0.041876048	0.3775526	1.0	2510	tags=33%, list=23%, signal=42%	
RESPONSE TO UNFOLDED PROTEIN%GOBP%GO:0006986	RESPONSE TO UNFOLDED PROTEIN%GOBP%GO:0006986		74	0.41289932	1.3926203	0.03767661	0.37682372	1.0	2444	tags=34%, list=22%, signal=43%	
MITOTIC G2-G2 M PHASES%REACTOME DATABASE ID RELEASE 93%453274	MITOTIC G2-G2 M PHASES%REACTOME DATABASE ID RELEASE 93%453274		164	0.3704048	1.3924931	0.016369049	0.37646872	1.0	2787	tags=33%, list=25%, signal=43%	
P53 PATHWAY%PANTHER PATHWAY%P00059	P53 PATHWAY%PANTHER PATHWAY%P00059		37	0.4691694	1.3924793	0.06946688	0.37577224	1.0	1797	tags=27%, list=16%, signal=32%	
POSITIVE REGULATION OF TYPE I INTERFERON PRODUCTION%GOBP%GO:0032481	POSITIVE REGULATION OF TYPE I INTERFERON PRODUCTION%GOBP%GO:0032481		63	0.43111435	1.3911291	0.040192924	0.37865633	1.0	2109	tags=33%, list=19%, signal=41%	
SIGNALING EVENTS MEDIATED BY HEPATOCYTE GROWTH FACTOR RECEPTOR (C-MET)%PATHWAY INTERACTION DATABASE NCI-NATURE CURATED DATA%SIGNALING EVENTS MEDIATED BY HEPATOCYTE GROWTH FACTOR RECEPTOR (C-MET)	SIGNALING EVENTS MEDIATED BY HEPATOCYTE GROWTH FACTOR RECEPTOR (C-MET)%PATHWAY INTERACTION DATABASE NCI-NATURE CURATED DATA%SIGNALING EVENTS MEDIATED BY HEPATOCYTE GROWTH FACTOR RECEPTOR (C-MET)		71	0.41799438	1.3898351	0.029801324	0.38157967	1.0	3023	tags=39%, list=28%, signal=54%	
REGULATION OF FIBROBLAST MIGRATION%GOBP%GO:0010762	REGULATION OF FIBROBLAST MIGRATION%GOBP%GO:0010762		18	0.5531762	1.3896533	0.09440559	0.38134083	1.0	2435	tags=39%, list=22%, signal=50%	
POSITIVE REGULATION OF LEUKOCYTE MIGRATION%GOBP%GO:0002687	POSITIVE REGULATION OF LEUKOCYTE MIGRATION%GOBP%GO:0002687		68	0.41938332	1.3891802	0.03955696	0.38190708	1.0	1705	tags=34%, list=16%, signal=40%	
REGULATION OF SODIUM ION TRANSMEMBRANE TRANSPORT%GOBP%GO:1902305	REGULATION OF SODIUM ION TRANSMEMBRANE TRANSPORT%GOBP%GO:1902305		17	0.5531335	1.3889848	0.08319467	0.38169315	1.0	1539	tags=35%, list=14%, signal=41%	
MONONUCLEAR CELL PROLIFERATION%GOBP%GO:0032943	MONONUCLEAR CELL PROLIFERATION%GOBP%GO:0032943		26	0.50191903	1.3886342	0.07213115	0.38194537	1.0	970	tags=23%, list=9%, signal=25%	
CD28 DEPENDENT PI3K AKT SIGNALING%REACTOME%R-HSA-389357.3	CD28 DEPENDENT PI3K AKT SIGNALING%REACTOME%R-HSA-389357.3		23	0.52452844	1.3881096	0.08998302	0.38268542	1.0	1668	tags=35%, list=15%, signal=41%	
NEGATIVE REGULATION OF DEFENSE RESPONSE%GOBP%GO:0031348	NEGATIVE REGULATION OF DEFENSE RESPONSE%GOBP%GO:0031348		154	0.37558714	1.3878139	0.010785825	0.3827531	1.0	1965	tags=30%, list=18%, signal=36%	
PURINE RIBONUCLEOSIDE DIPHOSPHATE CATABOLIC PROCESS%GOBP%GO:0009181	PURINE RIBONUCLEOSIDE DIPHOSPHATE CATABOLIC PROCESS%GOBP%GO:0009181		26	0.50165796	1.3875732	0.06878307	0.3827092	1.0	1088	tags=35%, list=10%, signal=38%	
NEGATIVE REGULATION OF PLASMA MEMBRANE BOUNDED CELL PROJECTION ASSEMBLY%GOBP%GO:0120033	NEGATIVE REGULATION OF PLASMA MEMBRANE BOUNDED CELL PROJECTION ASSEMBLY%GOBP%GO:0120033		30	0.48643675	1.3870229	0.072463766	0.38350275	1.0	2630	tags=50%, list=24%, signal=66%	
PHENYTOIN (ANTIARRHYTHMIC) ACTION PATHWAY%PATHWHIZ%PW000380	PHENYTOIN (ANTIARRHYTHMIC) ACTION PATHWAY%PATHWHIZ%PW000380		32	0.4793295	1.3868743	0.06570513	0.38314793	1.0	1466	tags=34%, list=13%, signal=40%	
INTRINSIC APOPTOTIC SIGNALING PATHWAY%GOBP%GO:0097193	INTRINSIC APOPTOTIC SIGNALING PATHWAY%GOBP%GO:0097193		106	0.392006	1.3867973	0.02488336	0.38263708	1.0	2781	tags=38%, list=25%, signal=50%	
SYNAPTIC VESICLE EXOCYTOSIS%GOBP%GO:0016079	SYNAPTIC VESICLE EXOCYTOSIS%GOBP%GO:0016079		21	0.52709216	1.3866667	0.09137056	0.38229543	1.0	2098	tags=43%, list=19%, signal=53%	
PYRIDINE-CONTAINING COMPOUND CATABOLIC PROCESS%GOBP%GO:0072526	PYRIDINE-CONTAINING COMPOUND CATABOLIC PROCESS%GOBP%GO:0072526		28	0.4981884	1.3865007	0.070689656	0.38203168	1.0	1088	tags=36%, list=10%, signal=40%	
HALLMARK_PI3K_AKT_MTOR_SIGNALING%MSIGDBHALLMARK%HALLMARK_PI3K_AKT_MTOR_SIGNALING	HALLMARK_PI3K_AKT_MTOR_SIGNALING%MSIGDBHALLMARK%HALLMARK_PI3K_AKT_MTOR_SIGNALING		70	0.4139979	1.3862642	0.038397327	0.3819479	1.0	2930	tags=36%, list=27%, signal=48%	
GLUCOSE METABOLISM%REACTOME DATABASE ID RELEASE 93%70326	GLUCOSE METABOLISM%REACTOME DATABASE ID RELEASE 93%70326		61	0.42175505	1.3862532	0.040816326	0.38125587	1.0	2213	tags=33%, list=20%, signal=41%	
NEGATIVE REGULATION OF MITOTIC METAPHASE/ANAPHASE TRANSITION%GOBP%GO:0045841	NEGATIVE REGULATION OF MITOTIC METAPHASE/ANAPHASE TRANSITION%GOBP%GO:0045841		27	0.50548476	1.3856659	0.06291391	0.38216802	1.0	3601	tags=52%, list=33%, signal=77%	
REGULATION OF INTERLEUKIN-2 PRODUCTION%GOBP%GO:0032663	REGULATION OF INTERLEUKIN-2 PRODUCTION%GOBP%GO:0032663		36	0.47122076	1.3854961	0.071192056	0.38191813	1.0	1178	tags=28%, list=11%, signal=31%	
LYMPHOCYTE PROLIFERATION%GOBP%GO:0046651	LYMPHOCYTE PROLIFERATION%GOBP%GO:0046651		26	0.50191903	1.385054	0.06806283	0.38240522	1.0	970	tags=23%, list=9%, signal=25%	
TRANSCRIPTION ELONGATION BY RNA POLYMERASE II%GOBP%GO:0006368	TRANSCRIPTION ELONGATION BY RNA POLYMERASE II%GOBP%GO:0006368		33	0.48053178	1.3850315	0.067961164	0.38176638	1.0	3075	tags=33%, list=28%, signal=46%	
REGULATION OF PROTEASOMAL PROTEIN CATABOLIC PROCESS%GOBP%GO:0061136	REGULATION OF PROTEASOMAL PROTEIN CATABOLIC PROCESS%GOBP%GO:0061136		141	0.37760928	1.3849472	0.018126888	0.38129455	1.0	2221	tags=23%, list=20%, signal=29%	
TRANSLATION OF STRUCTURAL PROTEINS%REACTOME DATABASE ID RELEASE 93%9694635	TRANSLATION OF STRUCTURAL PROTEINS%REACTOME DATABASE ID RELEASE 93%9694635		54	0.43665513	1.3845432	0.060995184	0.38165423	1.0	2478	tags=39%, list=23%, signal=50%	
REGULATION OF LEUKOCYTE PROLIFERATION%GOBP%GO:0070663	REGULATION OF LEUKOCYTE PROLIFERATION%GOBP%GO:0070663		112	0.38774812	1.3843911	0.03764321	0.38133082	1.0	1454	tags=24%, list=13%, signal=28%	
REGULATION OF ACTIN FILAMENT POLYMERIZATION%GOBP%GO:0030833	REGULATION OF ACTIN FILAMENT POLYMERIZATION%GOBP%GO:0030833		65	0.4207184	1.3825448	0.051863857	0.3855655	1.0	1891	tags=29%, list=17%, signal=35%	
ACTIVATION OF KAINATE RECEPTORS UPON GLUTAMATE BINDING%REACTOME DATABASE ID RELEASE 93%451326	ACTIVATION OF KAINATE RECEPTORS UPON GLUTAMATE BINDING%REACTOME DATABASE ID RELEASE 93%451326		17	0.54267436	1.3816969	0.09705373	0.38706535	1.0	1416	tags=35%, list=13%, signal=40%	
IMPORT ACROSS PLASMA MEMBRANE%GOBP%GO:0098739	IMPORT ACROSS PLASMA MEMBRANE%GOBP%GO:0098739		66	0.42129743	1.3815259	0.060702875	0.38681462	1.0	2007	tags=39%, list=18%, signal=48%	
REGULATION OF ALPHA-BETA T CELL ACTIVATION%GOBP%GO:0046634	REGULATION OF ALPHA-BETA T CELL ACTIVATION%GOBP%GO:0046634		61	0.41988668	1.3812983	0.031096563	0.38669172	1.0	1613	tags=25%, list=15%, signal=29%	
EPHA FORWARD SIGNALING%PATHWAY INTERACTION DATABASE NCI-NATURE CURATED DATA%EPHA FORWARD SIGNALING	EPHA FORWARD SIGNALING%PATHWAY INTERACTION DATABASE NCI-NATURE CURATED DATA%EPHA FORWARD SIGNALING		19	0.53935045	1.3809521	0.10186757	0.3869763	1.0	1718	tags=37%, list=16%, signal=44%	
NEUROTRANSMITTER SECRETION%GOBP%GO:0007269	NEUROTRANSMITTER SECRETION%GOBP%GO:0007269		27	0.4979396	1.380629	0.085	0.38706148	1.0	2098	tags=37%, list=19%, signal=46%	
PANCREATIC ADENOCARCINOMA PATHWAY%WIKIPATHWAYS_20250810%WP4263%HOMO SAPIENS	PANCREATIC ADENOCARCINOMA PATHWAY%WIKIPATHWAYS_20250810%WP4263%HOMO SAPIENS		54	0.43110254	1.3800627	0.04200323	0.38793218	1.0	2587	tags=33%, list=24%, signal=43%	
ANTI-INFLAMMATORY RESPONSE FAVOURING LEISHMANIA PARASITE INFECTION%REACTOME%R-HSA-9662851.3	ANTI-INFLAMMATORY RESPONSE FAVOURING LEISHMANIA PARASITE INFECTION%REACTOME%R-HSA-9662851.3		52	0.4353889	1.3792562	0.05263158	0.38943315	1.0	1749	tags=35%, list=16%, signal=41%	
POSITIVE REGULATION OF PROTEIN LOCALIZATION TO CELL PERIPHERY%GOBP%GO:1904377	POSITIVE REGULATION OF PROTEIN LOCALIZATION TO CELL PERIPHERY%GOBP%GO:1904377		44	0.45678037	1.3791137	0.06414474	0.389162	1.0	2478	tags=32%, list=23%, signal=41%	
INHIBITION OF EXOSOME BIOGENESIS AND SECRETION BY MANUMYCIN A IN CRPC CELLS%WIKIPATHWAYS_20250810%WP4301%HOMO SAPIENS	INHIBITION OF EXOSOME BIOGENESIS AND SECRETION BY MANUMYCIN A IN CRPC CELLS%WIKIPATHWAYS_20250810%WP4301%HOMO SAPIENS		16	0.5634563	1.3780965	0.111692846	0.39118174	1.0	3503	tags=31%, list=32%, signal=46%	
THROMBIN SIGNALLING THROUGH PROTEINASE ACTIVATED RECEPTORS (PARS)%REACTOME%R-HSA-456926.4	THROMBIN SIGNALLING THROUGH PROTEINASE ACTIVATED RECEPTORS (PARS)%REACTOME%R-HSA-456926.4		19	0.5435165	1.3776081	0.09966777	0.39180169	1.0	1620	tags=37%, list=15%, signal=43%	
ABC-FAMILY PROTEINS MEDIATED TRANSPORT%REACTOME DATABASE ID RELEASE 93%382556	ABC-FAMILY PROTEINS MEDIATED TRANSPORT%REACTOME DATABASE ID RELEASE 93%382556		70	0.4223938	1.3774369	0.037277147	0.3915427	1.0	973	tags=21%, list=9%, signal=23%	
PURINE NUCLEOSIDE DIPHOSPHATE CATABOLIC PROCESS%GOBP%GO:0009137	PURINE NUCLEOSIDE DIPHOSPHATE CATABOLIC PROCESS%GOBP%GO:0009137		26	0.50165796	1.3773233	0.072413795	0.39114988	1.0	1088	tags=35%, list=10%, signal=38%	
REGULATION OF VIRAL PROCESS%GOBP%GO:0050792	REGULATION OF VIRAL PROCESS%GOBP%GO:0050792		98	0.39127958	1.3767277	0.037821483	0.39202338	1.0	2606	tags=35%, list=24%, signal=45%	
ORGANIC CATION TRANSPORT%GOBP%GO:0015695	ORGANIC CATION TRANSPORT%GOBP%GO:0015695		49	0.4478214	1.3762459	0.053156145	0.39251977	1.0	1851	tags=31%, list=17%, signal=37%	
POSITIVE REGULATION OF CYTOKINESIS%GOBP%GO:0032467	POSITIVE REGULATION OF CYTOKINESIS%GOBP%GO:0032467		31	0.47605643	1.376095	0.06873977	0.3921783	1.0	2538	tags=35%, list=23%, signal=46%	
ETOPOSIDE METABOLISM PATHWAY%PATHWHIZ%PW000577	ETOPOSIDE METABOLISM PATHWAY%PATHWHIZ%PW000577		15	0.5693926	1.3760309	0.10517241	0.39166263	1.0	1466	tags=60%, list=13%, signal=69%	
CARBOHYDRATE DERIVATIVE CATABOLIC PROCESS%GOBP%GO:1901136	CARBOHYDRATE DERIVATIVE CATABOLIC PROCESS%GOBP%GO:1901136		114	0.3896383	1.3757397	0.035276074	0.39178935	1.0	2002	tags=32%, list=18%, signal=38%	
SIGNALING BY ALK IN CANCER%REACTOME DATABASE ID RELEASE 93%9700206	SIGNALING BY ALK IN CANCER%REACTOME DATABASE ID RELEASE 93%9700206		80	0.4107001	1.3754529	0.03549383	0.3918583	1.0	2254	tags=34%, list=21%, signal=42%	
G PROTEIN SIGNALING%WIKIPATHWAYS_20250810%WP35%HOMO SAPIENS	G PROTEIN SIGNALING%WIKIPATHWAYS_20250810%WP35%HOMO SAPIENS		44	0.45418635	1.3751101	0.067567565	0.39198378	1.0	3256	tags=45%, list=30%, signal=64%	
NUCLEOSIDE DIPHOSPHATE CATABOLIC PROCESS%GOBP%GO:0009134	NUCLEOSIDE DIPHOSPHATE CATABOLIC PROCESS%GOBP%GO:0009134		30	0.49769676	1.375006	0.0754386	0.39157733	1.0	1947	tags=43%, list=18%, signal=53%	
NATURAL KILLER CELL ACTIVATION%GOBP%GO:0030101	NATURAL KILLER CELL ACTIVATION%GOBP%GO:0030101		23	0.5153658	1.3749349	0.082491584	0.39109087	1.0	1556	tags=39%, list=14%, signal=45%	
C-TYPE LECTIN RECEPTORS (CLRS)%REACTOME DATABASE ID RELEASE 93%5621481	C-TYPE LECTIN RECEPTORS (CLRS)%REACTOME DATABASE ID RELEASE 93%5621481		101	0.39410406	1.3745533	0.03291536	0.3914412	1.0	2787	tags=37%, list=25%, signal=49%	
STABILIZATION OF P53%REACTOME DATABASE ID RELEASE 93%69541	STABILIZATION OF P53%REACTOME DATABASE ID RELEASE 93%69541		43	0.4462616	1.3742856	0.0732899	0.39153793	1.0	1790	tags=26%, list=16%, signal=30%	
PROTEIN SECRETION%GOBP%GO:0009306	PROTEIN SECRETION%GOBP%GO:0009306		41	0.45320612	1.374115	0.085667215	0.39133507	1.0	2316	tags=32%, list=21%, signal=40%	
GOLGI TO VACUOLE TRANSPORT%GOBP%GO:0006896	GOLGI TO VACUOLE TRANSPORT%GOBP%GO:0006896		16	0.5502864	1.373713	0.08605852	0.3917051	1.0	3556	tags=63%, list=32%, signal=92%	
NEGATIVE REGULATION OF MITOTIC SISTER CHROMATID SEGREGATION%GOBP%GO:0033048	NEGATIVE REGULATION OF MITOTIC SISTER CHROMATID SEGREGATION%GOBP%GO:0033048		27	0.50548476	1.3736515	0.07978723	0.3912067	1.0	3601	tags=52%, list=33%, signal=77%	
CELLULAR RESPONSE TO GLUCOSE STARVATION%GOBP%GO:0042149	CELLULAR RESPONSE TO GLUCOSE STARVATION%GOBP%GO:0042149		38	0.46229246	1.3734488	0.068627454	0.3910961	1.0	2141	tags=34%, list=19%, signal=42%	
REGULATION OF REACTIVE OXYGEN SPECIES METABOLIC PROCESS%GOBP%GO:2000377	REGULATION OF REACTIVE OXYGEN SPECIES METABOLIC PROCESS%GOBP%GO:2000377		68	0.4150871	1.3729548	0.038590603	0.39172316	1.0	1349	tags=24%, list=12%, signal=27%	
PLASMA MEMBRANE INVAGINATION%GOBP%GO:0099024	PLASMA MEMBRANE INVAGINATION%GOBP%GO:0099024		25	0.5084222	1.3728011	0.08600337	0.39138544	1.0	782	tags=20%, list=7%, signal=21%	
POSITIVE REGULATION OF MAP KINASE ACTIVITY%GOBP%GO:0043406	POSITIVE REGULATION OF MAP KINASE ACTIVITY%GOBP%GO:0043406		20	0.53501576	1.3725482	0.09219858	0.39135683	1.0	613	tags=15%, list=6%, signal=16%	
REGULATION OF LEUKOCYTE DIFFERENTIATION%GOBP%GO:1902105	REGULATION OF LEUKOCYTE DIFFERENTIATION%GOBP%GO:1902105		162	0.36513057	1.3722954	0.011940299	0.39140457	1.0	2309	tags=35%, list=21%, signal=44%	
UBIQUITIN–PROTEASOME PATHWAY%SMPDB%SMP0063816	UBIQUITIN–PROTEASOME PATHWAY%SMPDB%SMP0063816		26	0.50335926	1.3719	0.07912458	0.39186698	1.0	2787	tags=38%, list=25%, signal=51%	
MYOGENESIS%REACTOME%R-HSA-525793.4	MYOGENESIS%REACTOME%R-HSA-525793.4		17	0.5544844	1.3717718	0.09810671	0.3915509	1.0	485	tags=18%, list=4%, signal=18%	
REGULATION OF RAS BY GAPS%REACTOME DATABASE ID RELEASE 93%5658442	REGULATION OF RAS BY GAPS%REACTOME DATABASE ID RELEASE 93%5658442		48	0.43693286	1.3713133	0.052542374	0.3920947	1.0	2787	tags=33%, list=25%, signal=44%	
NEUROINFLAMMATORY RESPONSE%GOBP%GO:0150076	NEUROINFLAMMATORY RESPONSE%GOBP%GO:0150076		16	0.5526006	1.3712034	0.09893993	0.39170864	1.0	759	tags=31%, list=7%, signal=34%	
COPI-DEPENDENT GOLGI-TO-ER RETROGRADE TRAFFIC%REACTOME DATABASE ID RELEASE 93%6811434	COPI-DEPENDENT GOLGI-TO-ER RETROGRADE TRAFFIC%REACTOME DATABASE ID RELEASE 93%6811434		68	0.41320828	1.3701121	0.05392157	0.39406738	1.0	2702	tags=40%, list=25%, signal=52%	
LPS AND CITRATE SIGNALING AND INFLAMMATION%PATHWHIZ%PW101069	LPS AND CITRATE SIGNALING AND INFLAMMATION%PATHWHIZ%PW101069		18	0.5354938	1.3700808	0.09090909	0.39348048	1.0	974	tags=17%, list=9%, signal=18%	
VIRAL GENE EXPRESSION%GOBP%GO:0019080	VIRAL GENE EXPRESSION%GOBP%GO:0019080		47	0.4458645	1.369898	0.066189624	0.39330995	1.0	2316	tags=38%, list=21%, signal=48%	
PLK1 SIGNALING EVENTS%PATHWAY INTERACTION DATABASE NCI-NATURE CURATED DATA%PLK1 SIGNALING EVENTS	PLK1 SIGNALING EVENTS%PATHWAY INTERACTION DATABASE NCI-NATURE CURATED DATA%PLK1 SIGNALING EVENTS		43	0.4501949	1.3697892	0.08306189	0.39298868	1.0	2595	tags=40%, list=24%, signal=52%	
B CELL PROLIFERATION%GOBP%GO:0042100	B CELL PROLIFERATION%GOBP%GO:0042100		15	0.56620955	1.3695327	0.108333334	0.3929329	1.0	970	tags=27%, list=9%, signal=29%	
MYD88-INDEPENDENT TLR4 CASCADE%REACTOME%R-HSA-166166.4	MYD88-INDEPENDENT TLR4 CASCADE%REACTOME%R-HSA-166166.4		96	0.3916209	1.3691555	0.0311042	0.39319912	1.0	2582	tags=30%, list=24%, signal=39%	
LIPID DROPLET ORGANIZATION%GOBP%GO:0034389	LIPID DROPLET ORGANIZATION%GOBP%GO:0034389		23	0.5283706	1.3691125	0.07388316	0.39263147	1.0	2259	tags=43%, list=21%, signal=55%	
LEISHMANIA PARASITE GROWTH AND SURVIVAL%REACTOME DATABASE ID RELEASE 93%9664433	LEISHMANIA PARASITE GROWTH AND SURVIVAL%REACTOME DATABASE ID RELEASE 93%9664433		52	0.4353889	1.3688343	0.06020067	0.39265388	1.0	1749	tags=35%, list=16%, signal=41%	
OXYTOCIN RECEPTOR MEDIATED SIGNALING PATHWAY%PANTHER PATHWAY%P04391	OXYTOCIN RECEPTOR MEDIATED SIGNALING PATHWAY%PANTHER PATHWAY%P04391		24	0.5075082	1.3685168	0.086021505	0.39291936	1.0	1517	tags=33%, list=14%, signal=39%	
NEGATIVE REGULATION OF INTRACELLULAR STEROID HORMONE RECEPTOR SIGNALING PATHWAY%GOBP%GO:0033144	NEGATIVE REGULATION OF INTRACELLULAR STEROID HORMONE RECEPTOR SIGNALING PATHWAY%GOBP%GO:0033144		26	0.5011164	1.3677768	0.09228188	0.39416468	1.0	2040	tags=31%, list=19%, signal=38%	
NEGATIVE REGULATION OF PROTEIN LOCALIZATION%GOBP%GO:1903828	NEGATIVE REGULATION OF PROTEIN LOCALIZATION%GOBP%GO:1903828		106	0.38624024	1.3676871	0.020344287	0.39374527	1.0	1496	tags=24%, list=14%, signal=27%	
REGULATION OF PLASMA MEMBRANE BOUNDED CELL PROJECTION ASSEMBLY%GOBP%GO:0120032	REGULATION OF PLASMA MEMBRANE BOUNDED CELL PROJECTION ASSEMBLY%GOBP%GO:0120032		133	0.37138164	1.367681	0.019345239	0.39309952	1.0	2261	tags=30%, list=21%, signal=37%	
GSK3B AND BTRC:CUL1-MEDIATED-DEGRADATION OF NFE2L2%REACTOME%R-HSA-9762114.3	GSK3B AND BTRC:CUL1-MEDIATED-DEGRADATION OF NFE2L2%REACTOME%R-HSA-9762114.3		42	0.44544864	1.3675122	0.066439524	0.39289942	1.0	2787	tags=36%, list=25%, signal=48%	
SYNTHESIS OF DNA%REACTOME DATABASE ID RELEASE 93%69239	SYNTHESIS OF DNA%REACTOME DATABASE ID RELEASE 93%69239		106	0.3885044	1.3672065	0.021978023	0.39305586	1.0	2823	tags=34%, list=26%, signal=45%	
TRIF (TICAM1)-MEDIATED TLR4 SIGNALING%REACTOME DATABASE ID RELEASE 93%937061	TRIF (TICAM1)-MEDIATED TLR4 SIGNALING%REACTOME DATABASE ID RELEASE 93%937061		96	0.3916209	1.3659112	0.04313099	0.3959324	1.0	2582	tags=30%, list=24%, signal=39%	
REGULATION OF PROTEIN POLYMERIZATION%GOBP%GO:0032271	REGULATION OF PROTEIN POLYMERIZATION%GOBP%GO:0032271		105	0.38424543	1.3659075	0.02431611	0.39527622	1.0	1891	tags=24%, list=17%, signal=28%	
POSITIVE REGULATION OF CELL-CELL ADHESION%GOBP%GO:0022409	POSITIVE REGULATION OF CELL-CELL ADHESION%GOBP%GO:0022409		182	0.36457977	1.3658513	0.024531025	0.3947921	1.0	1691	tags=25%, list=15%, signal=29%	
ACTIVATION OF IRF3, IRF7 MEDIATED BY TBK1, IKKΕ (IKBKE)%REACTOME DATABASE ID RELEASE 93%936964	ACTIVATION OF IRF3, IRF7 MEDIATED BY TBK1, IKKΕ (IKBKE)%REACTOME DATABASE ID RELEASE 93%936964		15	0.56549054	1.3656092	0.10037175	0.3947842	1.0	2727	tags=60%, list=25%, signal=80%	
NEGATIVE REGULATION OF CELL PROJECTION ORGANIZATION%GOBP%GO:0031345	NEGATIVE REGULATION OF CELL PROJECTION ORGANIZATION%GOBP%GO:0031345		69	0.4115785	1.3653055	0.0544	0.39497647	1.0	2261	tags=32%, list=21%, signal=40%	
ETOPOSIDE ACTION PATHWAY%SMPDB%SMP0000442	ETOPOSIDE ACTION PATHWAY%SMPDB%SMP0000442		15	0.5693926	1.365148	0.10689655	0.39473474	1.0	1466	tags=60%, list=13%, signal=69%	
CELL SURFACE TOLL-LIKE RECEPTOR SIGNALING PATHWAY%GOBP%GO:0140895	CELL SURFACE TOLL-LIKE RECEPTOR SIGNALING PATHWAY%GOBP%GO:0140895		24	0.4995731	1.3647473	0.09731544	0.39512673	1.0	974	tags=21%, list=9%, signal=23%	
NEGATIVE REGULATION OF INTRINSIC APOPTOTIC SIGNALING PATHWAY%GOBP%GO:2001243	NEGATIVE REGULATION OF INTRINSIC APOPTOTIC SIGNALING PATHWAY%GOBP%GO:2001243		60	0.4225226	1.3640556	0.05466238	0.39635915	1.0	1544	tags=25%, list=14%, signal=29%	
NEGATIVE REGULATION OF ALPHA-BETA T CELL ACTIVATION%GOBP%GO:0046636	NEGATIVE REGULATION OF ALPHA-BETA T CELL ACTIVATION%GOBP%GO:0046636		22	0.5165849	1.3634355	0.09450172	0.39742965	1.0	65	tags=14%, list=1%, signal=14%	
CONSTITUTIVE SIGNALING BY AKT1 E17K IN CANCER%REACTOME%R-HSA-5674400.3	CONSTITUTIVE SIGNALING BY AKT1 E17K IN CANCER%REACTOME%R-HSA-5674400.3		24	0.5109413	1.3633364	0.09380235	0.3970296	1.0	2912	tags=33%, list=27%, signal=45%	
REGULATION OF ADAPTIVE IMMUNE RESPONSE%GOBP%GO:0002819	REGULATION OF ADAPTIVE IMMUNE RESPONSE%GOBP%GO:0002819		114	0.3820486	1.3630605	0.032863848	0.39713252	1.0	2421	tags=31%, list=22%, signal=39%	
NEGATIVE REGULATION OF TYPE I INTERFERON-MEDIATED SIGNALING PATHWAY%GOBP%GO:0060339	NEGATIVE REGULATION OF TYPE I INTERFERON-MEDIATED SIGNALING PATHWAY%GOBP%GO:0060339		18	0.53130287	1.3625681	0.11340206	0.39783615	1.0	823	tags=28%, list=7%, signal=30%	
SPHINGOLIPID METABOLISM%REACTOME DATABASE ID RELEASE 93%428157	SPHINGOLIPID METABOLISM%REACTOME DATABASE ID RELEASE 93%428157		67	0.41207874	1.3609803	0.05345912	0.40148863	1.0	2015	tags=30%, list=18%, signal=36%	
NEGATIVE REGULATION OF PROTEIN POLYMERIZATION%GOBP%GO:0032272	NEGATIVE REGULATION OF PROTEIN POLYMERIZATION%GOBP%GO:0032272		32	0.47747588	1.3607043	0.08448276	0.40155303	1.0	1876	tags=38%, list=17%, signal=45%	
PATHOGENIC ESCHERICHIA COLI INFECTION%WIKIPATHWAYS_20250810%WP2272%HOMO SAPIENS	PATHOGENIC ESCHERICHIA COLI INFECTION%WIKIPATHWAYS_20250810%WP2272%HOMO SAPIENS		34	0.46871132	1.3602585	0.067826085	0.40214047	1.0	2891	tags=41%, list=26%, signal=56%	
REGULATION OF RNA EXPORT FROM NUCLEUS%GOBP%GO:0046831	REGULATION OF RNA EXPORT FROM NUCLEUS%GOBP%GO:0046831		15	0.55953753	1.359703	0.13028765	0.4029242	1.0	1674	tags=27%, list=15%, signal=31%	
INTERFERON TYPE I SIGNALING%WIKIPATHWAYS_20250810%WP585%HOMO SAPIENS	INTERFERON TYPE I SIGNALING%WIKIPATHWAYS_20250810%WP585%HOMO SAPIENS		46	0.44340965	1.3593998	0.06168831	0.40316075	1.0	2587	tags=37%, list=24%, signal=48%	
NEGATIVE REGULATION OF CELL ACTIVATION%GOBP%GO:0050866	NEGATIVE REGULATION OF CELL ACTIVATION%GOBP%GO:0050866		97	0.38495114	1.3586168	0.034431137	0.40471148	1.0	1320	tags=24%, list=12%, signal=27%	
AMP ACTIVATED PROTEIN KINASE SIGNALING%WIKIPATHWAYS_20250810%WP1403%HOMO SAPIENS	AMP ACTIVATED PROTEIN KINASE SIGNALING%WIKIPATHWAYS_20250810%WP1403%HOMO SAPIENS		42	0.4449282	1.3585608	0.08013356	0.4041761	1.0	1797	tags=26%, list=16%, signal=31%	
POSITIVE REGULATION OF ANTIGEN RECEPTOR-MEDIATED SIGNALING PATHWAY%GOBP%GO:0050857	POSITIVE REGULATION OF ANTIGEN RECEPTOR-MEDIATED SIGNALING PATHWAY%GOBP%GO:0050857		16	0.54204035	1.3584762	0.09589041	0.40374523	1.0	1030	tags=31%, list=9%, signal=34%	
CELLULAR RESPONSE TO NUTRIENT LEVELS%GOBP%GO:0031669	CELLULAR RESPONSE TO NUTRIENT LEVELS%GOBP%GO:0031669		144	0.3696944	1.3584188	0.018897638	0.40325275	1.0	2202	tags=29%, list=20%, signal=36%	
ORGANIC ACID TRANSMEMBRANE TRANSPORT%GOBP%GO:1903825	ORGANIC ACID TRANSMEMBRANE TRANSPORT%GOBP%GO:1903825		67	0.41660053	1.3581192	0.05794702	0.40339872	1.0	2016	tags=34%, list=18%, signal=42%	
MACROAUTOPHAGY%REACTOME%R-HSA-1632852.12	MACROAUTOPHAGY%REACTOME%R-HSA-1632852.12		106	0.38560835	1.358033	0.035825547	0.4029997	1.0	1676	tags=26%, list=15%, signal=31%	
TOLL LIKE RECEPTOR 3 (TLR3) CASCADE%REACTOME%R-HSA-168164.6	TOLL LIKE RECEPTOR 3 (TLR3) CASCADE%REACTOME%R-HSA-168164.6		93	0.38935155	1.3579913	0.04718417	0.40246418	1.0	2582	tags=30%, list=24%, signal=39%	
REGULATION OF PROTEIN TARGETING TO MEMBRANE%GOBP%GO:0090313	REGULATION OF PROTEIN TARGETING TO MEMBRANE%GOBP%GO:0090313		17	0.54822206	1.3579298	0.10526316	0.4019503	1.0	585	tags=18%, list=5%, signal=19%	
REGULATION OF LEUKOCYTE MIGRATION%GOBP%GO:0002685	REGULATION OF LEUKOCYTE MIGRATION%GOBP%GO:0002685		98	0.3922395	1.3577201	0.03464567	0.40184975	1.0	1705	tags=33%, list=16%, signal=38%	
BIOCARTA_NFKB_PATHWAY%MSIGDB_C2%BIOCARTA_NFKB_PATHWAY	BIOCARTA_NFKB_PATHWAY%MSIGDB_C2%BIOCARTA_NFKB_PATHWAY		16	0.5501819	1.357114	0.10829103	0.40283057	1.0	974	tags=25%, list=9%, signal=27%	
CALNEXIN CALRETICULIN CYCLE%REACTOME DATABASE ID RELEASE 93%901042	CALNEXIN CALRETICULIN CYCLE%REACTOME DATABASE ID RELEASE 93%901042		26	0.49292392	1.3567314	0.09589041	0.403168	1.0	799	tags=23%, list=7%, signal=25%	
TRAF6 MEDIATED INDUCTION OF NFKB AND MAP KINASES UPON TLR7 8 OR 9 ACTIVATION%REACTOME DATABASE ID RELEASE 93%975138	TRAF6 MEDIATED INDUCTION OF NFKB AND MAP KINASES UPON TLR7 8 OR 9 ACTIVATION%REACTOME DATABASE ID RELEASE 93%975138		89	0.3948026	1.3567221	0.03514377	0.40253747	1.0	2580	tags=29%, list=23%, signal=38%	
NEGATIVE REGULATION OF ENDOPLASMIC RETICULUM UNFOLDED PROTEIN RESPONSE%GOBP%GO:1900102	NEGATIVE REGULATION OF ENDOPLASMIC RETICULUM UNFOLDED PROTEIN RESPONSE%GOBP%GO:1900102		17	0.5374771	1.3565875	0.114583336	0.40223232	1.0	1919	tags=41%, list=17%, signal=50%	
MYELOID CELL ACTIVATION INVOLVED IN IMMUNE RESPONSE%GOBP%GO:0002275	MYELOID CELL ACTIVATION INVOLVED IN IMMUNE RESPONSE%GOBP%GO:0002275		29	0.48293537	1.3554178	0.081803	0.40476307	1.0	1526	tags=41%, list=14%, signal=48%	
GENETIC CAUSES OF PORTO SINUSOIDAL VASCULAR DISEASE%WIKIPATHWAYS_20250810%WP5269%HOMO SAPIENS	GENETIC CAUSES OF PORTO SINUSOIDAL VASCULAR DISEASE%WIKIPATHWAYS_20250810%WP5269%HOMO SAPIENS		27	0.48782563	1.3552623	0.085178874	0.40452322	1.0	2363	tags=30%, list=22%, signal=38%	
REGULATION OF CARBOHYDRATE BIOSYNTHETIC PROCESS%GOBP%GO:0043255	REGULATION OF CARBOHYDRATE BIOSYNTHETIC PROCESS%GOBP%GO:0043255		48	0.44024017	1.3545947	0.07488299	0.40571466	1.0	2858	tags=33%, list=26%, signal=45%	
ANGIOPOIETIN LIKE PROTEIN 8 REGULATORY PATHWAY%WIKIPATHWAYS_20250810%WP3915%HOMO SAPIENS	ANGIOPOIETIN LIKE PROTEIN 8 REGULATORY PATHWAY%WIKIPATHWAYS_20250810%WP3915%HOMO SAPIENS		83	0.3951723	1.3545011	0.05254777	0.40529448	1.0	1752	tags=20%, list=16%, signal=24%	
NEGATIVE REGULATION OF LEUKOCYTE CELL-CELL ADHESION%GOBP%GO:1903038	NEGATIVE REGULATION OF LEUKOCYTE CELL-CELL ADHESION%GOBP%GO:1903038		65	0.4133016	1.3541856	0.050819673	0.40556595	1.0	2279	tags=32%, list=21%, signal=41%	
VACUOLE ORGANIZATION%GOBP%GO:0007033	VACUOLE ORGANIZATION%GOBP%GO:0007033		136	0.36740342	1.3537583	0.03514377	0.40613517	1.0	2407	tags=27%, list=22%, signal=34%	
ENDOPLASMIC RETICULUM CALCIUM ION HOMEOSTASIS%GOBP%GO:0032469	ENDOPLASMIC RETICULUM CALCIUM ION HOMEOSTASIS%GOBP%GO:0032469		19	0.5356546	1.3536693	0.10017271	0.4057039	1.0	2660	tags=53%, list=24%, signal=69%	
ORGANIC ANION TRANSPORT%GOBP%GO:0015711	ORGANIC ANION TRANSPORT%GOBP%GO:0015711		155	0.35947534	1.353416	0.014641289	0.40576333	1.0	2346	tags=34%, list=21%, signal=43%	
PID_EPHA_FWDPATHWAY%MSIGDB_C2%PID_EPHA_FWDPATHWAY	PID_EPHA_FWDPATHWAY%MSIGDB_C2%PID_EPHA_FWDPATHWAY		15	0.55987585	1.3532854	0.107826084	0.40545386	1.0	917	tags=27%, list=8%, signal=29%	
NEGATIVE REGULATION OF IMMUNE RESPONSE%GOBP%GO:0050777	NEGATIVE REGULATION OF IMMUNE RESPONSE%GOBP%GO:0050777		121	0.37364754	1.3529397	0.038922157	0.40571886	1.0	1585	tags=24%, list=14%, signal=28%	
NEGATIVE REGULATION OF EXTRINSIC APOPTOTIC SIGNALING PATHWAY%GOBP%GO:2001237	NEGATIVE REGULATION OF EXTRINSIC APOPTOTIC SIGNALING PATHWAY%GOBP%GO:2001237		46	0.43789187	1.352613	0.059602648	0.40597522	1.0	1440	tags=26%, list=13%, signal=30%	
COPI-MEDIATED ANTEROGRADE TRANSPORT%REACTOME%R-HSA-6807878.2	COPI-MEDIATED ANTEROGRADE TRANSPORT%REACTOME%R-HSA-6807878.2		75	0.40514562	1.3523729	0.05371248	0.4060095	1.0	2702	tags=37%, list=25%, signal=49%	
PROTEIN TETRAMERIZATION%GOBP%GO:0051262	PROTEIN TETRAMERIZATION%GOBP%GO:0051262		54	0.42397448	1.3523192	0.061488673	0.40550423	1.0	556	tags=15%, list=5%, signal=16%	
DISORDERS OF TRANSMEMBRANE TRANSPORTERS%REACTOME%R-HSA-5619115.5	DISORDERS OF TRANSMEMBRANE TRANSPORTERS%REACTOME%R-HSA-5619115.5		113	0.3792207	1.3517815	0.031007752	0.4063292	1.0	1931	tags=27%, list=18%, signal=33%	
REGULATION OF CELL PROJECTION ASSEMBLY%GOBP%GO:0060491	REGULATION OF CELL PROJECTION ASSEMBLY%GOBP%GO:0060491		133	0.37138164	1.3511674	0.038179148	0.40737563	1.0	2261	tags=30%, list=21%, signal=37%	
RESPONSE TO ENDOPLASMIC RETICULUM STRESS%GOBP%GO:0034976	RESPONSE TO ENDOPLASMIC RETICULUM STRESS%GOBP%GO:0034976		170	0.35924911	1.3509364	0.027859237	0.40737626	1.0	2983	tags=38%, list=27%, signal=52%	
PURINE-CONTAINING COMPOUND CATABOLIC PROCESS%GOBP%GO:0072523	PURINE-CONTAINING COMPOUND CATABOLIC PROCESS%GOBP%GO:0072523		57	0.42027104	1.3500035	0.061488673	0.40929016	1.0	1947	tags=40%, list=18%, signal=49%	
APOPTOTIC MITOCHONDRIAL CHANGES%GOBP%GO:0008637	APOPTOTIC MITOCHONDRIAL CHANGES%GOBP%GO:0008637		33	0.46342897	1.3498689	0.106529206	0.40901908	1.0	2581	tags=39%, list=23%, signal=51%	
ESTABLISHMENT OF MITOTIC SPINDLE ORIENTATION%GOBP%GO:0000132	ESTABLISHMENT OF MITOTIC SPINDLE ORIENTATION%GOBP%GO:0000132		24	0.50238776	1.349853	0.098305084	0.40842313	1.0	2700	tags=42%, list=25%, signal=55%	
CXCR4%IOB%CXCR4	CXCR4%IOB%CXCR4		55	0.42277324	1.3490573	0.05057096	0.40996844	1.0	1453	tags=20%, list=13%, signal=23%	
KERATAN SULFATE BIOSYNTHESIS%REACTOME DATABASE ID RELEASE 93%2022854	KERATAN SULFATE BIOSYNTHESIS%REACTOME DATABASE ID RELEASE 93%2022854		18	0.53652984	1.3486117	0.10880829	0.4105306	1.0	2283	tags=33%, list=21%, signal=42%	
REGULATION OF NUCLEOBASE-CONTAINING COMPOUND TRANSPORT%GOBP%GO:0032239	REGULATION OF NUCLEOBASE-CONTAINING COMPOUND TRANSPORT%GOBP%GO:0032239		15	0.55953753	1.3477837	0.13499112	0.412084	1.0	1674	tags=27%, list=15%, signal=31%	
NEGATIVE REGULATION OF LYMPHOCYTE ACTIVATION%GOBP%GO:0051250	NEGATIVE REGULATION OF LYMPHOCYTE ACTIVATION%GOBP%GO:0051250		71	0.4027241	1.3469377	0.055555556	0.4138552	1.0	2279	tags=32%, list=21%, signal=41%	
REGULATION OF ACTIN CYTOSKELETON ORGANIZATION%GOBP%GO:0032956	REGULATION OF ACTIN CYTOSKELETON ORGANIZATION%GOBP%GO:0032956		188	0.35773665	1.3468674	0.010233918	0.4134015	1.0	2318	tags=30%, list=21%, signal=38%	
PID_AR_TF_PATHWAY%MSIGDB_C2%PID_AR_TF_PATHWAY	PID_AR_TF_PATHWAY%MSIGDB_C2%PID_AR_TF_PATHWAY		35	0.4644276	1.3467499	0.081803	0.41303036	1.0	983	tags=26%, list=9%, signal=28%	
REGULATION OF MITOCHONDRIAL MEMBRANE PERMEABILITY%GOBP%GO:0046902	REGULATION OF MITOCHONDRIAL MEMBRANE PERMEABILITY%GOBP%GO:0046902		29	0.47737762	1.3458561	0.087628864	0.41492653	1.0	1447	tags=24%, list=13%, signal=28%	
THYROTROPIN-RELEASING HORMONE RECEPTOR SIGNALING PATHWAY%PANTHER PATHWAY%P04394	THYROTROPIN-RELEASING HORMONE RECEPTOR SIGNALING PATHWAY%PANTHER PATHWAY%P04394		35	0.45983216	1.3457296	0.087248325	0.4146561	1.0	1627	tags=31%, list=15%, signal=37%	
NEGATIVE REGULATION OF LEUKOCYTE APOPTOTIC PROCESS%GOBP%GO:2000107	NEGATIVE REGULATION OF LEUKOCYTE APOPTOTIC PROCESS%GOBP%GO:2000107		18	0.5311778	1.3448201	0.10048623	0.4164	1.0	1556	tags=39%, list=14%, signal=45%	
NEGATIVE REGULATION OF VIRAL PROCESS%GOBP%GO:0048525	NEGATIVE REGULATION OF VIRAL PROCESS%GOBP%GO:0048525		49	0.43740472	1.3445283	0.08264463	0.41653985	1.0	1986	tags=29%, list=18%, signal=35%	
DISEASES OF PROGRAMMED CELL DEATH%REACTOME%R-HSA-9645723.8	DISEASES OF PROGRAMMED CELL DEATH%REACTOME%R-HSA-9645723.8		54	0.42187515	1.3445226	0.048465267	0.41590708	1.0	2537	tags=39%, list=23%, signal=50%	
MAPK6 MAPK4 SIGNALING%REACTOME%R-HSA-5687128.5	MAPK6 MAPK4 SIGNALING%REACTOME%R-HSA-5687128.5		69	0.40439716	1.3436347	0.050080776	0.41752008	1.0	1790	tags=26%, list=16%, signal=31%	
GLUCONEOGENESIS%PATHWHIZ%PW000152	GLUCONEOGENESIS%PATHWHIZ%PW000152		17	0.5319014	1.3434573	0.1182266	0.41736382	1.0	2016	tags=35%, list=18%, signal=43%	
GLYCOLYTIC PROCESS%GOBP%GO:0006096	GLYCOLYTIC PROCESS%GOBP%GO:0006096		24	0.49384007	1.3431927	0.10420168	0.417411	1.0	1088	tags=33%, list=10%, signal=37%	
PID_TAP63_PATHWAY%MSIGDB_C2%PID_TAP63_PATHWAY	PID_TAP63_PATHWAY%MSIGDB_C2%PID_TAP63_PATHWAY		31	0.46861047	1.3425561	0.0976431	0.41853625	1.0	2033	tags=32%, list=19%, signal=39%	
GLYCOSPHINGOLIPID METABOLIC PROCESS%GOBP%GO:0006687	GLYCOSPHINGOLIPID METABOLIC PROCESS%GOBP%GO:0006687		38	0.45120665	1.3414038	0.09448819	0.42089885	1.0	2015	tags=32%, list=18%, signal=39%	
EFFECTS OF PIP2 HYDROLYSIS%REACTOME DATABASE ID RELEASE 93%114508	EFFECTS OF PIP2 HYDROLYSIS%REACTOME DATABASE ID RELEASE 93%114508		18	0.5417797	1.3403742	0.11599297	0.4230459	1.0	1473	tags=33%, list=13%, signal=38%	
REGULATION OF CALCIUM-MEDIATED SIGNALING%GOBP%GO:0050848	REGULATION OF CALCIUM-MEDIATED SIGNALING%GOBP%GO:0050848		41	0.44704723	1.3402776	0.06873977	0.4226737	1.0	1583	tags=24%, list=14%, signal=28%	
NUCLEOTIDE SALVAGE%REACTOME DATABASE ID RELEASE 93%8956321	NUCLEOTIDE SALVAGE%REACTOME DATABASE ID RELEASE 93%8956321		20	0.52027303	1.3402483	0.108391605	0.42212248	1.0	1847	tags=35%, list=17%, signal=42%	
BETA2 INTEGRIN CELL SURFACE INTERACTIONS%PATHWAY INTERACTION DATABASE NCI-NATURE CURATED DATA%BETA2 INTEGRIN CELL SURFACE INTERACTIONS	BETA2 INTEGRIN CELL SURFACE INTERACTIONS%PATHWAY INTERACTION DATABASE NCI-NATURE CURATED DATA%BETA2 INTEGRIN CELL SURFACE INTERACTIONS		16	0.5639707	1.3399888	0.10507881	0.422125	1.0	1544	tags=50%, list=14%, signal=58%	
APOPTOTIC SIGNALING PATHWAY%GOBP%GO:0097190	APOPTOTIC SIGNALING PATHWAY%GOBP%GO:0097190		175	0.35484344	1.3399653	0.019847328	0.421558	1.0	2781	tags=34%, list=25%, signal=44%	
REGULATION OF MYOBLAST DIFFERENTIATION%GOBP%GO:0045661	REGULATION OF MYOBLAST DIFFERENTIATION%GOBP%GO:0045661		36	0.45228645	1.3398123	0.09688013	0.42131454	1.0	2377	tags=39%, list=22%, signal=49%	
RESPONSE TO NUTRIENT LEVELS%GOBP%GO:0031667	RESPONSE TO NUTRIENT LEVELS%GOBP%GO:0031667		182	0.35298622	1.3390025	0.023876404	0.4228767	1.0	2202	tags=27%, list=20%, signal=34%	
REGULATION OF CELL SHAPE%GOBP%GO:0008360	REGULATION OF CELL SHAPE%GOBP%GO:0008360		76	0.39843	1.3388371	0.066884175	0.42272505	1.0	1527	tags=28%, list=14%, signal=32%	
HEPARAN SULFATE PROTEOGLYCAN METABOLIC PROCESS%GOBP%GO:0030201	HEPARAN SULFATE PROTEOGLYCAN METABOLIC PROCESS%GOBP%GO:0030201		23	0.49786514	1.338639	0.12013537	0.42262772	1.0	2057	tags=35%, list=19%, signal=43%	
MACROAUTOPHAGY%GOBP%GO:0016236	MACROAUTOPHAGY%GOBP%GO:0016236		173	0.35846564	1.337304	0.033093527	0.4257264	1.0	2437	tags=26%, list=22%, signal=33%	
REGULATION OF ACTIN NUCLEATION%GOBP%GO:0051125	REGULATION OF ACTIN NUCLEATION%GOBP%GO:0051125		27	0.48762137	1.3371009	0.10956522	0.42565584	1.0	2245	tags=37%, list=20%, signal=46%	
DETECTION OF CHEMICAL STIMULUS%GOBP%GO:0009593	DETECTION OF CHEMICAL STIMULUS%GOBP%GO:0009593		24	0.4945111	1.3368964	0.104811	0.42557675	1.0	1795	tags=33%, list=16%, signal=40%	
PROTEIN DESTABILIZATION%GOBP%GO:0031648	PROTEIN DESTABILIZATION%GOBP%GO:0031648		33	0.46853694	1.3368292	0.09390445	0.42513108	1.0	2228	tags=27%, list=20%, signal=34%	
PROTEIN EXPORT FROM NUCLEUS%GOBP%GO:0006611	PROTEIN EXPORT FROM NUCLEUS%GOBP%GO:0006611		22	0.5078105	1.3364526	0.11744966	0.42556232	1.0	2863	tags=41%, list=26%, signal=55%	
TRIOSEPHOSPHATE ISOMERASE DEFICIENCY%PATHWHIZ%PW000539	TRIOSEPHOSPHATE ISOMERASE DEFICIENCY%PATHWHIZ%PW000539		17	0.5319014	1.3362122	0.11805555	0.42556503	1.0	2016	tags=35%, list=18%, signal=43%	
REGULATION OF CELL KILLING%GOBP%GO:0031341	REGULATION OF CELL KILLING%GOBP%GO:0031341		52	0.42401287	1.3354859	0.07954545	0.42687267	1.0	2203	tags=44%, list=20%, signal=55%	
CARBOXYLIC ACID TRANSMEMBRANE TRANSPORT%GOBP%GO:1905039	CARBOXYLIC ACID TRANSMEMBRANE TRANSPORT%GOBP%GO:1905039		65	0.40932125	1.3352791	0.06410257	0.42680144	1.0	2016	tags=34%, list=18%, signal=41%	
GLIAL CELL ACTIVATION%GOBP%GO:0061900	GLIAL CELL ACTIVATION%GOBP%GO:0061900		15	0.5540773	1.3346281	0.12607944	0.42802718	1.0	759	tags=33%, list=7%, signal=36%	
REGULATION OF ACTIN FILAMENT ORGANIZATION%GOBP%GO:0110053	REGULATION OF ACTIN FILAMENT ORGANIZATION%GOBP%GO:0110053		148	0.36052316	1.3344249	0.034901366	0.42791638	1.0	2296	tags=30%, list=21%, signal=38%	
INTRACELLULAR LIPID TRANSPORT%GOBP%GO:0032365	INTRACELLULAR LIPID TRANSPORT%GOBP%GO:0032365		30	0.46515718	1.333369	0.09760274	0.4302349	1.0	1482	tags=30%, list=13%, signal=35%	
REGULATION OF MYELOID LEUKOCYTE MEDIATED IMMUNITY%GOBP%GO:0002886	REGULATION OF MYELOID LEUKOCYTE MEDIATED IMMUNITY%GOBP%GO:0002886		30	0.47123152	1.3330823	0.11209965	0.43034643	1.0	1263	tags=30%, list=11%, signal=34%	
POSITIVE REGULATION OF INTRACELLULAR PROTEIN TRANSPORT%GOBP%GO:0090316	POSITIVE REGULATION OF INTRACELLULAR PROTEIN TRANSPORT%GOBP%GO:0090316		61	0.4114985	1.3326644	0.0742496	0.43087614	1.0	2769	tags=31%, list=25%, signal=41%	
AMINO ACID TRANSMEMBRANE TRANSPORT%GOBP%GO:0003333	AMINO ACID TRANSMEMBRANE TRANSPORT%GOBP%GO:0003333		44	0.43718082	1.3323861	0.09016393	0.43100178	1.0	1122	tags=30%, list=10%, signal=33%	
NEGATIVE REGULATION OF LEUKOCYTE ACTIVATION%GOBP%GO:0002695	NEGATIVE REGULATION OF LEUKOCYTE ACTIVATION%GOBP%GO:0002695		88	0.3859249	1.3320662	0.058359623	0.4312895	1.0	2447	tags=34%, list=22%, signal=44%	
GLYCOGEN STORAGE DISEASE TYPE 1A (GSD1A) OR VON GIERKE DISEASE%SMPDB%SMP0000374	GLYCOGEN STORAGE DISEASE TYPE 1A (GSD1A) OR VON GIERKE DISEASE%SMPDB%SMP0000374		17	0.5319014	1.3317288	0.12582782	0.43156922	1.0	2016	tags=35%, list=18%, signal=43%	
RECEPTOR CLUSTERING%GOBP%GO:0043113	RECEPTOR CLUSTERING%GOBP%GO:0043113		17	0.5439272	1.3311257	0.14111498	0.4325491	1.0	692	tags=35%, list=6%, signal=38%	
NEGATIVE REGULATION OF RESPONSE TO EXTERNAL STIMULUS%GOBP%GO:0032102	NEGATIVE REGULATION OF RESPONSE TO EXTERNAL STIMULUS%GOBP%GO:0032102		196	0.34542337	1.3302616	0.02293578	0.43422905	1.0	1965	tags=30%, list=18%, signal=35%	
DNA CATABOLIC PROCESS%GOBP%GO:0006308	DNA CATABOLIC PROCESS%GOBP%GO:0006308		15	0.5482784	1.3297	0.12142857	0.43524468	1.0	602	tags=20%, list=5%, signal=21%	
MEMBRANE INVAGINATION%GOBP%GO:0010324	MEMBRANE INVAGINATION%GOBP%GO:0010324		31	0.47477353	1.3296796	0.090277776	0.43467537	1.0	782	tags=19%, list=7%, signal=21%	
POSITIVE REGULATION OF MYOBLAST DIFFERENTIATION%GOBP%GO:0045663	POSITIVE REGULATION OF MYOBLAST DIFFERENTIATION%GOBP%GO:0045663		28	0.48219082	1.3296654	0.124125876	0.43408513	1.0	2131	tags=39%, list=19%, signal=49%	
REGULATION OF METAL ION TRANSPORT%GOBP%GO:0010959	REGULATION OF METAL ION TRANSPORT%GOBP%GO:0010959		119	0.37021878	1.3296012	0.027190333	0.43361962	1.0	1794	tags=26%, list=16%, signal=31%	
NEGATIVE REGULATION OF AUTOPHAGY%GOBP%GO:0010507	NEGATIVE REGULATION OF AUTOPHAGY%GOBP%GO:0010507		63	0.40690094	1.3293185	0.072607264	0.43376288	1.0	3733	tags=49%, list=34%, signal=74%	
SPINDLE CHECKPOINT SIGNALING%GOBP%GO:0031577	SPINDLE CHECKPOINT SIGNALING%GOBP%GO:0031577		27	0.4836377	1.3288333	0.11054422	0.43448117	1.0	2168	tags=33%, list=20%, signal=41%	
GOLGI ASSOCIATED VESICLE BIOGENESIS%REACTOME DATABASE ID RELEASE 93%432722	GOLGI ASSOCIATED VESICLE BIOGENESIS%REACTOME DATABASE ID RELEASE 93%432722		48	0.4293403	1.3284067	0.08457711	0.43504846	1.0	2329	tags=33%, list=21%, signal=42%	
HISTAMINE H1 RECEPTOR MEDIATED SIGNALING PATHWAY%PANTHER PATHWAY%P04385	HISTAMINE H1 RECEPTOR MEDIATED SIGNALING PATHWAY%PANTHER PATHWAY%P04385		25	0.48879355	1.3283589	0.10517241	0.43452555	1.0	1517	tags=32%, list=14%, signal=37%	
MATURATION OF NUCLEOPROTEIN%REACTOME%R-HSA-9694631.7	MATURATION OF NUCLEOPROTEIN%REACTOME%R-HSA-9694631.7		15	0.5407465	1.3282466	0.12568305	0.4342057	1.0	1975	tags=33%, list=18%, signal=41%	
AUTOPHAGY%GOBP%GO:0006914	AUTOPHAGY%GOBP%GO:0006914		199	0.34624848	1.3279856	0.01863354	0.43424976	1.0	1518	tags=19%, list=14%, signal=21%	
PLATELET AGGREGATION%GOBP%GO:0070527	PLATELET AGGREGATION%GOBP%GO:0070527		26	0.48827684	1.3279223	0.10873146	0.43380138	1.0	1911	tags=35%, list=17%, signal=42%	
ACTIN FILAMENT BUNDLE ORGANIZATION%GOBP%GO:0061572	ACTIN FILAMENT BUNDLE ORGANIZATION%GOBP%GO:0061572		39	0.44437176	1.327414	0.08907563	0.43456963	1.0	2261	tags=41%, list=21%, signal=51%	
RESOLUTION OF AP SITES VIA THE MULTIPLE-NUCLEOTIDE PATCH REPLACEMENT PATHWAY%REACTOME%R-HSA-110373.4	RESOLUTION OF AP SITES VIA THE MULTIPLE-NUCLEOTIDE PATCH REPLACEMENT PATHWAY%REACTOME%R-HSA-110373.4		24	0.48473343	1.3273394	0.12671232	0.43417862	1.0	2823	tags=33%, list=26%, signal=45%	
REGULATION OF INTERFERON-ALPHA PRODUCTION%GOBP%GO:0032647	REGULATION OF INTERFERON-ALPHA PRODUCTION%GOBP%GO:0032647		20	0.5087533	1.325946	0.10676157	0.4374359	1.0	1781	tags=30%, list=16%, signal=36%	
NEGATIVE REGULATION OF INFLAMMATORY RESPONSE%GOBP%GO:0050728	NEGATIVE REGULATION OF INFLAMMATORY RESPONSE%GOBP%GO:0050728		87	0.3876444	1.325864	0.06875	0.43702683	1.0	1965	tags=31%, list=18%, signal=37%	
RESPONSE TO MECHANICAL STIMULUS%GOBP%GO:0009612	RESPONSE TO MECHANICAL STIMULUS%GOBP%GO:0009612		62	0.4026616	1.3258307	0.061056107	0.43648505	1.0	1728	tags=27%, list=16%, signal=32%	
GLYCOGENOSIS, TYPE IB%SMPDB%SMP0000573	GLYCOGENOSIS, TYPE IB%SMPDB%SMP0000573		17	0.5319014	1.3255844	0.13537906	0.4365554	1.0	2016	tags=35%, list=18%, signal=43%	
REGULATION OF T CELL DIFFERENTIATION%GOBP%GO:0045580	REGULATION OF T CELL DIFFERENTIATION%GOBP%GO:0045580		100	0.38479844	1.3254977	0.05873016	0.43616927	1.0	2309	tags=36%, list=21%, signal=45%	
PHOSPHOENOLPYRUVATE CARBOXYKINASE DEFICIENCY 1 (PEPCK1)%SMPDB%SMP0000560	PHOSPHOENOLPYRUVATE CARBOXYKINASE DEFICIENCY 1 (PEPCK1)%SMPDB%SMP0000560		17	0.5319014	1.3245984	0.12182741	0.43807894	1.0	2016	tags=35%, list=18%, signal=43%	
HUNTINGTON DISEASE%PANTHER PATHWAY%P00029	HUNTINGTON DISEASE%PANTHER PATHWAY%P00029		59	0.40712482	1.3245839	0.062903225	0.43749335	1.0	2804	tags=34%, list=26%, signal=45%	
ACTIVATION OF ATR IN RESPONSE TO REPLICATION STRESS%REACTOME%R-HSA-176187.4	ACTIVATION OF ATR IN RESPONSE TO REPLICATION STRESS%REACTOME%R-HSA-176187.4		35	0.45270768	1.3243605	0.10606061	0.43745574	1.0	2718	tags=46%, list=25%, signal=61%	
REGULATION OF SPINDLE CHECKPOINT%GOBP%GO:0090231	REGULATION OF SPINDLE CHECKPOINT%GOBP%GO:0090231		20	0.50674874	1.3241984	0.11850649	0.43729192	1.0	2335	tags=50%, list=21%, signal=63%	
SPINDLE ASSEMBLY%GOBP%GO:0051225	SPINDLE ASSEMBLY%GOBP%GO:0051225		76	0.39400628	1.323986	0.055105347	0.43727288	1.0	2494	tags=26%, list=23%, signal=34%	
GASTRIC CANCER NETWORK 1%WIKIPATHWAYS_20250810%WP2361%HOMO SAPIENS	GASTRIC CANCER NETWORK 1%WIKIPATHWAYS_20250810%WP2361%HOMO SAPIENS		19	0.5217195	1.3237478	0.10623946	0.43733183	1.0	3249	tags=63%, list=30%, signal=90%	
NOTCH%IOB%NOTCH	NOTCH%IOB%NOTCH		47	0.42511994	1.3234335	0.07820299	0.4375438	1.0	1724	tags=23%, list=16%, signal=28%	
GLYCOGENOSIS, TYPE IC%SMPDB%SMP0000574	GLYCOGENOSIS, TYPE IC%SMPDB%SMP0000574		17	0.5319014	1.3226253	0.13082437	0.43919897	1.0	2016	tags=35%, list=18%, signal=43%	
EGF RECEPTOR SIGNALING PATHWAY%PANTHER PATHWAY%P00018	EGF RECEPTOR SIGNALING PATHWAY%PANTHER PATHWAY%P00018		70	0.40291807	1.3223145	0.071428575	0.43946597	1.0	1767	tags=26%, list=16%, signal=30%	
PID_ERBB1_INTERNALIZATION_PATHWAY%MSIGDB_C2%PID_ERBB1_INTERNALIZATION_PATHWAY	PID_ERBB1_INTERNALIZATION_PATHWAY%MSIGDB_C2%PID_ERBB1_INTERNALIZATION_PATHWAY		28	0.46660766	1.3222469	0.11557789	0.4390241	1.0	3554	tags=61%, list=32%, signal=90%	
PARASITIC INFECTION PATHWAYS%REACTOME%R-HSA-9824443.2	PARASITIC INFECTION PATHWAYS%REACTOME%R-HSA-9824443.2		120	0.36546084	1.3222013	0.042721517	0.4385436	1.0	2926	tags=38%, list=27%, signal=51%	
ANTIVIRAL MECHANISM BY IFN-STIMULATED GENES%REACTOME DATABASE ID RELEASE 93%1169410	ANTIVIRAL MECHANISM BY IFN-STIMULATED GENES%REACTOME DATABASE ID RELEASE 93%1169410		120	0.36714044	1.3220156	0.039513677	0.4384477	1.0	3102	tags=36%, list=28%, signal=49%	
REGULATION OF APOPTOSIS%REACTOME DATABASE ID RELEASE 93%169911	REGULATION OF APOPTOSIS%REACTOME DATABASE ID RELEASE 93%169911		40	0.43632856	1.321888	0.08431703	0.43816778	1.0	2787	tags=38%, list=25%, signal=50%	
EARLY SARS-COV-2 INFECTION EVENTS%REACTOME%R-HSA-9772572.3	EARLY SARS-COV-2 INFECTION EVENTS%REACTOME%R-HSA-9772572.3		24	0.4907791	1.3204743	0.12984823	0.44136602	1.0	1794	tags=38%, list=16%, signal=45%	
ANTIGEN PROCESSING AND PRESENTATION OF EXOGENOUS PEPTIDE ANTIGEN VIA MHC CLASS II%GOBP%GO:0019886	ANTIGEN PROCESSING AND PRESENTATION OF EXOGENOUS PEPTIDE ANTIGEN VIA MHC CLASS II%GOBP%GO:0019886		20	0.5008864	1.3201165	0.11942959	0.44170526	1.0	4035	tags=75%, list=37%, signal=118%	
CLEC7A (DECTIN-1) SIGNALING%REACTOME DATABASE ID RELEASE 93%5607764	CLEC7A (DECTIN-1) SIGNALING%REACTOME DATABASE ID RELEASE 93%5607764		82	0.38712618	1.3199409	0.06710311	0.44156024	1.0	2047	tags=27%, list=19%, signal=33%	
PHOSPHOLIPID BIOSYNTHESIS%SMPDB%SMP0000025	PHOSPHOLIPID BIOSYNTHESIS%SMPDB%SMP0000025		19	0.51612014	1.3194107	0.116357505	0.4424989	1.0	986	tags=16%, list=9%, signal=17%	
REGULATION OF INFLAMMATORY RESPONSE TO ANTIGENIC STIMULUS%GOBP%GO:0002861	REGULATION OF INFLAMMATORY RESPONSE TO ANTIGENIC STIMULUS%GOBP%GO:0002861		26	0.47393882	1.3179381	0.1187291	0.4459776	1.0	1585	tags=38%, list=14%, signal=45%	
DEGRADATION OF DVL%REACTOME DATABASE ID RELEASE 93%4641258	DEGRADATION OF DVL%REACTOME DATABASE ID RELEASE 93%4641258		43	0.43462095	1.3178611	0.09787928	0.44556308	1.0	2787	tags=35%, list=25%, signal=47%	
POSITIVE REGULATION OF EPITHELIAL CELL MIGRATION%GOBP%GO:0010634	POSITIVE REGULATION OF EPITHELIAL CELL MIGRATION%GOBP%GO:0010634		27	0.47974798	1.3170913	0.117056854	0.44705456	1.0	917	tags=19%, list=8%, signal=20%	
HALLMARK_KRAS_SIGNALING_DN%MSIGDBHALLMARK%HALLMARK_KRAS_SIGNALING_DN	HALLMARK_KRAS_SIGNALING_DN%MSIGDBHALLMARK%HALLMARK_KRAS_SIGNALING_DN		56	0.41645512	1.3169969	0.07949126	0.44666994	1.0	1415	tags=38%, list=13%, signal=43%	
ADP CATABOLIC PROCESS%GOBP%GO:0046032	ADP CATABOLIC PROCESS%GOBP%GO:0046032		24	0.49384007	1.3162104	0.13691507	0.44827983	1.0	1088	tags=33%, list=10%, signal=37%	
LEISHMANIA INFECTION%REACTOME%R-HSA-9658195.3	LEISHMANIA INFECTION%REACTOME%R-HSA-9658195.3		120	0.36546084	1.3149421	0.041538462	0.45124406	1.0	2926	tags=38%, list=27%, signal=51%	
SIGNALING BY NOTCH4%REACTOME DATABASE ID RELEASE 93%9013694	SIGNALING BY NOTCH4%REACTOME DATABASE ID RELEASE 93%9013694		62	0.4011456	1.3149124	0.07224959	0.4507067	1.0	2822	tags=35%, list=26%, signal=47%	
CELL VOLUME HOMEOSTASIS%GOBP%GO:0006884	CELL VOLUME HOMEOSTASIS%GOBP%GO:0006884		19	0.52569413	1.3148909	0.13368055	0.4501556	1.0	2326	tags=47%, list=21%, signal=60%	
PYRIDINE NUCLEOTIDE CATABOLIC PROCESS%GOBP%GO:0019364	PYRIDINE NUCLEOTIDE CATABOLIC PROCESS%GOBP%GO:0019364		26	0.48493126	1.3147027	0.12302285	0.4500825	1.0	1088	tags=35%, list=10%, signal=38%	
HALLMARK_MITOTIC_SPINDLE%MSIGDBHALLMARK%HALLMARK_MITOTIC_SPINDLE	HALLMARK_MITOTIC_SPINDLE%MSIGDBHALLMARK%HALLMARK_MITOTIC_SPINDLE		141	0.35876617	1.3145553	0.042168673	0.4498983	1.0	2729	tags=38%, list=25%, signal=49%	
NEGATIVE REGULATION OF T CELL RECEPTOR SIGNALING PATHWAY%GOBP%GO:0050860	NEGATIVE REGULATION OF T CELL RECEPTOR SIGNALING PATHWAY%GOBP%GO:0050860		23	0.4868142	1.3144033	0.11675127	0.44974366	1.0	4085	tags=70%, list=37%, signal=111%	
PROCESS UTILIZING AUTOPHAGIC MECHANISM%GOBP%GO:0061919	PROCESS UTILIZING AUTOPHAGIC MECHANISM%GOBP%GO:0061919		199	0.34624848	1.3143418	0.034582134	0.44930533	1.0	1518	tags=19%, list=14%, signal=21%	
NUCLEOTIDE-EXCISION REPAIR%GOBP%GO:0006289	NUCLEOTIDE-EXCISION REPAIR%GOBP%GO:0006289		46	0.42906198	1.3142105	0.08617886	0.44905904	1.0	1870	tags=22%, list=17%, signal=26%	
GLYCOGENOSIS, TYPE IA. VON GIERKE DISEASE%SMPDB%SMP0000581	GLYCOGENOSIS, TYPE IA. VON GIERKE DISEASE%SMPDB%SMP0000581		17	0.5319014	1.3139194	0.13321799	0.44924015	1.0	2016	tags=35%, list=18%, signal=43%	
NEGATIVE REGULATION OF DNA METABOLIC PROCESS%GOBP%GO:0051053	NEGATIVE REGULATION OF DNA METABOLIC PROCESS%GOBP%GO:0051053		100	0.37566072	1.3138894	0.060278207	0.44873387	1.0	1371	tags=21%, list=12%, signal=24%	
PID_NEPHRIN_NEPH1_PATHWAY%MSIGDB_C2%PID_NEPHRIN_NEPH1_PATHWAY	PID_NEPHRIN_NEPH1_PATHWAY%MSIGDB_C2%PID_NEPHRIN_NEPH1_PATHWAY		19	0.50915843	1.3137318	0.14336284	0.4485173	1.0	3554	tags=53%, list=32%, signal=78%	
NOTCH-MEDIATED HES HEY NETWORK%PATHWAY INTERACTION DATABASE NCI-NATURE CURATED DATA%NOTCH-MEDIATED HES HEY NETWORK	NOTCH-MEDIATED HES HEY NETWORK%PATHWAY INTERACTION DATABASE NCI-NATURE CURATED DATA%NOTCH-MEDIATED HES HEY NETWORK		34	0.45174423	1.3131539	0.10339257	0.44954848	1.0	2769	tags=41%, list=25%, signal=55%	
SYNTHESIS OF IP3 AND IP4 IN THE CYTOSOL%REACTOME%R-HSA-1855204.5	SYNTHESIS OF IP3 AND IP4 IN THE CYTOSOL%REACTOME%R-HSA-1855204.5		18	0.519309	1.3129102	0.145	0.4496061	1.0	2782	tags=61%, list=25%, signal=82%	
REGULATION OF MITOTIC SISTER CHROMATID SEPARATION%GOBP%GO:0010965	REGULATION OF MITOTIC SISTER CHROMATID SEPARATION%GOBP%GO:0010965		53	0.41691107	1.3129013	0.08482871	0.44902	1.0	2335	tags=34%, list=21%, signal=43%	
NOTCH%NETPATH%NOTCH	NOTCH%NETPATH%NOTCH		41	0.43230134	1.3125557	0.07345576	0.4493545	1.0	1723	tags=22%, list=16%, signal=26%	
PID_CDC42_REG_PATHWAY%MSIGDB_C2%PID_CDC42_REG_PATHWAY	PID_CDC42_REG_PATHWAY%MSIGDB_C2%PID_CDC42_REG_PATHWAY		19	0.5083176	1.3123952	0.14212328	0.449161	1.0	2976	tags=47%, list=27%, signal=65%	
FRUCTOSE-1,6-DIPHOSPHATASE DEFICIENCY%SMPDB%SMP0000562	FRUCTOSE-1,6-DIPHOSPHATASE DEFICIENCY%SMPDB%SMP0000562		17	0.5319014	1.3116657	0.13184932	0.45058474	1.0	2016	tags=35%, list=18%, signal=43%	
KEAP1-NFE2L2 PATHWAY%REACTOME%R-HSA-9755511.5	KEAP1-NFE2L2 PATHWAY%REACTOME%R-HSA-9755511.5		99	0.37291166	1.3116416	0.048742138	0.45005396	1.0	2787	tags=35%, list=25%, signal=47%	
NEGATIVE REGULATION OF EPIDERMAL GROWTH FACTOR RECEPTOR SIGNALING PATHWAY%GOBP%GO:0042059	NEGATIVE REGULATION OF EPIDERMAL GROWTH FACTOR RECEPTOR SIGNALING PATHWAY%GOBP%GO:0042059		15	0.53742564	1.3116274	0.1377551	0.44948435	1.0	4375	tags=67%, list=40%, signal=111%	
REGULATION OF VACUOLE ORGANIZATION%GOBP%GO:0044088	REGULATION OF VACUOLE ORGANIZATION%GOBP%GO:0044088		44	0.4341965	1.3115921	0.09787928	0.44898155	1.0	1405	tags=25%, list=13%, signal=29%	
EXTRINSIC APOPTOTIC SIGNALING PATHWAY%GOBP%GO:0097191	EXTRINSIC APOPTOTIC SIGNALING PATHWAY%GOBP%GO:0097191		54	0.40569562	1.3114607	0.075885326	0.44875616	1.0	2781	tags=33%, list=25%, signal=44%	
POSITIVE REGULATION OF LYMPHOCYTE MEDIATED IMMUNITY%GOBP%GO:0002708	POSITIVE REGULATION OF LYMPHOCYTE MEDIATED IMMUNITY%GOBP%GO:0002708		59	0.40505636	1.3110597	0.086538464	0.44927737	1.0	2377	tags=32%, list=22%, signal=41%	
GLYPICAN 1 NETWORK%PATHWAY INTERACTION DATABASE NCI-NATURE CURATED DATA%GLYPICAN 1 NETWORK	GLYPICAN 1 NETWORK%PATHWAY INTERACTION DATABASE NCI-NATURE CURATED DATA%GLYPICAN 1 NETWORK		17	0.52064586	1.3108085	0.14705883	0.44943193	1.0	1133	tags=35%, list=10%, signal=39%	
HIV INFECTION%REACTOME%R-HSA-162906.4	HIV INFECTION%REACTOME%R-HSA-162906.4		196	0.34447336	1.3106929	0.031866465	0.44913226	1.0	3802	tags=39%, list=35%, signal=58%	
POSITIVE REGULATION OF INTERLEUKIN-1 PRODUCTION%GOBP%GO:0032732	POSITIVE REGULATION OF INTERLEUKIN-1 PRODUCTION%GOBP%GO:0032732		41	0.4314104	1.3102726	0.094339624	0.4496547	1.0	3240	tags=49%, list=30%, signal=69%	
STEROID HORMONE RECEPTOR SIGNALING PATHWAY%GOBP%GO:0043401	STEROID HORMONE RECEPTOR SIGNALING PATHWAY%GOBP%GO:0043401		37	0.43744513	1.3095646	0.11326861	0.45094168	1.0	3702	tags=57%, list=34%, signal=85%	
NEGATIVE REGULATION OF TRANSPORT%GOBP%GO:0051051	NEGATIVE REGULATION OF TRANSPORT%GOBP%GO:0051051		188	0.34577283	1.3094244	0.021645023	0.45069423	1.0	1794	tags=27%, list=16%, signal=32%	
SMALL GTPASE-MEDIATED SIGNAL TRANSDUCTION%GOBP%GO:0007264	SMALL GTPASE-MEDIATED SIGNAL TRANSDUCTION%GOBP%GO:0007264		147	0.34981987	1.308952	0.039215688	0.45131594	1.0	2826	tags=34%, list=26%, signal=45%	
TOR SIGNALING%GOBP%GO:0031929	TOR SIGNALING%GOBP%GO:0031929		34	0.44732872	1.3087945	0.118644066	0.4511289	1.0	3630	tags=41%, list=33%, signal=61%	
RAC1 SIGNALING PATHWAY%PATHWAY INTERACTION DATABASE NCI-NATURE CURATED DATA%RAC1 SIGNALING PATHWAY	RAC1 SIGNALING PATHWAY%PATHWAY INTERACTION DATABASE NCI-NATURE CURATED DATA%RAC1 SIGNALING PATHWAY		50	0.41890934	1.3068467	0.0916955	0.4558872	1.0	1051	tags=20%, list=10%, signal=22%	
ORC1 REMOVAL FROM CHROMATIN%REACTOME%R-HSA-68949.5	ORC1 REMOVAL FROM CHROMATIN%REACTOME%R-HSA-68949.5		57	0.4071212	1.3065517	0.081125826	0.45610973	1.0	2787	tags=37%, list=25%, signal=49%	
NUCLEAR EVENTS STIMULATED BY ALK SIGNALING IN CANCER%REACTOME DATABASE ID RELEASE 93%9725371	NUCLEAR EVENTS STIMULATED BY ALK SIGNALING IN CANCER%REACTOME DATABASE ID RELEASE 93%9725371		30	0.4581567	1.306465	0.106571935	0.45573428	1.0	1484	tags=30%, list=14%, signal=35%	
REGULATION OF MUSCLE ADAPTATION%GOBP%GO:0043502	REGULATION OF MUSCLE ADAPTATION%GOBP%GO:0043502		25	0.4805519	1.3064431	0.12	0.45519856	1.0	1842	tags=32%, list=17%, signal=38%	
AGGREPHAGY%REACTOME%R-HSA-9646399.4	AGGREPHAGY%REACTOME%R-HSA-9646399.4		20	0.5077107	1.3062925	0.115	0.45499372	1.0	1654	tags=40%, list=15%, signal=47%	
CHAPERONIN-MEDIATED PROTEIN FOLDING%REACTOME DATABASE ID RELEASE 93%390466	CHAPERONIN-MEDIATED PROTEIN FOLDING%REACTOME DATABASE ID RELEASE 93%390466		62	0.39998513	1.3061893	0.08292683	0.45469654	1.0	1444	tags=19%, list=13%, signal=22%	
LYSOSOME VESICLE BIOGENESIS%REACTOME DATABASE ID RELEASE 93%432720	LYSOSOME VESICLE BIOGENESIS%REACTOME DATABASE ID RELEASE 93%432720		28	0.47101986	1.3061279	0.11333334	0.4542741	1.0	864	tags=21%, list=8%, signal=23%	
ORGANIC ACID TRANSPORT%GOBP%GO:0015849	ORGANIC ACID TRANSPORT%GOBP%GO:0015849		106	0.36630866	1.3058996	0.06521739	0.45435658	1.0	2016	tags=31%, list=18%, signal=38%	
DNA CONFORMATION CHANGE%GOBP%GO:0071103	DNA CONFORMATION CHANGE%GOBP%GO:0071103		16	0.5323373	1.3055197	0.15124555	0.45481318	1.0	2736	tags=44%, list=25%, signal=58%	
REGULATION OF ANDROGEN RECEPTOR SIGNALING PATHWAY%GOBP%GO:0060765	REGULATION OF ANDROGEN RECEPTOR SIGNALING PATHWAY%GOBP%GO:0060765		26	0.48138675	1.3049431	0.12978369	0.45589784	1.0	2769	tags=38%, list=25%, signal=51%	
NEGATIVE REGULATION OF ERK1 AND ERK2 CASCADE%GOBP%GO:0070373	NEGATIVE REGULATION OF ERK1 AND ERK2 CASCADE%GOBP%GO:0070373		36	0.43813503	1.3043358	0.10754414	0.45696974	1.0	2040	tags=31%, list=19%, signal=37%	
POSITIVE REGULATION OF CELL DEVELOPMENT%GOBP%GO:0010720	POSITIVE REGULATION OF CELL DEVELOPMENT%GOBP%GO:0010720		183	0.343504	1.3042823	0.026392963	0.4565443	1.0	2303	tags=34%, list=21%, signal=42%	
RHOV GTPASE CYCLE%REACTOME DATABASE ID RELEASE 93%9013424	RHOV GTPASE CYCLE%REACTOME DATABASE ID RELEASE 93%9013424		33	0.45565578	1.3041332	0.10659899	0.45638564	1.0	2619	tags=36%, list=24%, signal=48%	
PROTEIN DEPHOSPHORYLATION%GOBP%GO:0006470	PROTEIN DEPHOSPHORYLATION%GOBP%GO:0006470		64	0.40294546	1.3035547	0.08774834	0.45735806	1.0	1921	tags=22%, list=17%, signal=26%	
POSITIVE REGULATION OF REACTIVE OXYGEN SPECIES METABOLIC PROCESS%GOBP%GO:2000379	POSITIVE REGULATION OF REACTIVE OXYGEN SPECIES METABOLIC PROCESS%GOBP%GO:2000379		38	0.4367506	1.3035116	0.1109215	0.45688257	1.0	1349	tags=29%, list=12%, signal=33%	
POSITIVE REGULATION OF SUPRAMOLECULAR FIBER ORGANIZATION%GOBP%GO:1902905	POSITIVE REGULATION OF SUPRAMOLECULAR FIBER ORGANIZATION%GOBP%GO:1902905		96	0.37455407	1.3033608	0.055900622	0.4567145	1.0	1133	tags=20%, list=10%, signal=22%	
RHO GTPASES ACTIVATE FORMINS%REACTOME DATABASE ID RELEASE 93%5663220	RHO GTPASES ACTIVATE FORMINS%REACTOME DATABASE ID RELEASE 93%5663220		110	0.36466378	1.3027799	0.063565895	0.45766822	1.0	2720	tags=30%, list=25%, signal=39%	
DNA STRAND ELONGATION%REACTOME DATABASE ID RELEASE 93%69190	DNA STRAND ELONGATION%REACTOME DATABASE ID RELEASE 93%69190		31	0.45120454	1.3027109	0.1436077	0.45729926	1.0	2823	tags=35%, list=26%, signal=48%	
LEUKOCYTE HOMEOSTASIS%GOBP%GO:0001776	LEUKOCYTE HOMEOSTASIS%GOBP%GO:0001776		27	0.4693204	1.3026811	0.14572865	0.456786	1.0	1408	tags=30%, list=13%, signal=34%	
REGULATION OF INTERLEUKIN-1 PRODUCTION%GOBP%GO:0032652	REGULATION OF INTERLEUKIN-1 PRODUCTION%GOBP%GO:0032652		59	0.4072086	1.3026118	0.08291874	0.4563866	1.0	2226	tags=36%, list=20%, signal=44%	
REELIN SIGNALING PATHWAY%PATHWAY INTERACTION DATABASE NCI-NATURE CURATED DATA%REELIN SIGNALING PATHWAY	REELIN SIGNALING PATHWAY%PATHWAY INTERACTION DATABASE NCI-NATURE CURATED DATA%REELIN SIGNALING PATHWAY		21	0.5014471	1.3020357	0.13043478	0.45742613	1.0	3614	tags=43%, list=33%, signal=64%	
ESTABLISHMENT OF MITOTIC SPINDLE LOCALIZATION%GOBP%GO:0040001	ESTABLISHMENT OF MITOTIC SPINDLE LOCALIZATION%GOBP%GO:0040001		29	0.4578832	1.3015909	0.11072665	0.45807275	1.0	2700	tags=38%, list=25%, signal=50%	
SWITCHING OF ORIGINS TO A POST-REPLICATIVE STATE%REACTOME DATABASE ID RELEASE 93%69052	SWITCHING OF ORIGINS TO A POST-REPLICATIVE STATE%REACTOME DATABASE ID RELEASE 93%69052		78	0.3865529	1.301399	0.07573416	0.45803455	1.0	2787	tags=36%, list=25%, signal=48%	
PID_HES_HEY_PATHWAY%MSIGDB_C2%PID_HES_HEY_PATHWAY	PID_HES_HEY_PATHWAY%MSIGDB_C2%PID_HES_HEY_PATHWAY		29	0.46474692	1.3009578	0.14900662	0.45858398	1.0	3418	tags=52%, list=31%, signal=75%	
IL7 SIGNALING%WIKIPATHWAYS_20250810%WP205%HOMO SAPIENS	IL7 SIGNALING%WIKIPATHWAYS_20250810%WP205%HOMO SAPIENS		17	0.5263743	1.3006656	0.13869864	0.45878613	1.0	1453	tags=29%, list=13%, signal=34%	
REGULATION OF MACROPHAGE ACTIVATION%GOBP%GO:0043030	REGULATION OF MACROPHAGE ACTIVATION%GOBP%GO:0043030		24	0.48880178	1.3005358	0.14136125	0.45857123	1.0	3512	tags=54%, list=32%, signal=79%	
HALLMARK_E2F_TARGETS%MSIGDBHALLMARK%HALLMARK_E2F_TARGETS	HALLMARK_E2F_TARGETS%MSIGDBHALLMARK%HALLMARK_E2F_TARGETS		160	0.35164407	1.3000423	0.03671072	0.4593495	1.0	2897	tags=32%, list=26%, signal=43%	
REGULATION OF PROTEIN LOCALIZATION TO NUCLEUS%GOBP%GO:1900180	REGULATION OF PROTEIN LOCALIZATION TO NUCLEUS%GOBP%GO:1900180		85	0.38038266	1.2996322	0.073131956	0.4599005	1.0	3674	tags=44%, list=33%, signal=65%	
OXYGEN-DEPENDENT PROLINE HYDROXYLATION OF HYPOXIA-INDUCIBLE FACTOR ALPHA%REACTOME DATABASE ID RELEASE 93%1234176	OXYGEN-DEPENDENT PROLINE HYDROXYLATION OF HYPOXIA-INDUCIBLE FACTOR ALPHA%REACTOME DATABASE ID RELEASE 93%1234176		49	0.41558042	1.2992462	0.095846646	0.4603832	1.0	2787	tags=33%, list=25%, signal=44%	
SARS CORONAVIRUS AND INNATE IMMUNITY%WIKIPATHWAYS_20250810%WP4912%HOMO SAPIENS	SARS CORONAVIRUS AND INNATE IMMUNITY%WIKIPATHWAYS_20250810%WP4912%HOMO SAPIENS		15	0.54705894	1.2991315	0.14408234	0.46009827	1.0	2727	tags=53%, list=25%, signal=71%	
PROTON TRANSMEMBRANE TRANSPORT%GOBP%GO:1902600	PROTON TRANSMEMBRANE TRANSPORT%GOBP%GO:1902600		37	0.44076422	1.2987326	0.108474575	0.46064454	1.0	1954	tags=32%, list=18%, signal=39%	
MONOATOMIC ANION TRANSMEMBRANE TRANSPORT%GOBP%GO:0098656	MONOATOMIC ANION TRANSMEMBRANE TRANSPORT%GOBP%GO:0098656		27	0.46138343	1.298552	0.14357261	0.46056277	1.0	1513	tags=33%, list=14%, signal=39%	
REGULATION OF VIRAL GENOME REPLICATION%GOBP%GO:0045069	REGULATION OF VIRAL GENOME REPLICATION%GOBP%GO:0045069		58	0.40871385	1.2979949	0.096875	0.4614713	1.0	2559	tags=36%, list=23%, signal=47%	
NUCLEAR RECEPTOR-MEDIATED STEROID HORMONE SIGNALING PATHWAY%GOBP%GO:0030518	NUCLEAR RECEPTOR-MEDIATED STEROID HORMONE SIGNALING PATHWAY%GOBP%GO:0030518		36	0.43768972	1.297624	0.1079258	0.46194893	1.0	3702	tags=58%, list=34%, signal=88%	
WARBURG EFFECT%PATHWHIZ%PW000630	WARBURG EFFECT%PATHWHIZ%PW000630		40	0.43041754	1.2975584	0.11876076	0.46155378	1.0	3609	tags=45%, list=33%, signal=67%	
ATTACHMENT OF SPINDLE MICROTUBULES TO KINETOCHORE%GOBP%GO:0008608	ATTACHMENT OF SPINDLE MICROTUBULES TO KINETOCHORE%GOBP%GO:0008608		31	0.452363	1.297406	0.118892506	0.4613948	1.0	2335	tags=29%, list=21%, signal=37%	
POSITIVE REGULATION OF HEMOPOIESIS%GOBP%GO:1903708	POSITIVE REGULATION OF HEMOPOIESIS%GOBP%GO:1903708		110	0.36525017	1.2965902	0.062407132	0.46308705	1.0	2707	tags=43%, list=25%, signal=56%	
POSITIVE REGULATION OF CELL CYCLE PHASE TRANSITION%GOBP%GO:1901989	POSITIVE REGULATION OF CELL CYCLE PHASE TRANSITION%GOBP%GO:1901989		73	0.39321777	1.2963604	0.1028481	0.4631713	1.0	3083	tags=45%, list=28%, signal=62%	
NEGATIVE REGULATION OF CHROMOSOME SEGREGATION%GOBP%GO:0051985	NEGATIVE REGULATION OF CHROMOSOME SEGREGATION%GOBP%GO:0051985		28	0.46043015	1.2956938	0.12251656	0.4643656	1.0	3601	tags=50%, list=33%, signal=74%	
REGULATED NECROSIS%REACTOME%R-HSA-5218859.6	REGULATED NECROSIS%REACTOME%R-HSA-5218859.6		47	0.41741106	1.2955142	0.09484193	0.46427456	1.0	1825	tags=34%, list=17%, signal=41%	
DETECTION OF STIMULUS%GOBP%GO:0051606	DETECTION OF STIMULUS%GOBP%GO:0051606		67	0.3895829	1.2952503	0.092257	0.46446365	1.0	3389	tags=43%, list=31%, signal=62%	
MATURATION OF SPIKE PROTEIN%REACTOME%R-HSA-9694548.5	MATURATION OF SPIKE PROTEIN%REACTOME%R-HSA-9694548.5		34	0.43956318	1.2951891	0.112227805	0.4640529	1.0	2478	tags=41%, list=23%, signal=53%	
REGULATION OF LAMELLIPODIUM ASSEMBLY%GOBP%GO:0010591	REGULATION OF LAMELLIPODIUM ASSEMBLY%GOBP%GO:0010591		26	0.47441128	1.2950889	0.13445379	0.46375778	1.0	2000	tags=35%, list=18%, signal=42%	
PROTEIN INSERTION INTO ER MEMBRANE%GOBP%GO:0045048	PROTEIN INSERTION INTO ER MEMBRANE%GOBP%GO:0045048		25	0.48533288	1.2949272	0.14358975	0.46365166	1.0	1388	tags=28%, list=13%, signal=32%	
TUMOR NECROSIS FACTOR-MEDIATED SIGNALING PATHWAY%GOBP%GO:0033209	TUMOR NECROSIS FACTOR-MEDIATED SIGNALING PATHWAY%GOBP%GO:0033209		34	0.4376919	1.2948375	0.13028169	0.46328667	1.0	2109	tags=32%, list=19%, signal=40%	
POSITIVE REGULATION OF LYMPHOCYTE DIFFERENTIATION%GOBP%GO:0045621	POSITIVE REGULATION OF LYMPHOCYTE DIFFERENTIATION%GOBP%GO:0045621		81	0.37935907	1.2945533	0.06800618	0.46351865	1.0	1841	tags=32%, list=17%, signal=38%	
NEGATIVE REGULATION OF MITOTIC NUCLEAR DIVISION%GOBP%GO:0045839	NEGATIVE REGULATION OF MITOTIC NUCLEAR DIVISION%GOBP%GO:0045839		31	0.44974452	1.2936597	0.13028765	0.46556798	1.0	2595	tags=35%, list=24%, signal=46%	
TOLL RECEPTOR SIGNALING PATHWAY%PANTHER PATHWAY%P00054	TOLL RECEPTOR SIGNALING PATHWAY%PANTHER PATHWAY%P00054		32	0.45361254	1.2934301	0.1270903	0.46557206	1.0	3012	tags=38%, list=27%, signal=52%	
NUCLEOTIDE-SUGAR METABOLIC PROCESS%GOBP%GO:0009225	NUCLEOTIDE-SUGAR METABOLIC PROCESS%GOBP%GO:0009225		32	0.4484504	1.2929517	0.12864494	0.4663326	1.0	1765	tags=28%, list=16%, signal=33%	
REGULATION OF MITOTIC METAPHASE/ANAPHASE TRANSITION%GOBP%GO:0030071	REGULATION OF MITOTIC METAPHASE/ANAPHASE TRANSITION%GOBP%GO:0030071		79	0.3806457	1.2929405	0.083333336	0.4657746	1.0	2595	tags=34%, list=24%, signal=44%	
DEFECTS IN TOLL-LIKE RECEPTOR CASCADES%REACTOME%R-HSA-5602358.5	DEFECTS IN TOLL-LIKE RECEPTOR CASCADES%REACTOME%R-HSA-5602358.5		23	0.4748448	1.2926717	0.1338983	0.4659166	1.0	2342	tags=35%, list=21%, signal=44%	
POSITIVE REGULATION OF APOPTOTIC SIGNALING PATHWAY%GOBP%GO:2001235	POSITIVE REGULATION OF APOPTOTIC SIGNALING PATHWAY%GOBP%GO:2001235		63	0.39105257	1.292523	0.0960912	0.46576688	1.0	1578	tags=24%, list=14%, signal=28%	
INTERLEUKIN-1 SIGNALING%REACTOME%R-HSA-9020702.4	INTERLEUKIN-1 SIGNALING%REACTOME%R-HSA-9020702.4		91	0.37537664	1.2922771	0.07605178	0.46588337	1.0	2787	tags=34%, list=25%, signal=45%	
COPII-COATED VESICLE CARGO LOADING%GOBP%GO:0090110	COPII-COATED VESICLE CARGO LOADING%GOBP%GO:0090110		16	0.51876855	1.2918463	0.13485114	0.4664524	1.0	4431	tags=50%, list=40%, signal=84%	
REGULATION OF T CELL PROLIFERATION%GOBP%GO:0042129	REGULATION OF T CELL PROLIFERATION%GOBP%GO:0042129		74	0.389111	1.2915916	0.08813559	0.46654555	1.0	1454	tags=26%, list=13%, signal=29%	
CD28 CO-STIMULATION%REACTOME DATABASE ID RELEASE 93%389356	CD28 CO-STIMULATION%REACTOME DATABASE ID RELEASE 93%389356		40	0.4269448	1.2914834	0.113673806	0.46627426	1.0	1668	tags=28%, list=15%, signal=32%	
MITOTIC CELL CYCLE CHECKPOINT SIGNALING%GOBP%GO:0007093	MITOTIC CELL CYCLE CHECKPOINT SIGNALING%GOBP%GO:0007093		94	0.36886418	1.2912246	0.054226477	0.46642473	1.0	2223	tags=27%, list=20%, signal=33%	
ANTIMICROBIAL HUMORAL RESPONSE%GOBP%GO:0019730	ANTIMICROBIAL HUMORAL RESPONSE%GOBP%GO:0019730		35	0.4404501	1.2911566	0.11965812	0.46603483	1.0	1079	tags=31%, list=10%, signal=35%	
HALLMARK_MYOGENESIS%MSIGDBHALLMARK%HALLMARK_MYOGENESIS	HALLMARK_MYOGENESIS%MSIGDBHALLMARK%HALLMARK_MYOGENESIS		76	0.38669586	1.2899319	0.0756579	0.46891907	1.0	934	tags=22%, list=9%, signal=24%	
INTEGRIN-MEDIATED SIGNALING PATHWAY%GOBP%GO:0007229	INTEGRIN-MEDIATED SIGNALING PATHWAY%GOBP%GO:0007229		51	0.41190293	1.2899146	0.10743801	0.46839866	1.0	1840	tags=35%, list=17%, signal=42%	
SUMOYLATION OF DNA REPLICATION PROTEINS%REACTOME%R-HSA-4615885.7	SUMOYLATION OF DNA REPLICATION PROTEINS%REACTOME%R-HSA-4615885.7		42	0.42811424	1.2895206	0.09380235	0.46900022	1.0	3521	tags=50%, list=32%, signal=73%	
LATE SARS-COV-2 INFECTION EVENTS%REACTOME DATABASE ID RELEASE 93%9772573	LATE SARS-COV-2 INFECTION EVENTS%REACTOME DATABASE ID RELEASE 93%9772573		59	0.4034628	1.2886838	0.08415841	0.47084257	1.0	2478	tags=37%, list=23%, signal=48%	
NF KB SIGNALING AND ARTD FAMILY MEMBERS%WIKIPATHWAYS_20250810%WP5527%HOMO SAPIENS	NF KB SIGNALING AND ARTD FAMILY MEMBERS%WIKIPATHWAYS_20250810%WP5527%HOMO SAPIENS		23	0.48661786	1.2882552	0.14107142	0.4714229	1.0	2769	tags=48%, list=25%, signal=64%	
NEGATIVE REGULATION OF METAPHASE/ANAPHASE TRANSITION OF CELL CYCLE%GOBP%GO:1902100	NEGATIVE REGULATION OF METAPHASE/ANAPHASE TRANSITION OF CELL CYCLE%GOBP%GO:1902100		28	0.46043015	1.2878463	0.13532513	0.4719952	1.0	3601	tags=50%, list=33%, signal=74%	
T CELL ACTIVATION SARS COV 2%WIKIPATHWAYS_20250810%WP5098%HOMO SAPIENS	T CELL ACTIVATION SARS COV 2%WIKIPATHWAYS_20250810%WP5098%HOMO SAPIENS		59	0.39782143	1.2867869	0.0912	0.4743215	1.0	2189	tags=31%, list=20%, signal=38%	
DOWNSTREAM SIGNALING EVENTS OF B CELL RECEPTOR (BCR)%REACTOME%R-HSA-1168372.5	DOWNSTREAM SIGNALING EVENTS OF B CELL RECEPTOR (BCR)%REACTOME%R-HSA-1168372.5		66	0.39212725	1.2865975	0.09618574	0.47425604	1.0	2787	tags=33%, list=25%, signal=44%	
REGULATION OF MITOCHONDRION ORGANIZATION%GOBP%GO:0010821	REGULATION OF MITOCHONDRION ORGANIZATION%GOBP%GO:0010821		79	0.37327632	1.2859609	0.09214502	0.4754877	1.0	1836	tags=28%, list=17%, signal=33%	
CARBOXYLIC ACID TRANSPORT%GOBP%GO:0046942	CARBOXYLIC ACID TRANSPORT%GOBP%GO:0046942		105	0.3669119	1.285601	0.08250825	0.47593832	1.0	2016	tags=31%, list=18%, signal=38%	
IL-7%NETPATH%IL-7	IL-7%NETPATH%IL-7		18	0.50180024	1.2854638	0.16637169	0.47574383	1.0	1752	tags=28%, list=16%, signal=33%	
IBUPROFEN ACTION PATHWAY%SMPDB%SMP0000086	IBUPROFEN ACTION PATHWAY%SMPDB%SMP0000086		19	0.5039359	1.2852358	0.16014235	0.47580856	1.0	1466	tags=47%, list=13%, signal=55%	
NON SMALL CELL LUNG CANCER%WIKIPATHWAYS_20250810%WP4255%HOMO SAPIENS	NON SMALL CELL LUNG CANCER%WIKIPATHWAYS_20250810%WP4255%HOMO SAPIENS		46	0.4178389	1.2851913	0.11570248	0.4753585	1.0	1797	tags=24%, list=16%, signal=28%	
FOLATE METABOLISM%WIKIPATHWAYS_20250810%WP176%HOMO SAPIENS	FOLATE METABOLISM%WIKIPATHWAYS_20250810%WP176%HOMO SAPIENS		24	0.47395927	1.2849381	0.1557789	0.47549334	1.0	568	tags=21%, list=5%, signal=22%	
TOLL LIKE RECEPTOR 4 (TLR4) CASCADE%REACTOME DATABASE ID RELEASE 93%166016	TOLL LIKE RECEPTOR 4 (TLR4) CASCADE%REACTOME DATABASE ID RELEASE 93%166016		121	0.35626262	1.2848274	0.062121212	0.4752289	1.0	2582	tags=31%, list=24%, signal=40%	
MEIOTIC CHROMOSOME SEGREGATION%GOBP%GO:0045132	MEIOTIC CHROMOSOME SEGREGATION%GOBP%GO:0045132		26	0.46926835	1.2842023	0.12690355	0.47636488	1.0	2494	tags=42%, list=23%, signal=55%	
POSITIVE REGULATION OF LEUKOCYTE DIFFERENTIATION%GOBP%GO:1902107	POSITIVE REGULATION OF LEUKOCYTE DIFFERENTIATION%GOBP%GO:1902107		110	0.36525017	1.2837847	0.06170886	0.47691008	1.0	2707	tags=43%, list=25%, signal=56%	
POSITIVE REGULATION OF LEUKOCYTE MEDIATED IMMUNITY%GOBP%GO:0002705	POSITIVE REGULATION OF LEUKOCYTE MEDIATED IMMUNITY%GOBP%GO:0002705		73	0.3912537	1.2835903	0.08121019	0.47684962	1.0	2377	tags=34%, list=22%, signal=43%	
NEGATIVE REGULATION OF RESPONSE TO WOUNDING%GOBP%GO:1903035	NEGATIVE REGULATION OF RESPONSE TO WOUNDING%GOBP%GO:1903035		32	0.45111388	1.2831044	0.11940298	0.4776221	1.0	1219	tags=31%, list=11%, signal=35%	
FC RECEPTOR SIGNALING PATHWAY%GOBP%GO:0038093	FC RECEPTOR SIGNALING PATHWAY%GOBP%GO:0038093		39	0.4308251	1.2828982	0.09744409	0.47763065	1.0	1403	tags=28%, list=13%, signal=32%	
NEGATIVE REGULATION OF NUCLEAR DIVISION%GOBP%GO:0051784	NEGATIVE REGULATION OF NUCLEAR DIVISION%GOBP%GO:0051784		33	0.44726425	1.2824188	0.13171577	0.47838038	1.0	2595	tags=33%, list=24%, signal=44%	
REGULATION OF INTERLEUKIN-10 PRODUCTION%GOBP%GO:0032653	REGULATION OF INTERLEUKIN-10 PRODUCTION%GOBP%GO:0032653		28	0.46483904	1.2817891	0.12897527	0.47962824	1.0	2226	tags=50%, list=20%, signal=63%	
REGULATION OF MICROTUBULE NUCLEATION%GOBP%GO:0010968	REGULATION OF MICROTUBULE NUCLEATION%GOBP%GO:0010968		15	0.5329707	1.2812253	0.1614679	0.48068234	1.0	4227	tags=67%, list=38%, signal=108%	
UNFOLDED PROTEIN RESPONSE (UPR)%REACTOME DATABASE ID RELEASE 93%381119	UNFOLDED PROTEIN RESPONSE (UPR)%REACTOME DATABASE ID RELEASE 93%381119		84	0.3719961	1.280941	0.071207434	0.48085544	1.0	2141	tags=29%, list=19%, signal=35%	
COREGULATION OF ANDROGEN RECEPTOR ACTIVITY%PATHWAY INTERACTION DATABASE NCI-NATURE CURATED DATA%COREGULATION OF ANDROGEN RECEPTOR ACTIVITY	COREGULATION OF ANDROGEN RECEPTOR ACTIVITY%PATHWAY INTERACTION DATABASE NCI-NATURE CURATED DATA%COREGULATION OF ANDROGEN RECEPTOR ACTIVITY		52	0.4054176	1.2803766	0.11145997	0.48182502	1.0	1804	tags=25%, list=16%, signal=30%	
SPINDLE LOCALIZATION%GOBP%GO:0051653	SPINDLE LOCALIZATION%GOBP%GO:0051653		38	0.42708266	1.2800733	0.1239531	0.48207554	1.0	2767	tags=45%, list=25%, signal=60%	
BACTERIAL INFECTION PATHWAYS%REACTOME%R-HSA-9824439.2	BACTERIAL INFECTION PATHWAYS%REACTOME%R-HSA-9824439.2		55	0.39937103	1.2797221	0.09223301	0.48247725	1.0	1654	tags=25%, list=15%, signal=30%	
INTERLEUKIN-12 FAMILY SIGNALING%REACTOME%R-HSA-447115.7	INTERLEUKIN-12 FAMILY SIGNALING%REACTOME%R-HSA-447115.7		43	0.41433597	1.2795752	0.13682432	0.48229492	1.0	2767	tags=37%, list=25%, signal=50%	
PAR1-MEDIATED THROMBIN SIGNALING EVENTS%PATHWAY INTERACTION DATABASE NCI-NATURE CURATED DATA%PAR1-MEDIATED THROMBIN SIGNALING EVENTS	PAR1-MEDIATED THROMBIN SIGNALING EVENTS%PATHWAY INTERACTION DATABASE NCI-NATURE CURATED DATA%PAR1-MEDIATED THROMBIN SIGNALING EVENTS		35	0.442278	1.2794623	0.1216	0.482025	1.0	1620	tags=31%, list=15%, signal=37%	
DOWNSTREAM SIGNALING IN NAIVE CD8+ T CELLS%PATHWAY INTERACTION DATABASE NCI-NATURE CURATED DATA%DOWNSTREAM SIGNALING IN NAIVE CD8+ T CELLS	DOWNSTREAM SIGNALING IN NAIVE CD8+ T CELLS%PATHWAY INTERACTION DATABASE NCI-NATURE CURATED DATA%DOWNSTREAM SIGNALING IN NAIVE CD8+ T CELLS		38	0.43271106	1.2790197	0.108766235	0.48267186	1.0	1604	tags=29%, list=15%, signal=34%	
T CELL RECEPTOR SIGNALING%WIKIPATHWAYS_20250810%WP69%HOMO SAPIENS	T CELL RECEPTOR SIGNALING%WIKIPATHWAYS_20250810%WP69%HOMO SAPIENS		57	0.39904505	1.2783281	0.11664075	0.483988	1.0	1399	tags=21%, list=13%, signal=24%	
RESPIRATORY SYNCYTIAL VIRUS INFECTION PATHWAY%REACTOME%R-HSA-9820952.2	RESPIRATORY SYNCYTIAL VIRUS INFECTION PATHWAY%REACTOME%R-HSA-9820952.2		88	0.36879316	1.2781347	0.073846154	0.48394555	1.0	3107	tags=41%, list=28%, signal=57%	
APOPTOSIS%WIKIPATHWAYS_20250810%WP254%HOMO SAPIENS	APOPTOSIS%WIKIPATHWAYS_20250810%WP254%HOMO SAPIENS		62	0.39198053	1.2776812	0.102106966	0.48465008	1.0	2602	tags=39%, list=24%, signal=50%	
MYD88 CASCADE INITIATED ON PLASMA MEMBRANE%REACTOME DATABASE ID RELEASE 93%975871	MYD88 CASCADE INITIATED ON PLASMA MEMBRANE%REACTOME DATABASE ID RELEASE 93%975871		86	0.37244046	1.2771195	0.07633588	0.48572412	1.0	2580	tags=28%, list=23%, signal=36%	
NEGATIVE REGULATION OF CHROMOSOME SEPARATION%GOBP%GO:1905819	NEGATIVE REGULATION OF CHROMOSOME SEPARATION%GOBP%GO:1905819		28	0.46043015	1.2770804	0.12784588	0.4852686	1.0	3601	tags=50%, list=33%, signal=74%	
REGULATORY CIRCUITS OF STAT3 SIGNALING%WIKIPATHWAYS_20250810%WP4538%HOMO SAPIENS	REGULATORY CIRCUITS OF STAT3 SIGNALING%WIKIPATHWAYS_20250810%WP4538%HOMO SAPIENS		48	0.41153893	1.2766665	0.11525974	0.48589003	1.0	2607	tags=33%, list=24%, signal=44%	
EML4 AND NUDC IN MITOTIC SPINDLE FORMATION%REACTOME DATABASE ID RELEASE 93%9648025	EML4 AND NUDC IN MITOTIC SPINDLE FORMATION%REACTOME DATABASE ID RELEASE 93%9648025		91	0.37223953	1.2763425	0.08108108	0.48624215	1.0	2720	tags=30%, list=25%, signal=39%	
RSV-HOST INTERACTIONS%REACTOME%R-HSA-9833110.2	RSV-HOST INTERACTIONS%REACTOME%R-HSA-9833110.2		67	0.38434184	1.27612	0.0992	0.48632517	1.0	3107	tags=40%, list=28%, signal=56%	
SECRETION%GOBP%GO:0046903	SECRETION%GOBP%GO:0046903		180	0.33517727	1.2746738	0.05263158	0.4899246	1.0	2346	tags=31%, list=21%, signal=39%	
RESOLUTION OF SISTER CHROMATID COHESION%REACTOME DATABASE ID RELEASE 93%2500257	RESOLUTION OF SISTER CHROMATID COHESION%REACTOME DATABASE ID RELEASE 93%2500257		100	0.36708903	1.2741146	0.08396947	0.49097377	1.0	2720	tags=29%, list=25%, signal=38%	
ASYMMETRIC LOCALIZATION OF PCP PROTEINS%REACTOME%R-HSA-4608870.3	ASYMMETRIC LOCALIZATION OF PCP PROTEINS%REACTOME%R-HSA-4608870.3		46	0.40944037	1.2740949	0.13255033	0.49046132	1.0	1790	tags=24%, list=16%, signal=28%	
DISEASES OF IMMUNE SYSTEM%REACTOME%R-HSA-5260271.5	DISEASES OF IMMUNE SYSTEM%REACTOME%R-HSA-5260271.5		23	0.4748448	1.2734615	0.1634103	0.4917007	1.0	2342	tags=35%, list=21%, signal=44%	
SYNDECAN-1-MEDIATED SIGNALING EVENTS%PATHWAY INTERACTION DATABASE NCI-NATURE CURATED DATA%SYNDECAN-1-MEDIATED SIGNALING EVENTS	SYNDECAN-1-MEDIATED SIGNALING EVENTS%PATHWAY INTERACTION DATABASE NCI-NATURE CURATED DATA%SYNDECAN-1-MEDIATED SIGNALING EVENTS		15	0.5257391	1.2719784	0.16722408	0.49533993	1.0	1671	tags=40%, list=15%, signal=47%	
DNA-TEMPLATED TRANSCRIPTION ELONGATION%GOBP%GO:0006354	DNA-TEMPLATED TRANSCRIPTION ELONGATION%GOBP%GO:0006354		38	0.42883232	1.2716503	0.13945578	0.49570364	1.0	3075	tags=32%, list=28%, signal=44%	
POSITIVE REGULATION OF TRANSLATIONAL INITIATION%GOBP%GO:0045948	POSITIVE REGULATION OF TRANSLATIONAL INITIATION%GOBP%GO:0045948		19	0.4968118	1.271379	0.14946619	0.49585983	1.0	2502	tags=32%, list=23%, signal=41%	
SPLICING FACTOR NOVA REGULATED SYNAPTIC PROTEINS%WIKIPATHWAYS_20250810%WP4148%HOMO SAPIENS	SPLICING FACTOR NOVA REGULATED SYNAPTIC PROTEINS%WIKIPATHWAYS_20250810%WP4148%HOMO SAPIENS		15	0.5375154	1.2710584	0.18453427	0.4961385	1.0	1215	tags=27%, list=11%, signal=30%	
PHAGOSOME MATURATION%GOBP%GO:0090382	PHAGOSOME MATURATION%GOBP%GO:0090382		16	0.52461016	1.2709442	0.16428572	0.49589306	1.0	284	tags=19%, list=3%, signal=19%	
SECRETION BY CELL%GOBP%GO:0032940	SECRETION BY CELL%GOBP%GO:0032940		164	0.34011835	1.2701727	0.0612855	0.49748844	1.0	2149	tags=30%, list=20%, signal=37%	
PID_P73PATHWAY%MSIGDB_C2%PID_P73PATHWAY	PID_P73PATHWAY%MSIGDB_C2%PID_P73PATHWAY		52	0.3948556	1.2699207	0.11804385	0.49763215	1.0	1890	tags=37%, list=17%, signal=44%	
NEURON PROJECTION EXTENSION%GOBP%GO:1990138	NEURON PROJECTION EXTENSION%GOBP%GO:1990138		22	0.48276663	1.2695702	0.15474209	0.4980793	1.0	2037	tags=27%, list=19%, signal=33%	
GOLGI-TO-ER RETROGRADE TRANSPORT%REACTOME DATABASE ID RELEASE 93%8856688	GOLGI-TO-ER RETROGRADE TRANSPORT%REACTOME DATABASE ID RELEASE 93%8856688		99	0.36435595	1.2695354	0.084935896	0.49759024	1.0	2702	tags=35%, list=25%, signal=46%	
FCGR3A-MEDIATED IL10 SYNTHESIS%REACTOME%R-HSA-9664323.3	FCGR3A-MEDIATED IL10 SYNTHESIS%REACTOME%R-HSA-9664323.3		30	0.44888124	1.269493	0.12913907	0.49712256	1.0	1263	tags=27%, list=11%, signal=30%	
HALLMARK_TGF_BETA_SIGNALING%MSIGDBHALLMARK%HALLMARK_TGF_BETA_SIGNALING	HALLMARK_TGF_BETA_SIGNALING%MSIGDBHALLMARK%HALLMARK_TGF_BETA_SIGNALING		36	0.43262592	1.2689914	0.14695945	0.49796015	1.0	2377	tags=36%, list=22%, signal=46%	
HALLMARK_UNFOLDED_PROTEIN_RESPONSE%MSIGDBHALLMARK%HALLMARK_UNFOLDED_PROTEIN_RESPONSE	HALLMARK_UNFOLDED_PROTEIN_RESPONSE%MSIGDBHALLMARK%HALLMARK_UNFOLDED_PROTEIN_RESPONSE		88	0.36660278	1.2688305	0.094801225	0.49785545	1.0	1566	tags=18%, list=14%, signal=21%	
NEGATIVE REGULATION OF TELOMERE MAINTENANCE%GOBP%GO:0032205	NEGATIVE REGULATION OF TELOMERE MAINTENANCE%GOBP%GO:0032205		29	0.45331407	1.2685046	0.14784053	0.49816453	1.0	1288	tags=21%, list=12%, signal=23%	
CAMKK2 PATHWAY%WIKIPATHWAYS_20250810%WP4874%HOMO SAPIENS	CAMKK2 PATHWAY%WIKIPATHWAYS_20250810%WP4874%HOMO SAPIENS		66	0.38426313	1.2675499	0.10714286	0.5002488	1.0	2833	tags=45%, list=26%, signal=61%	
POSITIVE REGULATION OF T CELL MEDIATED IMMUNITY%GOBP%GO:0002711	POSITIVE REGULATION OF T CELL MEDIATED IMMUNITY%GOBP%GO:0002711		39	0.4196523	1.2669983	0.12962963	0.501234	1.0	2222	tags=36%, list=20%, signal=45%	
NUCLEAR MIGRATION%GOBP%GO:0007097	NUCLEAR MIGRATION%GOBP%GO:0007097		19	0.49266288	1.2667435	0.18319328	0.50139254	1.0	2510	tags=37%, list=23%, signal=48%	
POSITIVE REGULATION OF STEROL TRANSPORT%GOBP%GO:0032373	POSITIVE REGULATION OF STEROL TRANSPORT%GOBP%GO:0032373		17	0.50427496	1.2665025	0.18871252	0.5015213	1.0	973	tags=35%, list=9%, signal=39%	
BARBED-END ACTIN FILAMENT CAPPING%GOBP%GO:0051016	BARBED-END ACTIN FILAMENT CAPPING%GOBP%GO:0051016		16	0.510822	1.2661276	0.16666667	0.5020253	1.0	1876	tags=38%, list=17%, signal=45%	
NEGATIVE REGULATION OF NUCLEOCYTOPLASMIC TRANSPORT%GOBP%GO:0046823	NEGATIVE REGULATION OF NUCLEOCYTOPLASMIC TRANSPORT%GOBP%GO:0046823		16	0.51917326	1.2661269	0.18518518	0.50145406	1.0	3356	tags=69%, list=31%, signal=99%	
TOLL LIKE RECEPTOR 5 (TLR5) CASCADE%REACTOME DATABASE ID RELEASE 93%168176	TOLL LIKE RECEPTOR 5 (TLR5) CASCADE%REACTOME DATABASE ID RELEASE 93%168176		86	0.37244046	1.2660847	0.118644066	0.50101763	1.0	2580	tags=28%, list=23%, signal=36%	
NEGATIVE REGULATION OF T CELL ACTIVATION%GOBP%GO:0050868	NEGATIVE REGULATION OF T CELL ACTIVATION%GOBP%GO:0050868		58	0.39324188	1.2653588	0.11831442	0.5025622	1.0	2279	tags=31%, list=21%, signal=39%	
TOLL LIKE RECEPTOR 10 (TLR10) CASCADE%REACTOME%R-HSA-168142.3	TOLL LIKE RECEPTOR 10 (TLR10) CASCADE%REACTOME%R-HSA-168142.3		86	0.37244046	1.2650869	0.099224806	0.50270027	1.0	2580	tags=28%, list=23%, signal=36%	
REGULATION OF SEQUESTERING OF CALCIUM ION%GOBP%GO:0051282	REGULATION OF SEQUESTERING OF CALCIUM ION%GOBP%GO:0051282		51	0.40495792	1.264886	0.12941177	0.50271	1.0	2782	tags=45%, list=25%, signal=60%	
POSITIVE REGULATION OF CELL-SUBSTRATE JUNCTION ORGANIZATION%GOBP%GO:0150117	POSITIVE REGULATION OF CELL-SUBSTRATE JUNCTION ORGANIZATION%GOBP%GO:0150117		19	0.4849748	1.2640468	0.16784452	0.5044925	1.0	544	tags=21%, list=5%, signal=22%	
POSITIVE REGULATION OF LIPID TRANSPORT%GOBP%GO:0032370	POSITIVE REGULATION OF LIPID TRANSPORT%GOBP%GO:0032370		29	0.4443146	1.2637086	0.14285715	0.5049198	1.0	1909	tags=41%, list=17%, signal=50%	
RESPONSE OF MTB TO PHAGOCYTOSIS%REACTOME DATABASE ID RELEASE 93%9637690	RESPONSE OF MTB TO PHAGOCYTOSIS%REACTOME DATABASE ID RELEASE 93%9637690		20	0.4925118	1.2636793	0.1685761	0.50442713	1.0	1654	tags=25%, list=15%, signal=29%	
NEGATIVE REGULATION OF CELL-SUBSTRATE ADHESION%GOBP%GO:0010812	NEGATIVE REGULATION OF CELL-SUBSTRATE ADHESION%GOBP%GO:0010812		32	0.4396758	1.2635379	0.1641286	0.50426805	1.0	2200	tags=38%, list=20%, signal=47%	
SENSORY PERCEPTION OF LIGHT STIMULUS%GOBP%GO:0050953	SENSORY PERCEPTION OF LIGHT STIMULUS%GOBP%GO:0050953		40	0.41733256	1.2631726	0.13843648	0.504762	1.0	1254	tags=23%, list=11%, signal=25%	
PID_PI3KCI_AKT_PATHWAY%MSIGDB_C2%PID_PI3KCI_AKT_PATHWAY	PID_PI3KCI_AKT_PATHWAY%MSIGDB_C2%PID_PI3KCI_AKT_PATHWAY		26	0.45858893	1.2629472	0.16410257	0.50486106	1.0	2912	tags=42%, list=27%, signal=57%	
FOXO-MEDIATED TRANSCRIPTION OF OXIDATIVE STRESS, METABOLIC AND NEURONAL GENES%REACTOME%R-HSA-9615017.2	FOXO-MEDIATED TRANSCRIPTION OF OXIDATIVE STRESS, METABOLIC AND NEURONAL GENES%REACTOME%R-HSA-9615017.2		19	0.49447218	1.2629397	0.16928446	0.5043112	1.0	1446	tags=26%, list=13%, signal=30%	
B CELL ACTIVATION%PANTHER PATHWAY%P00010	B CELL ACTIVATION%PANTHER PATHWAY%P00010		51	0.40574718	1.2622405	0.1281198	0.50578177	1.0	1728	tags=24%, list=16%, signal=28%	
EFFECT OF OMEGA 3 PUFA ON HUNTINGTON 39 S DISEASE PATHWAYS%WIKIPATHWAYS_20250810%WP5470%HOMO SAPIENS	EFFECT OF OMEGA 3 PUFA ON HUNTINGTON 39 S DISEASE PATHWAYS%WIKIPATHWAYS_20250810%WP5470%HOMO SAPIENS		66	0.38087377	1.261315	0.11147011	0.50786906	1.0	1578	tags=20%, list=14%, signal=23%	
POSITIVE REGULATION OF LIPID LOCALIZATION%GOBP%GO:1905954	POSITIVE REGULATION OF LIPID LOCALIZATION%GOBP%GO:1905954		37	0.42521384	1.2604313	0.1383855	0.509872	1.0	1909	tags=41%, list=17%, signal=49%	
BONE DEVELOPMENT%GOBP%GO:0060348	BONE DEVELOPMENT%GOBP%GO:0060348		40	0.41455248	1.2584679	0.164076	0.514904	1.0	637	tags=18%, list=6%, signal=19%	
AMPLIFICATION OF SIGNAL FROM THE KINETOCHORES%REACTOME%R-HSA-141424.4	AMPLIFICATION OF SIGNAL FROM THE KINETOCHORES%REACTOME%R-HSA-141424.4		87	0.3635657	1.2579192	0.08675079	0.51592386	1.0	2720	tags=29%, list=25%, signal=38%	
SIGNALING BY MET%REACTOME%R-HSA-6806834.4	SIGNALING BY MET%REACTOME%R-HSA-6806834.4		46	0.40568206	1.2576064	0.12258065	0.5162537	1.0	1271	tags=26%, list=12%, signal=29%	
NEGATIVE REGULATION OF ERBB SIGNALING PATHWAY%GOBP%GO:1901185	NEGATIVE REGULATION OF ERBB SIGNALING PATHWAY%GOBP%GO:1901185		19	0.48977682	1.2575408	0.17758621	0.5158544	1.0	1332	tags=21%, list=12%, signal=24%	
REGULATION OF AUTOPHAGOSOME ASSEMBLY%GOBP%GO:2000785	REGULATION OF AUTOPHAGOSOME ASSEMBLY%GOBP%GO:2000785		35	0.43159887	1.2571516	0.1442786	0.5163924	1.0	1405	tags=20%, list=13%, signal=23%	
REGULATION OF MONOATOMIC ION TRANSPORT%GOBP%GO:0043269	REGULATION OF MONOATOMIC ION TRANSPORT%GOBP%GO:0043269		137	0.34266773	1.2570727	0.07566766	0.51604706	1.0	1794	tags=23%, list=16%, signal=28%	
REGULATION OF MUSCLE HYPERTROPHY%GOBP%GO:0014743	REGULATION OF MUSCLE HYPERTROPHY%GOBP%GO:0014743		21	0.47760397	1.256831	0.17039587	0.516214	1.0	1842	tags=29%, list=17%, signal=34%	
CYTOSKELETAL REGULATION BY RHO GTPASE%PANTHER PATHWAY%P00016	CYTOSKELETAL REGULATION BY RHO GTPASE%PANTHER PATHWAY%P00016		34	0.43542033	1.2565106	0.1537133	0.516524	1.0	852	tags=21%, list=8%, signal=22%	
ACTIN FILAMENT CAPPING%GOBP%GO:0051693	ACTIN FILAMENT CAPPING%GOBP%GO:0051693		16	0.510822	1.2561865	0.16267124	0.5169082	1.0	1876	tags=38%, list=17%, signal=45%	
NUCLEOTIDE CATABOLISM%REACTOME DATABASE ID RELEASE 93%8956319	NUCLEOTIDE CATABOLISM%REACTOME DATABASE ID RELEASE 93%8956319		19	0.4912718	1.2561158	0.17264958	0.51655304	1.0	1799	tags=47%, list=16%, signal=57%	
IL4%NETPATH%IL4	IL4%NETPATH%IL4		33	0.42937583	1.256032	0.13861386	0.51621073	1.0	2933	tags=42%, list=27%, signal=58%	
PROTEIN AUTOUBIQUITINATION%GOBP%GO:0051865	PROTEIN AUTOUBIQUITINATION%GOBP%GO:0051865		56	0.391656	1.2559714	0.12897822	0.5158303	1.0	2551	tags=29%, list=23%, signal=37%	
REGULATION OF CARDIAC MUSCLE HYPERTROPHY%GOBP%GO:0010611	REGULATION OF CARDIAC MUSCLE HYPERTROPHY%GOBP%GO:0010611		21	0.47760397	1.255734	0.1764706	0.5159522	1.0	1842	tags=29%, list=17%, signal=34%	
CERAMIDE BIOSYNTHETIC PROCESS%GOBP%GO:0046513	CERAMIDE BIOSYNTHETIC PROCESS%GOBP%GO:0046513		31	0.43907297	1.2557056	0.14930555	0.5154504	1.0	1068	tags=26%, list=10%, signal=29%	
NEGATIVE REGULATION OF PROTEIN LOCALIZATION TO CELL PERIPHERY%GOBP%GO:1904376	NEGATIVE REGULATION OF PROTEIN LOCALIZATION TO CELL PERIPHERY%GOBP%GO:1904376		20	0.47868645	1.2553492	0.15912898	0.51600057	1.0	2377	tags=40%, list=22%, signal=51%	
REGULATION OF CELLULAR EXTRAVASATION%GOBP%GO:0002691	REGULATION OF CELLULAR EXTRAVASATION%GOBP%GO:0002691		16	0.5148737	1.2548032	0.1811723	0.5170561	1.0	2906	tags=56%, list=26%, signal=76%	
T CELL ACTIVATION INVOLVED IN IMMUNE RESPONSE%GOBP%GO:0002286	T CELL ACTIVATION INVOLVED IN IMMUNE RESPONSE%GOBP%GO:0002286		38	0.42363665	1.2544804	0.16638656	0.5174586	1.0	1606	tags=32%, list=15%, signal=37%	
PID_MET_PATHWAY%MSIGDB_C2%PID_MET_PATHWAY	PID_MET_PATHWAY%MSIGDB_C2%PID_MET_PATHWAY		56	0.3964731	1.2538997	0.13112165	0.51859874	1.0	3554	tags=46%, list=32%, signal=68%	
NEGATIVE REGULATION OF LEUKOCYTE MEDIATED IMMUNITY%GOBP%GO:0002704	NEGATIVE REGULATION OF LEUKOCYTE MEDIATED IMMUNITY%GOBP%GO:0002704		32	0.43757823	1.2538037	0.15754561	0.51830083	1.0	1008	tags=19%, list=9%, signal=21%	
POSITIVE REGULATION OF TRANSPORTER ACTIVITY%GOBP%GO:0032411	POSITIVE REGULATION OF TRANSPORTER ACTIVITY%GOBP%GO:0032411		16	0.5143904	1.2529022	0.18998273	0.52025896	1.0	1382	tags=25%, list=13%, signal=29%	
PYRIDINE-CONTAINING COMPOUND METABOLIC PROCESS%GOBP%GO:0072524	PYRIDINE-CONTAINING COMPOUND METABOLIC PROCESS%GOBP%GO:0072524		76	0.373876	1.252624	0.11092715	0.52049315	1.0	1088	tags=20%, list=10%, signal=22%	
SPHINGOLIPID METABOLISM IN SENESCENCE%WIKIPATHWAYS_20250810%WP5121%HOMO SAPIENS	SPHINGOLIPID METABOLISM IN SENESCENCE%WIKIPATHWAYS_20250810%WP5121%HOMO SAPIENS		21	0.47189343	1.2524068	0.16225165	0.52055115	1.0	2015	tags=43%, list=18%, signal=52%	
MHC CLASS II ANTIGEN PRESENTATION%REACTOME DATABASE ID RELEASE 93%2132295	MHC CLASS II ANTIGEN PRESENTATION%REACTOME DATABASE ID RELEASE 93%2132295		88	0.364949	1.252228	0.10586319	0.5204684	1.0	2448	tags=34%, list=22%, signal=44%	
PID_CASPASE_PATHWAY%MSIGDB_C2%PID_CASPASE_PATHWAY	PID_CASPASE_PATHWAY%MSIGDB_C2%PID_CASPASE_PATHWAY		37	0.42408925	1.2520995	0.16420361	0.52027076	1.0	2339	tags=30%, list=21%, signal=38%	
REGULATION OF METAPHASE/ANAPHASE TRANSITION OF CELL CYCLE%GOBP%GO:1902099	REGULATION OF METAPHASE/ANAPHASE TRANSITION OF CELL CYCLE%GOBP%GO:1902099		80	0.36966914	1.2515802	0.1046875	0.52128214	1.0	2595	tags=34%, list=24%, signal=44%	
SULFUR COMPOUND TRANSPORT%GOBP%GO:0072348	SULFUR COMPOUND TRANSPORT%GOBP%GO:0072348		32	0.4311218	1.251247	0.15384616	0.5216472	1.0	1983	tags=31%, list=18%, signal=38%	
CERAMIDE METABOLIC PROCESS%GOBP%GO:0006672	CERAMIDE METABOLIC PROCESS%GOBP%GO:0006672		51	0.39634514	1.2512298	0.12374582	0.5211284	1.0	1068	tags=18%, list=10%, signal=19%	
POSITIVE REGULATION OF ENDOCYTOSIS%GOBP%GO:0045807	POSITIVE REGULATION OF ENDOCYTOSIS%GOBP%GO:0045807		82	0.37150875	1.2512115	0.09677419	0.52061415	1.0	1131	tags=29%, list=10%, signal=32%	
KERATAN SULFATE KERATIN METABOLISM%REACTOME%R-HSA-1638074.4	KERATAN SULFATE KERATIN METABOLISM%REACTOME%R-HSA-1638074.4		24	0.4595827	1.2509882	0.17118645	0.5207087	1.0	1819	tags=25%, list=17%, signal=30%	
GLYCOLYSIS%REACTOME DATABASE ID RELEASE 93%70171	GLYCOLYSIS%REACTOME DATABASE ID RELEASE 93%70171		56	0.38422176	1.2509793	0.12082671	0.5201685	1.0	2213	tags=30%, list=20%, signal=38%	
REGULATION OF INTERLEUKIN-6 PRODUCTION%GOBP%GO:0032675	REGULATION OF INTERLEUKIN-6 PRODUCTION%GOBP%GO:0032675		72	0.37979195	1.2509019	0.11642743	0.5198354	1.0	2445	tags=43%, list=22%, signal=55%	
POSITIVE REGULATION OF G2/M TRANSITION OF MITOTIC CELL CYCLE%GOBP%GO:0010971	POSITIVE REGULATION OF G2/M TRANSITION OF MITOTIC CELL CYCLE%GOBP%GO:0010971		18	0.5005498	1.2508091	0.19763513	0.5195262	1.0	3524	tags=50%, list=32%, signal=74%	
POSITIVE REGULATION OF AUTOPHAGY%GOBP%GO:0010508	POSITIVE REGULATION OF AUTOPHAGY%GOBP%GO:0010508		118	0.35144013	1.25075	0.08742331	0.5191474	1.0	1405	tags=19%, list=13%, signal=21%	
DNA REPLICATION%PANTHER PATHWAY%P00017	DNA REPLICATION%PANTHER PATHWAY%P00017		15	0.52583027	1.2506683	0.2084063	0.51881397	1.0	2718	tags=47%, list=25%, signal=62%	
INTERLEUKIN-12 SIGNALING%REACTOME%R-HSA-9020591.3	INTERLEUKIN-12 SIGNALING%REACTOME%R-HSA-9020591.3		37	0.42552087	1.250471	0.15397082	0.51889193	1.0	1096	tags=22%, list=10%, signal=24%	
POLYMERASE SWITCHING ON THE C-STRAND OF THE TELOMERE%REACTOME DATABASE ID RELEASE 93%174411	POLYMERASE SWITCHING ON THE C-STRAND OF THE TELOMERE%REACTOME DATABASE ID RELEASE 93%174411		24	0.45605785	1.2501284	0.16496599	0.5193387	1.0	2823	tags=42%, list=26%, signal=56%	
REGULATION OF BONE RESORPTION%GOBP%GO:0045124	REGULATION OF BONE RESORPTION%GOBP%GO:0045124		18	0.4948585	1.2500126	0.18561873	0.5190923	1.0	1263	tags=33%, list=11%, signal=38%	
VESICLE-MEDIATED TRANSPORT IN SYNAPSE%GOBP%GO:0099003	VESICLE-MEDIATED TRANSPORT IN SYNAPSE%GOBP%GO:0099003		55	0.39073077	1.2493836	0.1299342	0.5203393	1.0	2316	tags=44%, list=21%, signal=55%	
RHOBTB2 GTPASE CYCLE%REACTOME%R-HSA-9013418.4	RHOBTB2 GTPASE CYCLE%REACTOME%R-HSA-9013418.4		21	0.4764885	1.2489086	0.19701986	0.5211637	1.0	2080	tags=29%, list=19%, signal=35%	
METABOLIC REPROGRAMMING IN COLON CANCER%WIKIPATHWAYS_20250810%WP4290%HOMO SAPIENS	METABOLIC REPROGRAMMING IN COLON CANCER%WIKIPATHWAYS_20250810%WP4290%HOMO SAPIENS		21	0.4776304	1.2486693	0.1986755	0.5213067	1.0	1682	tags=24%, list=15%, signal=28%	
HALLMARK_MTORC1_SIGNALING%MSIGDBHALLMARK%HALLMARK_MTORC1_SIGNALING	HALLMARK_MTORC1_SIGNALING%MSIGDBHALLMARK%HALLMARK_MTORC1_SIGNALING		139	0.3391295	1.2483872	0.08936826	0.5216271	1.0	1797	tags=20%, list=16%, signal=24%	
VITAMIN B12 METABOLISM%WIKIPATHWAYS_20250810%WP1533%HOMO SAPIENS	VITAMIN B12 METABOLISM%WIKIPATHWAYS_20250810%WP1533%HOMO SAPIENS		17	0.5016133	1.2481877	0.19689119	0.521642	1.0	568	tags=18%, list=5%, signal=19%	
AMPLIFICATION OF SIGNAL FROM UNATTACHED KINETOCHORES VIA A MAD2 INHIBITORY SIGNAL%REACTOME%R-HSA-141444.4	AMPLIFICATION OF SIGNAL FROM UNATTACHED KINETOCHORES VIA A MAD2 INHIBITORY SIGNAL%REACTOME%R-HSA-141444.4		87	0.3635657	1.2479768	0.11007752	0.5216889	1.0	2720	tags=29%, list=25%, signal=38%	
REGULATION OF INTRACELLULAR ESTROGEN RECEPTOR SIGNALING PATHWAY%GOBP%GO:0033146	REGULATION OF INTRACELLULAR ESTROGEN RECEPTOR SIGNALING PATHWAY%GOBP%GO:0033146		22	0.47490007	1.2477995	0.16462347	0.5216727	1.0	1261	tags=23%, list=11%, signal=26%	
JAK STAT SIGNALING IN THE REGULATION OF BETA CELLS%WIKIPATHWAYS_20250810%WP5358%HOMO SAPIENS	JAK STAT SIGNALING IN THE REGULATION OF BETA CELLS%WIKIPATHWAYS_20250810%WP5358%HOMO SAPIENS		23	0.4624212	1.2475349	0.16925734	0.52185315	1.0	3503	tags=52%, list=32%, signal=76%	
PARKINSON 39 S DISEASE PATHWAY%WIKIPATHWAYS_20250810%WP2371%HOMO SAPIENS	PARKINSON 39 S DISEASE PATHWAY%WIKIPATHWAYS_20250810%WP2371%HOMO SAPIENS		27	0.44517487	1.2473643	0.16366611	0.5217725	1.0	1650	tags=26%, list=15%, signal=30%	
NEGATIVE REGULATION OF PROTEIN LOCALIZATION TO MEMBRANE%GOBP%GO:1905476	NEGATIVE REGULATION OF PROTEIN LOCALIZATION TO MEMBRANE%GOBP%GO:1905476		20	0.47868645	1.2472985	0.17043479	0.52140826	1.0	2377	tags=40%, list=22%, signal=51%	
PRE-NOTCH PROCESSING IN GOLGI%REACTOME DATABASE ID RELEASE 93%1912420	PRE-NOTCH PROCESSING IN GOLGI%REACTOME DATABASE ID RELEASE 93%1912420		15	0.51020914	1.2468503	0.20729685	0.5221234	1.0	1976	tags=40%, list=18%, signal=49%	
NEGATIVE REGULATION OF PROTEIN LOCALIZATION TO PLASMA MEMBRANE%GOBP%GO:1903077	NEGATIVE REGULATION OF PROTEIN LOCALIZATION TO PLASMA MEMBRANE%GOBP%GO:1903077		19	0.4952717	1.246731	0.17763157	0.5219116	1.0	2377	tags=42%, list=22%, signal=54%	
POSITIVE REGULATION OF LYMPHOCYTE PROLIFERATION%GOBP%GO:0050671	POSITIVE REGULATION OF LYMPHOCYTE PROLIFERATION%GOBP%GO:0050671		63	0.3799014	1.246522	0.10738255	0.521937	1.0	1420	tags=24%, list=13%, signal=27%	
REGULATION OF ENDOCYTOSIS%GOBP%GO:0030100	REGULATION OF ENDOCYTOSIS%GOBP%GO:0030100		157	0.33413923	1.2464409	0.065625	0.5216025	1.0	1556	tags=28%, list=14%, signal=32%	
INFECTION WITH MYCOBACTERIUM TUBERCULOSIS%REACTOME DATABASE ID RELEASE 93%9635486	INFECTION WITH MYCOBACTERIUM TUBERCULOSIS%REACTOME DATABASE ID RELEASE 93%9635486		23	0.4659207	1.2460675	0.16639479	0.52216834	1.0	2325	tags=30%, list=21%, signal=39%	
REGULATION OF NUCLEOCYTOPLASMIC TRANSPORT%GOBP%GO:0046822	REGULATION OF NUCLEOCYTOPLASMIC TRANSPORT%GOBP%GO:0046822		73	0.37419432	1.2460246	0.09618574	0.5217487	1.0	3356	tags=40%, list=31%, signal=57%	
RESPONSE TO KETONE%GOBP%GO:1901654	RESPONSE TO KETONE%GOBP%GO:1901654		39	0.42117178	1.245514	0.17109634	0.52266175	1.0	1450	tags=33%, list=13%, signal=38%	
AMINO SUGAR METABOLISM%PATHWHIZ%PW000008	AMINO SUGAR METABOLISM%PATHWHIZ%PW000008		16	0.49649665	1.2454586	0.20588236	0.5222905	1.0	2586	tags=38%, list=24%, signal=49%	
REGULATION OF LYMPHOCYTE MIGRATION%GOBP%GO:2000401	REGULATION OF LYMPHOCYTE MIGRATION%GOBP%GO:2000401		34	0.4350961	1.2452242	0.15042736	0.52243626	1.0	1705	tags=29%, list=16%, signal=35%	
DISRUPTION OF CELL IN ANOTHER ORGANISM%GOBP%GO:0141061	DISRUPTION OF CELL IN ANOTHER ORGANISM%GOBP%GO:0141061		17	0.49709144	1.2449954	0.20611916	0.5225189	1.0	2201	tags=41%, list=20%, signal=51%	
POSITIVE REGULATION OF GROWTH%GOBP%GO:0045927	POSITIVE REGULATION OF GROWTH%GOBP%GO:0045927		82	0.36744586	1.2449715	0.12179487	0.52202064	1.0	2502	tags=33%, list=23%, signal=42%	
PCNA-DEPENDENT LONG PATCH BASE EXCISION REPAIR%REACTOME%R-HSA-5651801.3	PCNA-DEPENDENT LONG PATCH BASE EXCISION REPAIR%REACTOME%R-HSA-5651801.3		20	0.48304483	1.2447467	0.1892361	0.52209663	1.0	2823	tags=35%, list=26%, signal=47%	
AMYLOID FIBER FORMATION%REACTOME%R-HSA-977225.8	AMYLOID FIBER FORMATION%REACTOME%R-HSA-977225.8		48	0.3957805	1.2444817	0.14942528	0.5222882	1.0	2222	tags=33%, list=20%, signal=42%	
NUCLEAR ENVELOPE (NE) REASSEMBLY%REACTOME DATABASE ID RELEASE 93%2995410	NUCLEAR ENVELOPE (NE) REASSEMBLY%REACTOME DATABASE ID RELEASE 93%2995410		56	0.39072832	1.2441427	0.13897763	0.5227428	1.0	3802	tags=48%, list=35%, signal=73%	
IL12-MEDIATED SIGNALING EVENTS%PATHWAY INTERACTION DATABASE NCI-NATURE CURATED DATA%IL12-MEDIATED SIGNALING EVENTS	IL12-MEDIATED SIGNALING EVENTS%PATHWAY INTERACTION DATABASE NCI-NATURE CURATED DATA%IL12-MEDIATED SIGNALING EVENTS		39	0.4183642	1.243193	0.1442623	0.5249846	1.0	2222	tags=38%, list=20%, signal=48%	
POSITIVE REGULATION OF CELL CYCLE CHECKPOINT%GOBP%GO:1901978	POSITIVE REGULATION OF CELL CYCLE CHECKPOINT%GOBP%GO:1901978		16	0.5076606	1.2425056	0.18624161	0.52644473	1.0	2278	tags=31%, list=21%, signal=39%	
POSITIVE REGULATION OF LYMPHOCYTE MIGRATION%GOBP%GO:2000403	POSITIVE REGULATION OF LYMPHOCYTE MIGRATION%GOBP%GO:2000403		21	0.47542349	1.2424171	0.17068966	0.5261751	1.0	1705	tags=33%, list=16%, signal=39%	
POSITIVE REGULATION OF INTRACELLULAR TRANSPORT%GOBP%GO:0032388	POSITIVE REGULATION OF INTRACELLULAR TRANSPORT%GOBP%GO:0032388		98	0.3556042	1.2417041	0.10383387	0.5277169	1.0	2769	tags=33%, list=25%, signal=43%	
REGULATION OF SYNAPTIC PLASTICITY%GOBP%GO:0048167	REGULATION OF SYNAPTIC PLASTICITY%GOBP%GO:0048167		65	0.3815517	1.241316	0.10393701	0.5283173	1.0	2279	tags=32%, list=21%, signal=41%	
CARBOHYDRATE METABOLISM%REACTOME DATABASE ID RELEASE 93%71387	CARBOHYDRATE METABOLISM%REACTOME DATABASE ID RELEASE 93%71387		198	0.3270286	1.2410642	0.0739645	0.52846426	1.0	2057	tags=25%, list=19%, signal=30%	
DEGRADATION OF CRY AND PER PROTEINS%REACTOME DATABASE ID RELEASE 93%9932298	DEGRADATION OF CRY AND PER PROTEINS%REACTOME DATABASE ID RELEASE 93%9932298		48	0.39798883	1.2408366	0.14262821	0.5285474	1.0	2787	tags=33%, list=25%, signal=44%	
MRNA EXPORT FROM NUCLEUS%GOBP%GO:0006406	MRNA EXPORT FROM NUCLEUS%GOBP%GO:0006406		53	0.39017275	1.2405248	0.14104596	0.5289225	1.0	2260	tags=25%, list=21%, signal=31%	
T CELL RECEPTOR SIGNALING PATHWAY%SMPDB%SMP0066977	T CELL RECEPTOR SIGNALING PATHWAY%SMPDB%SMP0066977		42	0.41379234	1.2400726	0.16271186	0.5297622	1.0	1752	tags=26%, list=16%, signal=31%	
WARBURG EFFECT%SMPDB%SMP0087270	WARBURG EFFECT%SMPDB%SMP0087270		39	0.40637776	1.2399243	0.17077465	0.5296716	1.0	3609	tags=46%, list=33%, signal=68%	
REGULATION OF MITOTIC CELL CYCLE SPINDLE ASSEMBLY CHECKPOINT%GOBP%GO:0090266	REGULATION OF MITOTIC CELL CYCLE SPINDLE ASSEMBLY CHECKPOINT%GOBP%GO:0090266		19	0.48667645	1.2397869	0.19860627	0.52957755	1.0	2335	tags=47%, list=21%, signal=60%	
MITOTIC SPINDLE CHECKPOINT%REACTOME%R-HSA-69618.4	MITOTIC SPINDLE CHECKPOINT%REACTOME%R-HSA-69618.4		104	0.34877023	1.2396889	0.10785824	0.5293207	1.0	2755	tags=29%, list=25%, signal=38%	
NEURON APOPTOTIC PROCESS%GOBP%GO:0051402	NEURON APOPTOTIC PROCESS%GOBP%GO:0051402		19	0.48154715	1.2394379	0.17098446	0.52947074	1.0	2558	tags=47%, list=23%, signal=62%	
GLYCOSPHINGOLIPID BIOSYNTHETIC PROCESS%GOBP%GO:0006688	GLYCOSPHINGOLIPID BIOSYNTHETIC PROCESS%GOBP%GO:0006688		24	0.4592828	1.2389867	0.17996605	0.5302005	1.0	2015	tags=38%, list=18%, signal=46%	
REGULATED EXOCYTOSIS%GOBP%GO:0045055	REGULATED EXOCYTOSIS%GOBP%GO:0045055		56	0.38464555	1.2389659	0.1341853	0.52970624	1.0	1910	tags=38%, list=17%, signal=45%	
SISTER CHROMATID COHESION%GOBP%GO:0007062	SISTER CHROMATID COHESION%GOBP%GO:0007062		39	0.41765252	1.2382525	0.16666667	0.531258	1.0	4286	tags=46%, list=39%, signal=75%	
PID_REELIN_PATHWAY%MSIGDB_C2%PID_REELIN_PATHWAY	PID_REELIN_PATHWAY%MSIGDB_C2%PID_REELIN_PATHWAY		19	0.48139772	1.2379928	0.18228279	0.5315309	1.0	3614	tags=42%, list=33%, signal=63%	
MONOATOMIC ANION TRANSPORT%GOBP%GO:0006820	MONOATOMIC ANION TRANSPORT%GOBP%GO:0006820		42	0.4037372	1.2379912	0.14091681	0.5309875	1.0	2459	tags=36%, list=22%, signal=46%	
REGULATION OF CELLULAR COMPONENT SIZE%GOBP%GO:0032535	REGULATION OF CELLULAR COMPONENT SIZE%GOBP%GO:0032535		154	0.33381343	1.2378317	0.08383234	0.53090584	1.0	2326	tags=29%, list=21%, signal=37%	
POSITIVE REGULATION OF CHOLESTEROL TRANSPORT%GOBP%GO:0032376	POSITIVE REGULATION OF CHOLESTEROL TRANSPORT%GOBP%GO:0032376		17	0.50427496	1.2376802	0.19550173	0.530791	1.0	973	tags=35%, list=9%, signal=39%	
CHROMOSOME CONDENSATION%GOBP%GO:0030261	CHROMOSOME CONDENSATION%GOBP%GO:0030261		27	0.44835803	1.2372066	0.17540984	0.53162324	1.0	2568	tags=56%, list=23%, signal=72%	
INTRINSIC APOPTOTIC SIGNALING PATHWAY IN RESPONSE TO DNA DAMAGE BY P53 CLASS MEDIATOR%GOBP%GO:0042771	INTRINSIC APOPTOTIC SIGNALING PATHWAY IN RESPONSE TO DNA DAMAGE BY P53 CLASS MEDIATOR%GOBP%GO:0042771		19	0.4932981	1.2371193	0.18356644	0.531352	1.0	2769	tags=37%, list=25%, signal=49%	
REGULATION OF CARBOHYDRATE METABOLIC PROCESS%GOBP%GO:0006109	REGULATION OF CARBOHYDRATE METABOLIC PROCESS%GOBP%GO:0006109		88	0.35782838	1.2369162	0.11782946	0.53140104	1.0	1870	tags=24%, list=17%, signal=29%	
TNFALPHA%IOB%TNFALPHA	TNFALPHA%IOB%TNFALPHA		152	0.33383575	1.2368034	0.07511737	0.53117603	1.0	2728	tags=28%, list=25%, signal=37%	
REGULATION OF MITOTIC SPINDLE CHECKPOINT%GOBP%GO:1903504	REGULATION OF MITOTIC SPINDLE CHECKPOINT%GOBP%GO:1903504		19	0.48667645	1.2360269	0.19699499	0.5329331	1.0	2335	tags=47%, list=21%, signal=60%	
CELLULAR RESPONSE TO STARVATION%GOBP%GO:0009267	CELLULAR RESPONSE TO STARVATION%GOBP%GO:0009267		118	0.3454244	1.2360117	0.09256449	0.5324401	1.0	2202	tags=26%, list=20%, signal=33%	
CYTOPROTECTION BY HMOX1%REACTOME%R-HSA-9707564.5	CYTOPROTECTION BY HMOX1%REACTOME%R-HSA-9707564.5		47	0.3935389	1.2351406	0.15449916	0.53442657	1.0	1973	tags=17%, list=18%, signal=21%	
ANDROGENRECEPTOR%IOB%ANDROGENRECEPTOR	ANDROGENRECEPTOR%IOB%ANDROGENRECEPTOR		75	0.37188518	1.2347977	0.120661154	0.5349194	1.0	1272	tags=19%, list=12%, signal=21%	
MAINTENANCE OF PROTEIN LOCATION IN NUCLEUS%GOBP%GO:0051457	MAINTENANCE OF PROTEIN LOCATION IN NUCLEUS%GOBP%GO:0051457		18	0.4787517	1.2347306	0.20272572	0.5345432	1.0	1378	tags=28%, list=13%, signal=32%	
NUCLEAR RECEPTOR-MEDIATED SIGNALING PATHWAY%GOBP%GO:0141193	NUCLEAR RECEPTOR-MEDIATED SIGNALING PATHWAY%GOBP%GO:0141193		51	0.3932634	1.2345641	0.14802632	0.53443795	1.0	2239	tags=33%, list=20%, signal=42%	
REGULATION OF G1/S TRANSITION OF MITOTIC CELL CYCLE%GOBP%GO:2000045	REGULATION OF G1/S TRANSITION OF MITOTIC CELL CYCLE%GOBP%GO:2000045		106	0.34772342	1.234284	0.09178744	0.53465486	1.0	2508	tags=31%, list=23%, signal=40%	
TRAF6 MEDIATED IRF7 ACTIVATION%REACTOME DATABASE ID RELEASE 93%933541	TRAF6 MEDIATED IRF7 ACTIVATION%REACTOME DATABASE ID RELEASE 93%933541		16	0.5012953	1.2341452	0.21114865	0.5345112	1.0	2769	tags=44%, list=25%, signal=58%	
DNA DAMAGE RESPONSE ONLY ATM DEPENDENT %WIKIPATHWAYS_20250810%WP710%HOMO SAPIENS	DNA DAMAGE RESPONSE ONLY ATM DEPENDENT %WIKIPATHWAYS_20250810%WP710%HOMO SAPIENS		63	0.37847635	1.2337961	0.11980831	0.53493947	1.0	2724	tags=37%, list=25%, signal=48%	
REGULATION OF LYMPHOCYTE APOPTOTIC PROCESS%GOBP%GO:0070228	REGULATION OF LYMPHOCYTE APOPTOTIC PROCESS%GOBP%GO:0070228		20	0.47556776	1.2335536	0.20804195	0.5351395	1.0	428	tags=15%, list=4%, signal=16%	
POSITIVE REGULATION OF MITOTIC METAPHASE/ANAPHASE TRANSITION%GOBP%GO:0045842	POSITIVE REGULATION OF MITOTIC METAPHASE/ANAPHASE TRANSITION%GOBP%GO:0045842		15	0.50679994	1.2333013	0.21070811	0.5353371	1.0	4018	tags=73%, list=37%, signal=115%	
HSP90 CHAPERONE CYCLE FOR SHRS%REACTOME%R-HSA-3371497.7	HSP90 CHAPERONE CYCLE FOR SHRS%REACTOME%R-HSA-3371497.7		30	0.42692846	1.2329597	0.15306123	0.53578174	1.0	1660	tags=27%, list=15%, signal=31%	
NEUROTRANSMITTER TRANSPORT%GOBP%GO:0006836	NEUROTRANSMITTER TRANSPORT%GOBP%GO:0006836		37	0.41245896	1.2326266	0.18464053	0.53625435	1.0	2098	tags=35%, list=19%, signal=43%	
REGULATION OF ACTIN FILAMENT LENGTH%GOBP%GO:0030832	REGULATION OF ACTIN FILAMENT LENGTH%GOBP%GO:0030832		78	0.36068538	1.2323111	0.14123377	0.53664994	1.0	2296	tags=29%, list=21%, signal=37%	
CHAPERONE MEDIATED AUTOPHAGY%REACTOME%R-HSA-9613829.5	CHAPERONE MEDIATED AUTOPHAGY%REACTOME%R-HSA-9613829.5		18	0.48193577	1.2318445	0.21477664	0.53745294	1.0	1654	tags=39%, list=15%, signal=46%	
COOPERATION OF PDCL (PHLP1) AND TRIC CCT IN G-PROTEIN BETA FOLDING%REACTOME%R-HSA-6814122.3	COOPERATION OF PDCL (PHLP1) AND TRIC CCT IN G-PROTEIN BETA FOLDING%REACTOME%R-HSA-6814122.3		24	0.45413607	1.2318286	0.20277296	0.53695595	1.0	1444	tags=21%, list=13%, signal=24%	
GLI3 IS PROCESSED TO GLI3R BY THE PROTEASOME%REACTOME%R-HSA-5610785.2	GLI3 IS PROCESSED TO GLI3R BY THE PROTEASOME%REACTOME%R-HSA-5610785.2		45	0.39798728	1.2317656	0.16422765	0.53658646	1.0	1921	tags=27%, list=17%, signal=32%	
PORPHYRIN METABOLISM%REACTOME DATABASE ID RELEASE 93%189445	PORPHYRIN METABOLISM%REACTOME DATABASE ID RELEASE 93%189445		15	0.51987857	1.2317445	0.21043772	0.5361058	1.0	2029	tags=40%, list=18%, signal=49%	
TP53 REGULATES TRANSCRIPTION OF CELL CYCLE GENES%REACTOME%R-HSA-6791312.6	TP53 REGULATES TRANSCRIPTION OF CELL CYCLE GENES%REACTOME%R-HSA-6791312.6		46	0.40348762	1.2315173	0.15110357	0.53622514	1.0	2140	tags=35%, list=19%, signal=43%	
LYSOSOMAL TRANSPORT%GOBP%GO:0007041	LYSOSOMAL TRANSPORT%GOBP%GO:0007041		104	0.35077426	1.231271	0.122112215	0.53637874	1.0	1584	tags=22%, list=14%, signal=26%	
POSITIVE REGULATION OF MITOTIC SISTER CHROMATID SEPARATION%GOBP%GO:1901970	POSITIVE REGULATION OF MITOTIC SISTER CHROMATID SEPARATION%GOBP%GO:1901970		18	0.48572826	1.2310055	0.21033868	0.5366184	1.0	4018	tags=67%, list=37%, signal=105%	
MITOTIC CHROMOSOME CONDENSATION%GOBP%GO:0007076	MITOTIC CHROMOSOME CONDENSATION%GOBP%GO:0007076		16	0.5085138	1.2309438	0.20847458	0.536275	1.0	3496	tags=69%, list=32%, signal=101%	
POSITIVE REGULATION OF CELL CYCLE G2/M PHASE TRANSITION%GOBP%GO:1902751	POSITIVE REGULATION OF CELL CYCLE G2/M PHASE TRANSITION%GOBP%GO:1902751		21	0.4729989	1.2308699	0.19410746	0.5359762	1.0	3524	tags=48%, list=32%, signal=70%	
NUCLEUS LOCALIZATION%GOBP%GO:0051647	NUCLEUS LOCALIZATION%GOBP%GO:0051647		22	0.46371505	1.2306834	0.18771331	0.5359668	1.0	2510	tags=32%, list=23%, signal=41%	
KILLING OF CELLS OF ANOTHER ORGANISM%GOBP%GO:0031640	KILLING OF CELLS OF ANOTHER ORGANISM%GOBP%GO:0031640		17	0.49709144	1.23047	0.20733945	0.53607243	1.0	2201	tags=41%, list=20%, signal=51%	
SEMAPHORIN-PLEXIN SIGNALING PATHWAY%GOBP%GO:0071526	SEMAPHORIN-PLEXIN SIGNALING PATHWAY%GOBP%GO:0071526		25	0.44193193	1.2299443	0.18932039	0.5371259	1.0	2709	tags=48%, list=25%, signal=64%	
GLUCONEOGENESIS%REACTOME%R-HSA-70263.7	GLUCONEOGENESIS%REACTOME%R-HSA-70263.7		15	0.5054419	1.2296906	0.19104992	0.5372875	1.0	1947	tags=47%, list=18%, signal=57%	
PURINE RIBONUCLEOTIDE CATABOLIC PROCESS%GOBP%GO:0009154	PURINE RIBONUCLEOTIDE CATABOLIC PROCESS%GOBP%GO:0009154		34	0.4191036	1.2293004	0.17304492	0.53784764	1.0	1947	tags=44%, list=18%, signal=53%	
POSITIVE REGULATION OF INTERLEUKIN-8 PRODUCTION%GOBP%GO:0032757	POSITIVE REGULATION OF INTERLEUKIN-8 PRODUCTION%GOBP%GO:0032757		36	0.41043335	1.2291914	0.17715232	0.5376105	1.0	1519	tags=28%, list=14%, signal=32%	
SIALURIA OR FRENCH TYPE SIALURIA%SMPDB%SMP0000216	SIALURIA OR FRENCH TYPE SIALURIA%SMPDB%SMP0000216		16	0.49649665	1.2285049	0.19546248	0.5391039	1.0	2586	tags=38%, list=24%, signal=49%	
PLATELET ACTIVATION, SIGNALING AND AGGREGATION%REACTOME%R-HSA-76002.5	PLATELET ACTIVATION, SIGNALING AND AGGREGATION%REACTOME%R-HSA-76002.5		169	0.33013478	1.2282784	0.094512194	0.53924966	1.0	1517	tags=24%, list=14%, signal=28%	
RESPONSE TO STARVATION%GOBP%GO:0042594	RESPONSE TO STARVATION%GOBP%GO:0042594		132	0.3352196	1.2275519	0.08553655	0.54086083	1.0	1813	tags=22%, list=17%, signal=26%	
RAS SIGNALING%WIKIPATHWAYS_20250810%WP4223%HOMO SAPIENS	RAS SIGNALING%WIKIPATHWAYS_20250810%WP4223%HOMO SAPIENS		86	0.35621974	1.2273227	0.11254019	0.54101413	1.0	2976	tags=42%, list=27%, signal=57%	
FORMATION OF THE EMBRYONIC STEM CELL BAF (ESBAF) COMPLEX%REACTOME DATABASE ID RELEASE 93%9933946	FORMATION OF THE EMBRYONIC STEM CELL BAF (ESBAF) COMPLEX%REACTOME DATABASE ID RELEASE 93%9933946		18	0.47830597	1.2271512	0.19931857	0.5409592	1.0	1691	tags=33%, list=15%, signal=39%	
POTASSIUM CHANNELS%REACTOME DATABASE ID RELEASE 93%1296071	POTASSIUM CHANNELS%REACTOME DATABASE ID RELEASE 93%1296071		26	0.44350135	1.2270977	0.18085106	0.54057634	1.0	2100	tags=35%, list=19%, signal=43%	
DEGRADATION OF GLI2 BY THE PROTEASOME%REACTOME%R-HSA-5610783.2	DEGRADATION OF GLI2 BY THE PROTEASOME%REACTOME%R-HSA-5610783.2		45	0.39798728	1.2264541	0.17741935	0.5419393	1.0	1921	tags=27%, list=17%, signal=32%	
PURINE NUCLEOTIDE CATABOLIC PROCESS%GOBP%GO:0006195	PURINE NUCLEOTIDE CATABOLIC PROCESS%GOBP%GO:0006195		40	0.4078993	1.2255621	0.14802632	0.54402107	1.0	1088	tags=33%, list=10%, signal=36%	
NEGATIVE REGULATION OF ADAPTIVE IMMUNE RESPONSE BASED ON SOMATIC RECOMBINATION OF IMMUNE RECEPTORS BUILT FROM IMMUNOGLOBULIN SUPERFAMILY DOMAINS%GOBP%GO:0002823	NEGATIVE REGULATION OF ADAPTIVE IMMUNE RESPONSE BASED ON SOMATIC RECOMBINATION OF IMMUNE RECEPTORS BUILT FROM IMMUNOGLOBULIN SUPERFAMILY DOMAINS%GOBP%GO:0002823		24	0.45517075	1.2252495	0.16891892	0.5444101	1.0	1178	tags=21%, list=11%, signal=23%	
ACTIN POLYMERIZATION OR DEPOLYMERIZATION%GOBP%GO:0008154	ACTIN POLYMERIZATION OR DEPOLYMERIZATION%GOBP%GO:0008154		42	0.40571633	1.2250096	0.1638796	0.5445051	1.0	2926	tags=40%, list=27%, signal=55%	
REGULATION OF BONE REMODELING%GOBP%GO:0046850	REGULATION OF BONE REMODELING%GOBP%GO:0046850		21	0.4795814	1.2250046	0.20926243	0.5439803	1.0	1263	tags=29%, list=11%, signal=32%	
G(M2)-GANGLIOSIDOSIS: VARIANT B, TAY-SACHS DISEASE%SMPDB%SMP0000534	G(M2)-GANGLIOSIDOSIS: VARIANT B, TAY-SACHS DISEASE%SMPDB%SMP0000534		16	0.49649665	1.2247272	0.21109124	0.54424053	1.0	2586	tags=38%, list=24%, signal=49%	
ESTABLISHMENT OF SPINDLE LOCALIZATION%GOBP%GO:0051293	ESTABLISHMENT OF SPINDLE LOCALIZATION%GOBP%GO:0051293		37	0.41176963	1.2246673	0.17801048	0.5438703	1.0	2767	tags=43%, list=25%, signal=58%	
NEGATIVE REGULATION OF MICROTUBULE POLYMERIZATION OR DEPOLYMERIZATION%GOBP%GO:0031111	NEGATIVE REGULATION OF MICROTUBULE POLYMERIZATION OR DEPOLYMERIZATION%GOBP%GO:0031111		20	0.4714076	1.2246182	0.20989761	0.543471	1.0	534	tags=10%, list=5%, signal=10%	
NEGATIVE REGULATION OF CYTOSKELETON ORGANIZATION%GOBP%GO:0051494	NEGATIVE REGULATION OF CYTOSKELETON ORGANIZATION%GOBP%GO:0051494		79	0.35729992	1.2231303	0.11912226	0.5473105	1.0	1876	tags=24%, list=17%, signal=29%	
HEART PROCESS%GOBP%GO:0003015	HEART PROCESS%GOBP%GO:0003015		31	0.43150324	1.2229146	0.16390729	0.54736274	1.0	1539	tags=32%, list=14%, signal=37%	
ATM SIGNALING%WIKIPATHWAYS_20250810%WP2516%HOMO SAPIENS	ATM SIGNALING%WIKIPATHWAYS_20250810%WP2516%HOMO SAPIENS		27	0.441618	1.2228845	0.17578773	0.5469126	1.0	3329	tags=52%, list=30%, signal=74%	
HEPARAN SULFATE PROTEOGLYCAN BIOSYNTHETIC PROCESS%GOBP%GO:0015012	HEPARAN SULFATE PROTEOGLYCAN BIOSYNTHETIC PROCESS%GOBP%GO:0015012		17	0.48472002	1.2225915	0.2062937	0.5472614	1.0	3369	tags=53%, list=31%, signal=76%	
RESPONSE TO DECREASED OXYGEN LEVELS%GOBP%GO:0036293	RESPONSE TO DECREASED OXYGEN LEVELS%GOBP%GO:0036293		97	0.34683728	1.222506	0.119937696	0.54697794	1.0	1842	tags=30%, list=17%, signal=36%	
L-AMINO ACID TRANSPORT%GOBP%GO:0015807	L-AMINO ACID TRANSPORT%GOBP%GO:0015807		33	0.41609007	1.2216337	0.18213059	0.54907084	1.0	1122	tags=27%, list=10%, signal=30%	
HSF1-DEPENDENT TRANSACTIVATION%REACTOME DATABASE ID RELEASE 93%3371571	HSF1-DEPENDENT TRANSACTIVATION%REACTOME DATABASE ID RELEASE 93%3371571		16	0.49819893	1.2216164	0.20598592	0.5485682	1.0	2769	tags=50%, list=25%, signal=67%	
P73 TRANSCRIPTION FACTOR NETWORK%PATHWAY INTERACTION DATABASE NCI-NATURE CURATED DATA%P73 TRANSCRIPTION FACTOR NETWORK	P73 TRANSCRIPTION FACTOR NETWORK%PATHWAY INTERACTION DATABASE NCI-NATURE CURATED DATA%P73 TRANSCRIPTION FACTOR NETWORK		64	0.37183335	1.2214347	0.15008156	0.54858994	1.0	1890	tags=34%, list=17%, signal=41%	
G2 M CHECKPOINTS%REACTOME%R-HSA-69481.5	G2 M CHECKPOINTS%REACTOME%R-HSA-69481.5		126	0.33936843	1.2212296	0.11708861	0.5486628	1.0	2787	tags=35%, list=25%, signal=46%	
HEME SIGNALING%REACTOME%R-HSA-9707616.4	HEME SIGNALING%REACTOME%R-HSA-9707616.4		39	0.40219456	1.2206186	0.16693944	0.54985505	1.0	983	tags=15%, list=9%, signal=17%	
INTRA-GOLGI TRAFFIC%REACTOME DATABASE ID RELEASE 93%6811438	INTRA-GOLGI TRAFFIC%REACTOME DATABASE ID RELEASE 93%6811438		38	0.41899294	1.2203939	0.17085427	0.55000126	1.0	2491	tags=34%, list=23%, signal=44%	
SCF-DEPENDENT PROTEASOMAL UBIQUITIN-DEPENDENT PROTEIN CATABOLIC PROCESS%GOBP%GO:0031146	SCF-DEPENDENT PROTEASOMAL UBIQUITIN-DEPENDENT PROTEIN CATABOLIC PROCESS%GOBP%GO:0031146		33	0.42284584	1.2202442	0.19370861	0.5499326	1.0	2321	tags=30%, list=21%, signal=38%	
DNA STRAND ELONGATION%GOBP%GO:0022616	DNA STRAND ELONGATION%GOBP%GO:0022616		19	0.47594768	1.2200166	0.2238806	0.55009633	1.0	2823	tags=42%, list=26%, signal=57%	
DAP12 INTERACTIONS%REACTOME DATABASE ID RELEASE 93%2172127	DAP12 INTERACTIONS%REACTOME DATABASE ID RELEASE 93%2172127		24	0.45192853	1.2198893	0.19757366	0.5499518	1.0	1399	tags=33%, list=13%, signal=38%	
POSITIVE REGULATION OF PROTEIN SERINE/THREONINE KINASE ACTIVITY%GOBP%GO:0071902	POSITIVE REGULATION OF PROTEIN SERINE/THREONINE KINASE ACTIVITY%GOBP%GO:0071902		32	0.4232429	1.2198699	0.19087838	0.54948646	1.0	810	tags=13%, list=7%, signal=13%	
KLEEFSTRA SYNDROME%WIKIPATHWAYS_20250810%WP5351%HOMO SAPIENS	KLEEFSTRA SYNDROME%WIKIPATHWAYS_20250810%WP5351%HOMO SAPIENS		20	0.4761632	1.2190886	0.21453287	0.5511641	1.0	3055	tags=40%, list=28%, signal=55%	
INTERLEUKIN-1 FAMILY SIGNALING%REACTOME DATABASE ID RELEASE 93%446652	INTERLEUKIN-1 FAMILY SIGNALING%REACTOME DATABASE ID RELEASE 93%446652		114	0.34033194	1.2189974	0.11057692	0.5508757	1.0	2600	tags=30%, list=24%, signal=39%	
HOST-MEDIATED ACTIVATION OF VIRAL TRANSCRIPTION%GOBP%GO:0043923	HOST-MEDIATED ACTIVATION OF VIRAL TRANSCRIPTION%GOBP%GO:0043923		16	0.492088	1.2185533	0.21558872	0.5516374	1.0	1199	tags=19%, list=11%, signal=21%	
PID_IL2_STAT5_PATHWAY%MSIGDB_C2%PID_IL2_STAT5_PATHWAY	PID_IL2_STAT5_PATHWAY%MSIGDB_C2%PID_IL2_STAT5_PATHWAY		22	0.45143366	1.2184359	0.19322033	0.55145854	1.0	1102	tags=32%, list=10%, signal=35%	
MITOTIC PROMETAPHASE%REACTOME%R-HSA-68877.8	MITOTIC PROMETAPHASE%REACTOME%R-HSA-68877.8		175	0.32451293	1.2179636	0.105726875	0.55229956	1.0	2720	tags=28%, list=25%, signal=37%	
UBIQUITIN PROTEASOME PATHWAY%PANTHER PATHWAY%P00060	UBIQUITIN PROTEASOME PATHWAY%PANTHER PATHWAY%P00060		26	0.44116682	1.2177209	0.19055945	0.55245733	1.0	3113	tags=42%, list=28%, signal=59%	
RESPONSE TO DSRNA%GOBP%GO:0043331	RESPONSE TO DSRNA%GOBP%GO:0043331		20	0.4711531	1.2172891	0.20991735	0.55320746	1.0	1357	tags=25%, list=12%, signal=28%	
NEGATIVE REGULATION OF DNA RECOMBINATION%GOBP%GO:0045910	NEGATIVE REGULATION OF DNA RECOMBINATION%GOBP%GO:0045910		37	0.40793478	1.2153254	0.18864775	0.558328	1.0	1648	tags=24%, list=15%, signal=29%	
POSITIVE REGULATION OF STRESS FIBER ASSEMBLY%GOBP%GO:0051496	POSITIVE REGULATION OF STRESS FIBER ASSEMBLY%GOBP%GO:0051496		30	0.4283719	1.2152448	0.1779661	0.55804926	1.0	1133	tags=23%, list=10%, signal=26%	
INTEGRIN-LINKED KINASE SIGNALING%PATHWAY INTERACTION DATABASE NCI-NATURE CURATED DATA%INTEGRIN-LINKED KINASE SIGNALING	INTEGRIN-LINKED KINASE SIGNALING%PATHWAY INTERACTION DATABASE NCI-NATURE CURATED DATA%INTEGRIN-LINKED KINASE SIGNALING		38	0.39911348	1.2148176	0.18927974	0.5587607	1.0	2970	tags=39%, list=27%, signal=54%	
RETINOBLASTOMA GENE IN CANCER%WIKIPATHWAYS_20250810%WP2446%HOMO SAPIENS	RETINOBLASTOMA GENE IN CANCER%WIKIPATHWAYS_20250810%WP2446%HOMO SAPIENS		67	0.3664146	1.214789	0.13106796	0.5583	1.0	2956	tags=43%, list=27%, signal=59%	
REGULATION OF ACTIN POLYMERIZATION OR DEPOLYMERIZATION%GOBP%GO:0008064	REGULATION OF ACTIN POLYMERIZATION OR DEPOLYMERIZATION%GOBP%GO:0008064		77	0.36161235	1.2144095	0.1488	0.55885535	1.0	2296	tags=30%, list=21%, signal=38%	
POSITIVE REGULATION OF GTPASE ACTIVITY%GOBP%GO:0043547	POSITIVE REGULATION OF GTPASE ACTIVITY%GOBP%GO:0043547		67	0.3723305	1.2143743	0.16561514	0.5584167	1.0	3050	tags=45%, list=28%, signal=62%	
INSULIN RECEPTOR RECYCLING%REACTOME DATABASE ID RELEASE 93%77387	INSULIN RECEPTOR RECYCLING%REACTOME DATABASE ID RELEASE 93%77387		21	0.46243647	1.2142539	0.20238096	0.55829304	1.0	1186	tags=29%, list=11%, signal=32%	
GABA B RECEPTOR ACTIVATION%REACTOME DATABASE ID RELEASE 93%977444	GABA B RECEPTOR ACTIVATION%REACTOME DATABASE ID RELEASE 93%977444		17	0.4895457	1.2141367	0.22010398	0.55812365	1.0	3241	tags=41%, list=30%, signal=58%	
APOPTOSIS MODULATION AND SIGNALING%WIKIPATHWAYS_20250810%WP1772%HOMO SAPIENS	APOPTOSIS MODULATION AND SIGNALING%WIKIPATHWAYS_20250810%WP1772%HOMO SAPIENS		60	0.38009924	1.2140846	0.15202703	0.55772287	1.0	1578	tags=25%, list=14%, signal=29%	
LEUKOCYTE DEGRANULATION%GOBP%GO:0043299	LEUKOCYTE DEGRANULATION%GOBP%GO:0043299		17	0.48461428	1.2135901	0.22902098	0.5585976	1.0	919	tags=41%, list=8%, signal=45%	
NEGATIVE REGULATION OF LYMPHOCYTE PROLIFERATION%GOBP%GO:0050672	NEGATIVE REGULATION OF LYMPHOCYTE PROLIFERATION%GOBP%GO:0050672		30	0.42765	1.213145	0.2	0.5593372	1.0	2279	tags=40%, list=21%, signal=50%	
RIBONUCLEOTIDE CATABOLIC PROCESS%GOBP%GO:0009261	RIBONUCLEOTIDE CATABOLIC PROCESS%GOBP%GO:0009261		38	0.4048871	1.2124676	0.19110379	0.5608026	1.0	1947	tags=42%, list=18%, signal=51%	
REGULATION OF NF-KAPPA B SIGNALING%REACTOME DATABASE ID RELEASE 93%9758274	REGULATION OF NF-KAPPA B SIGNALING%REACTOME DATABASE ID RELEASE 93%9758274		17	0.4942058	1.212329	0.22359155	0.5606679	1.0	670	tags=18%, list=6%, signal=19%	
ACTIVATION OF GABAB RECEPTORS%REACTOME DATABASE ID RELEASE 93%991365	ACTIVATION OF GABAB RECEPTORS%REACTOME DATABASE ID RELEASE 93%991365		17	0.4895457	1.2122327	0.22535211	0.56044036	1.0	3241	tags=41%, list=30%, signal=58%	
NEGATIVE REGULATION OF CARBOHYDRATE METABOLIC PROCESS%GOBP%GO:0045912	NEGATIVE REGULATION OF CARBOHYDRATE METABOLIC PROCESS%GOBP%GO:0045912		28	0.4297626	1.2120631	0.21079259	0.56043106	1.0	1723	tags=29%, list=16%, signal=34%	
COMMON PATHWAYS UNDERLYING DRUG ADDICTION%WIKIPATHWAYS_20250810%WP2636%HOMO SAPIENS	COMMON PATHWAYS UNDERLYING DRUG ADDICTION%WIKIPATHWAYS_20250810%WP2636%HOMO SAPIENS		15	0.5015394	1.2118963	0.2259887	0.5603743	1.0	2623	tags=33%, list=24%, signal=44%	
POSITIVE REGULATION OF CELL-MATRIX ADHESION%GOBP%GO:0001954	POSITIVE REGULATION OF CELL-MATRIX ADHESION%GOBP%GO:0001954		28	0.4334687	1.2117394	0.19354838	0.56033057	1.0	1199	tags=29%, list=11%, signal=32%	
NEGATIVE REGULATION OF ENDOCYTOSIS%GOBP%GO:0045806	NEGATIVE REGULATION OF ENDOCYTOSIS%GOBP%GO:0045806		44	0.39144912	1.2117343	0.17508417	0.55981404	1.0	2226	tags=36%, list=20%, signal=45%	
AXO-DENDRITIC TRANSPORT%GOBP%GO:0008088	AXO-DENDRITIC TRANSPORT%GOBP%GO:0008088		45	0.3945722	1.2115012	0.1607717	0.55997545	1.0	2707	tags=29%, list=25%, signal=38%	
RAS SIGNALING PATHWAY%SMPDB%SMP0063784	RAS SIGNALING PATHWAY%SMPDB%SMP0063784		24	0.45888227	1.2112986	0.19896194	0.5600828	1.0	3846	tags=50%, list=35%, signal=77%	
POSITIVE REGULATION OF SUBSTRATE ADHESION-DEPENDENT CELL SPREADING%GOBP%GO:1900026	POSITIVE REGULATION OF SUBSTRATE ADHESION-DEPENDENT CELL SPREADING%GOBP%GO:1900026		23	0.45470503	1.2112212	0.20526315	0.5597866	1.0	2731	tags=39%, list=25%, signal=52%	
NEGATIVE REGULATION OF RESPONSE TO BIOTIC STIMULUS%GOBP%GO:0002832	NEGATIVE REGULATION OF RESPONSE TO BIOTIC STIMULUS%GOBP%GO:0002832		86	0.3514533	1.2110376	0.14371258	0.55977637	1.0	2681	tags=36%, list=24%, signal=47%	
G13 SIGNALING%WIKIPATHWAYS_20250810%WP524%HOMO SAPIENS	G13 SIGNALING%WIKIPATHWAYS_20250810%WP524%HOMO SAPIENS		24	0.44831878	1.2109418	0.20559211	0.55951834	1.0	3611	tags=50%, list=33%, signal=74%	
CELL CYCLE G2/M PHASE TRANSITION%GOBP%GO:0044839	CELL CYCLE G2/M PHASE TRANSITION%GOBP%GO:0044839		37	0.4089312	1.2107532	0.19669421	0.55952597	1.0	2470	tags=41%, list=22%, signal=52%	
MITF-M-DEPENDENT GENE EXPRESSION%REACTOME%R-HSA-9856651.3	MITF-M-DEPENDENT GENE EXPRESSION%REACTOME%R-HSA-9856651.3		76	0.35507113	1.2107385	0.14583333	0.5590478	1.0	1797	tags=25%, list=16%, signal=30%	
CELLULAR RESPONSE TO ABIOTIC STIMULUS%GOBP%GO:0071214	CELLULAR RESPONSE TO ABIOTIC STIMULUS%GOBP%GO:0071214		178	0.31951824	1.210465	0.11143271	0.5593246	1.0	2823	tags=34%, list=26%, signal=45%	
REGULATION OF T CELL MIGRATION%GOBP%GO:2000404	REGULATION OF T CELL MIGRATION%GOBP%GO:2000404		23	0.44925082	1.2102268	0.20198676	0.5595109	1.0	1210	tags=22%, list=11%, signal=24%	
POSITIVE REGULATION OF METAPHASE/ANAPHASE TRANSITION OF CELL CYCLE%GOBP%GO:1902101	POSITIVE REGULATION OF METAPHASE/ANAPHASE TRANSITION OF CELL CYCLE%GOBP%GO:1902101		15	0.50679994	1.2098422	0.2326454	0.5600812	1.0	4018	tags=73%, list=37%, signal=115%	
HOMOLOGOUS RECOMBINATION%GOBP%GO:0035825	HOMOLOGOUS RECOMBINATION%GOBP%GO:0035825		40	0.40227506	1.2091671	0.17363344	0.5615674	1.0	1452	tags=20%, list=13%, signal=23%	
TNF SIGNALING%REACTOME%R-HSA-75893.10	TNF SIGNALING%REACTOME%R-HSA-75893.10		48	0.38907748	1.2089183	0.1656051	0.561819	1.0	2423	tags=31%, list=22%, signal=40%	
ER TO GOLGI ANTEROGRADE TRANSPORT%REACTOME DATABASE ID RELEASE 93%199977	ER TO GOLGI ANTEROGRADE TRANSPORT%REACTOME DATABASE ID RELEASE 93%199977		119	0.3374819	1.2086009	0.12710567	0.56222284	1.0	2702	tags=28%, list=25%, signal=36%	
MYD88:MAL(TIRAP) CASCADE INITIATED ON PLASMA MEMBRANE%REACTOME%R-HSA-166058.5	MYD88:MAL(TIRAP) CASCADE INITIATED ON PLASMA MEMBRANE%REACTOME%R-HSA-166058.5		97	0.34285834	1.2084498	0.13016845	0.56213945	1.0	2047	tags=22%, list=19%, signal=26%	
REGULATION OF PROTEOLYSIS INVOLVED IN PROTEIN CATABOLIC PROCESS%GOBP%GO:1903050	REGULATION OF PROTEOLYSIS INVOLVED IN PROTEIN CATABOLIC PROCESS%GOBP%GO:1903050		164	0.31863678	1.2081624	0.114420064	0.5624038	1.0	1712	tags=18%, list=16%, signal=21%	
CELLULAR RESPONSE TO HEAT STRESS%REACTOME DATABASE ID RELEASE 93%3371556	CELLULAR RESPONSE TO HEAT STRESS%REACTOME DATABASE ID RELEASE 93%3371556		75	0.35845014	1.2081181	0.15309446	0.56200707	1.0	3628	tags=43%, list=33%, signal=63%	
POSITIVE REGULATION OF HYDROLASE ACTIVITY%GOBP%GO:0051345	POSITIVE REGULATION OF HYDROLASE ACTIVITY%GOBP%GO:0051345		82	0.3563218	1.2072537	0.15552099	0.5640302	1.0	3050	tags=44%, list=28%, signal=60%	
DNA STRAND ELONGATION INVOLVED IN DNA REPLICATION%GOBP%GO:0006271	DNA STRAND ELONGATION INVOLVED IN DNA REPLICATION%GOBP%GO:0006271		15	0.49703714	1.2072506	0.22547331	0.5635147	1.0	2823	tags=47%, list=26%, signal=63%	
HEMATOPOIETIC STEM CELL GENE REGULATION BY GABP ALPHA BETA COMPLEX%WIKIPATHWAYS_20250810%WP3657%HOMO SAPIENS	HEMATOPOIETIC STEM CELL GENE REGULATION BY GABP ALPHA BETA COMPLEX%WIKIPATHWAYS_20250810%WP3657%HOMO SAPIENS		16	0.49028265	1.2072328	0.23934427	0.5630414	1.0	2769	tags=44%, list=25%, signal=58%	
MODIFIED AMINO ACID TRANSPORT%GOBP%GO:0072337	MODIFIED AMINO ACID TRANSPORT%GOBP%GO:0072337		17	0.49114165	1.2071551	0.22758621	0.5627489	1.0	788	tags=24%, list=7%, signal=25%	
PROTEIN COMPLEX OLIGOMERIZATION%GOBP%GO:0051259	PROTEIN COMPLEX OLIGOMERIZATION%GOBP%GO:0051259		135	0.33096993	1.2070701	0.10429448	0.56250674	1.0	2740	tags=28%, list=25%, signal=37%	
POSITIVE REGULATION OF DEVELOPMENTAL GROWTH%GOBP%GO:0048639	POSITIVE REGULATION OF DEVELOPMENTAL GROWTH%GOBP%GO:0048639		32	0.4174805	1.2064227	0.20067453	0.56394404	1.0	2406	tags=41%, list=22%, signal=52%	
NUCLEOSIDE PHOSPHATE CATABOLIC PROCESS%GOBP%GO:1901292	NUCLEOSIDE PHOSPHATE CATABOLIC PROCESS%GOBP%GO:1901292		74	0.36035886	1.2063061	0.16398714	0.56375265	1.0	1947	tags=32%, list=18%, signal=39%	
PID_ATF2_PATHWAY%MSIGDB_C2%PID_ATF2_PATHWAY	PID_ATF2_PATHWAY%MSIGDB_C2%PID_ATF2_PATHWAY		42	0.40167823	1.2060492	0.17546849	0.56403947	1.0	947	tags=26%, list=9%, signal=29%	
VITAMIN D RECEPTOR PATHWAY%WIKIPATHWAYS_20250810%WP2877%HOMO SAPIENS	VITAMIN D RECEPTOR PATHWAY%WIKIPATHWAYS_20250810%WP2877%HOMO SAPIENS		73	0.35451683	1.2058227	0.16033058	0.56418836	1.0	1509	tags=29%, list=14%, signal=33%	
POSITIVE REGULATION OF CHEMOKINE PRODUCTION%GOBP%GO:0032722	POSITIVE REGULATION OF CHEMOKINE PRODUCTION%GOBP%GO:0032722		32	0.42196605	1.2056671	0.2058319	0.5641226	1.0	1420	tags=31%, list=13%, signal=36%	
POSITIVE REGULATION OF INTERLEUKIN-6 PRODUCTION%GOBP%GO:0032755	POSITIVE REGULATION OF INTERLEUKIN-6 PRODUCTION%GOBP%GO:0032755		49	0.3867489	1.2050867	0.16586152	0.56531507	1.0	2377	tags=41%, list=22%, signal=52%	
POSITIVE REGULATION OF ACTIN FILAMENT BUNDLE ASSEMBLY%GOBP%GO:0032233	POSITIVE REGULATION OF ACTIN FILAMENT BUNDLE ASSEMBLY%GOBP%GO:0032233		36	0.4132509	1.2050761	0.20394737	0.56481946	1.0	1133	tags=22%, list=10%, signal=25%	
REGULATION OF LYSOSOMAL LUMEN PH%GOBP%GO:0035751	REGULATION OF LYSOSOMAL LUMEN PH%GOBP%GO:0035751		27	0.4424585	1.2044696	0.20268007	0.56604666	1.0	1167	tags=19%, list=11%, signal=21%	
SALLA DISEASE INFANTILE SIALIC ACID STORAGE DISEASE%SMPDB%SMP0000240	SALLA DISEASE INFANTILE SIALIC ACID STORAGE DISEASE%SMPDB%SMP0000240		16	0.49649665	1.2039529	0.22644928	0.5670095	1.0	2586	tags=38%, list=24%, signal=49%	
SYNAPTIC VESICLE CYCLE%GOBP%GO:0099504	SYNAPTIC VESICLE CYCLE%GOBP%GO:0099504		53	0.38006857	1.2038298	0.17517006	0.5668458	1.0	2316	tags=43%, list=21%, signal=55%	
POSITIVE REGULATION OF CYTOSKELETON ORGANIZATION%GOBP%GO:0051495	POSITIVE REGULATION OF CYTOSKELETON ORGANIZATION%GOBP%GO:0051495		108	0.3357205	1.2036513	0.13608563	0.5668547	1.0	1133	tags=17%, list=10%, signal=18%	
BIOCARTA_RAC1_PATHWAY%MSIGDB_C2%BIOCARTA_RAC1_PATHWAY	BIOCARTA_RAC1_PATHWAY%MSIGDB_C2%BIOCARTA_RAC1_PATHWAY		15	0.50549304	1.2035987	0.25127333	0.5664754	1.0	3536	tags=40%, list=32%, signal=59%	
REGULATION OF PROTEIN SERINE/THREONINE KINASE ACTIVITY%GOBP%GO:0071900	REGULATION OF PROTEIN SERINE/THREONINE KINASE ACTIVITY%GOBP%GO:0071900		81	0.35355502	1.2035038	0.1495327	0.5662416	1.0	2628	tags=27%, list=24%, signal=35%	
LATE ENDOSOMAL MICROAUTOPHAGY%REACTOME DATABASE ID RELEASE 93%9615710	LATE ENDOSOMAL MICROAUTOPHAGY%REACTOME DATABASE ID RELEASE 93%9615710		28	0.42691424	1.2033701	0.19767442	0.5661045	1.0	1654	tags=32%, list=15%, signal=38%	
BRAIN DERIVED NEUROTROPHIC FACTOR BDNF SIGNALING%WIKIPATHWAYS_20250810%WP2380%HOMO SAPIENS	BRAIN DERIVED NEUROTROPHIC FACTOR BDNF SIGNALING%WIKIPATHWAYS_20250810%WP2380%HOMO SAPIENS		84	0.34954	1.2031218	0.153125	0.5663486	1.0	2598	tags=25%, list=24%, signal=32%	
SIGNALING BY MODERATE KINASE ACTIVITY BRAF MUTANTS%REACTOME%R-HSA-6802946.3	SIGNALING BY MODERATE KINASE ACTIVITY BRAF MUTANTS%REACTOME%R-HSA-6802946.3		35	0.41096702	1.202835	0.17845118	0.56669307	1.0	3614	tags=46%, list=33%, signal=68%	
POSITIVE REGULATION OF PROTEIN LOCALIZATION TO NUCLEUS%GOBP%GO:1900182	POSITIVE REGULATION OF PROTEIN LOCALIZATION TO NUCLEUS%GOBP%GO:1900182		58	0.37100482	1.202729	0.17591125	0.56649566	1.0	3993	tags=47%, list=36%, signal=73%	
CELLULAR RESPONSE TO ENVIRONMENTAL STIMULUS%GOBP%GO:0104004	CELLULAR RESPONSE TO ENVIRONMENTAL STIMULUS%GOBP%GO:0104004		178	0.31951824	1.2025133	0.09803922	0.56661326	1.0	2823	tags=34%, list=26%, signal=45%	
GPVI-MEDIATED ACTIVATION CASCADE%REACTOME DATABASE ID RELEASE 93%114604	GPVI-MEDIATED ACTIVATION CASCADE%REACTOME DATABASE ID RELEASE 93%114604		26	0.4325322	1.202449	0.20892857	0.5663053	1.0	1668	tags=27%, list=15%, signal=32%	
REGULATION OF ACTOMYOSIN STRUCTURE ORGANIZATION%GOBP%GO:0110020	REGULATION OF ACTOMYOSIN STRUCTURE ORGANIZATION%GOBP%GO:0110020		52	0.38000762	1.2023865	0.17017828	0.5659563	1.0	1356	tags=23%, list=12%, signal=26%	
REGULATION OF ANDROGEN RECEPTOR ACTIVITY%PATHWAY INTERACTION DATABASE NCI-NATURE CURATED DATA%REGULATION OF ANDROGEN RECEPTOR ACTIVITY	REGULATION OF ANDROGEN RECEPTOR ACTIVITY%PATHWAY INTERACTION DATABASE NCI-NATURE CURATED DATA%REGULATION OF ANDROGEN RECEPTOR ACTIVITY		43	0.39376068	1.2022682	0.18181819	0.5657842	1.0	1204	tags=23%, list=11%, signal=26%	
PID_PLK1_PATHWAY%MSIGDB_C2%PID_PLK1_PATHWAY	PID_PLK1_PATHWAY%MSIGDB_C2%PID_PLK1_PATHWAY		31	0.4166712	1.2021395	0.19405594	0.56563365	1.0	2595	tags=42%, list=24%, signal=55%	
TAY-SACHS DISEASE%PATHWHIZ%PW000215	TAY-SACHS DISEASE%PATHWHIZ%PW000215		16	0.49649665	1.2019488	0.23752151	0.5656754	1.0	2586	tags=38%, list=24%, signal=49%	
REGULATION OF T CELL CYTOKINE PRODUCTION%GOBP%GO:0002724	REGULATION OF T CELL CYTOKINE PRODUCTION%GOBP%GO:0002724		23	0.45468724	1.2018023	0.22036728	0.5656026	1.0	680	tags=17%, list=6%, signal=19%	
L-ALPHA-AMINO ACID TRANSMEMBRANE TRANSPORT%GOBP%GO:1902475	L-ALPHA-AMINO ACID TRANSMEMBRANE TRANSPORT%GOBP%GO:1902475		27	0.4360915	1.2016696	0.22019868	0.56548	1.0	1122	tags=30%, list=10%, signal=33%	
ABORTIVE ELONGATION OF HIV-1 TRANSCRIPT IN THE ABSENCE OF TAT%REACTOME%R-HSA-167242.4	ABORTIVE ELONGATION OF HIV-1 TRANSCRIPT IN THE ABSENCE OF TAT%REACTOME%R-HSA-167242.4		21	0.4606906	1.2008516	0.23418804	0.5672651	1.0	3129	tags=33%, list=28%, signal=47%	
ACTOMYOSIN STRUCTURE ORGANIZATION%GOBP%GO:0031032	ACTOMYOSIN STRUCTURE ORGANIZATION%GOBP%GO:0031032		52	0.38351038	1.2006574	0.16557378	0.5673489	1.0	2261	tags=35%, list=21%, signal=43%	
HEART CONTRACTION%GOBP%GO:0060047	HEART CONTRACTION%GOBP%GO:0060047		28	0.4326767	1.2004237	0.19826087	0.567499	1.0	1539	tags=36%, list=14%, signal=41%	
CELLULAR RESPONSE TO MECHANICAL STIMULUS%GOBP%GO:0071260	CELLULAR RESPONSE TO MECHANICAL STIMULUS%GOBP%GO:0071260		39	0.39360866	1.2003621	0.18225807	0.567176	1.0	1728	tags=28%, list=16%, signal=33%	
IL4-MEDIATED SIGNALING EVENTS%PATHWAY INTERACTION DATABASE NCI-NATURE CURATED DATA%IL4-MEDIATED SIGNALING EVENTS	IL4-MEDIATED SIGNALING EVENTS%PATHWAY INTERACTION DATABASE NCI-NATURE CURATED DATA%IL4-MEDIATED SIGNALING EVENTS		42	0.39692128	1.1999496	0.21335505	0.5678446	1.0	1914	tags=31%, list=17%, signal=37%	
PDGFR-BETA SIGNALING PATHWAY%PATHWAY INTERACTION DATABASE NCI-NATURE CURATED DATA%PDGFR-BETA SIGNALING PATHWAY	PDGFR-BETA SIGNALING PATHWAY%PATHWAY INTERACTION DATABASE NCI-NATURE CURATED DATA%PDGFR-BETA SIGNALING PATHWAY		110	0.33403683	1.1998984	0.15470494	0.56748486	1.0	1137	tags=17%, list=10%, signal=19%	
GLYCOSYLATION AND RELATED CONGENITAL DEFECTS%WIKIPATHWAYS_20250810%WP4521%HOMO SAPIENS	GLYCOSYLATION AND RELATED CONGENITAL DEFECTS%WIKIPATHWAYS_20250810%WP4521%HOMO SAPIENS		18	0.4636539	1.1997046	0.22542372	0.5675364	1.0	1866	tags=28%, list=17%, signal=33%	
TOLL LIKE RECEPTOR TLR1:TLR2 CASCADE%REACTOME DATABASE ID RELEASE 93%168179	TOLL LIKE RECEPTOR TLR1:TLR2 CASCADE%REACTOME DATABASE ID RELEASE 93%168179		97	0.34285834	1.199014	0.14883721	0.5690757	1.0	2047	tags=22%, list=19%, signal=26%	
REGULATION OF ACTIN CYTOSKELETON%WIKIPATHWAYS_20250810%WP51%HOMO SAPIENS	REGULATION OF ACTIN CYTOSKELETON%WIKIPATHWAYS_20250810%WP51%HOMO SAPIENS		67	0.36162508	1.1987506	0.16199377	0.5693475	1.0	1925	tags=27%, list=18%, signal=32%	
FGF SIGNALING PATHWAY%PANTHER PATHWAY%P00021	FGF SIGNALING PATHWAY%PANTHER PATHWAY%P00021		56	0.37015408	1.198641	0.19476268	0.56913966	1.0	1752	tags=23%, list=16%, signal=27%	
SYNTHESIS OF SUBSTRATES IN N-GLYCAN BIOSYTHESIS%REACTOME DATABASE ID RELEASE 93%446219	SYNTHESIS OF SUBSTRATES IN N-GLYCAN BIOSYTHESIS%REACTOME DATABASE ID RELEASE 93%446219		50	0.3811374	1.1984926	0.18770765	0.5690191	1.0	1548	tags=26%, list=14%, signal=30%	
DOWNREGULATION OF TGF-BETA RECEPTOR SIGNALING%REACTOME DATABASE ID RELEASE 93%2173788	DOWNREGULATION OF TGF-BETA RECEPTOR SIGNALING%REACTOME DATABASE ID RELEASE 93%2173788		23	0.45663878	1.1983657	0.2283737	0.568878	1.0	3114	tags=48%, list=28%, signal=67%	
POSITIVE REGULATION OF ADAPTIVE IMMUNE RESPONSE%GOBP%GO:0002821	POSITIVE REGULATION OF ADAPTIVE IMMUNE RESPONSE%GOBP%GO:0002821		72	0.357498	1.1979809	0.17179903	0.56945664	1.0	2421	tags=32%, list=22%, signal=41%	
LEUKOCYTE MIGRATION%GOBP%GO:0050900	LEUKOCYTE MIGRATION%GOBP%GO:0050900		92	0.3397782	1.1976017	0.12820514	0.5700928	1.0	1526	tags=29%, list=14%, signal=34%	
VITAMIN A DEFICIENCY%SMPDB%SMP0000336	VITAMIN A DEFICIENCY%SMPDB%SMP0000336		18	0.47310996	1.1974951	0.23671497	0.56989074	1.0	1466	tags=44%, list=13%, signal=51%	
HOST-MEDIATED PERTURBATION OF VIRAL PROCESS%GOBP%GO:0044788	HOST-MEDIATED PERTURBATION OF VIRAL PROCESS%GOBP%GO:0044788		54	0.37764275	1.1973233	0.1641791	0.5698534	1.0	3289	tags=41%, list=30%, signal=58%	
NUCLEOBASE METABOLIC PROCESS%GOBP%GO:0009112	NUCLEOBASE METABOLIC PROCESS%GOBP%GO:0009112		17	0.4821192	1.1968516	0.2412523	0.5707301	1.0	844	tags=18%, list=8%, signal=19%	
ESTABLISHMENT OF PROTEIN LOCALIZATION TO EXTRACELLULAR REGION%GOBP%GO:0035592	ESTABLISHMENT OF PROTEIN LOCALIZATION TO EXTRACELLULAR REGION%GOBP%GO:0035592		42	0.39670062	1.196733	0.18729097	0.5705637	1.0	2316	tags=31%, list=21%, signal=39%	
PID_ARF6_PATHWAY%MSIGDB_C2%PID_ARF6_PATHWAY	PID_ARF6_PATHWAY%MSIGDB_C2%PID_ARF6_PATHWAY		20	0.46208778	1.1964287	0.23450586	0.570942	1.0	1891	tags=35%, list=17%, signal=42%	
POSITIVE REGULATION OF CANONICAL NF-KAPPAB SIGNAL TRANSDUCTION%GOBP%GO:0043123	POSITIVE REGULATION OF CANONICAL NF-KAPPAB SIGNAL TRANSDUCTION%GOBP%GO:0043123		157	0.3197575	1.1962428	0.1040724	0.57099396	1.0	1909	tags=22%, list=17%, signal=26%	
SIGNALING DOWNSTREAM OF RAS MUTANTS%REACTOME DATABASE ID RELEASE 93%9649948	SIGNALING DOWNSTREAM OF RAS MUTANTS%REACTOME DATABASE ID RELEASE 93%9649948		35	0.41096702	1.1961756	0.20677966	0.57068837	1.0	3614	tags=46%, list=33%, signal=68%	
REGULATION OF MAP KINASE ACTIVITY%GOBP%GO:0043405	REGULATION OF MAP KINASE ACTIVITY%GOBP%GO:0043405		40	0.40011835	1.1961504	0.18770227	0.57025504	1.0	1137	tags=15%, list=10%, signal=17%	
INORGANIC CATION TRANSMEMBRANE TRANSPORT%GOBP%GO:0098662	INORGANIC CATION TRANSMEMBRANE TRANSPORT%GOBP%GO:0098662		188	0.31460175	1.1954579	0.09601182	0.5718287	1.0	2012	tags=28%, list=18%, signal=34%	
POLO-LIKE KINASE MEDIATED EVENTS%REACTOME%R-HSA-156711.4	POLO-LIKE KINASE MEDIATED EVENTS%REACTOME%R-HSA-156711.4		15	0.4923219	1.1950608	0.23885918	0.5724716	1.0	2769	tags=53%, list=25%, signal=71%	
NEGATIVE REGULATION OF IMMUNE EFFECTOR PROCESS%GOBP%GO:0002698	NEGATIVE REGULATION OF IMMUNE EFFECTOR PROCESS%GOBP%GO:0002698		58	0.37318355	1.1946292	0.1797005	0.5731777	1.0	1178	tags=19%, list=11%, signal=21%	
PARADOXICAL ACTIVATION OF RAF SIGNALING BY KINASE INACTIVE BRAF%REACTOME DATABASE ID RELEASE 93%6802955	PARADOXICAL ACTIVATION OF RAF SIGNALING BY KINASE INACTIVE BRAF%REACTOME DATABASE ID RELEASE 93%6802955		35	0.41096702	1.19456	0.2147651	0.5728687	1.0	3614	tags=46%, list=33%, signal=68%	
TRANSFERRIN ENDOCYTOSIS AND RECYCLING%REACTOME DATABASE ID RELEASE 93%917977	TRANSFERRIN ENDOCYTOSIS AND RECYCLING%REACTOME DATABASE ID RELEASE 93%917977		21	0.4573469	1.1943051	0.25742576	0.57309103	1.0	1186	tags=29%, list=11%, signal=32%	
EBOLA VIRUS INFECTION IN HOST%WIKIPATHWAYS_20250810%WP4217%HOMO SAPIENS	EBOLA VIRUS INFECTION IN HOST%WIKIPATHWAYS_20250810%WP4217%HOMO SAPIENS		89	0.34760603	1.1942953	0.13574661	0.5726147	1.0	2941	tags=40%, list=27%, signal=55%	
NEGATIVE REGULATION OF MONONUCLEAR CELL PROLIFERATION%GOBP%GO:0032945	NEGATIVE REGULATION OF MONONUCLEAR CELL PROLIFERATION%GOBP%GO:0032945		30	0.42765	1.194106	0.20228384	0.57264423	1.0	2279	tags=40%, list=21%, signal=50%	
REGULATION OF POLYSACCHARIDE METABOLIC PROCESS%GOBP%GO:0032881	REGULATION OF POLYSACCHARIDE METABOLIC PROCESS%GOBP%GO:0032881		23	0.45223364	1.1940603	0.20098847	0.57225287	1.0	665	tags=17%, list=6%, signal=18%	
METAPHASE CHROMOSOME ALIGNMENT%GOBP%GO:0051310	METAPHASE CHROMOSOME ALIGNMENT%GOBP%GO:0051310		70	0.3541524	1.1939055	0.17269737	0.57219255	1.0	2335	tags=29%, list=21%, signal=36%	
THYROID STIMULATING HORMONE TSH SIGNALING%WIKIPATHWAYS_20250810%WP2032%HOMO SAPIENS	THYROID STIMULATING HORMONE TSH SIGNALING%WIKIPATHWAYS_20250810%WP2032%HOMO SAPIENS		45	0.38723204	1.1924886	0.17277487	0.5757528	1.0	1749	tags=29%, list=16%, signal=34%	
ANTIVIRAL INNATE IMMUNE RESPONSE%GOBP%GO:0140374	ANTIVIRAL INNATE IMMUNE RESPONSE%GOBP%GO:0140374		55	0.37900892	1.1921567	0.17535545	0.5762273	1.0	3051	tags=36%, list=28%, signal=50%	
NUCLEAR EXPORT%GOBP%GO:0051168	NUCLEAR EXPORT%GOBP%GO:0051168		103	0.33873495	1.1921413	0.14756672	0.5757681	1.0	2508	tags=25%, list=23%, signal=32%	
NEGATIVE REGULATION OF SUPRAMOLECULAR FIBER ORGANIZATION%GOBP%GO:1902904	NEGATIVE REGULATION OF SUPRAMOLECULAR FIBER ORGANIZATION%GOBP%GO:1902904		75	0.34933153	1.1921184	0.14309484	0.5753313	1.0	1876	tags=25%, list=17%, signal=30%	
DEGRADATION OF CDH1%REACTOME DATABASE ID RELEASE 93%9766229	DEGRADATION OF CDH1%REACTOME DATABASE ID RELEASE 93%9766229		52	0.37655774	1.1918823	0.2037037	0.57554024	1.0	2787	tags=35%, list=25%, signal=46%	
RETINOL METABOLISM%SMPDB%SMP0000074	RETINOL METABOLISM%SMPDB%SMP0000074		18	0.47310996	1.1914374	0.24278438	0.5763475	1.0	1466	tags=44%, list=13%, signal=51%	
HDR THROUGH HOMOLOGOUS RECOMBINATION (HRR)%REACTOME%R-HSA-5685942.4	HDR THROUGH HOMOLOGOUS RECOMBINATION (HRR)%REACTOME%R-HSA-5685942.4		62	0.36863676	1.1911399	0.16805324	0.5766558	1.0	2897	tags=35%, list=26%, signal=48%	
NEGATIVE REGULATION OF MITOTIC CELL CYCLE PHASE TRANSITION%GOBP%GO:1901991	NEGATIVE REGULATION OF MITOTIC CELL CYCLE PHASE TRANSITION%GOBP%GO:1901991		118	0.3293817	1.190866	0.13650307	0.5769605	1.0	2168	tags=25%, list=20%, signal=30%	
SIGNALING BY RAF1 MUTANTS%REACTOME%R-HSA-9656223.2	SIGNALING BY RAF1 MUTANTS%REACTOME%R-HSA-9656223.2		30	0.41955012	1.1904697	0.21291448	0.577527	1.0	3395	tags=43%, list=31%, signal=63%	
POSITIVE REGULATION OF PROTEOLYSIS%GOBP%GO:0045862	POSITIVE REGULATION OF PROTEOLYSIS%GOBP%GO:0045862		132	0.32594037	1.1903082	0.13493253	0.5774977	1.0	2329	tags=26%, list=21%, signal=32%	
POSITIVE REGULATION OF NOTCH SIGNALING PATHWAY%GOBP%GO:0045747	POSITIVE REGULATION OF NOTCH SIGNALING PATHWAY%GOBP%GO:0045747		17	0.48097637	1.1901543	0.2575251	0.5774073	1.0	1646	tags=29%, list=15%, signal=35%	
TOLL LIKE RECEPTOR 2 (TLR2) CASCADE%REACTOME DATABASE ID RELEASE 93%181438	TOLL LIKE RECEPTOR 2 (TLR2) CASCADE%REACTOME DATABASE ID RELEASE 93%181438		97	0.34285834	1.19013	0.15541601	0.57697564	1.0	2047	tags=22%, list=19%, signal=26%	
PHOSPHATIDYLINOSITOL DEPHOSPHORYLATION%GOBP%GO:0046856	PHOSPHATIDYLINOSITOL DEPHOSPHORYLATION%GOBP%GO:0046856		18	0.4784156	1.1900582	0.23389831	0.57669103	1.0	2248	tags=33%, list=20%, signal=42%	
TOLL LIKE RECEPTOR TLR6:TLR2 CASCADE%REACTOME DATABASE ID RELEASE 93%168188	TOLL LIKE RECEPTOR TLR6:TLR2 CASCADE%REACTOME DATABASE ID RELEASE 93%168188		97	0.34285834	1.1899744	0.1613924	0.57642823	1.0	2047	tags=22%, list=19%, signal=26%	
HETEROTRIMERIC G-PROTEIN SIGNALING PATHWAY-GQ ALPHA AND GO ALPHA MEDIATED PATHWAY%PANTHER PATHWAY%P00027	HETEROTRIMERIC G-PROTEIN SIGNALING PATHWAY-GQ ALPHA AND GO ALPHA MEDIATED PATHWAY%PANTHER PATHWAY%P00027		37	0.39218166	1.1892724	0.19897959	0.57796663	1.0	1517	tags=27%, list=14%, signal=31%	
RHOH GTPASE CYCLE%REACTOME%R-HSA-9013407.3	RHOH GTPASE CYCLE%REACTOME%R-HSA-9013407.3		33	0.41926605	1.1890619	0.21661238	0.5780275	1.0	2716	tags=39%, list=25%, signal=52%	
SIGNALING BY RAS MUTANTS%REACTOME DATABASE ID RELEASE 93%6802949	SIGNALING BY RAS MUTANTS%REACTOME DATABASE ID RELEASE 93%6802949		35	0.41096702	1.1886975	0.21217105	0.5786234	1.0	3614	tags=46%, list=33%, signal=68%	
NEGATIVE REGULATION OF PROTEASOMAL PROTEIN CATABOLIC PROCESS%GOBP%GO:1901799	NEGATIVE REGULATION OF PROTEASOMAL PROTEIN CATABOLIC PROCESS%GOBP%GO:1901799		43	0.382623	1.1885432	0.19124797	0.57856977	1.0	1328	tags=19%, list=12%, signal=21%	
TRANSPORT TO THE GOLGI AND SUBSEQUENT MODIFICATION%REACTOME%R-HSA-948021.4	TRANSPORT TO THE GOLGI AND SUBSEQUENT MODIFICATION%REACTOME%R-HSA-948021.4		140	0.32491782	1.1882038	0.14803626	0.5790511	1.0	2702	tags=28%, list=25%, signal=36%	
REGULATION OF NECROPTOTIC CELL DEATH%REACTOME%R-HSA-5675482.9	REGULATION OF NECROPTOTIC CELL DEATH%REACTOME%R-HSA-5675482.9		25	0.43714833	1.1880263	0.21880342	0.5790345	1.0	1654	tags=28%, list=15%, signal=33%	
PURINE METABOLISM%PATHWHIZ%PW000052	PURINE METABOLISM%PATHWHIZ%PW000052		29	0.41409916	1.1879703	0.2173913	0.57869536	1.0	1799	tags=28%, list=16%, signal=33%	
NETWORK MAP OF SARS COV 2 SIGNALING%WIKIPATHWAYS_20250810%WP5115%HOMO SAPIENS	NETWORK MAP OF SARS COV 2 SIGNALING%WIKIPATHWAYS_20250810%WP5115%HOMO SAPIENS		137	0.32413563	1.1878493	0.1413844	0.5785187	1.0	1561	tags=24%, list=14%, signal=28%	
PHOSPHOINOSITIDES METABOLISM%WIKIPATHWAYS_20250810%WP4971%HOMO SAPIENS	PHOSPHOINOSITIDES METABOLISM%WIKIPATHWAYS_20250810%WP4971%HOMO SAPIENS		34	0.40501064	1.1872576	0.21150592	0.5796986	1.0	3536	tags=53%, list=32%, signal=78%	
INTEGRIN SIGNALING%REACTOME%R-HSA-354192.4	INTEGRIN SIGNALING%REACTOME%R-HSA-354192.4		19	0.46235466	1.1869874	0.25778547	0.57997084	1.0	1752	tags=42%, list=16%, signal=50%	
GAMMA CARBOXYLATION, HYPUSINYLATION, HYDROXYLATION, AND ARYLSULFATASE ACTIVATION%REACTOME DATABASE ID RELEASE 93%163841	GAMMA CARBOXYLATION, HYPUSINYLATION, HYDROXYLATION, AND ARYLSULFATASE ACTIVATION%REACTOME DATABASE ID RELEASE 93%163841		44	0.38973576	1.1866928	0.20516963	0.58034134	1.0	2280	tags=34%, list=21%, signal=43%	
COTRANSLATIONAL PROTEIN TARGETING TO MEMBRANE%GOBP%GO:0006613	COTRANSLATIONAL PROTEIN TARGETING TO MEMBRANE%GOBP%GO:0006613		19	0.46980885	1.1863053	0.22569445	0.5810109	1.0	3387	tags=53%, list=31%, signal=76%	
INTRA-GOLGI AND RETROGRADE GOLGI-TO-ER TRAFFIC%REACTOME DATABASE ID RELEASE 93%6811442	INTRA-GOLGI AND RETROGRADE GOLGI-TO-ER TRAFFIC%REACTOME DATABASE ID RELEASE 93%6811442		160	0.32050806	1.1860882	0.13381295	0.58112156	1.0	2702	tags=31%, list=25%, signal=41%	
CELLULAR RESPONSE TO METAL ION%GOBP%GO:0071248	CELLULAR RESPONSE TO METAL ION%GOBP%GO:0071248		63	0.3659193	1.1855325	0.18166667	0.5822913	1.0	1583	tags=30%, list=14%, signal=35%	
BIOCARTA_STRESS_PATHWAY%MSIGDB_C2%BIOCARTA_STRESS_PATHWAY	BIOCARTA_STRESS_PATHWAY%MSIGDB_C2%BIOCARTA_STRESS_PATHWAY		23	0.43647587	1.1855298	0.21731749	0.5817935	1.0	715	tags=13%, list=7%, signal=14%	
NON GENOMIC ACTIONS OF 1 25 DIHYDROXYVITAMIN D3%WIKIPATHWAYS_20250810%WP4341%HOMO SAPIENS	NON GENOMIC ACTIONS OF 1 25 DIHYDROXYVITAMIN D3%WIKIPATHWAYS_20250810%WP4341%HOMO SAPIENS		50	0.38320038	1.1854558	0.18398637	0.5815158	1.0	1902	tags=34%, list=17%, signal=41%	
THE ONCOGENIC ACTION OF 2-HYDROXYGLUTARATE%SMPDB%SMP0002291	THE ONCOGENIC ACTION OF 2-HYDROXYGLUTARATE%SMPDB%SMP0002291		23	0.43698883	1.1851486	0.23960066	0.5819074	1.0	3452	tags=48%, list=31%, signal=70%	
REGULATION OF AUTOPHAGY OF MITOCHONDRION%GOBP%GO:1903146	REGULATION OF AUTOPHAGY OF MITOCHONDRION%GOBP%GO:1903146		36	0.40315548	1.1849163	0.22569445	0.5821193	1.0	1230	tags=19%, list=11%, signal=22%	
VESICLE CARGO LOADING%GOBP%GO:0035459	VESICLE CARGO LOADING%GOBP%GO:0035459		27	0.43246895	1.1845886	0.24428822	0.5825586	1.0	2192	tags=30%, list=20%, signal=37%	
REGULATION OF SUBSTRATE ADHESION-DEPENDENT CELL SPREADING%GOBP%GO:1900024	REGULATION OF SUBSTRATE ADHESION-DEPENDENT CELL SPREADING%GOBP%GO:1900024		36	0.4016977	1.1845053	0.21760798	0.5823062	1.0	2290	tags=36%, list=21%, signal=45%	
G2/M TRANSITION OF MITOTIC CELL CYCLE%GOBP%GO:0000086	G2/M TRANSITION OF MITOTIC CELL CYCLE%GOBP%GO:0000086		33	0.40616825	1.184348	0.22704507	0.5822707	1.0	2470	tags=42%, list=22%, signal=55%	
MEIOSIS I CELL CYCLE PROCESS%GOBP%GO:0061982	MEIOSIS I CELL CYCLE PROCESS%GOBP%GO:0061982		53	0.3690852	1.1839823	0.19866444	0.5828191	1.0	3318	tags=40%, list=30%, signal=57%	
TNF ALPHA SIGNALING%WIKIPATHWAYS_20250810%WP231%HOMO SAPIENS	TNF ALPHA SIGNALING%WIKIPATHWAYS_20250810%WP231%HOMO SAPIENS		67	0.36361524	1.1839179	0.18646865	0.58249813	1.0	2607	tags=28%, list=24%, signal=37%	
MYELOID LEUKOCYTE ACTIVATION%GOBP%GO:0002274	MYELOID LEUKOCYTE ACTIVATION%GOBP%GO:0002274		62	0.36718458	1.1836376	0.1789639	0.5828598	1.0	1534	tags=34%, list=14%, signal=39%	
CD4-POSITIVE, ALPHA-BETA T CELL ACTIVATION%GOBP%GO:0035710	CD4-POSITIVE, ALPHA-BETA T CELL ACTIVATION%GOBP%GO:0035710		33	0.40810934	1.1831651	0.22147651	0.58371377	1.0	2712	tags=39%, list=25%, signal=52%	
EXOCYTIC PROCESS%GOBP%GO:0140029	EXOCYTIC PROCESS%GOBP%GO:0140029		33	0.40617165	1.1828068	0.21367522	0.5842663	1.0	2149	tags=36%, list=20%, signal=45%	
MEMBRANE FUSION%GOBP%GO:0061025	MEMBRANE FUSION%GOBP%GO:0061025		98	0.33859822	1.1826653	0.16	0.584189	1.0	2265	tags=24%, list=21%, signal=31%	
REGULATION OF BODY FLUID LEVELS%GOBP%GO:0050878	REGULATION OF BODY FLUID LEVELS%GOBP%GO:0050878		122	0.3277226	1.18247	0.16536662	0.58425885	1.0	1620	tags=29%, list=15%, signal=33%	
MICROTUBULE CYTOSKELETON ORGANIZATION INVOLVED IN MITOSIS%GOBP%GO:1902850	MICROTUBULE CYTOSKELETON ORGANIZATION INVOLVED IN MITOSIS%GOBP%GO:1902850		106	0.33318526	1.1821228	0.16561514	0.58480006	1.0	2709	tags=28%, list=25%, signal=37%	
PID_IL12_2PATHWAY%MSIGDB_C2%PID_IL12_2PATHWAY	PID_IL12_2PATHWAY%MSIGDB_C2%PID_IL12_2PATHWAY		34	0.40185112	1.1817966	0.2141593	0.5852983	1.0	2222	tags=38%, list=20%, signal=48%	
HOST-MEDIATED PERTURBATION OF VIRAL TRANSCRIPTION%GOBP%GO:0043921	HOST-MEDIATED PERTURBATION OF VIRAL TRANSCRIPTION%GOBP%GO:0043921		22	0.4423783	1.181578	0.22757475	0.5854271	1.0	1199	tags=23%, list=11%, signal=25%	
PATHWAYS INTO METHIONINE AND FOLATE CYCLES%WIKIPATHWAYS_20250810%WP5488%HOMO SAPIENS	PATHWAYS INTO METHIONINE AND FOLATE CYCLES%WIKIPATHWAYS_20250810%WP5488%HOMO SAPIENS		17	0.4730069	1.1815132	0.22410867	0.5851055	1.0	2836	tags=47%, list=26%, signal=63%	
NEUROTROPHIC FACTOR-MEDIATED TRK RECEPTOR SIGNALING%PATHWAY INTERACTION DATABASE NCI-NATURE CURATED DATA%NEUROTROPHIC FACTOR-MEDIATED TRK RECEPTOR SIGNALING	NEUROTROPHIC FACTOR-MEDIATED TRK RECEPTOR SIGNALING%PATHWAY INTERACTION DATABASE NCI-NATURE CURATED DATA%NEUROTROPHIC FACTOR-MEDIATED TRK RECEPTOR SIGNALING		46	0.38110286	1.1808954	0.2032	0.5863789	1.0	1043	tags=17%, list=9%, signal=19%	
S PHASE%REACTOME%R-HSA-69242.5	S PHASE%REACTOME%R-HSA-69242.5		145	0.32035863	1.1805853	0.12796208	0.5867299	1.0	2861	tags=32%, list=26%, signal=43%	
NEGATIVE REGULATION OF CALCIUM ION TRANSMEMBRANE TRANSPORT%GOBP%GO:1903170	NEGATIVE REGULATION OF CALCIUM ION TRANSMEMBRANE TRANSPORT%GOBP%GO:1903170		17	0.47263965	1.1803912	0.2638889	0.58677113	1.0	3592	tags=53%, list=33%, signal=79%	
ADENINE PHOSPHORIBOSYLTRANSFERASE DEFICIENCY (APRT)%PATHWHIZ%PW000511	ADENINE PHOSPHORIBOSYLTRANSFERASE DEFICIENCY (APRT)%PATHWHIZ%PW000511		29	0.41409916	1.180139	0.2268212	0.5870034	1.0	1799	tags=28%, list=16%, signal=33%	
DDX58 IFIH1-MEDIATED INDUCTION OF INTERFERON-ALPHA BETA%REACTOME DATABASE ID RELEASE 93%168928	DDX58 IFIH1-MEDIATED INDUCTION OF INTERFERON-ALPHA BETA%REACTOME DATABASE ID RELEASE 93%168928		63	0.3643104	1.1795514	0.18537416	0.588226	1.0	2769	tags=35%, list=25%, signal=46%	
REGULATION OF SMALL GTPASE MEDIATED SIGNAL TRANSDUCTION%GOBP%GO:0051056	REGULATION OF SMALL GTPASE MEDIATED SIGNAL TRANSDUCTION%GOBP%GO:0051056		175	0.3182199	1.1792573	0.12732919	0.5885691	1.0	1534	tags=26%, list=14%, signal=29%	
REGULATION OF LEUKOCYTE DEGRANULATION%GOBP%GO:0043300	REGULATION OF LEUKOCYTE DEGRANULATION%GOBP%GO:0043300		26	0.43010482	1.179023	0.2138047	0.5887147	1.0	1263	tags=23%, list=11%, signal=26%	
XANTHINE DEHYDROGENASE DEFICIENCY (XANTHINURIA)%SMPDB%SMP0000220	XANTHINE DEHYDROGENASE DEFICIENCY (XANTHINURIA)%SMPDB%SMP0000220		29	0.41409916	1.1788065	0.22222222	0.5888505	1.0	1799	tags=28%, list=16%, signal=33%	
INFLAMMATORY RESPONSE%GOBP%GO:0006954	INFLAMMATORY RESPONSE%GOBP%GO:0006954		166	0.3157092	1.1787002	0.14020029	0.5886486	1.0	1857	tags=28%, list=17%, signal=33%	
POSITIVE REGULATION OF G1/S TRANSITION OF MITOTIC CELL CYCLE%GOBP%GO:1900087	POSITIVE REGULATION OF G1/S TRANSITION OF MITOTIC CELL CYCLE%GOBP%GO:1900087		28	0.42899916	1.1784914	0.21644296	0.58874726	1.0	2502	tags=50%, list=23%, signal=65%	
LEUKOCYTE CELL-CELL ADHESION%GOBP%GO:0007159	LEUKOCYTE CELL-CELL ADHESION%GOBP%GO:0007159		36	0.40749508	1.1782478	0.2003339	0.5889796	1.0	1440	tags=33%, list=13%, signal=38%	
PYRUVATE DEHYDROGENASE DEFICIENCY (E3)%SMPDB%SMP0000550	PYRUVATE DEHYDROGENASE DEFICIENCY (E3)%SMPDB%SMP0000550		21	0.43866846	1.1777396	0.23639455	0.59001166	1.0	3452	tags=48%, list=31%, signal=69%	
MYELOID LEUKOCYTE MEDIATED IMMUNITY%GOBP%GO:0002444	MYELOID LEUKOCYTE MEDIATED IMMUNITY%GOBP%GO:0002444		24	0.43881708	1.1775379	0.2353952	0.5900951	1.0	1526	tags=42%, list=14%, signal=48%	
BASE-EXCISION REPAIR%GOBP%GO:0006284	BASE-EXCISION REPAIR%GOBP%GO:0006284		40	0.39481884	1.1769516	0.20504202	0.5912264	1.0	1587	tags=20%, list=14%, signal=23%	
RESPONSE TO HYPOXIA%GOBP%GO:0001666	RESPONSE TO HYPOXIA%GOBP%GO:0001666		94	0.33984423	1.1769258	0.16692668	0.5907953	1.0	1842	tags=30%, list=17%, signal=35%	
POSITIVE REGULATION OF VIRAL GENOME REPLICATION%GOBP%GO:0045070	POSITIVE REGULATION OF VIRAL GENOME REPLICATION%GOBP%GO:0045070		24	0.43588623	1.1767145	0.24125874	0.5909048	1.0	3386	tags=38%, list=31%, signal=54%	
NUCLEAR ENVELOPE BREAKDOWN%REACTOME DATABASE ID RELEASE 93%2980766	NUCLEAR ENVELOPE BREAKDOWN%REACTOME DATABASE ID RELEASE 93%2980766		46	0.38435748	1.176662	0.2071651	0.5905487	1.0	3521	tags=46%, list=32%, signal=67%	
MRNA TRANSPORT%GOBP%GO:0051028	MRNA TRANSPORT%GOBP%GO:0051028		59	0.3686358	1.1764802	0.18088737	0.5905777	1.0	2260	tags=24%, list=21%, signal=30%	
PHOSPHATIDYL INOSITOL PHOSPHATE PATHWAY%WIKIPATHWAYS_20250810%WP5411%HOMO SAPIENS	PHOSPHATIDYL INOSITOL PHOSPHATE PATHWAY%WIKIPATHWAYS_20250810%WP5411%HOMO SAPIENS		33	0.40772864	1.1761761	0.24041812	0.590994	1.0	2782	tags=42%, list=25%, signal=57%	
DNA DAMAGE RESPONSE%WIKIPATHWAYS_20250810%WP707%HOMO SAPIENS	DNA DAMAGE RESPONSE%WIKIPATHWAYS_20250810%WP707%HOMO SAPIENS		50	0.38216844	1.1760674	0.22335026	0.590836	1.0	2897	tags=42%, list=26%, signal=57%	
NUCLEOCYTOPLASMIC TRANSPORT%GOBP%GO:0006913	NUCLEOCYTOPLASMIC TRANSPORT%GOBP%GO:0006913		169	0.3148385	1.1757042	0.12481203	0.59144807	1.0	2508	tags=24%, list=23%, signal=30%	
ADENOSINE DEAMINASE DEFICIENCY%PATHWHIZ%PW000075	ADENOSINE DEAMINASE DEFICIENCY%PATHWHIZ%PW000075		29	0.41409916	1.175638	0.22596154	0.59114796	1.0	1799	tags=28%, list=16%, signal=33%	
RAF ACTIVATION%REACTOME DATABASE ID RELEASE 93%5673000	RAF ACTIVATION%REACTOME DATABASE ID RELEASE 93%5673000		30	0.42153955	1.1753528	0.24196278	0.59144723	1.0	2623	tags=33%, list=24%, signal=44%	
REGULATION OF TYPE II INTERFERON PRODUCTION%GOBP%GO:0032649	REGULATION OF TYPE II INTERFERON PRODUCTION%GOBP%GO:0032649		58	0.36471537	1.1747783	0.19376026	0.5926383	1.0	1613	tags=29%, list=15%, signal=34%	
GM-CSF%IOB%GM-CSF	GM-CSF%IOB%GM-CSF		47	0.38340092	1.174052	0.21227197	0.59420425	1.0	2970	tags=34%, list=27%, signal=46%	
TAK1-DEPENDENT IKK AND NF-KAPPA-B ACTIVATION%REACTOME DATABASE ID RELEASE 93%445989	TAK1-DEPENDENT IKK AND NF-KAPPA-B ACTIVATION%REACTOME DATABASE ID RELEASE 93%445989		39	0.38960287	1.1737764	0.22276422	0.59445775	1.0	2580	tags=33%, list=23%, signal=43%	
POSITIVE REGULATION OF CELL-SUBSTRATE ADHESION%GOBP%GO:0010811	POSITIVE REGULATION OF CELL-SUBSTRATE ADHESION%GOBP%GO:0010811		52	0.37058386	1.1736293	0.2195122	0.59436595	1.0	1199	tags=23%, list=11%, signal=26%	
TOLL-LIKE RECEPTOR SIGNALING PATHWAY%GOBP%GO:0002224	TOLL-LIKE RECEPTOR SIGNALING PATHWAY%GOBP%GO:0002224		33	0.41090086	1.173075	0.2310231	0.5955119	1.0	2109	tags=27%, list=19%, signal=34%	
SENSORY PROCESSING OF SOUND%REACTOME DATABASE ID RELEASE 93%9659379	SENSORY PROCESSING OF SOUND%REACTOME DATABASE ID RELEASE 93%9659379		29	0.42244005	1.1730599	0.22666667	0.5950596	1.0	2131	tags=34%, list=19%, signal=43%	
DNA REPLICATION CHECKPOINT SIGNALING%GOBP%GO:0000076	DNA REPLICATION CHECKPOINT SIGNALING%GOBP%GO:0000076		17	0.47001517	1.1730472	0.25811967	0.59460163	1.0	3654	tags=59%, list=33%, signal=88%	
PROTEIN O-LINKED GLYCOSYLATION VIA N-ACETYL-GALACTOSAMINE%GOBP%GO:0016266	PROTEIN O-LINKED GLYCOSYLATION VIA N-ACETYL-GALACTOSAMINE%GOBP%GO:0016266		21	0.44765761	1.1730056	0.23785594	0.5942177	1.0	2105	tags=38%, list=19%, signal=47%	
ADENYLOSUCCINATE LYASE DEFICIENCY%SMPDB%SMP0000167	ADENYLOSUCCINATE LYASE DEFICIENCY%SMPDB%SMP0000167		29	0.41409916	1.1728716	0.229097	0.594104	1.0	1799	tags=28%, list=16%, signal=33%	
REGULATION OF CHEMOKINE PRODUCTION%GOBP%GO:0032642	REGULATION OF CHEMOKINE PRODUCTION%GOBP%GO:0032642		42	0.38568902	1.1723369	0.19769357	0.5952154	1.0	1420	tags=26%, list=13%, signal=30%	
REGULATION OF CYCLIN-DEPENDENT PROTEIN SERINE/THREONINE KINASE ACTIVITY%GOBP%GO:0000079	REGULATION OF CYCLIN-DEPENDENT PROTEIN SERINE/THREONINE KINASE ACTIVITY%GOBP%GO:0000079		27	0.41984683	1.1721883	0.24703892	0.5951239	1.0	2508	tags=33%, list=23%, signal=43%	
GOUT OR KELLEY-SEEGMILLER SYNDROME%SMPDB%SMP0000365	GOUT OR KELLEY-SEEGMILLER SYNDROME%SMPDB%SMP0000365		29	0.41409916	1.1721681	0.23856209	0.59469414	1.0	1799	tags=28%, list=16%, signal=33%	
INFLAMMATION MEDIATED BY CHEMOKINE AND CYTOKINE SIGNALING PATHWAY%PANTHER PATHWAY%P00031	INFLAMMATION MEDIATED BY CHEMOKINE AND CYTOKINE SIGNALING PATHWAY%PANTHER PATHWAY%P00031		91	0.33693865	1.172164	0.19642857	0.59421873	1.0	2804	tags=42%, list=26%, signal=56%	
SIGNALING RECEPTOR LIGAND PRECURSOR PROCESSING%GOBP%GO:0140448	SIGNALING RECEPTOR LIGAND PRECURSOR PROCESSING%GOBP%GO:0140448		22	0.43854734	1.1721067	0.2542662	0.5939078	1.0	1989	tags=41%, list=18%, signal=50%	
TNFALPHA%NETPATH%TNFALPHA	TNFALPHA%NETPATH%TNFALPHA		154	0.31468645	1.1719666	0.15569824	0.5938602	1.0	2769	tags=29%, list=25%, signal=38%	
POSITIVE REGULATION OF EXTRINSIC APOPTOTIC SIGNALING PATHWAY%GOBP%GO:2001238	POSITIVE REGULATION OF EXTRINSIC APOPTOTIC SIGNALING PATHWAY%GOBP%GO:2001238		24	0.44014657	1.171847	0.24444444	0.59370714	1.0	1357	tags=21%, list=12%, signal=24%	
NUCLEAR EVENTS MEDIATED BY NFE2L2%REACTOME DATABASE ID RELEASE 93%9759194	NUCLEAR EVENTS MEDIATED BY NFE2L2%REACTOME DATABASE ID RELEASE 93%9759194		74	0.35293308	1.1716645	0.18107668	0.59378934	1.0	2787	tags=34%, list=25%, signal=45%	
CYCLIN A:CDK2-ASSOCIATED EVENTS AT S PHASE ENTRY%REACTOME%R-HSA-69656.6	CYCLIN A:CDK2-ASSOCIATED EVENTS AT S PHASE ENTRY%REACTOME%R-HSA-69656.6		71	0.354236	1.1716415	0.20182094	0.59336716	1.0	1797	tags=25%, list=16%, signal=30%	
REGULATION OF CELL SIZE%GOBP%GO:0008361	REGULATION OF CELL SIZE%GOBP%GO:0008361		61	0.3592196	1.1714141	0.20983607	0.5935529	1.0	2326	tags=30%, list=21%, signal=37%	
ERK MAPK TARGETS%REACTOME DATABASE ID RELEASE 93%198753	ERK MAPK TARGETS%REACTOME DATABASE ID RELEASE 93%198753		21	0.4537385	1.171403	0.23304348	0.5930974	1.0	1729	tags=19%, list=16%, signal=23%	
NEGATIVE REGULATION OF PHAGOCYTOSIS%GOBP%GO:0050765	NEGATIVE REGULATION OF PHAGOCYTOSIS%GOBP%GO:0050765		15	0.4838126	1.1710783	0.2689655	0.5935623	1.0	2226	tags=40%, list=20%, signal=50%	
CHROMOSOME LOCALIZATION%GOBP%GO:0050000	CHROMOSOME LOCALIZATION%GOBP%GO:0050000		76	0.34633526	1.1710759	0.21535893	0.59308237	1.0	2609	tags=30%, list=24%, signal=39%	
REGULATION OF CDH1 FUNCTION%REACTOME DATABASE ID RELEASE 93%9764561	REGULATION OF CDH1 FUNCTION%REACTOME DATABASE ID RELEASE 93%9764561		53	0.37415755	1.1707658	0.22129783	0.5935379	1.0	2787	tags=34%, list=25%, signal=45%	
CELLULAR RESPONSE TO MONOAMINE STIMULUS%GOBP%GO:0071868	CELLULAR RESPONSE TO MONOAMINE STIMULUS%GOBP%GO:0071868		15	0.4779642	1.170526	0.2615894	0.59376	1.0	3194	tags=47%, list=29%, signal=66%	
XANTHINURIA TYPE II%PATHWHIZ%PW000489	XANTHINURIA TYPE II%PATHWHIZ%PW000489		29	0.41409916	1.1704438	0.23418804	0.593521	1.0	1799	tags=28%, list=16%, signal=33%	
REGULATION OF ADAPTIVE IMMUNE RESPONSE BASED ON SOMATIC RECOMBINATION OF IMMUNE RECEPTORS BUILT FROM IMMUNOGLOBULIN SUPERFAMILY DOMAINS%GOBP%GO:0002822	REGULATION OF ADAPTIVE IMMUNE RESPONSE BASED ON SOMATIC RECOMBINATION OF IMMUNE RECEPTORS BUILT FROM IMMUNOGLOBULIN SUPERFAMILY DOMAINS%GOBP%GO:0002822		102	0.32867154	1.1701773	0.16425121	0.593842	1.0	2421	tags=28%, list=22%, signal=36%	
PHOSPHOLIPID METABOLISM%REACTOME DATABASE ID RELEASE 93%1483257	PHOSPHOLIPID METABOLISM%REACTOME DATABASE ID RELEASE 93%1483257		156	0.31468365	1.1697724	0.14135338	0.5945101	1.0	1878	tags=20%, list=17%, signal=24%	
PID_A6B1_A6B4_INTEGRIN_PATHWAY%MSIGDB_C2%PID_A6B1_A6B4_INTEGRIN_PATHWAY	PID_A6B1_A6B4_INTEGRIN_PATHWAY%MSIGDB_C2%PID_A6B1_A6B4_INTEGRIN_PATHWAY		19	0.45662108	1.1696697	0.26530612	0.5943355	1.0	3554	tags=42%, list=32%, signal=62%	
VESICLE FUSION%GOBP%GO:0006906	VESICLE FUSION%GOBP%GO:0006906		72	0.34987834	1.1692057	0.18780096	0.595183	1.0	2265	tags=25%, list=21%, signal=31%	
PROTEIN LOCALIZATION TO MEMBRANE%GOBP%GO:0072657	PROTEIN LOCALIZATION TO MEMBRANE%GOBP%GO:0072657		171	0.31227547	1.1689777	0.13011695	0.59535	1.0	2012	tags=23%, list=18%, signal=28%	
MUSCLE CELL DIFFERENTIATION%GOBP%GO:0042692	MUSCLE CELL DIFFERENTIATION%GOBP%GO:0042692		61	0.36040887	1.1689538	0.20647149	0.59493214	1.0	1987	tags=26%, list=18%, signal=32%	
RESPONSE TO MONOAMINE%GOBP%GO:0071867	RESPONSE TO MONOAMINE%GOBP%GO:0071867		15	0.4779642	1.1686425	0.2767857	0.59532785	1.0	3194	tags=47%, list=29%, signal=66%	
NEGATIVE REGULATION OF PROTEIN-CONTAINING COMPLEX ASSEMBLY%GOBP%GO:0031333	NEGATIVE REGULATION OF PROTEIN-CONTAINING COMPLEX ASSEMBLY%GOBP%GO:0031333		76	0.35021874	1.1684285	0.18181819	0.5954583	1.0	1387	tags=22%, list=13%, signal=25%	
NEGATIVE REGULATION OF CELL ADHESION%GOBP%GO:0007162	NEGATIVE REGULATION OF CELL ADHESION%GOBP%GO:0007162		144	0.31520465	1.1683563	0.1497006	0.59521055	1.0	1498	tags=23%, list=14%, signal=26%	
AICA-RIBOSIDURIA%PATHWHIZ%PW000082	AICA-RIBOSIDURIA%PATHWHIZ%PW000082		29	0.41409916	1.1682457	0.2358156	0.5950612	1.0	1799	tags=28%, list=16%, signal=33%	
REGULATION OF POLYSACCHARIDE BIOSYNTHETIC PROCESS%GOBP%GO:0032885	REGULATION OF POLYSACCHARIDE BIOSYNTHETIC PROCESS%GOBP%GO:0032885		20	0.44998166	1.1682436	0.2512909	0.5945854	1.0	3209	tags=40%, list=29%, signal=56%	
HALLMARK_IL2_STAT5_SIGNALING%MSIGDBHALLMARK%HALLMARK_IL2_STAT5_SIGNALING	HALLMARK_IL2_STAT5_SIGNALING%MSIGDBHALLMARK%HALLMARK_IL2_STAT5_SIGNALING		131	0.32194728	1.1681508	0.18223584	0.5943625	1.0	2489	tags=35%, list=23%, signal=45%	
G ALPHA (Z) SIGNALLING EVENTS%REACTOME DATABASE ID RELEASE 93%418597	G ALPHA (Z) SIGNALLING EVENTS%REACTOME DATABASE ID RELEASE 93%418597		26	0.41845986	1.1680759	0.234375	0.59407496	1.0	1749	tags=35%, list=16%, signal=41%	
POSITIVE REGULATION OF PROTEASOMAL PROTEIN CATABOLIC PROCESS%GOBP%GO:1901800	POSITIVE REGULATION OF PROTEASOMAL PROTEIN CATABOLIC PROCESS%GOBP%GO:1901800		79	0.3457412	1.1678605	0.1884058	0.5942014	1.0	1633	tags=16%, list=15%, signal=19%	
NUCLEAR TRANSPORT%GOBP%GO:0051169	NUCLEAR TRANSPORT%GOBP%GO:0051169		170	0.3114567	1.1678464	0.14475627	0.59376	1.0	2650	tags=25%, list=24%, signal=32%	
MIR TARGETED GENES IN LEUKOCYTES%WIKIPATHWAYS_20250810%WP2003%HOMO SAPIENS	MIR TARGETED GENES IN LEUKOCYTES%WIKIPATHWAYS_20250810%WP2003%HOMO SAPIENS		96	0.33963647	1.167749	0.16536662	0.5935393	1.0	2342	tags=29%, list=21%, signal=37%	
RIPK1-MEDIATED REGULATED NECROSIS%REACTOME%R-HSA-5213460.6	RIPK1-MEDIATED REGULATED NECROSIS%REACTOME%R-HSA-5213460.6		25	0.43714833	1.1674768	0.24701874	0.59383494	1.0	1654	tags=28%, list=15%, signal=33%	
HOMOLOGOUS CHROMOSOME SEGREGATION%GOBP%GO:0045143	HOMOLOGOUS CHROMOSOME SEGREGATION%GOBP%GO:0045143		16	0.4693126	1.1672349	0.2665505	0.5940153	1.0	2278	tags=44%, list=21%, signal=55%	
CELLULAR RESPONSE TO VASCULAR ENDOTHELIAL GROWTH FACTOR STIMULUS%GOBP%GO:0035924	CELLULAR RESPONSE TO VASCULAR ENDOTHELIAL GROWTH FACTOR STIMULUS%GOBP%GO:0035924		23	0.4384099	1.1672289	0.23488773	0.59355223	1.0	1724	tags=35%, list=16%, signal=41%	
SELECTIVE AUTOPHAGY%REACTOME%R-HSA-9663891.5	SELECTIVE AUTOPHAGY%REACTOME%R-HSA-9663891.5		58	0.3602704	1.1669828	0.21150592	0.5937902	1.0	1654	tags=26%, list=15%, signal=30%	
PID_RHOA_REG_PATHWAY%MSIGDB_C2%PID_RHOA_REG_PATHWAY	PID_RHOA_REG_PATHWAY%MSIGDB_C2%PID_RHOA_REG_PATHWAY		25	0.42691964	1.1667309	0.24267101	0.594005	1.0	2701	tags=48%, list=25%, signal=64%	
XANTHINURIA TYPE I%SMPDB%SMP0000512	XANTHINURIA TYPE I%SMPDB%SMP0000512		29	0.41409916	1.166393	0.2477396	0.59451616	1.0	1799	tags=28%, list=16%, signal=33%	
NEGATIVE REGULATION OF DOUBLE-STRAND BREAK REPAIR%GOBP%GO:2000780	NEGATIVE REGULATION OF DOUBLE-STRAND BREAK REPAIR%GOBP%GO:2000780		35	0.3967569	1.1661893	0.23489933	0.59461766	1.0	1648	tags=26%, list=15%, signal=30%	
RECOGNITION OF DNA DAMAGE BY PCNA-CONTAINING REPLICATION COMPLEX%REACTOME%R-HSA-110314.5	RECOGNITION OF DNA DAMAGE BY PCNA-CONTAINING REPLICATION COMPLEX%REACTOME%R-HSA-110314.5		29	0.40758282	1.1659007	0.24873096	0.5949367	1.0	2073	tags=31%, list=19%, signal=38%	
CYCLIN A B1 B2 ASSOCIATED EVENTS DURING G2 M TRANSITION%REACTOME%R-HSA-69273.10	CYCLIN A B1 B2 ASSOCIATED EVENTS DURING G2 M TRANSITION%REACTOME%R-HSA-69273.10		29	0.41322684	1.165865	0.2565445	0.59456617	1.0	2541	tags=41%, list=23%, signal=54%	
REGULATION OF MACROAUTOPHAGY%GOBP%GO:0016241	REGULATION OF MACROAUTOPHAGY%GOBP%GO:0016241		143	0.31961817	1.1656028	0.14264037	0.594845	1.0	1518	tags=17%, list=14%, signal=20%	
NEGATIVE REGULATION OF WOUND HEALING%GOBP%GO:0061045	NEGATIVE REGULATION OF WOUND HEALING%GOBP%GO:0061045		22	0.43852338	1.1655978	0.26226735	0.5943809	1.0	1219	tags=36%, list=11%, signal=41%	
NEGATIVE REGULATION OF CYTOKINE PRODUCTION%GOBP%GO:0001818	NEGATIVE REGULATION OF CYTOKINE PRODUCTION%GOBP%GO:0001818		157	0.31404424	1.1654181	0.14285715	0.5944237	1.0	2424	tags=30%, list=22%, signal=38%	
BIOCARTA_PTDINS_PATHWAY%MSIGDB_C2%BIOCARTA_PTDINS_PATHWAY	BIOCARTA_PTDINS_PATHWAY%MSIGDB_C2%BIOCARTA_PTDINS_PATHWAY		20	0.45116645	1.1653839	0.26480836	0.5940553	1.0	1217	tags=20%, list=11%, signal=22%	
DNA REPLICATION%REACTOME%R-HSA-69306.9	DNA REPLICATION%REACTOME%R-HSA-69306.9		138	0.31839967	1.1652622	0.15269461	0.59392536	1.0	2845	tags=33%, list=26%, signal=44%	
CELLULAR RESPONSE TO CATECHOLAMINE STIMULUS%GOBP%GO:0071870	CELLULAR RESPONSE TO CATECHOLAMINE STIMULUS%GOBP%GO:0071870		15	0.4779642	1.1652039	0.27879798	0.59361696	1.0	3194	tags=47%, list=29%, signal=66%	
POST-TRANSLATIONAL PROTEIN PHOSPHORYLATION%REACTOME%R-HSA-8957275.2	POST-TRANSLATIONAL PROTEIN PHOSPHORYLATION%REACTOME%R-HSA-8957275.2		46	0.38274732	1.165023	0.2236842	0.59365207	1.0	2056	tags=39%, list=19%, signal=48%	
VACUOLAR TRANSPORT%GOBP%GO:0007034	VACUOLAR TRANSPORT%GOBP%GO:0007034		131	0.32429105	1.1649343	0.17665616	0.5934757	1.0	1584	tags=21%, list=14%, signal=24%	
LESCH-NYHAN SYNDROME (LNS)%SMPDB%SMP0000364	LESCH-NYHAN SYNDROME (LNS)%SMPDB%SMP0000364		29	0.41409916	1.1646863	0.24120604	0.5937506	1.0	1799	tags=28%, list=16%, signal=33%	
PURINE NUCLEOSIDE PHOSPHORYLASE DEFICIENCY%SMPDB%SMP0000210	PURINE NUCLEOSIDE PHOSPHORYLASE DEFICIENCY%SMPDB%SMP0000210		29	0.41409916	1.1646855	0.24647887	0.59328246	1.0	1799	tags=28%, list=16%, signal=33%	
HOST PATHOGEN INTERACTION OF HUMAN CORONAVIRUSES INTERFERON INDUCTION%WIKIPATHWAYS_20250810%WP4880%HOMO SAPIENS	HOST PATHOGEN INTERACTION OF HUMAN CORONAVIRUSES INTERFERON INDUCTION%WIKIPATHWAYS_20250810%WP4880%HOMO SAPIENS		32	0.4118522	1.1638771	0.24637681	0.5951496	1.0	2727	tags=41%, list=25%, signal=54%	
CELLULAR RESPONSE TO KETONE%GOBP%GO:1901655	CELLULAR RESPONSE TO KETONE%GOBP%GO:1901655		29	0.41630843	1.1636345	0.23327616	0.5953964	1.0	1450	tags=34%, list=13%, signal=40%	
APOPTOTIC EXECUTION PHASE%REACTOME DATABASE ID RELEASE 93%75153	APOPTOTIC EXECUTION PHASE%REACTOME DATABASE ID RELEASE 93%75153		41	0.38477808	1.1630934	0.22857143	0.5964757	1.0	1982	tags=34%, list=18%, signal=42%	
INTRACELLULAR GLUCOSE HOMEOSTASIS%GOBP%GO:0001678	INTRACELLULAR GLUCOSE HOMEOSTASIS%GOBP%GO:0001678		37	0.39348313	1.1628734	0.24695653	0.5966248	1.0	1922	tags=32%, list=17%, signal=39%	
POSITIVE REGULATION OF MONONUCLEAR CELL PROLIFERATION%GOBP%GO:0032946	POSITIVE REGULATION OF MONONUCLEAR CELL PROLIFERATION%GOBP%GO:0032946		64	0.353671	1.1627764	0.2	0.5964136	1.0	1420	tags=23%, list=13%, signal=27%	
NEGATIVE REGULATION OF MITOTIC CELL CYCLE%GOBP%GO:0045930	NEGATIVE REGULATION OF MITOTIC CELL CYCLE%GOBP%GO:0045930		144	0.3166445	1.162315	0.16795069	0.59726113	1.0	2223	tags=24%, list=20%, signal=29%	
UB-SPECIFIC PROCESSING PROTEASES%REACTOME DATABASE ID RELEASE 93%5689880	UB-SPECIFIC PROCESSING PROTEASES%REACTOME DATABASE ID RELEASE 93%5689880		152	0.31204215	1.1620018	0.16309012	0.59768546	1.0	2787	tags=31%, list=25%, signal=41%	
A6B1 AND A6B4 INTEGRIN SIGNALING%PATHWAY INTERACTION DATABASE NCI-NATURE CURATED DATA%A6B1 AND A6B4 INTEGRIN SIGNALING	A6B1 AND A6B4 INTEGRIN SIGNALING%PATHWAY INTERACTION DATABASE NCI-NATURE CURATED DATA%A6B1 AND A6B4 INTEGRIN SIGNALING		25	0.42025656	1.1619995	0.2669039	0.5972197	1.0	3554	tags=40%, list=32%, signal=59%	
BIOCARTA_CELLCYCLE_PATHWAY%MSIGDB_C2%BIOCARTA_CELLCYCLE_PATHWAY	BIOCARTA_CELLCYCLE_PATHWAY%MSIGDB_C2%BIOCARTA_CELLCYCLE_PATHWAY		16	0.477977	1.1610167	0.27022377	0.599538	1.0	2956	tags=50%, list=27%, signal=68%	
REGULATION OF OXIDATIVE STRESS-INDUCED INTRINSIC APOPTOTIC SIGNALING PATHWAY%GOBP%GO:1902175	REGULATION OF OXIDATIVE STRESS-INDUCED INTRINSIC APOPTOTIC SIGNALING PATHWAY%GOBP%GO:1902175		23	0.43783146	1.1605898	0.24280575	0.6002701	1.0	1408	tags=26%, list=13%, signal=30%	
P53 PATHWAY%PATHWAY INTERACTION DATABASE NCI-NATURE CURATED DATA%P53 PATHWAY	P53 PATHWAY%PATHWAY INTERACTION DATABASE NCI-NATURE CURATED DATA%P53 PATHWAY		56	0.36371893	1.1599911	0.20190778	0.60148597	1.0	1809	tags=23%, list=16%, signal=28%	
CONGENITAL LACTIC ACIDOSIS%PATHWHIZ%PW000522	CONGENITAL LACTIC ACIDOSIS%PATHWHIZ%PW000522		21	0.43866846	1.1597862	0.2725724	0.6016103	1.0	3452	tags=48%, list=31%, signal=69%	
POSITIVE REGULATION OF INTRINSIC APOPTOTIC SIGNALING PATHWAY%GOBP%GO:2001244	POSITIVE REGULATION OF INTRINSIC APOPTOTIC SIGNALING PATHWAY%GOBP%GO:2001244		34	0.39182314	1.1593398	0.23737374	0.60239446	1.0	1578	tags=26%, list=14%, signal=31%	
INTERLEUKIN-2 FAMILY SIGNALING%REACTOME%R-HSA-451927.7	INTERLEUKIN-2 FAMILY SIGNALING%REACTOME%R-HSA-451927.7		29	0.40505013	1.1590202	0.24632953	0.60287035	1.0	1916	tags=38%, list=17%, signal=46%	
PYRUVATE DEHYDROGENASE DEFICIENCY (E2)%SMPDB%SMP0000551	PYRUVATE DEHYDROGENASE DEFICIENCY (E2)%SMPDB%SMP0000551		21	0.43866846	1.1590164	0.2615894	0.60240996	1.0	3452	tags=48%, list=31%, signal=69%	
HALLMARK_ANGIOGENESIS%MSIGDBHALLMARK%HALLMARK_ANGIOGENESIS	HALLMARK_ANGIOGENESIS%MSIGDBHALLMARK%HALLMARK_ANGIOGENESIS		16	0.4722197	1.1583833	0.28545782	0.6038632	1.0	1267	tags=38%, list=12%, signal=42%	
DNA-TEMPLATED DNA REPLICATION MAINTENANCE OF FIDELITY%GOBP%GO:0045005	DNA-TEMPLATED DNA REPLICATION MAINTENANCE OF FIDELITY%GOBP%GO:0045005		52	0.367878	1.1583077	0.2266244	0.60361004	1.0	2358	tags=23%, list=21%, signal=29%	
REGULATION OF STRESS FIBER ASSEMBLY%GOBP%GO:0051492	REGULATION OF STRESS FIBER ASSEMBLY%GOBP%GO:0051492		50	0.3655184	1.1582568	0.22455573	0.6032965	1.0	1625	tags=24%, list=15%, signal=28%	
TBC RABGAPS%REACTOME%R-HSA-8854214.2	TBC RABGAPS%REACTOME%R-HSA-8854214.2		40	0.39062908	1.1582042	0.23	0.6029662	1.0	2129	tags=30%, list=19%, signal=37%	
FUMARASE DEFICIENCY%SMPDB%SMP0000547	FUMARASE DEFICIENCY%SMPDB%SMP0000547		21	0.43866846	1.1582037	0.2450805	0.60249805	1.0	3452	tags=48%, list=31%, signal=69%	
MITOCHONDRIAL DNA DEPLETION SYNDROME-3%SMPDB%SMP0000536	MITOCHONDRIAL DNA DEPLETION SYNDROME-3%SMPDB%SMP0000536		29	0.41409916	1.1579349	0.26034483	0.6028326	1.0	1799	tags=28%, list=16%, signal=33%	
ORGANOPHOSPHATE CATABOLIC PROCESS%GOBP%GO:0046434	ORGANOPHOSPHATE CATABOLIC PROCESS%GOBP%GO:0046434		99	0.3313077	1.1578623	0.18196203	0.6025828	1.0	1088	tags=21%, list=10%, signal=23%	
ISG15 ANTIVIRAL MECHANISM%REACTOME DATABASE ID RELEASE 93%1169408	ISG15 ANTIVIRAL MECHANISM%REACTOME DATABASE ID RELEASE 93%1169408		70	0.34983972	1.1578214	0.21393842	0.60224736	1.0	3102	tags=40%, list=28%, signal=55%	
DEGRADATION OF GLI1 BY THE PROTEASOME%REACTOME%R-HSA-5610780.2	DEGRADATION OF GLI1 BY THE PROTEASOME%REACTOME%R-HSA-5610780.2		45	0.380686	1.1576905	0.2275641	0.6021999	1.0	2787	tags=33%, list=25%, signal=44%	
MEIOSIS I%GOBP%GO:0007127	MEIOSIS I%GOBP%GO:0007127		51	0.3708822	1.1572379	0.2249191	0.6029902	1.0	3318	tags=39%, list=30%, signal=56%	
TRANSLESION SYNTHESIS BY POLH%REACTOME%R-HSA-110320.3	TRANSLESION SYNTHESIS BY POLH%REACTOME%R-HSA-110320.3		19	0.450699	1.1571022	0.25862068	0.6029069	1.0	3479	tags=58%, list=32%, signal=85%	
BIOCARTA_CARM_ER_PATHWAY%MSIGDB_C2%BIOCARTA_CARM_ER_PATHWAY	BIOCARTA_CARM_ER_PATHWAY%MSIGDB_C2%BIOCARTA_CARM_ER_PATHWAY		18	0.45079085	1.1569945	0.2630662	0.6027353	1.0	3424	tags=61%, list=31%, signal=89%	
PROTEIN ACETYLATION%GOBP%GO:0006473	PROTEIN ACETYLATION%GOBP%GO:0006473		24	0.43001834	1.1567771	0.28156996	0.6028967	1.0	2137	tags=25%, list=19%, signal=31%	
CELL CHEMOTAXIS%GOBP%GO:0060326	CELL CHEMOTAXIS%GOBP%GO:0060326		74	0.34839854	1.1567639	0.21746032	0.6024642	1.0	1526	tags=32%, list=14%, signal=37%	
PROTEIN-CONTAINING COMPLEX LOCALIZATION%GOBP%GO:0031503	PROTEIN-CONTAINING COMPLEX LOCALIZATION%GOBP%GO:0031503		29	0.40652865	1.1561311	0.23244147	0.60381204	1.0	2510	tags=34%, list=23%, signal=45%	
2Q11 2 COPY NUMBER VARIATION SYNDROME%WIKIPATHWAYS_20250810%WP5221%HOMO SAPIENS	2Q11 2 COPY NUMBER VARIATION SYNDROME%WIKIPATHWAYS_20250810%WP5221%HOMO SAPIENS		21	0.43859938	1.1560942	0.28453946	0.6034554	1.0	1066	tags=19%, list=10%, signal=21%	
CELLULAR RESPONSE TO EXTERNAL STIMULUS%GOBP%GO:0071496	CELLULAR RESPONSE TO EXTERNAL STIMULUS%GOBP%GO:0071496		39	0.39360866	1.1559588	0.2483108	0.60338646	1.0	1728	tags=28%, list=16%, signal=33%	
PID_NFAT_3PATHWAY%MSIGDB_C2%PID_NFAT_3PATHWAY	PID_NFAT_3PATHWAY%MSIGDB_C2%PID_NFAT_3PATHWAY		37	0.39104548	1.1559495	0.25	0.6029449	1.0	2769	tags=43%, list=25%, signal=58%	
MIRNA REGULATION OF DNA DAMAGE RESPONSE%WIKIPATHWAYS_20250810%WP1530%HOMO SAPIENS	MIRNA REGULATION OF DNA DAMAGE RESPONSE%WIKIPATHWAYS_20250810%WP1530%HOMO SAPIENS		51	0.37170842	1.1557819	0.23178808	0.6029472	1.0	2897	tags=41%, list=26%, signal=56%	
MUSCLE ORGAN DEVELOPMENT%GOBP%GO:0007517	MUSCLE ORGAN DEVELOPMENT%GOBP%GO:0007517		60	0.35572505	1.1551696	0.21095008	0.6042802	1.0	2613	tags=35%, list=24%, signal=46%	
MYOADENYLATE DEAMINASE DEFICIENCY%PATHWHIZ%PW000513	MYOADENYLATE DEAMINASE DEFICIENCY%PATHWHIZ%PW000513		29	0.41409916	1.1547985	0.24041812	0.60489255	1.0	1799	tags=28%, list=16%, signal=33%	
NEGATIVE REGULATION OF RECEPTOR SIGNALING PATHWAY VIA JAK-STAT%GOBP%GO:0046426	NEGATIVE REGULATION OF RECEPTOR SIGNALING PATHWAY VIA JAK-STAT%GOBP%GO:0046426		15	0.47315758	1.1547127	0.27348992	0.6046624	1.0	2500	tags=53%, list=23%, signal=69%	
POSITIVE REGULATION OF LEUKOCYTE PROLIFERATION%GOBP%GO:0070665	POSITIVE REGULATION OF LEUKOCYTE PROLIFERATION%GOBP%GO:0070665		71	0.34231707	1.1541878	0.19805194	0.60570616	1.0	1420	tags=21%, list=13%, signal=24%	
POSITIVE REGULATION OF ACTIN FILAMENT POLYMERIZATION%GOBP%GO:0030838	POSITIVE REGULATION OF ACTIN FILAMENT POLYMERIZATION%GOBP%GO:0030838		28	0.42345807	1.1540978	0.24701874	0.60551023	1.0	2068	tags=32%, list=19%, signal=39%	
POSITIVE REGULATION OF CELL CYCLE PROCESS%GOBP%GO:0090068	POSITIVE REGULATION OF CELL CYCLE PROCESS%GOBP%GO:0090068		164	0.30813953	1.1540284	0.16363636	0.60523266	1.0	2760	tags=35%, list=25%, signal=46%	
REGULATION OF CELL CYCLE G1/S PHASE TRANSITION%GOBP%GO:1902806	REGULATION OF CELL CYCLE G1/S PHASE TRANSITION%GOBP%GO:1902806		118	0.32397112	1.1539288	0.17582418	0.60506624	1.0	2026	tags=26%, list=18%, signal=32%	
PID_ILK_PATHWAY%MSIGDB_C2%PID_ILK_PATHWAY	PID_ILK_PATHWAY%MSIGDB_C2%PID_ILK_PATHWAY		30	0.40484545	1.1537107	0.2587646	0.60520405	1.0	2970	tags=40%, list=27%, signal=55%	
DNA IR DAMAGE AND CELLULAR RESPONSE VIA ATR%WIKIPATHWAYS_20250810%WP4016%HOMO SAPIENS	DNA IR DAMAGE AND CELLULAR RESPONSE VIA ATR%WIKIPATHWAYS_20250810%WP4016%HOMO SAPIENS		65	0.34943065	1.153228	0.20385233	0.6060501	1.0	3496	tags=40%, list=32%, signal=58%	
MITOCHONDRIAL COMPLEX II DEFICIENCY%PATHWHIZ%PW000524	MITOCHONDRIAL COMPLEX II DEFICIENCY%PATHWHIZ%PW000524		21	0.43866846	1.1531581	0.26923078	0.60579675	1.0	3452	tags=48%, list=31%, signal=69%	
PI METABOLISM%REACTOME DATABASE ID RELEASE 93%1483255	PI METABOLISM%REACTOME DATABASE ID RELEASE 93%1483255		70	0.34660792	1.152991	0.21543409	0.60582125	1.0	2334	tags=31%, list=21%, signal=40%	
CHOLESTEROL METABOLIC PROCESS%GOBP%GO:0008203	CHOLESTEROL METABOLIC PROCESS%GOBP%GO:0008203		45	0.3721563	1.1521944	0.24373956	0.6076444	1.0	2307	tags=22%, list=21%, signal=28%	
NEGATIVE REGULATION OF RECEPTOR SIGNALING PATHWAY VIA STAT%GOBP%GO:1904893	NEGATIVE REGULATION OF RECEPTOR SIGNALING PATHWAY VIA STAT%GOBP%GO:1904893		15	0.47315758	1.1519319	0.26666668	0.60795593	1.0	2500	tags=53%, list=23%, signal=69%	
GOLGI ORGANIZATION%GOBP%GO:0007030	GOLGI ORGANIZATION%GOBP%GO:0007030		101	0.32944912	1.1517892	0.19188768	0.6079086	1.0	3246	tags=38%, list=30%, signal=53%	
RESPONSE TO CATECHOLAMINE%GOBP%GO:0071869	RESPONSE TO CATECHOLAMINE%GOBP%GO:0071869		15	0.4779642	1.1514616	0.29716194	0.6083972	1.0	3194	tags=47%, list=29%, signal=66%	
GLYCEROPHOSPHOLIPID BIOSYNTHETIC PATHWAY%WIKIPATHWAYS_20250810%WP2533%HOMO SAPIENS	GLYCEROPHOSPHOLIPID BIOSYNTHETIC PATHWAY%WIKIPATHWAYS_20250810%WP2533%HOMO SAPIENS		21	0.43512374	1.1513218	0.2688356	0.6083351	1.0	3905	tags=57%, list=36%, signal=88%	
HALLMARK_INFLAMMATORY_RESPONSE%MSIGDBHALLMARK%HALLMARK_INFLAMMATORY_RESPONSE	HALLMARK_INFLAMMATORY_RESPONSE%MSIGDBHALLMARK%HALLMARK_INFLAMMATORY_RESPONSE		101	0.33126533	1.150745	0.19724771	0.6095293	1.0	894	tags=23%, list=8%, signal=25%	
PROTEIN LOCALIZATION TO LYSOSOME%GOBP%GO:0061462	PROTEIN LOCALIZATION TO LYSOSOME%GOBP%GO:0061462		39	0.3801467	1.1504844	0.2625418	0.60981035	1.0	1518	tags=23%, list=14%, signal=27%	
2'-DEOXYRIBONUCLEOTIDE METABOLIC PROCESS%GOBP%GO:0009394	2'-DEOXYRIBONUCLEOTIDE METABOLIC PROCESS%GOBP%GO:0009394		31	0.39851588	1.1504636	0.24876441	0.6094083	1.0	1941	tags=29%, list=18%, signal=35%	
MOLYBDENUM COFACTOR DEFICIENCY%SMPDB%SMP0000203	MOLYBDENUM COFACTOR DEFICIENCY%SMPDB%SMP0000203		29	0.41409916	1.1504022	0.25989673	0.6091234	1.0	1799	tags=28%, list=16%, signal=33%	
DNA DAMAGE BYPASS%REACTOME%R-HSA-73893.3	DNA DAMAGE BYPASS%REACTOME%R-HSA-73893.3		47	0.37562445	1.1502311	0.2564935	0.60915977	1.0	3251	tags=43%, list=30%, signal=60%	
ID%NETPATH%ID	ID%NETPATH%ID		17	0.45810574	1.150176	0.27027026	0.6088536	1.0	1673	tags=29%, list=15%, signal=35%	
HEXOSE METABOLIC PROCESS%GOBP%GO:0019318	HEXOSE METABOLIC PROCESS%GOBP%GO:0019318		66	0.34949383	1.1501575	0.23909532	0.60844177	1.0	1757	tags=27%, list=16%, signal=32%	
FORMATION OF TUBULIN FOLDING INTERMEDIATES BY CCT TRIC%REACTOME DATABASE ID RELEASE 93%389960	FORMATION OF TUBULIN FOLDING INTERMEDIATES BY CCT TRIC%REACTOME DATABASE ID RELEASE 93%389960		16	0.46421233	1.1499496	0.28119507	0.60860866	1.0	900	tags=19%, list=8%, signal=20%	
ARF6 SIGNALING EVENTS%PATHWAY INTERACTION DATABASE NCI-NATURE CURATED DATA%ARF6 SIGNALING EVENTS	ARF6 SIGNALING EVENTS%PATHWAY INTERACTION DATABASE NCI-NATURE CURATED DATA%ARF6 SIGNALING EVENTS		26	0.4206274	1.1494664	0.26223776	0.60949206	1.0	1891	tags=31%, list=17%, signal=37%	
CARBOHYDRATE CATABOLIC PROCESS%GOBP%GO:0016052	CARBOHYDRATE CATABOLIC PROCESS%GOBP%GO:0016052		64	0.35287097	1.1493814	0.23763955	0.60929036	1.0	1682	tags=27%, list=15%, signal=31%	
DEOXYRIBONUCLEOTIDE METABOLIC PROCESS%GOBP%GO:0009262	DEOXYRIBONUCLEOTIDE METABOLIC PROCESS%GOBP%GO:0009262		32	0.39717028	1.1491284	0.2536825	0.6095679	1.0	1941	tags=28%, list=18%, signal=34%	
POSITIVE REGULATION OF CELL CYCLE%GOBP%GO:0045787	POSITIVE REGULATION OF CELL CYCLE%GOBP%GO:0045787		194	0.299948	1.1490107	0.14032497	0.60942984	1.0	2538	tags=31%, list=23%, signal=40%	
REGULATION OF MICROTUBULE POLYMERIZATION%GOBP%GO:0031113	REGULATION OF MICROTUBULE POLYMERIZATION%GOBP%GO:0031113		38	0.38341376	1.1488752	0.2590759	0.6093273	1.0	967	tags=13%, list=9%, signal=14%	
GASTRULATION%REACTOME%R-HSA-9758941.6	GASTRULATION%REACTOME%R-HSA-9758941.6		59	0.3565613	1.148814	0.21797004	0.60905117	1.0	2787	tags=34%, list=25%, signal=45%	
VISUAL PERCEPTION%GOBP%GO:0007601	VISUAL PERCEPTION%GOBP%GO:0007601		39	0.3847723	1.1486394	0.22903226	0.60908747	1.0	1254	tags=21%, list=11%, signal=23%	
TRANSLESION SYNTHESIS BY Y FAMILY DNA POLYMERASES BYPASSES LESIONS ON DNA TEMPLATE%REACTOME%R-HSA-110313.3	TRANSLESION SYNTHESIS BY Y FAMILY DNA POLYMERASES BYPASSES LESIONS ON DNA TEMPLATE%REACTOME%R-HSA-110313.3		38	0.38074705	1.1485964	0.25	0.6087397	1.0	3182	tags=42%, list=29%, signal=59%	
NEUROGENESIS REGULATION IN THE OLFACTORY EPITHELIUM%WIKIPATHWAYS_20250810%WP5265%HOMO SAPIENS	NEUROGENESIS REGULATION IN THE OLFACTORY EPITHELIUM%WIKIPATHWAYS_20250810%WP5265%HOMO SAPIENS		26	0.42099053	1.1482384	0.27031803	0.60928893	1.0	1724	tags=27%, list=16%, signal=32%	
REGULATION OF MITF-M-DEPENDENT GENES INVOLVED IN PIGMENTATION%REACTOME DATABASE ID RELEASE 93%9824585	REGULATION OF MITF-M-DEPENDENT GENES INVOLVED IN PIGMENTATION%REACTOME DATABASE ID RELEASE 93%9824585		29	0.4056388	1.1477536	0.26633167	0.6102734	1.0	1774	tags=28%, list=16%, signal=33%	
CITRIC ACID CYCLE%SMPDB%SMP0000057	CITRIC ACID CYCLE%SMPDB%SMP0000057		21	0.43866846	1.1467906	0.26622295	0.6126965	1.0	3452	tags=48%, list=31%, signal=69%	
EFFECT OF DASATINIB ON THE BCR ABL SIGNALING PATHWAY%WIKIPATHWAYS_20250810%WP5493%HOMO SAPIENS	EFFECT OF DASATINIB ON THE BCR ABL SIGNALING PATHWAY%WIKIPATHWAYS_20250810%WP5493%HOMO SAPIENS		33	0.3964101	1.146024	0.27083334	0.6144506	1.0	3554	tags=58%, list=32%, signal=85%	
REGULATION OF MEMBRANE POTENTIAL%GOBP%GO:0042391	REGULATION OF MEMBRANE POTENTIAL%GOBP%GO:0042391		117	0.3219547	1.1459068	0.19595645	0.61433786	1.0	1675	tags=27%, list=15%, signal=32%	
INSULIN SIGNALLING%PATHWHIZ%PW000454	INSULIN SIGNALLING%PATHWHIZ%PW000454		17	0.45716974	1.1457624	0.30496454	0.61427844	1.0	3554	tags=53%, list=32%, signal=78%	
NEGATIVE REGULATION OF NF-KAPPAB TRANSCRIPTION FACTOR ACTIVITY%GOBP%GO:0032088	NEGATIVE REGULATION OF NF-KAPPAB TRANSCRIPTION FACTOR ACTIVITY%GOBP%GO:0032088		31	0.4049789	1.1457344	0.25553662	0.613889	1.0	2109	tags=32%, list=19%, signal=40%	
REGULATION OF CELL MORPHOGENESIS%GOBP%GO:0022604	REGULATION OF CELL MORPHOGENESIS%GOBP%GO:0022604		128	0.3110403	1.1449262	0.19295558	0.6157194	1.0	2090	tags=28%, list=19%, signal=34%	
ZBP1(DAI) MEDIATED INDUCTION OF TYPE I IFNS%REACTOME DATABASE ID RELEASE 93%1606322	ZBP1(DAI) MEDIATED INDUCTION OF TYPE I IFNS%REACTOME DATABASE ID RELEASE 93%1606322		16	0.4639995	1.1448652	0.29623288	0.6154373	1.0	3537	tags=50%, list=32%, signal=74%	
NEURAL CREST CELL MIGRATION DURING DEVELOPMENT%WIKIPATHWAYS_20250810%WP4564%HOMO SAPIENS	NEURAL CREST CELL MIGRATION DURING DEVELOPMENT%WIKIPATHWAYS_20250810%WP4564%HOMO SAPIENS		20	0.43432757	1.1446375	0.27726433	0.6155956	1.0	1526	tags=35%, list=14%, signal=41%	
MITOTIC G1 PHASE AND G1 S TRANSITION%REACTOME DATABASE ID RELEASE 93%453279	MITOTIC G1 PHASE AND G1 S TRANSITION%REACTOME DATABASE ID RELEASE 93%453279		129	0.31361663	1.1444945	0.17770597	0.61554027	1.0	2600	tags=30%, list=24%, signal=39%	
PID_CXCR3_PATHWAY%MSIGDB_C2%PID_CXCR3_PATHWAY	PID_CXCR3_PATHWAY%MSIGDB_C2%PID_CXCR3_PATHWAY		26	0.41465983	1.1444057	0.2754591	0.6153399	1.0	1526	tags=19%, list=14%, signal=22%	
IL2 SIGNALING EVENTS MEDIATED BY PI3K%PATHWAY INTERACTION DATABASE NCI-NATURE CURATED DATA%IL2 SIGNALING EVENTS MEDIATED BY PI3K	IL2 SIGNALING EVENTS MEDIATED BY PI3K%PATHWAY INTERACTION DATABASE NCI-NATURE CURATED DATA%IL2 SIGNALING EVENTS MEDIATED BY PI3K		31	0.4016929	1.1433908	0.25553662	0.61783946	1.0	1408	tags=29%, list=13%, signal=33%	
EXTENSION OF TELOMERES%REACTOME DATABASE ID RELEASE 93%180786	EXTENSION OF TELOMERES%REACTOME DATABASE ID RELEASE 93%180786		46	0.36110154	1.1430224	0.22544283	0.61842763	1.0	2876	tags=28%, list=26%, signal=38%	
REGULATION OF TRANSCRIPTION BY RNA POLYMERASE III%GOBP%GO:0006359	REGULATION OF TRANSCRIPTION BY RNA POLYMERASE III%GOBP%GO:0006359		26	0.41717294	1.142544	0.27257526	0.6193935	1.0	1990	tags=27%, list=18%, signal=33%	
NEGATIVE REGULATION OF INNATE IMMUNE RESPONSE%GOBP%GO:0045824	NEGATIVE REGULATION OF INNATE IMMUNE RESPONSE%GOBP%GO:0045824		66	0.34389374	1.1425183	0.23481117	0.6190126	1.0	2681	tags=38%, list=24%, signal=50%	
NEGATIVE REGULATION OF SMALL GTPASE MEDIATED SIGNAL TRANSDUCTION%GOBP%GO:0051058	NEGATIVE REGULATION OF SMALL GTPASE MEDIATED SIGNAL TRANSDUCTION%GOBP%GO:0051058		37	0.39239296	1.1422331	0.2621849	0.6194052	1.0	2318	tags=43%, list=21%, signal=55%	
VIRAL PROCESS%GOBP%GO:0016032	VIRAL PROCESS%GOBP%GO:0016032		137	0.30810612	1.1419805	0.18545994	0.619703	1.0	2437	tags=31%, list=22%, signal=40%	
EXTRINSIC APOPTOTIC SIGNALING PATHWAY VIA DEATH DOMAIN RECEPTORS%GOBP%GO:0008625	EXTRINSIC APOPTOTIC SIGNALING PATHWAY VIA DEATH DOMAIN RECEPTORS%GOBP%GO:0008625		25	0.4210112	1.141711	0.26760563	0.6200169	1.0	3664	tags=48%, list=33%, signal=72%	
REGULATION OF IGF ACTIVITY BY IGFBP%REACTOME%R-HSA-381426.4	REGULATION OF IGF ACTIVITY BY IGFBP%REACTOME%R-HSA-381426.4		50	0.3672884	1.1413082	0.25900516	0.6207098	1.0	1588	tags=34%, list=14%, signal=40%	
NEGATIVE REGULATION OF CELL KILLING%GOBP%GO:0031342	NEGATIVE REGULATION OF CELL KILLING%GOBP%GO:0031342		20	0.44718263	1.1409637	0.28063944	0.6213159	1.0	1008	tags=25%, list=9%, signal=27%	
PLATELET DENSE GRANULE ORGANIZATION%GOBP%GO:0060155	PLATELET DENSE GRANULE ORGANIZATION%GOBP%GO:0060155		22	0.4264528	1.1408514	0.28691274	0.62118953	1.0	3460	tags=59%, list=32%, signal=86%	
NUCLEOTIDE-SUGAR BIOSYNTHETIC PROCESS%GOBP%GO:0009226	NUCLEOTIDE-SUGAR BIOSYNTHETIC PROCESS%GOBP%GO:0009226		23	0.431379	1.1403117	0.29331046	0.6222501	1.0	1431	tags=26%, list=13%, signal=30%	
PID_RXR_VDR_PATHWAY%MSIGDB_C2%PID_RXR_VDR_PATHWAY	PID_RXR_VDR_PATHWAY%MSIGDB_C2%PID_RXR_VDR_PATHWAY		15	0.46879986	1.1399298	0.29246935	0.6229106	1.0	3629	tags=60%, list=33%, signal=89%	
POSITIVE REGULATION OF T CELL DIFFERENTIATION%GOBP%GO:0045582	POSITIVE REGULATION OF T CELL DIFFERENTIATION%GOBP%GO:0045582		71	0.3458647	1.1399252	0.22966507	0.6224621	1.0	1691	tags=28%, list=15%, signal=33%	
MITOTIC METAPHASE CHROMOSOME ALIGNMENT%GOBP%GO:0007080	MITOTIC METAPHASE CHROMOSOME ALIGNMENT%GOBP%GO:0007080		49	0.36927715	1.1387634	0.25895765	0.625285	1.0	2335	tags=29%, list=21%, signal=36%	
2-KETOGLUTARATE DEHYDROGENASE COMPLEX DEFICIENCY%PATHWHIZ%PW000525	2-KETOGLUTARATE DEHYDROGENASE COMPLEX DEFICIENCY%PATHWHIZ%PW000525		21	0.43866846	1.1382898	0.295972	0.6261941	1.0	3452	tags=48%, list=31%, signal=69%	
REGULATION OF CDC42 ACTIVITY%PATHWAY INTERACTION DATABASE NCI-NATURE CURATED DATA%REGULATION OF CDC42 ACTIVITY	REGULATION OF CDC42 ACTIVITY%PATHWAY INTERACTION DATABASE NCI-NATURE CURATED DATA%REGULATION OF CDC42 ACTIVITY		26	0.41709158	1.1382643	0.27702704	0.6258019	1.0	2976	tags=42%, list=27%, signal=58%	
DENDRITE MORPHOGENESIS%GOBP%GO:0048813	DENDRITE MORPHOGENESIS%GOBP%GO:0048813		20	0.44207695	1.1382376	0.2712766	0.6254216	1.0	1414	tags=20%, list=13%, signal=23%	
ENDOPLASMIC RETICULUM TO GOLGI VESICLE-MEDIATED TRANSPORT%GOBP%GO:0006888	ENDOPLASMIC RETICULUM TO GOLGI VESICLE-MEDIATED TRANSPORT%GOBP%GO:0006888		100	0.32079604	1.1378065	0.2165109	0.62621224	1.0	3157	tags=32%, list=29%, signal=44%	
POTASSIUM ION TRANSMEMBRANE TRANSPORT%GOBP%GO:0071805	POTASSIUM ION TRANSMEMBRANE TRANSPORT%GOBP%GO:0071805		37	0.3843532	1.1376426	0.2854701	0.6262412	1.0	2100	tags=35%, list=19%, signal=43%	
CELLULAR RESPONSE TO AMYLOID-BETA%GOBP%GO:1904646	CELLULAR RESPONSE TO AMYLOID-BETA%GOBP%GO:1904646		26	0.41453907	1.137614	0.25856164	0.6258526	1.0	1718	tags=38%, list=16%, signal=45%	
ATF-2 TRANSCRIPTION FACTOR NETWORK%PATHWAY INTERACTION DATABASE NCI-NATURE CURATED DATA%ATF-2 TRANSCRIPTION FACTOR NETWORK	ATF-2 TRANSCRIPTION FACTOR NETWORK%PATHWAY INTERACTION DATABASE NCI-NATURE CURATED DATA%ATF-2 TRANSCRIPTION FACTOR NETWORK		46	0.37453142	1.1375412	0.24592833	0.6255966	1.0	947	tags=24%, list=9%, signal=26%	
PREFOLDIN MEDIATED TRANSFER OF SUBSTRATE TO CCT TRIC%REACTOME DATABASE ID RELEASE 93%389957	PREFOLDIN MEDIATED TRANSFER OF SUBSTRATE TO CCT TRIC%REACTOME DATABASE ID RELEASE 93%389957		21	0.44020167	1.1373645	0.28428093	0.62565756	1.0	900	tags=19%, list=8%, signal=21%	
INTEGRIN SIGNALLING PATHWAY%PANTHER PATHWAY%P00034	INTEGRIN SIGNALLING PATHWAY%PANTHER PATHWAY%P00034		105	0.31950003	1.1370274	0.21011059	0.6261845	1.0	2804	tags=36%, list=26%, signal=48%	
BIOCARTA_CTCF_PATHWAY%MSIGDB_C2%BIOCARTA_CTCF_PATHWAY	BIOCARTA_CTCF_PATHWAY%MSIGDB_C2%BIOCARTA_CTCF_PATHWAY		18	0.4504783	1.1364517	0.28723404	0.6273739	1.0	1133	tags=22%, list=10%, signal=25%	
POSITIVE REGULATION OF PROTEIN LOCALIZATION TO PLASMA MEMBRANE%GOBP%GO:1903078	POSITIVE REGULATION OF PROTEIN LOCALIZATION TO PLASMA MEMBRANE%GOBP%GO:1903078		35	0.38622385	1.136152	0.26490065	0.62777686	1.0	681	tags=11%, list=6%, signal=12%	
INTERNALIZATION OF ERBB1%PATHWAY INTERACTION DATABASE NCI-NATURE CURATED DATA%INTERNALIZATION OF ERBB1	INTERNALIZATION OF ERBB1%PATHWAY INTERACTION DATABASE NCI-NATURE CURATED DATA%INTERNALIZATION OF ERBB1		34	0.38845107	1.1358056	0.27045074	0.62832254	1.0	917	tags=18%, list=8%, signal=19%	
RECEPTOR-MEDIATED ENDOCYTOSIS%GOBP%GO:0006898	RECEPTOR-MEDIATED ENDOCYTOSIS%GOBP%GO:0006898		109	0.3191797	1.1353383	0.22503962	0.6291318	1.0	829	tags=18%, list=8%, signal=20%	
REGULATION OF FERROPTOSIS%GOBP%GO:0110075	REGULATION OF FERROPTOSIS%GOBP%GO:0110075		22	0.42591494	1.135231	0.305026	0.6289847	1.0	2307	tags=32%, list=21%, signal=40%	
HALLMARK_PROTEIN_SECRETION%MSIGDBHALLMARK%HALLMARK_PROTEIN_SECRETION	HALLMARK_PROTEIN_SECRETION%MSIGDBHALLMARK%HALLMARK_PROTEIN_SECRETION		76	0.33599922	1.1350319	0.22503962	0.6291248	1.0	2326	tags=29%, list=21%, signal=36%	
PRESYNAPTIC PHASE OF HOMOLOGOUS DNA PAIRING AND STRAND EXCHANGE%REACTOME%R-HSA-5693616.6	PRESYNAPTIC PHASE OF HOMOLOGOUS DNA PAIRING AND STRAND EXCHANGE%REACTOME%R-HSA-5693616.6		37	0.38247433	1.1349417	0.28082192	0.6289012	1.0	3453	tags=41%, list=31%, signal=59%	
MUSCLE STRUCTURE DEVELOPMENT%GOBP%GO:0061061	MUSCLE STRUCTURE DEVELOPMENT%GOBP%GO:0061061		120	0.31291604	1.1342968	0.2200957	0.6303241	1.0	1451	tags=19%, list=13%, signal=22%	
LEUKOCYTE CHEMOTAXIS%GOBP%GO:0030595	LEUKOCYTE CHEMOTAXIS%GOBP%GO:0030595		48	0.36848548	1.1342083	0.2420886	0.6301228	1.0	1526	tags=35%, list=14%, signal=41%	
TERMINATION OF TRANSLESION DNA SYNTHESIS%REACTOME%R-HSA-5656169.2	TERMINATION OF TRANSLESION DNA SYNTHESIS%REACTOME%R-HSA-5656169.2		31	0.39843526	1.133565	0.2760943	0.6314754	1.0	2823	tags=39%, list=26%, signal=52%	
RAC2 GTPASE CYCLE%REACTOME DATABASE ID RELEASE 93%9013404	RAC2 GTPASE CYCLE%REACTOME DATABASE ID RELEASE 93%9013404		71	0.3438709	1.133382	0.2160804	0.6315501	1.0	1534	tags=23%, list=14%, signal=26%	
NEGATIVE REGULATION OF T CELL DIFFERENTIATION%GOBP%GO:0045581	NEGATIVE REGULATION OF T CELL DIFFERENTIATION%GOBP%GO:0045581		22	0.43091622	1.133328	0.28522336	0.6312606	1.0	1320	tags=23%, list=12%, signal=26%	
RESPONSE TO TEMPERATURE STIMULUS%GOBP%GO:0009266	RESPONSE TO TEMPERATURE STIMULUS%GOBP%GO:0009266		57	0.34806046	1.1331197	0.24143836	0.6313526	1.0	1791	tags=26%, list=16%, signal=31%	
IL2 SIGNALING EVENTS MEDIATED BY STAT5%PATHWAY INTERACTION DATABASE NCI-NATURE CURATED DATA%IL2 SIGNALING EVENTS MEDIATED BY STAT5	IL2 SIGNALING EVENTS MEDIATED BY STAT5%PATHWAY INTERACTION DATABASE NCI-NATURE CURATED DATA%IL2 SIGNALING EVENTS MEDIATED BY STAT5		23	0.42422655	1.1330736	0.27702704	0.631013	1.0	1102	tags=30%, list=10%, signal=34%	
CELL CYCLE CHECKPOINT SIGNALING%GOBP%GO:0000075	CELL CYCLE CHECKPOINT SIGNALING%GOBP%GO:0000075		123	0.31350273	1.1330185	0.19492869	0.6307106	1.0	2525	tags=24%, list=23%, signal=31%	
GLYCEROPHOSPHOLIPID BIOSYNTHETIC PROCESS%GOBP%GO:0046474	GLYCEROPHOSPHOLIPID BIOSYNTHETIC PROCESS%GOBP%GO:0046474		137	0.30702725	1.1325438	0.19474497	0.6316405	1.0	1575	tags=20%, list=14%, signal=23%	
PROTEOGLYCAN BIOSYNTHETIC PROCESS%GOBP%GO:0030166	PROTEOGLYCAN BIOSYNTHETIC PROCESS%GOBP%GO:0030166		47	0.36736253	1.1314794	0.2677966	0.6343211	1.0	2771	tags=36%, list=25%, signal=48%	
RHO PROTEIN SIGNAL TRANSDUCTION%GOBP%GO:0007266	RHO PROTEIN SIGNAL TRANSDUCTION%GOBP%GO:0007266		36	0.38404182	1.1314123	0.28432956	0.63406914	1.0	2457	tags=39%, list=22%, signal=50%	
PID_EPHB_FWD_PATHWAY%MSIGDB_C2%PID_EPHB_FWD_PATHWAY	PID_EPHB_FWD_PATHWAY%MSIGDB_C2%PID_EPHB_FWD_PATHWAY		24	0.41421053	1.1304578	0.29519072	0.6362982	1.0	3554	tags=46%, list=32%, signal=68%	
REGULATION OF TOLL LIKE RECEPTOR SIGNALING%WIKIPATHWAYS_20250810%WP1449%HOMO SAPIENS	REGULATION OF TOLL LIKE RECEPTOR SIGNALING%WIKIPATHWAYS_20250810%WP1449%HOMO SAPIENS		78	0.33015332	1.1304041	0.23222749	0.63599294	1.0	2209	tags=31%, list=20%, signal=38%	
REGULATION OF HIPPO SIGNALING%GOBP%GO:0035330	REGULATION OF HIPPO SIGNALING%GOBP%GO:0035330		32	0.39734194	1.1300536	0.28055078	0.6365587	1.0	917	tags=19%, list=8%, signal=20%	
TCF DEPENDENT SIGNALING IN RESPONSE TO WNT%REACTOME DATABASE ID RELEASE 93%201681	TCF DEPENDENT SIGNALING IN RESPONSE TO WNT%REACTOME DATABASE ID RELEASE 93%201681		133	0.30758795	1.1298451	0.19494048	0.6367476	1.0	2249	tags=26%, list=20%, signal=32%	
NUCLEOTIDE CATABOLIC PROCESS%GOBP%GO:0009166	NUCLEOTIDE CATABOLIC PROCESS%GOBP%GO:0009166		59	0.35018846	1.1297385	0.26841244	0.6366071	1.0	1088	tags=25%, list=10%, signal=28%	
TELOMERE C-STRAND (LAGGING STRAND) SYNTHESIS%REACTOME DATABASE ID RELEASE 93%174417	TELOMERE C-STRAND (LAGGING STRAND) SYNTHESIS%REACTOME DATABASE ID RELEASE 93%174417		32	0.393254	1.129653	0.26280993	0.63638735	1.0	2823	tags=31%, list=26%, signal=42%	
REGULATION OF RHOA ACTIVITY%PATHWAY INTERACTION DATABASE NCI-NATURE CURATED DATA%REGULATION OF RHOA ACTIVITY	REGULATION OF RHOA ACTIVITY%PATHWAY INTERACTION DATABASE NCI-NATURE CURATED DATA%REGULATION OF RHOA ACTIVITY		30	0.40002242	1.1287576	0.2795341	0.6385861	1.0	2701	tags=47%, list=25%, signal=62%	
PYRUVATE METABOLIC PROCESS%GOBP%GO:0006090	PYRUVATE METABOLIC PROCESS%GOBP%GO:0006090		34	0.39152828	1.1282285	0.2672269	0.63969326	1.0	1182	tags=26%, list=11%, signal=30%	
IMPAIRED BRCA2 BINDING TO RAD51%REACTOME%R-HSA-9709570.2	IMPAIRED BRCA2 BINDING TO RAD51%REACTOME%R-HSA-9709570.2		32	0.39860445	1.1280259	0.29812607	0.63982373	1.0	2897	tags=34%, list=26%, signal=47%	
DISEASES OF DNA REPAIR%REACTOME%R-HSA-9675135.6	DISEASES OF DNA REPAIR%REACTOME%R-HSA-9675135.6		47	0.36525193	1.1279778	0.2542662	0.639506	1.0	3546	tags=40%, list=32%, signal=59%	
ALPHA-BETA T CELL DIFFERENTIATION%GOBP%GO:0046632	ALPHA-BETA T CELL DIFFERENTIATION%GOBP%GO:0046632		32	0.39437687	1.127341	0.2631579	0.6409369	1.0	2712	tags=41%, list=25%, signal=54%	
SYNAPSE ASSEMBLY%GOBP%GO:0007416	SYNAPSE ASSEMBLY%GOBP%GO:0007416		34	0.39164686	1.1273168	0.28432956	0.6405497	1.0	1718	tags=32%, list=16%, signal=38%	
MIR TARGETED GENES IN SQUAMOUS CELL%WIKIPATHWAYS_20250810%WP2006%HOMO SAPIENS	MIR TARGETED GENES IN SQUAMOUS CELL%WIKIPATHWAYS_20250810%WP2006%HOMO SAPIENS		96	0.32127735	1.1272125	0.23538704	0.64040685	1.0	3136	tags=35%, list=29%, signal=49%	
REGULATION OF MEIOTIC CELL CYCLE%GOBP%GO:0051445	REGULATION OF MEIOTIC CELL CYCLE%GOBP%GO:0051445		36	0.38345337	1.1271147	0.26530612	0.64018375	1.0	2755	tags=42%, list=25%, signal=55%	
POSITIVE REGULATION OF PROTEIN IMPORT INTO NUCLEUS%GOBP%GO:0042307	POSITIVE REGULATION OF PROTEIN IMPORT INTO NUCLEUS%GOBP%GO:0042307		24	0.41576883	1.126974	0.2989865	0.6401247	1.0	3993	tags=54%, list=36%, signal=85%	
PHOSPHATIDYLINOSITOL PHOSPHATE BIOSYNTHETIC PROCESS%GOBP%GO:0046854	PHOSPHATIDYLINOSITOL PHOSPHATE BIOSYNTHETIC PROCESS%GOBP%GO:0046854		33	0.39368424	1.1265025	0.30744338	0.6409971	1.0	1526	tags=33%, list=14%, signal=39%	
STIMULI-SENSING CHANNELS%REACTOME%R-HSA-2672351.7	STIMULI-SENSING CHANNELS%REACTOME%R-HSA-2672351.7		43	0.36596775	1.125552	0.26206896	0.64327085	1.0	1858	tags=33%, list=17%, signal=39%	
SIGNALING BY ERYTHROPOIETIN%REACTOME DATABASE ID RELEASE 93%9006335	SIGNALING BY ERYTHROPOIETIN%REACTOME DATABASE ID RELEASE 93%9006335		22	0.43223247	1.1251487	0.31064573	0.6439639	1.0	613	tags=23%, list=6%, signal=24%	
PID_TOLL_ENDOGENOUS_PATHWAY%MSIGDB_C2%PID_TOLL_ENDOGENOUS_PATHWAY	PID_TOLL_ENDOGENOUS_PATHWAY%MSIGDB_C2%PID_TOLL_ENDOGENOUS_PATHWAY		15	0.45836657	1.1247759	0.3250444	0.64459544	1.0	1267	tags=27%, list=12%, signal=30%	
POSITIVE REGULATION OF MACROAUTOPHAGY%GOBP%GO:0016239	POSITIVE REGULATION OF MACROAUTOPHAGY%GOBP%GO:0016239		64	0.34788927	1.1241817	0.28151986	0.64583313	1.0	1405	tags=17%, list=13%, signal=20%	
PID_ECADHERIN_NASCENT_AJ_PATHWAY%MSIGDB_C2%PID_ECADHERIN_NASCENT_AJ_PATHWAY	PID_ECADHERIN_NASCENT_AJ_PATHWAY%MSIGDB_C2%PID_ECADHERIN_NASCENT_AJ_PATHWAY		24	0.41141593	1.124167	0.29322034	0.6454083	1.0	917	tags=25%, list=8%, signal=27%	
INSERTION OF TAIL-ANCHORED PROTEINS INTO THE ENDOPLASMIC RETICULUM MEMBRANE%REACTOME DATABASE ID RELEASE 93%9609523	INSERTION OF TAIL-ANCHORED PROTEINS INTO THE ENDOPLASMIC RETICULUM MEMBRANE%REACTOME DATABASE ID RELEASE 93%9609523		15	0.46520573	1.1237385	0.3309091	0.64620334	1.0	1168	tags=20%, list=11%, signal=22%	
MITOCHONDRIAL TRANSMEMBRANE TRANSPORT%GOBP%GO:1990542	MITOCHONDRIAL TRANSMEMBRANE TRANSPORT%GOBP%GO:1990542		18	0.4466312	1.1234759	0.2960993	0.64649415	1.0	2281	tags=33%, list=21%, signal=42%	
REGULATION OF GENERATION OF PRECURSOR METABOLITES AND ENERGY%GOBP%GO:0043467	REGULATION OF GENERATION OF PRECURSOR METABOLITES AND ENERGY%GOBP%GO:0043467		79	0.32723707	1.1234236	0.25632912	0.6461933	1.0	1794	tags=23%, list=16%, signal=27%	
FLT3 SIGNALING%REACTOME%R-HSA-9607240.8	FLT3 SIGNALING%REACTOME%R-HSA-9607240.8		35	0.38439637	1.1233524	0.26812816	0.6459502	1.0	1654	tags=34%, list=15%, signal=40%	
POSITIVE REGULATION OF INTERFERON-ALPHA PRODUCTION%GOBP%GO:0032727	POSITIVE REGULATION OF INTERFERON-ALPHA PRODUCTION%GOBP%GO:0032727		17	0.44551647	1.1231773	0.32389382	0.6459873	1.0	1781	tags=24%, list=16%, signal=28%	
NEGATIVE REGULATION OF CILIUM ASSEMBLY%GOBP%GO:1902018	NEGATIVE REGULATION OF CILIUM ASSEMBLY%GOBP%GO:1902018		22	0.42856404	1.1227742	0.2902655	0.6467398	1.0	2630	tags=41%, list=24%, signal=54%	
TRK RECEPTOR SIGNALING MEDIATED BY PI3K AND PLC-GAMMA%PATHWAY INTERACTION DATABASE NCI-NATURE CURATED DATA%TRK RECEPTOR SIGNALING MEDIATED BY PI3K AND PLC-GAMMA	TRK RECEPTOR SIGNALING MEDIATED BY PI3K AND PLC-GAMMA%PATHWAY INTERACTION DATABASE NCI-NATURE CURATED DATA%TRK RECEPTOR SIGNALING MEDIATED BY PI3K AND PLC-GAMMA		29	0.40476987	1.1225957	0.29335493	0.646834	1.0	1752	tags=31%, list=16%, signal=37%	
PKR-MEDIATED SIGNALING%REACTOME DATABASE ID RELEASE 93%9833482	PKR-MEDIATED SIGNALING%REACTOME DATABASE ID RELEASE 93%9833482		49	0.35824522	1.122573	0.28093645	0.6464448	1.0	2734	tags=27%, list=25%, signal=35%	
LYSOSOMAL LUMEN ACIDIFICATION%GOBP%GO:0007042	LYSOSOMAL LUMEN ACIDIFICATION%GOBP%GO:0007042		21	0.43149388	1.1221669	0.3206239	0.64717484	1.0	1167	tags=19%, list=11%, signal=21%	
REGULATION OF CHOLESTEROL EFFLUX%GOBP%GO:0010874	REGULATION OF CHOLESTEROL EFFLUX%GOBP%GO:0010874		17	0.4498822	1.1221594	0.29787233	0.64674413	1.0	786	tags=24%, list=7%, signal=25%	
GRANULOCYTE CHEMOTAXIS%GOBP%GO:0071621	GRANULOCYTE CHEMOTAXIS%GOBP%GO:0071621		25	0.4135363	1.1219401	0.27097902	0.64689434	1.0	1526	tags=44%, list=14%, signal=51%	
FGFR2 ALTERNATIVE SPLICING%REACTOME%R-HSA-6803529.3	FGFR2 ALTERNATIVE SPLICING%REACTOME%R-HSA-6803529.3		23	0.42108458	1.1214651	0.31724137	0.6478187	1.0	1807	tags=17%, list=16%, signal=21%	
POSITIVE REGULATION OF CHEMOTAXIS%GOBP%GO:0050921	POSITIVE REGULATION OF CHEMOTAXIS%GOBP%GO:0050921		57	0.34926292	1.1213523	0.26115704	0.64768475	1.0	2444	tags=35%, list=22%, signal=45%	
GENE AND PROTEIN EXPRESSION BY JAK-STAT SIGNALING AFTER INTERLEUKIN-12 STIMULATION%REACTOME DATABASE ID RELEASE 93%8950505	GENE AND PROTEIN EXPRESSION BY JAK-STAT SIGNALING AFTER INTERLEUKIN-12 STIMULATION%REACTOME DATABASE ID RELEASE 93%8950505		30	0.39583242	1.1208509	0.27704918	0.6487218	1.0	1096	tags=20%, list=10%, signal=22%	
SODIUM ION TRANSPORT%GOBP%GO:0006814	SODIUM ION TRANSPORT%GOBP%GO:0006814		41	0.37369776	1.1195925	0.26948053	0.6520365	1.0	2012	tags=27%, list=18%, signal=33%	
REGULATION OF NEURON MIGRATION%GOBP%GO:2001222	REGULATION OF NEURON MIGRATION%GOBP%GO:2001222		21	0.42391458	1.119303	0.3071553	0.6523661	1.0	2071	tags=38%, list=19%, signal=47%	
REGULATION OF ERK1 AND ERK2 CASCADE%GOBP%GO:0070372	REGULATION OF ERK1 AND ERK2 CASCADE%GOBP%GO:0070372		115	0.31149727	1.118922	0.22706065	0.6530434	1.0	2226	tags=30%, list=20%, signal=37%	
OSSIFICATION%GOBP%GO:0001503	OSSIFICATION%GOBP%GO:0001503		89	0.3217984	1.1189091	0.2597809	0.6526204	1.0	2244	tags=29%, list=20%, signal=36%	
MONOSACCHARIDE METABOLIC PROCESS%GOBP%GO:0005996	MONOSACCHARIDE METABOLIC PROCESS%GOBP%GO:0005996		76	0.3335388	1.1188679	0.25506756	0.6522917	1.0	1757	tags=28%, list=16%, signal=33%	
ANAPHASE-PROMOTING COMPLEX-DEPENDENT CATABOLIC PROCESS%GOBP%GO:0031145	ANAPHASE-PROMOTING COMPLEX-DEPENDENT CATABOLIC PROCESS%GOBP%GO:0031145		20	0.4239665	1.1188232	0.2984823	0.65197235	1.0	2755	tags=40%, list=25%, signal=53%	
PID_THROMBIN_PAR1_PATHWAY%MSIGDB_C2%PID_THROMBIN_PAR1_PATHWAY	PID_THROMBIN_PAR1_PATHWAY%MSIGDB_C2%PID_THROMBIN_PAR1_PATHWAY		24	0.42195103	1.1187646	0.30375427	0.6516789	1.0	1552	tags=29%, list=14%, signal=34%	
GAP-FILLING DNA REPAIR SYNTHESIS AND LIGATION IN GG-NER%REACTOME%R-HSA-5696397.3	GAP-FILLING DNA REPAIR SYNTHESIS AND LIGATION IN GG-NER%REACTOME%R-HSA-5696397.3		24	0.41478518	1.1187217	0.3158813	0.65134627	1.0	2823	tags=38%, list=26%, signal=50%	
POSITIVE REGULATION OF CELL CYCLE G1/S PHASE TRANSITION%GOBP%GO:1902808	POSITIVE REGULATION OF CELL CYCLE G1/S PHASE TRANSITION%GOBP%GO:1902808		35	0.38489	1.118147	0.28995058	0.6525458	1.0	2502	tags=43%, list=23%, signal=55%	
INTEGRATED CANCER PATHWAY%WIKIPATHWAYS_20250810%WP1971%HOMO SAPIENS	INTEGRATED CANCER PATHWAY%WIKIPATHWAYS_20250810%WP1971%HOMO SAPIENS		33	0.39113787	1.1180651	0.30136988	0.6523176	1.0	2897	tags=48%, list=26%, signal=66%	
CELLULAR RESPONSE TO OSMOTIC STRESS%GOBP%GO:0071470	CELLULAR RESPONSE TO OSMOTIC STRESS%GOBP%GO:0071470		25	0.40964085	1.1166724	0.30560273	0.65595967	1.0	1573	tags=24%, list=14%, signal=28%	
PHOSPHOLIPID BIOSYNTHETIC PROCESS%GOBP%GO:0008654	PHOSPHOLIPID BIOSYNTHETIC PROCESS%GOBP%GO:0008654		160	0.29663366	1.11654	0.24404761	0.6558731	1.0	1575	tags=18%, list=14%, signal=21%	
COPII-MEDIATED VESICLE TRANSPORT%REACTOME DATABASE ID RELEASE 93%204005	COPII-MEDIATED VESICLE TRANSPORT%REACTOME DATABASE ID RELEASE 93%204005		58	0.3519506	1.1163673	0.2792642	0.6559285	1.0	2494	tags=24%, list=23%, signal=31%	
NEGATIVE REGULATION OF DNA REPAIR%GOBP%GO:0045738	NEGATIVE REGULATION OF DNA REPAIR%GOBP%GO:0045738		37	0.38466066	1.1162744	0.29863483	0.65572935	1.0	1648	tags=24%, list=15%, signal=29%	
INTERLEUKIN-17 SIGNALING%REACTOME%R-HSA-448424.8	INTERLEUKIN-17 SIGNALING%REACTOME%R-HSA-448424.8		60	0.34794798	1.1159086	0.28455284	0.656356	1.0	841	tags=12%, list=8%, signal=13%	
NEGATIVE REGULATION OF SECRETION%GOBP%GO:0051048	NEGATIVE REGULATION OF SECRETION%GOBP%GO:0051048		58	0.3425394	1.1158893	0.26547232	0.65595585	1.0	1116	tags=22%, list=10%, signal=25%	
SLC-MEDIATED TRANSMEMBRANE TRANSPORT%REACTOME DATABASE ID RELEASE 93%425407	SLC-MEDIATED TRANSMEMBRANE TRANSPORT%REACTOME DATABASE ID RELEASE 93%425407		126	0.30292132	1.1157895	0.23913044	0.6558024	1.0	2007	tags=29%, list=18%, signal=35%	
FC EPSILON RECEPTOR (FCERI) SIGNALING%REACTOME%R-HSA-2454202.5	FC EPSILON RECEPTOR (FCERI) SIGNALING%REACTOME%R-HSA-2454202.5		112	0.31098542	1.1157725	0.23556942	0.6553901	1.0	1790	tags=21%, list=16%, signal=24%	
NEDDYLATION%REACTOME DATABASE ID RELEASE 93%8951664	NEDDYLATION%REACTOME DATABASE ID RELEASE 93%8951664		193	0.29384235	1.115654	0.21605839	0.6552591	1.0	3335	tags=34%, list=30%, signal=48%	
PROTEIN K48-LINKED UBIQUITINATION%GOBP%GO:0070936	PROTEIN K48-LINKED UBIQUITINATION%GOBP%GO:0070936		90	0.31828046	1.1151867	0.24920635	0.6561362	1.0	3113	tags=33%, list=28%, signal=46%	
IL12 SIGNALING MEDIATED BY STAT4%PATHWAY INTERACTION DATABASE NCI-NATURE CURATED DATA%IL12 SIGNALING MEDIATED BY STAT4	IL12 SIGNALING MEDIATED BY STAT4%PATHWAY INTERACTION DATABASE NCI-NATURE CURATED DATA%IL12 SIGNALING MEDIATED BY STAT4		20	0.43034136	1.1151195	0.3105263	0.6558689	1.0	2607	tags=50%, list=24%, signal=65%	
SIGNALING EVENTS MEDIATED BY HDAC CLASS II%PATHWAY INTERACTION DATABASE NCI-NATURE CURATED DATA%SIGNALING EVENTS MEDIATED BY HDAC CLASS II	SIGNALING EVENTS MEDIATED BY HDAC CLASS II%PATHWAY INTERACTION DATABASE NCI-NATURE CURATED DATA%SIGNALING EVENTS MEDIATED BY HDAC CLASS II		31	0.3856747	1.1145324	0.29565218	0.65710443	1.0	1416	tags=23%, list=13%, signal=26%	
REGULATION OF RESPONSE TO WOUNDING%GOBP%GO:1903034	REGULATION OF RESPONSE TO WOUNDING%GOBP%GO:1903034		64	0.33947882	1.1143619	0.27227724	0.6571594	1.0	1548	tags=30%, list=14%, signal=34%	
RESPONSE TO HYDROGEN PEROXIDE%GOBP%GO:0042542	RESPONSE TO HYDROGEN PEROXIDE%GOBP%GO:0042542		33	0.38339913	1.1141185	0.29411766	0.6574088	1.0	776	tags=15%, list=7%, signal=16%	
REGULATION OF STRIATED MUSCLE CELL DIFFERENTIATION%GOBP%GO:0051153	REGULATION OF STRIATED MUSCLE CELL DIFFERENTIATION%GOBP%GO:0051153		17	0.4522839	1.1140336	0.31866196	0.65717447	1.0	454	tags=18%, list=4%, signal=18%	
REGULATION OF KINASE ACTIVITY%GOBP%GO:0043549	REGULATION OF KINASE ACTIVITY%GOBP%GO:0043549		168	0.29858774	1.1139338	0.2193646	0.65700376	1.0	2549	tags=28%, list=23%, signal=36%	
TELOMERE EXTENSION BY TELOMERASE%REACTOME DATABASE ID RELEASE 93%171319	TELOMERE EXTENSION BY TELOMERASE%REACTOME DATABASE ID RELEASE 93%171319		20	0.43493196	1.1138785	0.30565372	0.6566965	1.0	1195	tags=20%, list=11%, signal=22%	
NEGATIVE REGULATION OF ACTIN FILAMENT POLYMERIZATION%GOBP%GO:0030837	NEGATIVE REGULATION OF ACTIN FILAMENT POLYMERIZATION%GOBP%GO:0030837		26	0.4086503	1.1137967	0.31490788	0.6564553	1.0	1876	tags=35%, list=17%, signal=42%	
SPINDLE ORGANIZATION%GOBP%GO:0007051	SPINDLE ORGANIZATION%GOBP%GO:0007051		126	0.30704603	1.1137557	0.22171946	0.6561227	1.0	2494	tags=25%, list=23%, signal=32%	
CELL CYCLE%WIKIPATHWAYS_20250810%WP179%HOMO SAPIENS	CELL CYCLE%WIKIPATHWAYS_20250810%WP179%HOMO SAPIENS		85	0.3249835	1.1136057	0.26984128	0.65611535	1.0	2956	tags=36%, list=27%, signal=50%	
GLYCEROLIPID BIOSYNTHETIC PROCESS%GOBP%GO:0045017	GLYCEROLIPID BIOSYNTHETIC PROCESS%GOBP%GO:0045017		147	0.30336815	1.1131923	0.22636104	0.65686613	1.0	1588	tags=20%, list=14%, signal=23%	
MITOTIC RECOMBINATION%GOBP%GO:0006312	MITOTIC RECOMBINATION%GOBP%GO:0006312		17	0.44249812	1.1131823	0.31866196	0.6564472	1.0	4266	tags=59%, list=39%, signal=96%	
REGULATION OF ALPHA-BETA T CELL DIFFERENTIATION%GOBP%GO:0046637	REGULATION OF ALPHA-BETA T CELL DIFFERENTIATION%GOBP%GO:0046637		43	0.36333346	1.1130146	0.27470687	0.6564888	1.0	1613	tags=23%, list=15%, signal=27%	
NEGATIVE REGULATION OF CELL CYCLE PHASE TRANSITION%GOBP%GO:1901988	NEGATIVE REGULATION OF CELL CYCLE PHASE TRANSITION%GOBP%GO:1901988		161	0.2953307	1.1129409	0.20296296	0.65624005	1.0	2223	tags=22%, list=20%, signal=28%	
CHEMOKINE SIGNALING%WIKIPATHWAYS_20250810%WP3929%HOMO SAPIENS	CHEMOKINE SIGNALING%WIKIPATHWAYS_20250810%WP3929%HOMO SAPIENS		77	0.3303291	1.111952	0.26910827	0.65859294	1.0	2749	tags=32%, list=25%, signal=43%	
MITOCHONDRIAL IMMUNE RESPONSE TO SARS COV 2%WIKIPATHWAYS_20250810%WP5038%HOMO SAPIENS	MITOCHONDRIAL IMMUNE RESPONSE TO SARS COV 2%WIKIPATHWAYS_20250810%WP5038%HOMO SAPIENS		22	0.4164247	1.1119158	0.3235832	0.65824443	1.0	2930	tags=41%, list=27%, signal=56%	
POSITIVE REGULATION OF EXOCYTOSIS%GOBP%GO:0045921	POSITIVE REGULATION OF EXOCYTOSIS%GOBP%GO:0045921		46	0.35762858	1.111904	0.2946128	0.65782875	1.0	1344	tags=22%, list=12%, signal=25%	
NEGATIVE REGULATION OF ACTIN FILAMENT DEPOLYMERIZATION%GOBP%GO:0030835	NEGATIVE REGULATION OF ACTIN FILAMENT DEPOLYMERIZATION%GOBP%GO:0030835		18	0.4429078	1.1115992	0.29	0.6582728	1.0	1876	tags=33%, list=17%, signal=40%	
HALLMARK_KRAS_SIGNALING_UP%MSIGDBHALLMARK%HALLMARK_KRAS_SIGNALING_UP	HALLMARK_KRAS_SIGNALING_UP%MSIGDBHALLMARK%HALLMARK_KRAS_SIGNALING_UP		97	0.32037225	1.1115568	0.2348367	0.65793914	1.0	1590	tags=30%, list=14%, signal=35%	
POSITIVE REGULATION OF SYNAPTIC TRANSMISSION%GOBP%GO:0050806	POSITIVE REGULATION OF SYNAPTIC TRANSMISSION%GOBP%GO:0050806		38	0.37382683	1.1114655	0.30914825	0.6577737	1.0	1907	tags=32%, list=17%, signal=38%	
PID_CD8_TCR_DOWNSTREAM_PATHWAY%MSIGDB_C2%PID_CD8_TCR_DOWNSTREAM_PATHWAY	PID_CD8_TCR_DOWNSTREAM_PATHWAY%MSIGDB_C2%PID_CD8_TCR_DOWNSTREAM_PATHWAY		36	0.37694344	1.1110777	0.2821369	0.6585059	1.0	1604	tags=25%, list=15%, signal=29%	
NEUREXINS AND NEUROLIGINS%REACTOME%R-HSA-6794361.6	NEUREXINS AND NEUROLIGINS%REACTOME%R-HSA-6794361.6		22	0.41518143	1.1100382	0.32258064	0.66118956	1.0	861	tags=18%, list=8%, signal=20%	
RETT SYNDROME%WIKIPATHWAYS_20250810%WP4312%HOMO SAPIENS	RETT SYNDROME%WIKIPATHWAYS_20250810%WP4312%HOMO SAPIENS		26	0.3975943	1.109902	0.32941177	0.66113746	1.0	2284	tags=31%, list=21%, signal=39%	
NEUTROPHIL CHEMOTAXIS%GOBP%GO:0030593	NEUTROPHIL CHEMOTAXIS%GOBP%GO:0030593		23	0.42156643	1.1093149	0.3153457	0.6623989	1.0	1526	tags=48%, list=14%, signal=55%	
POSITIVE REGULATION OF CELL DIVISION%GOBP%GO:0051781	POSITIVE REGULATION OF CELL DIVISION%GOBP%GO:0051781		34	0.38737887	1.1091853	0.29188254	0.66232175	1.0	2538	tags=32%, list=23%, signal=42%	
REGULATION OF MICROTUBULE POLYMERIZATION OR DEPOLYMERIZATION%GOBP%GO:0031110	REGULATION OF MICROTUBULE POLYMERIZATION OR DEPOLYMERIZATION%GOBP%GO:0031110		60	0.3437892	1.1091497	0.27938932	0.6619679	1.0	967	tags=10%, list=9%, signal=11%	
TRANSCRIPTIONAL REGULATION OF BROWN AND BEIGE ADIPOCYTE DIFFERENTIATION%REACTOME%R-HSA-9843743.1	TRANSCRIPTIONAL REGULATION OF BROWN AND BEIGE ADIPOCYTE DIFFERENTIATION%REACTOME%R-HSA-9843743.1		19	0.42410526	1.1090844	0.32659933	0.66168386	1.0	507	tags=11%, list=5%, signal=11%	
TRANSCRIPTION INITIATION-COUPLED CHROMATIN REMODELING%GOBP%GO:0045815	TRANSCRIPTION INITIATION-COUPLED CHROMATIN REMODELING%GOBP%GO:0045815		43	0.3611506	1.108916	0.28476822	0.6617643	1.0	1836	tags=19%, list=17%, signal=22%	
PID_IL23_PATHWAY%MSIGDB_C2%PID_IL23_PATHWAY	PID_IL23_PATHWAY%MSIGDB_C2%PID_IL23_PATHWAY		19	0.4356446	1.1088723	0.3310463	0.66144985	1.0	2174	tags=37%, list=20%, signal=46%	
COMPLEMENT CASCADE%REACTOME%R-HSA-166658.6	COMPLEMENT CASCADE%REACTOME%R-HSA-166658.6		21	0.42213458	1.1084045	0.31433505	0.6623011	1.0	1142	tags=38%, list=10%, signal=42%	
CHROMOSOME ORGANIZATION INVOLVED IN MEIOTIC CELL CYCLE%GOBP%GO:0070192	CHROMOSOME ORGANIZATION INVOLVED IN MEIOTIC CELL CYCLE%GOBP%GO:0070192		17	0.44723046	1.1081493	0.33112583	0.6625727	1.0	2425	tags=41%, list=22%, signal=53%	
NEGATIVE REGULATION OF TUMOR NECROSIS FACTOR SUPERFAMILY CYTOKINE PRODUCTION%GOBP%GO:1903556	NEGATIVE REGULATION OF TUMOR NECROSIS FACTOR SUPERFAMILY CYTOKINE PRODUCTION%GOBP%GO:1903556		27	0.39845717	1.1076658	0.3115016	0.66351515	1.0	2216	tags=37%, list=20%, signal=46%	
PROTEIN PROCESSING%GOBP%GO:0016485	PROTEIN PROCESSING%GOBP%GO:0016485		93	0.31669533	1.1072098	0.2522936	0.6643677	1.0	2216	tags=28%, list=20%, signal=35%	
NEGATIVE REGULATION OF INFLAMMATORY RESPONSE TO ANTIGENIC STIMULUS%GOBP%GO:0002862	NEGATIVE REGULATION OF INFLAMMATORY RESPONSE TO ANTIGENIC STIMULUS%GOBP%GO:0002862		20	0.4271038	1.1067374	0.32098764	0.66525537	1.0	1585	tags=35%, list=14%, signal=41%	
POSITIVE REGULATION OF INTERLEUKIN-4 PRODUCTION%GOBP%GO:0032753	POSITIVE REGULATION OF INTERLEUKIN-4 PRODUCTION%GOBP%GO:0032753		17	0.440386	1.106545	0.3542373	0.6653606	1.0	1380	tags=41%, list=13%, signal=47%	
G ALPHA (Q) SIGNALLING EVENTS%REACTOME%R-HSA-416476.8	G ALPHA (Q) SIGNALLING EVENTS%REACTOME%R-HSA-416476.8		79	0.32396987	1.1064872	0.2680578	0.66508114	1.0	1948	tags=29%, list=18%, signal=35%	
PROTEIN UBIQUITINATION%REACTOME DATABASE ID RELEASE 93%8852135	PROTEIN UBIQUITINATION%REACTOME DATABASE ID RELEASE 93%8852135		68	0.3329196	1.1061774	0.26791278	0.66554976	1.0	3207	tags=37%, list=29%, signal=52%	
PROTEIN-PROTEIN INTERACTIONS AT SYNAPSES%REACTOME%R-HSA-6794362.6	PROTEIN-PROTEIN INTERACTIONS AT SYNAPSES%REACTOME%R-HSA-6794362.6		35	0.3782916	1.1061517	0.30664396	0.66516757	1.0	861	tags=17%, list=8%, signal=19%	
NEUTROPHIL MIGRATION%GOBP%GO:1990266	NEUTROPHIL MIGRATION%GOBP%GO:1990266		26	0.39812407	1.1056566	0.3043478	0.66616195	1.0	1526	tags=42%, list=14%, signal=49%	
GLYCOLIPID METABOLIC PROCESS%GOBP%GO:0006664	GLYCOLIPID METABOLIC PROCESS%GOBP%GO:0006664		67	0.33200002	1.1055796	0.26614174	0.6659358	1.0	1819	tags=21%, list=17%, signal=25%	
IL18 SIGNALING%WIKIPATHWAYS_20250810%WP4754%HOMO SAPIENS	IL18 SIGNALING%WIKIPATHWAYS_20250810%WP4754%HOMO SAPIENS		41	0.36823466	1.1055284	0.29623568	0.66563326	1.0	1578	tags=22%, list=14%, signal=26%	
NEGATIVE REGULATION OF DNA-BINDING TRANSCRIPTION FACTOR ACTIVITY%GOBP%GO:0043433	NEGATIVE REGULATION OF DNA-BINDING TRANSCRIPTION FACTOR ACTIVITY%GOBP%GO:0043433		45	0.3631618	1.1052421	0.30405405	0.6660123	1.0	2919	tags=42%, list=27%, signal=57%	
HOST-MEDIATED ACTIVATION OF VIRAL PROCESS%GOBP%GO:0044794	HOST-MEDIATED ACTIVATION OF VIRAL PROCESS%GOBP%GO:0044794		30	0.3846205	1.104864	0.311973	0.66667396	1.0	1199	tags=17%, list=11%, signal=19%	
SEMAPHORIN INTERACTIONS%REACTOME%R-HSA-373755.3	SEMAPHORIN INTERACTIONS%REACTOME%R-HSA-373755.3		45	0.3584785	1.1047654	0.29276314	0.6665051	1.0	2767	tags=36%, list=25%, signal=47%	
REGULATION OF EARLY ENDOSOME TO LATE ENDOSOME TRANSPORT%GOBP%GO:2000641	REGULATION OF EARLY ENDOSOME TO LATE ENDOSOME TRANSPORT%GOBP%GO:2000641		19	0.43619308	1.1043642	0.32991454	0.66722053	1.0	917	tags=21%, list=8%, signal=23%	
RAS PROTEIN SIGNAL TRANSDUCTION%GOBP%GO:0007265	RAS PROTEIN SIGNAL TRANSDUCTION%GOBP%GO:0007265		53	0.34851822	1.1043637	0.29333332	0.66677076	1.0	3554	tags=47%, list=32%, signal=69%	
ACTIVATION OF BH3-ONLY PROTEINS%REACTOME%R-HSA-114452.5	ACTIVATION OF BH3-ONLY PROTEINS%REACTOME%R-HSA-114452.5		24	0.40730962	1.1041746	0.35614035	0.66687214	1.0	2956	tags=38%, list=27%, signal=51%	
COOPERATION OF PREFOLDIN AND TRIC CCT IN ACTIN AND TUBULIN FOLDING%REACTOME DATABASE ID RELEASE 93%389958	COOPERATION OF PREFOLDIN AND TRIC CCT IN ACTIN AND TUBULIN FOLDING%REACTOME DATABASE ID RELEASE 93%389958		22	0.41767123	1.1036743	0.32663316	0.66788995	1.0	900	tags=18%, list=8%, signal=20%	
NEGATIVE REGULATION OF TUMOR NECROSIS FACTOR PRODUCTION%GOBP%GO:0032720	NEGATIVE REGULATION OF TUMOR NECROSIS FACTOR PRODUCTION%GOBP%GO:0032720		27	0.39845726	1.1033031	0.33506045	0.66851664	1.0	2216	tags=37%, list=20%, signal=46%	
CELL-CELL SIGNALING%GOBP%GO:0007267	CELL-CELL SIGNALING%GOBP%GO:0007267		200	0.2869593	1.102754	0.21994135	0.6696311	1.0	2012	tags=29%, list=18%, signal=35%	
ESTABLISHMENT OF PROTEIN LOCALIZATION TO VACUOLE%GOBP%GO:0072666	ESTABLISHMENT OF PROTEIN LOCALIZATION TO VACUOLE%GOBP%GO:0072666		45	0.3533052	1.1022979	0.29983792	0.6705199	1.0	590	tags=13%, list=5%, signal=14%	
REGULATION OF HSF1-MEDIATED HEAT SHOCK RESPONSE%REACTOME DATABASE ID RELEASE 93%3371453	REGULATION OF HSF1-MEDIATED HEAT SHOCK RESPONSE%REACTOME DATABASE ID RELEASE 93%3371453		59	0.3416902	1.1021341	0.29264477	0.67053145	1.0	3628	tags=41%, list=33%, signal=60%	
NEGATIVE REGULATION OF TYPE II INTERFERON PRODUCTION%GOBP%GO:0032689	NEGATIVE REGULATION OF TYPE II INTERFERON PRODUCTION%GOBP%GO:0032689		17	0.437312	1.1020193	0.33333334	0.6704119	1.0	3363	tags=53%, list=31%, signal=76%	
REGULATION OF REPRODUCTIVE PROCESS%GOBP%GO:2000241	REGULATION OF REPRODUCTIVE PROCESS%GOBP%GO:2000241		57	0.34578073	1.1019444	0.27722773	0.67019147	1.0	2285	tags=33%, list=21%, signal=42%	
MONOATOMIC CATION TRANSMEMBRANE TRANSPORT%GOBP%GO:0098655	MONOATOMIC CATION TRANSMEMBRANE TRANSPORT%GOBP%GO:0098655		186	0.29057288	1.1018555	0.24122807	0.6699907	1.0	2012	tags=27%, list=18%, signal=32%	
REGULATION OF IMMUNOGLOBULIN MEDIATED IMMUNE RESPONSE%GOBP%GO:0002889	REGULATION OF IMMUNOGLOBULIN MEDIATED IMMUNE RESPONSE%GOBP%GO:0002889		22	0.41639796	1.1017967	0.31606218	0.66969913	1.0	981	tags=18%, list=9%, signal=20%	
RNA EXPORT FROM NUCLEUS%GOBP%GO:0006405	RNA EXPORT FROM NUCLEUS%GOBP%GO:0006405		68	0.3342085	1.1014484	0.28663447	0.6702619	1.0	2260	tags=21%, list=21%, signal=26%	
PROTEIN TARGETING TO LYSOSOME%GOBP%GO:0006622	PROTEIN TARGETING TO LYSOSOME%GOBP%GO:0006622		24	0.40692928	1.1013408	0.34745762	0.67011267	1.0	590	tags=17%, list=5%, signal=18%	
THE ONCOGENIC ACTION OF FUMARATE%PATHWHIZ%PW002363	THE ONCOGENIC ACTION OF FUMARATE%PATHWHIZ%PW002363		26	0.3965866	1.1012923	0.3090586	0.66981906	1.0	3452	tags=42%, list=31%, signal=62%	
LIPOSACCHARIDE METABOLIC PROCESS%GOBP%GO:1903509	LIPOSACCHARIDE METABOLIC PROCESS%GOBP%GO:1903509		68	0.33149293	1.10106	0.26634768	0.6700106	1.0	1819	tags=21%, list=17%, signal=25%	
INITIATION OF NUCLEAR ENVELOPE (NE) REFORMATION%REACTOME DATABASE ID RELEASE 93%2995383	INITIATION OF NUCLEAR ENVELOPE (NE) REFORMATION%REACTOME DATABASE ID RELEASE 93%2995383		16	0.450417	1.1009239	0.3394958	0.66994464	1.0	4273	tags=50%, list=39%, signal=82%	
POSITIVE REGULATION OF PROTEIN POLYMERIZATION%GOBP%GO:0032273	POSITIVE REGULATION OF PROTEIN POLYMERIZATION%GOBP%GO:0032273		50	0.3448555	1.1008793	0.2990196	0.66963875	1.0	1200	tags=16%, list=11%, signal=18%	
REGULATION OF INTERLEUKIN-8 PRODUCTION%GOBP%GO:0032677	REGULATION OF INTERLEUKIN-8 PRODUCTION%GOBP%GO:0032677		48	0.35106012	1.1004957	0.2974359	0.67028403	1.0	1519	tags=23%, list=14%, signal=26%	
SIGNALING BY CSF1 (M-CSF) IN MYELOID CELLS%REACTOME%R-HSA-9680350.3	SIGNALING BY CSF1 (M-CSF) IN MYELOID CELLS%REACTOME%R-HSA-9680350.3		29	0.3848831	1.1002285	0.345	0.6706069	1.0	1752	tags=41%, list=16%, signal=49%	
PROTEIN N-LINKED GLYCOSYLATION%GOBP%GO:0006487	PROTEIN N-LINKED GLYCOSYLATION%GOBP%GO:0006487		68	0.33182994	1.1001389	0.26107594	0.6704025	1.0	2589	tags=34%, list=24%, signal=44%	
16P11 2 PROXIMAL DELETION SYNDROME%WIKIPATHWAYS_20250810%WP4949%HOMO SAPIENS	16P11 2 PROXIMAL DELETION SYNDROME%WIKIPATHWAYS_20250810%WP4949%HOMO SAPIENS		45	0.3567209	1.099271	0.28745645	0.67241544	1.0	1600	tags=16%, list=15%, signal=18%	
RESPONSE TO OXYGEN LEVELS%GOBP%GO:0070482	RESPONSE TO OXYGEN LEVELS%GOBP%GO:0070482		111	0.3133064	1.0990881	0.271875	0.6725058	1.0	1842	tags=29%, list=17%, signal=34%	
NEGATIVE REGULATION OF CELL-MATRIX ADHESION%GOBP%GO:0001953	NEGATIVE REGULATION OF CELL-MATRIX ADHESION%GOBP%GO:0001953		21	0.4181832	1.0988009	0.33099824	0.67287374	1.0	2200	tags=33%, list=20%, signal=42%	
CELL-SUBSTRATE ADHESION%GOBP%GO:0031589	CELL-SUBSTRATE ADHESION%GOBP%GO:0031589		76	0.32327935	1.0985096	0.28638497	0.6732428	1.0	1489	tags=25%, list=14%, signal=29%	
EXTRACELLULAR VESICLE MEDIATED SIGNALING IN RECIPIENT CELLS%WIKIPATHWAYS_20250810%WP2870%HOMO SAPIENS	EXTRACELLULAR VESICLE MEDIATED SIGNALING IN RECIPIENT CELLS%WIKIPATHWAYS_20250810%WP2870%HOMO SAPIENS		16	0.43761042	1.09848	0.3428064	0.6728892	1.0	3891	tags=56%, list=35%, signal=87%	
NUCLEAR DIVISION%GOBP%GO:0000280	NUCLEAR DIVISION%GOBP%GO:0000280		195	0.291217	1.0983591	0.24	0.6728034	1.0	2335	tags=27%, list=21%, signal=33%	
PID_ERBB1_RECEPTOR_PROXIMAL_PATHWAY%MSIGDB_C2%PID_ERBB1_RECEPTOR_PROXIMAL_PATHWAY	PID_ERBB1_RECEPTOR_PROXIMAL_PATHWAY%MSIGDB_C2%PID_ERBB1_RECEPTOR_PROXIMAL_PATHWAY		26	0.39447123	1.0983517	0.3321918	0.6723915	1.0	3731	tags=50%, list=34%, signal=76%	
REGULATION OF CELL CYCLE CHECKPOINT%GOBP%GO:1901976	REGULATION OF CELL CYCLE CHECKPOINT%GOBP%GO:1901976		38	0.3645489	1.0983224	0.30756843	0.67202544	1.0	2358	tags=32%, list=21%, signal=40%	
DEACTIVATION OF THE BETA-CATENIN TRANSACTIVATING COMPLEX%REACTOME%R-HSA-3769402.5	DEACTIVATION OF THE BETA-CATENIN TRANSACTIVATING COMPLEX%REACTOME%R-HSA-3769402.5		31	0.38680425	1.0980523	0.31678084	0.6723745	1.0	2249	tags=29%, list=20%, signal=36%	
REGULATION OF AMINE TRANSPORT%GOBP%GO:0051952	REGULATION OF AMINE TRANSPORT%GOBP%GO:0051952		17	0.44157317	1.0979619	0.323993	0.672204	1.0	1119	tags=24%, list=10%, signal=26%	
LEUKOCYTE INTRINSIC HIPPO PATHWAY FUNCTIONS%WIKIPATHWAYS_20250810%WP4542%HOMO SAPIENS	LEUKOCYTE INTRINSIC HIPPO PATHWAY FUNCTIONS%WIKIPATHWAYS_20250810%WP4542%HOMO SAPIENS		16	0.45095327	1.0978154	0.33445945	0.6721721	1.0	230	tags=13%, list=2%, signal=13%	
MAINTENANCE OF LOCATION%GOBP%GO:0051235	MAINTENANCE OF LOCATION%GOBP%GO:0051235		57	0.34597528	1.097802	0.3107438	0.67177063	1.0	1466	tags=32%, list=13%, signal=36%	
REGULATION OF MEMBRANE DEPOLARIZATION%GOBP%GO:0003254	REGULATION OF MEMBRANE DEPOLARIZATION%GOBP%GO:0003254		15	0.45210233	1.0976821	0.34083045	0.67164695	1.0	2339	tags=33%, list=21%, signal=42%	
THE ONCOGENIC ACTION OF SUCCINATE%PATHWHIZ%PW002360	THE ONCOGENIC ACTION OF SUCCINATE%PATHWHIZ%PW002360		26	0.3965866	1.0976388	0.354201	0.67132944	1.0	3452	tags=42%, list=31%, signal=62%	
TRANSCRIPTIONAL REGULATION OF BROWN AND BEIGE ADIPOCYTE DIFFERENTIATION BY EBF2%REACTOME%R-HSA-9844594.1	TRANSCRIPTIONAL REGULATION OF BROWN AND BEIGE ADIPOCYTE DIFFERENTIATION BY EBF2%REACTOME%R-HSA-9844594.1		19	0.42410526	1.0974638	0.34275618	0.6713944	1.0	507	tags=11%, list=5%, signal=11%	
REGULATION OF INTERLEUKIN-4 PRODUCTION%GOBP%GO:0032673	REGULATION OF INTERLEUKIN-4 PRODUCTION%GOBP%GO:0032673		21	0.41853306	1.0972527	0.3275862	0.6715605	1.0	1380	tags=38%, list=13%, signal=43%	
PHOSPHATIDYLINOSITOL BIOSYNTHETIC PROCESS%GOBP%GO:0006661	PHOSPHATIDYLINOSITOL BIOSYNTHETIC PROCESS%GOBP%GO:0006661		85	0.31920922	1.0967015	0.27099842	0.672684	1.0	1526	tags=21%, list=14%, signal=24%	
BIOCARTA_PYK2_PATHWAY%MSIGDB_C2%BIOCARTA_PYK2_PATHWAY	BIOCARTA_PYK2_PATHWAY%MSIGDB_C2%BIOCARTA_PYK2_PATHWAY		23	0.41171104	1.0966675	0.3505843	0.67234755	1.0	2756	tags=39%, list=25%, signal=52%	
REGULATION OF GLYCOGEN METABOLIC PROCESS%GOBP%GO:0070873	REGULATION OF GLYCOGEN METABOLIC PROCESS%GOBP%GO:0070873		19	0.43582147	1.0964209	0.35343385	0.6726177	1.0	585	tags=16%, list=5%, signal=17%	
SIGNAL TRANSDUCTION IN RESPONSE TO DNA DAMAGE%GOBP%GO:0042770	SIGNAL TRANSDUCTION IN RESPONSE TO DNA DAMAGE%GOBP%GO:0042770		115	0.30725178	1.0960604	0.2554859	0.6732406	1.0	2525	tags=23%, list=23%, signal=30%	
REGULATION OF EXTRACELLULAR MATRIX ORGANIZATION%GOBP%GO:1903053	REGULATION OF EXTRACELLULAR MATRIX ORGANIZATION%GOBP%GO:1903053		34	0.3746435	1.0960288	0.31987077	0.6728791	1.0	1724	tags=26%, list=16%, signal=31%	
REGULATION OF LAMELLIPODIUM ORGANIZATION%GOBP%GO:1902743	REGULATION OF LAMELLIPODIUM ORGANIZATION%GOBP%GO:1902743		37	0.3709236	1.095854	0.32072368	0.672963	1.0	2090	tags=35%, list=19%, signal=43%	
SIGNALING BY FGFR%REACTOME%R-HSA-190236.4	SIGNALING BY FGFR%REACTOME%R-HSA-190236.4		50	0.34616944	1.0954372	0.30781758	0.6737393	1.0	1807	tags=18%, list=16%, signal=21%	
POSITIVE REGULATION OF DEFENSE RESPONSE TO VIRUS BY HOST%GOBP%GO:0002230	POSITIVE REGULATION OF DEFENSE RESPONSE TO VIRUS BY HOST%GOBP%GO:0002230		20	0.42624256	1.0952798	0.33223686	0.6737561	1.0	1613	tags=30%, list=15%, signal=35%	
CORTICAL ACTIN CYTOSKELETON ORGANIZATION%GOBP%GO:0030866	CORTICAL ACTIN CYTOSKELETON ORGANIZATION%GOBP%GO:0030866		23	0.41054577	1.0951599	0.32456142	0.67368305	1.0	2028	tags=35%, list=18%, signal=43%	
REGULATION OF ALPHA-BETA T CELL PROLIFERATION%GOBP%GO:0046640	REGULATION OF ALPHA-BETA T CELL PROLIFERATION%GOBP%GO:0046640		18	0.43043774	1.0949992	0.3409894	0.6736883	1.0	2216	tags=28%, list=20%, signal=35%	
NEURAL CREST CELL MIGRATION IN CANCER%WIKIPATHWAYS_20250810%WP4565%HOMO SAPIENS	NEURAL CREST CELL MIGRATION IN CANCER%WIKIPATHWAYS_20250810%WP4565%HOMO SAPIENS		22	0.4184037	1.0949779	0.33161512	0.6733236	1.0	1526	tags=32%, list=14%, signal=37%	
IFN-GAMMA PATHWAY%PATHWAY INTERACTION DATABASE NCI-NATURE CURATED DATA%IFN-GAMMA PATHWAY	IFN-GAMMA PATHWAY%PATHWAY INTERACTION DATABASE NCI-NATURE CURATED DATA%IFN-GAMMA PATHWAY		38	0.36831775	1.0947366	0.30650684	0.67357796	1.0	2933	tags=47%, list=27%, signal=64%	
PINK1-PRKN MEDIATED MITOPHAGY%REACTOME%R-HSA-5205685.9	PINK1-PRKN MEDIATED MITOPHAGY%REACTOME%R-HSA-5205685.9		29	0.38865227	1.0943816	0.33162394	0.6741449	1.0	2269	tags=34%, list=21%, signal=43%	
FACTORS INVOLVED IN MEGAKARYOCYTE DEVELOPMENT AND PLATELET PRODUCTION%REACTOME DATABASE ID RELEASE 93%983231	FACTORS INVOLVED IN MEGAKARYOCYTE DEVELOPMENT AND PLATELET PRODUCTION%REACTOME DATABASE ID RELEASE 93%983231		100	0.31419098	1.0943692	0.28244275	0.67373896	1.0	1875	tags=23%, list=17%, signal=27%	
GLYCEROPHOSPHOLIPID METABOLIC PROCESS%GOBP%GO:0006650	GLYCEROPHOSPHOLIPID METABOLIC PROCESS%GOBP%GO:0006650		185	0.28763315	1.0939678	0.23858616	0.6745242	1.0	1575	tags=18%, list=14%, signal=21%	
ORGANELLE DISASSEMBLY%GOBP%GO:1903008	ORGANELLE DISASSEMBLY%GOBP%GO:1903008		64	0.33412334	1.0939646	0.31198686	0.6740918	1.0	2611	tags=30%, list=24%, signal=39%	
REGULATION OF PLK1 ACTIVITY AT G2 M TRANSITION%REACTOME%R-HSA-2565942.5	REGULATION OF PLK1 ACTIVITY AT G2 M TRANSITION%REACTOME%R-HSA-2565942.5		79	0.3241568	1.0939553	0.31089744	0.67367655	1.0	2609	tags=29%, list=24%, signal=38%	
SIGNALING EVENTS MEDIATED BY HDAC CLASS III%PATHWAY INTERACTION DATABASE NCI-NATURE CURATED DATA%SIGNALING EVENTS MEDIATED BY HDAC CLASS III	SIGNALING EVENTS MEDIATED BY HDAC CLASS III%PATHWAY INTERACTION DATABASE NCI-NATURE CURATED DATA%SIGNALING EVENTS MEDIATED BY HDAC CLASS III		24	0.40257928	1.0938398	0.33968803	0.673541	1.0	2912	tags=58%, list=27%, signal=79%	
RESPONSE TO RETINOIC ACID%GOBP%GO:0032526	RESPONSE TO RETINOIC ACID%GOBP%GO:0032526		20	0.42375666	1.0937734	0.33686066	0.6732737	1.0	1100	tags=20%, list=10%, signal=22%	
RANKL%NETPATH%RANKL	RANKL%NETPATH%RANKL		15	0.4516427	1.0926523	0.3428064	0.67599845	1.0	2649	tags=40%, list=24%, signal=53%	
NEGATIVE REGULATION OF LEUKOCYTE PROLIFERATION%GOBP%GO:0070664	NEGATIVE REGULATION OF LEUKOCYTE PROLIFERATION%GOBP%GO:0070664		35	0.37474877	1.0924196	0.31727573	0.6762031	1.0	2279	tags=34%, list=21%, signal=43%	
IL23-MEDIATED SIGNALING EVENTS%PATHWAY INTERACTION DATABASE NCI-NATURE CURATED DATA%IL23-MEDIATED SIGNALING EVENTS	IL23-MEDIATED SIGNALING EVENTS%PATHWAY INTERACTION DATABASE NCI-NATURE CURATED DATA%IL23-MEDIATED SIGNALING EVENTS		22	0.41495237	1.09232	0.37030718	0.6760608	1.0	2174	tags=36%, list=20%, signal=45%	
CD4-POSITIVE, ALPHA-BETA T CELL DIFFERENTIATION%GOBP%GO:0043367	CD4-POSITIVE, ALPHA-BETA T CELL DIFFERENTIATION%GOBP%GO:0043367		29	0.3905812	1.0922568	0.33223686	0.6757891	1.0	2712	tags=41%, list=25%, signal=55%	
REGULATION OF NUCLEAR BETA CATENIN SIGNALING AND TARGET GENE TRANSCRIPTION%PATHWAY INTERACTION DATABASE NCI-NATURE CURATED DATA%REGULATION OF NUCLEAR BETA CATENIN SIGNALING AND TARGET GENE TRANSCRIPTION	REGULATION OF NUCLEAR BETA CATENIN SIGNALING AND TARGET GENE TRANSCRIPTION%PATHWAY INTERACTION DATABASE NCI-NATURE CURATED DATA%REGULATION OF NUCLEAR BETA CATENIN SIGNALING AND TARGET GENE TRANSCRIPTION		51	0.3472271	1.0922067	0.305	0.675508	1.0	1389	tags=24%, list=13%, signal=27%	
CELLULAR COMPONENT ASSEMBLY INVOLVED IN MORPHOGENESIS%GOBP%GO:0010927	CELLULAR COMPONENT ASSEMBLY INVOLVED IN MORPHOGENESIS%GOBP%GO:0010927		36	0.36701584	1.0917559	0.31153184	0.6763514	1.0	878	tags=14%, list=8%, signal=15%	
GLYCOPROTEIN CATABOLIC PROCESS%GOBP%GO:0006516	GLYCOPROTEIN CATABOLIC PROCESS%GOBP%GO:0006516		20	0.42059597	1.0911094	0.3270142	0.6777925	1.0	2712	tags=35%, list=25%, signal=46%	
NEURONAL SYSTEM%REACTOME%R-HSA-112316.9	NEURONAL SYSTEM%REACTOME%R-HSA-112316.9		145	0.2963853	1.0910676	0.25830814	0.6774743	1.0	1894	tags=23%, list=17%, signal=28%	
PEPTIDE HORMONE METABOLISM%REACTOME%R-HSA-2980736.5	PEPTIDE HORMONE METABOLISM%REACTOME%R-HSA-2980736.5		39	0.36220053	1.0909809	0.31795716	0.6772801	1.0	1989	tags=23%, list=18%, signal=28%	
PYROPTOSIS%REACTOME%R-HSA-5620971.5	PYROPTOSIS%REACTOME%R-HSA-5620971.5		22	0.4141051	1.0907434	0.328125	0.67749506	1.0	2226	tags=45%, list=20%, signal=57%	
CARDIAC MUSCLE CONTRACTION%GOBP%GO:0060048	CARDIAC MUSCLE CONTRACTION%GOBP%GO:0060048		25	0.3937924	1.0907178	0.35752213	0.6771272	1.0	1539	tags=32%, list=14%, signal=37%	
AMYOTROPHIC LATERAL SCLEROSIS ALS %WIKIPATHWAYS_20250810%WP2447%HOMO SAPIENS	AMYOTROPHIC LATERAL SCLEROSIS ALS %WIKIPATHWAYS_20250810%WP2447%HOMO SAPIENS		22	0.40668407	1.090642	0.32646048	0.67691565	1.0	1578	tags=23%, list=14%, signal=26%	
SYNAPTIC VESICLE RECYCLING%GOBP%GO:0036465	SYNAPTIC VESICLE RECYCLING%GOBP%GO:0036465		35	0.37126935	1.0899625	0.31946754	0.6784264	1.0	2316	tags=46%, list=21%, signal=58%	
FORMATION OF SENESCENCE-ASSOCIATED HETEROCHROMATIN FOCI (SAHF)%REACTOME%R-HSA-2559584.3	FORMATION OF SENESCENCE-ASSOCIATED HETEROCHROMATIN FOCI (SAHF)%REACTOME%R-HSA-2559584.3		15	0.44951954	1.0899082	0.3513986	0.67812425	1.0	1371	tags=33%, list=12%, signal=38%	
SYNTHESIS OF PIPS AT THE PLASMA MEMBRANE%REACTOME DATABASE ID RELEASE 93%1660499	SYNTHESIS OF PIPS AT THE PLASMA MEMBRANE%REACTOME DATABASE ID RELEASE 93%1660499		45	0.35269204	1.0896275	0.32090762	0.67852396	1.0	2248	tags=33%, list=20%, signal=42%	
ALZHEIMER 39 S DISEASE AND MIRNA EFFECTS%WIKIPATHWAYS_20250810%WP2059%HOMO SAPIENS	ALZHEIMER 39 S DISEASE AND MIRNA EFFECTS%WIKIPATHWAYS_20250810%WP2059%HOMO SAPIENS		135	0.29624873	1.0890527	0.25151515	0.67976147	1.0	1526	tags=18%, list=14%, signal=20%	
REGULATION OF B CELL MEDIATED IMMUNITY%GOBP%GO:0002712	REGULATION OF B CELL MEDIATED IMMUNITY%GOBP%GO:0002712		23	0.40870148	1.0889539	0.3197279	0.67961794	1.0	981	tags=17%, list=9%, signal=19%	
REGULATION OF PROTEASOMAL UBIQUITIN-DEPENDENT PROTEIN CATABOLIC PROCESS%GOBP%GO:0032434	REGULATION OF PROTEASOMAL UBIQUITIN-DEPENDENT PROTEIN CATABOLIC PROCESS%GOBP%GO:0032434		96	0.31310162	1.0888051	0.30340558	0.67962325	1.0	1633	tags=18%, list=15%, signal=21%	
REGULATION OF TRANSMEMBRANE TRANSPORT%GOBP%GO:0034762	REGULATION OF TRANSMEMBRANE TRANSPORT%GOBP%GO:0034762		152	0.29292148	1.0887085	0.25739646	0.6794804	1.0	1615	tags=20%, list=15%, signal=23%	
SYNTHESIS OF ACTIVE UBIQUITIN: ROLES OF E1 AND E2 ENZYMES%REACTOME DATABASE ID RELEASE 93%8866652	SYNTHESIS OF ACTIVE UBIQUITIN: ROLES OF E1 AND E2 ENZYMES%REACTOME DATABASE ID RELEASE 93%8866652		30	0.38483837	1.0882686	0.33854166	0.6803208	1.0	2232	tags=33%, list=20%, signal=42%	
AXON EXTENSION%GOBP%GO:0048675	AXON EXTENSION%GOBP%GO:0048675		15	0.44673267	1.0882219	0.3508772	0.68000966	1.0	2037	tags=27%, list=19%, signal=33%	
BIOCARTA_TOLL_PATHWAY%MSIGDB_C2%BIOCARTA_TOLL_PATHWAY	BIOCARTA_TOLL_PATHWAY%MSIGDB_C2%BIOCARTA_TOLL_PATHWAY		19	0.42287588	1.0882196	0.33442622	0.67957777	1.0	974	tags=21%, list=9%, signal=23%	
ALZHEIMER DISEASE-AMYLOID SECRETASE PATHWAY%PANTHER PATHWAY%P00003	ALZHEIMER DISEASE-AMYLOID SECRETASE PATHWAY%PANTHER PATHWAY%P00003		35	0.371569	1.0881811	0.32656515	0.67924887	1.0	1650	tags=23%, list=15%, signal=27%	
POSITIVE REGULATION OF LEUKOCYTE CHEMOTAXIS%GOBP%GO:0002690	POSITIVE REGULATION OF LEUKOCYTE CHEMOTAXIS%GOBP%GO:0002690		45	0.35307068	1.0876018	0.3305509	0.68049407	1.0	1450	tags=27%, list=13%, signal=31%	
HDR THROUGH SINGLE STRAND ANNEALING (SSA)%REACTOME DATABASE ID RELEASE 93%5685938	HDR THROUGH SINGLE STRAND ANNEALING (SSA)%REACTOME DATABASE ID RELEASE 93%5685938		34	0.3715701	1.0872658	0.33333334	0.6810037	1.0	2897	tags=29%, list=26%, signal=40%	
REGULATION OF CELL FATE COMMITMENT%GOBP%GO:0010453	REGULATION OF CELL FATE COMMITMENT%GOBP%GO:0010453		22	0.41924945	1.0870562	0.3322034	0.6811719	1.0	1613	tags=23%, list=15%, signal=27%	
E2F TRANSCRIPTION FACTOR NETWORK%PATHWAY INTERACTION DATABASE NCI-NATURE CURATED DATA%E2F TRANSCRIPTION FACTOR NETWORK	E2F TRANSCRIPTION FACTOR NETWORK%PATHWAY INTERACTION DATABASE NCI-NATURE CURATED DATA%E2F TRANSCRIPTION FACTOR NETWORK		62	0.33252832	1.0867752	0.30781758	0.6815142	1.0	3453	tags=55%, list=31%, signal=80%	
REGULATION OF LIPID LOCALIZATION%GOBP%GO:1905952	REGULATION OF LIPID LOCALIZATION%GOBP%GO:1905952		65	0.3303441	1.0865133	0.31672025	0.6818533	1.0	1909	tags=31%, list=17%, signal=37%	
REGULATION OF ACTIN FILAMENT BUNDLE ASSEMBLY%GOBP%GO:0032231	REGULATION OF ACTIN FILAMENT BUNDLE ASSEMBLY%GOBP%GO:0032231		57	0.33852917	1.0859376	0.317817	0.68305916	1.0	1356	tags=21%, list=12%, signal=24%	
NICOTINAMIDE NUCLEOTIDE METABOLIC PROCESS%GOBP%GO:0046496	NICOTINAMIDE NUCLEOTIDE METABOLIC PROCESS%GOBP%GO:0046496		65	0.32311553	1.08564	0.32263243	0.68345237	1.0	1088	tags=17%, list=10%, signal=19%	
CELLULAR RESPONSE TO CARBOHYDRATE STIMULUS%GOBP%GO:0071322	CELLULAR RESPONSE TO CARBOHYDRATE STIMULUS%GOBP%GO:0071322		30	0.3840421	1.0856285	0.3316583	0.6830483	1.0	1922	tags=40%, list=17%, signal=48%	
PROTEIN TARGETING TO VACUOLE%GOBP%GO:0006623	PROTEIN TARGETING TO VACUOLE%GOBP%GO:0006623		35	0.37654358	1.0854734	0.3413793	0.6830523	1.0	590	tags=14%, list=5%, signal=15%	
GLYCOSAMINOGLYCAN METABOLISM%REACTOME DATABASE ID RELEASE 93%1630316	GLYCOSAMINOGLYCAN METABOLISM%REACTOME DATABASE ID RELEASE 93%1630316		80	0.32037157	1.0853156	0.31478536	0.6830835	1.0	2771	tags=34%, list=25%, signal=45%	
ORGANELLE MEMBRANE FUSION%GOBP%GO:0090174	ORGANELLE MEMBRANE FUSION%GOBP%GO:0090174		77	0.32044214	1.085285	0.3004695	0.68274295	1.0	2265	tags=23%, list=21%, signal=29%	
TUMOR SUPPRESSOR ACTIVITY OF SMARCB1%WIKIPATHWAYS_20250810%WP4204%HOMO SAPIENS	TUMOR SUPPRESSOR ACTIVITY OF SMARCB1%WIKIPATHWAYS_20250810%WP4204%HOMO SAPIENS		19	0.43207222	1.085189	0.35194585	0.6825966	1.0	1691	tags=21%, list=15%, signal=25%	
PHOSPHATIDYLINOSITOL METABOLIC PROCESS%GOBP%GO:0046488	PHOSPHATIDYLINOSITOL METABOLIC PROCESS%GOBP%GO:0046488		100	0.3065916	1.0851684	0.30120483	0.6822196	1.0	1526	tags=20%, list=14%, signal=23%	
REGULATION OF TP53 ACTIVITY THROUGH PHOSPHORYLATION%REACTOME%R-HSA-6804756.4	REGULATION OF TP53 ACTIVITY THROUGH PHOSPHORYLATION%REACTOME%R-HSA-6804756.4		79	0.32372406	1.084904	0.30393702	0.6825345	1.0	2736	tags=28%, list=25%, signal=37%	
ALZHEIMER 39 S DISEASE%WIKIPATHWAYS_20250810%WP5124%HOMO SAPIENS	ALZHEIMER 39 S DISEASE%WIKIPATHWAYS_20250810%WP5124%HOMO SAPIENS		135	0.29624873	1.0847495	0.2808642	0.6825335	1.0	1526	tags=18%, list=14%, signal=20%	
ATM PATHWAY%PATHWAY INTERACTION DATABASE NCI-NATURE CURATED DATA%ATM PATHWAY	ATM PATHWAY%PATHWAY INTERACTION DATABASE NCI-NATURE CURATED DATA%ATM PATHWAY		33	0.37568516	1.084375	0.3429054	0.6832371	1.0	3278	tags=42%, list=30%, signal=60%	
CERAMIDE SIGNALING PATHWAY%PATHWAY INTERACTION DATABASE NCI-NATURE CURATED DATA%CERAMIDE SIGNALING PATHWAY	CERAMIDE SIGNALING PATHWAY%PATHWAY INTERACTION DATABASE NCI-NATURE CURATED DATA%CERAMIDE SIGNALING PATHWAY		42	0.35395312	1.0839702	0.3216783	0.6839626	1.0	1578	tags=19%, list=14%, signal=22%	
POSTMITOTIC NUCLEAR PORE COMPLEX (NPC) REFORMATION%REACTOME DATABASE ID RELEASE 93%9615933	POSTMITOTIC NUCLEAR PORE COMPLEX (NPC) REFORMATION%REACTOME DATABASE ID RELEASE 93%9615933		24	0.4061182	1.0836241	0.36777583	0.68457454	1.0	3802	tags=54%, list=35%, signal=83%	
REGULATION OF GTPASE ACTIVITY%GOBP%GO:0043087	REGULATION OF GTPASE ACTIVITY%GOBP%GO:0043087		96	0.3100916	1.0832019	0.28456593	0.6853311	1.0	3095	tags=42%, list=28%, signal=58%	
REGULATION OF MRNA STABILITY BY PROTEINS THAT BIND AU-RICH ELEMENTS%REACTOME%R-HSA-450531.6	REGULATION OF MRNA STABILITY BY PROTEINS THAT BIND AU-RICH ELEMENTS%REACTOME%R-HSA-450531.6		71	0.32457468	1.0831953	0.3233909	0.68491715	1.0	2787	tags=28%, list=25%, signal=38%	
PHOSPHATIDYLINOSITOL-MEDIATED SIGNALING%GOBP%GO:0048015	PHOSPHATIDYLINOSITOL-MEDIATED SIGNALING%GOBP%GO:0048015		20	0.4181446	1.0831532	0.3604061	0.68460596	1.0	3042	tags=55%, list=28%, signal=76%	
VITAMIN B5 (PANTOTHENATE) METABOLISM%REACTOME%R-HSA-199220.5	VITAMIN B5 (PANTOTHENATE) METABOLISM%REACTOME%R-HSA-199220.5		19	0.42183518	1.0831026	0.36787564	0.6843197	1.0	1856	tags=21%, list=17%, signal=25%	
G1 S TRANSITION%REACTOME DATABASE ID RELEASE 93%69206	G1 S TRANSITION%REACTOME DATABASE ID RELEASE 93%69206		116	0.30048305	1.0830624	0.2948718	0.683996	1.0	2600	tags=30%, list=24%, signal=39%	
CENTROMERE COMPLEX ASSEMBLY%GOBP%GO:0034508	CENTROMERE COMPLEX ASSEMBLY%GOBP%GO:0034508		17	0.43581665	1.0825212	0.36301368	0.68509823	1.0	2541	tags=41%, list=23%, signal=53%	
NEGATIVE REGULATION OF G1/S TRANSITION OF MITOTIC CELL CYCLE%GOBP%GO:2000134	NEGATIVE REGULATION OF G1/S TRANSITION OF MITOTIC CELL CYCLE%GOBP%GO:2000134		38	0.37315947	1.0823942	0.3338558	0.68505114	1.0	1797	tags=21%, list=16%, signal=25%	
REGULATION OF VASCULATURE DEVELOPMENT%GOBP%GO:1901342	REGULATION OF VASCULATURE DEVELOPMENT%GOBP%GO:1901342		130	0.29741776	1.082337	0.2835821	0.6848017	1.0	1689	tags=25%, list=15%, signal=29%	
PROTEIN SUMOYLATION%GOBP%GO:0016925	PROTEIN SUMOYLATION%GOBP%GO:0016925		38	0.3587104	1.0819899	0.32446808	0.6853881	1.0	3447	tags=39%, list=31%, signal=57%	
REGULATION OF PROTEIN TARGETING%GOBP%GO:1903533	REGULATION OF PROTEIN TARGETING%GOBP%GO:1903533		50	0.34391478	1.0817657	0.32025117	0.6855431	1.0	585	tags=12%, list=5%, signal=13%	
HALLMARK_APICAL_JUNCTION%MSIGDBHALLMARK%HALLMARK_APICAL_JUNCTION	HALLMARK_APICAL_JUNCTION%MSIGDBHALLMARK%HALLMARK_APICAL_JUNCTION		86	0.3187303	1.0816265	0.31378764	0.6855187	1.0	2244	tags=30%, list=20%, signal=38%	
MITOPHAGY%REACTOME%R-HSA-5205647.6	MITOPHAGY%REACTOME%R-HSA-5205647.6		33	0.36949322	1.0813508	0.33565217	0.6858978	1.0	2269	tags=30%, list=21%, signal=38%	
NUCLEAR-TRANSCRIBED MRNA CATABOLIC PROCESS, DEADENYLATION-DEPENDENT DECAY%GOBP%GO:0000288	NUCLEAR-TRANSCRIBED MRNA CATABOLIC PROCESS, DEADENYLATION-DEPENDENT DECAY%GOBP%GO:0000288		30	0.37907916	1.0813054	0.3409091	0.6855881	1.0	2465	tags=20%, list=22%, signal=26%	
POSITIVE REGULATION OF EPITHELIAL CELL DIFFERENTIATION%GOBP%GO:0030858	POSITIVE REGULATION OF EPITHELIAL CELL DIFFERENTIATION%GOBP%GO:0030858		20	0.41614962	1.0812517	0.34690267	0.6853033	1.0	1827	tags=40%, list=17%, signal=48%	
HOST PATHOGEN INTERACTION OF HUMAN CORONAVIRUSES APOPTOSIS%WIKIPATHWAYS_20250810%WP4864%HOMO SAPIENS	HOST PATHOGEN INTERACTION OF HUMAN CORONAVIRUSES APOPTOSIS%WIKIPATHWAYS_20250810%WP4864%HOMO SAPIENS		15	0.4566506	1.0806199	0.36396396	0.6866615	1.0	1650	tags=33%, list=15%, signal=39%	
RAC3 GTPASE CYCLE%REACTOME DATABASE ID RELEASE 93%9013423	RAC3 GTPASE CYCLE%REACTOME DATABASE ID RELEASE 93%9013423		73	0.32047337	1.0802138	0.31699848	0.6873852	1.0	1534	tags=23%, list=14%, signal=27%	
MAP3K8 (TPL2)-DEPENDENT MAPK1 3 ACTIVATION%REACTOME DATABASE ID RELEASE 93%5684264	MAP3K8 (TPL2)-DEPENDENT MAPK1 3 ACTIVATION%REACTOME DATABASE ID RELEASE 93%5684264		15	0.45284665	1.0801649	0.3844732	0.6870959	1.0	1921	tags=27%, list=17%, signal=32%	
BCR SIGNALING PATHWAY%PATHWHIZ%PW070885	BCR SIGNALING PATHWAY%PATHWHIZ%PW070885		33	0.36974248	1.0800225	0.33965516	0.6870877	1.0	1752	tags=24%, list=16%, signal=29%	
NETRIN UNC5B SIGNALING%WIKIPATHWAYS_20250810%WP4747%HOMO SAPIENS	NETRIN UNC5B SIGNALING%WIKIPATHWAYS_20250810%WP4747%HOMO SAPIENS		24	0.39552277	1.0798122	0.3263158	0.68725497	1.0	1100	tags=17%, list=10%, signal=18%	
REGULATION OF RAS PROTEIN SIGNAL TRANSDUCTION%GOBP%GO:0046578	REGULATION OF RAS PROTEIN SIGNAL TRANSDUCTION%GOBP%GO:0046578		22	0.40919566	1.0794843	0.36301368	0.6877568	1.0	2209	tags=41%, list=20%, signal=51%	
SEALING OF THE NUCLEAR ENVELOPE (NE) BY ESCRT-III%REACTOME DATABASE ID RELEASE 93%9668328	SEALING OF THE NUCLEAR ENVELOPE (NE) BY ESCRT-III%REACTOME DATABASE ID RELEASE 93%9668328		18	0.42857316	1.0794734	0.38255033	0.68735945	1.0	2937	tags=44%, list=27%, signal=61%	
RESPONSE TO PURINE-CONTAINING COMPOUND%GOBP%GO:0014074	RESPONSE TO PURINE-CONTAINING COMPOUND%GOBP%GO:0014074		39	0.35814133	1.0789574	0.36256325	0.68834823	1.0	1583	tags=38%, list=14%, signal=45%	
IL2%NETPATH%IL2	IL2%NETPATH%IL2		51	0.3443815	1.0787086	0.3272727	0.68864846	1.0	2645	tags=29%, list=24%, signal=39%	
PROTEIN TARGETING%GOBP%GO:0006605	PROTEIN TARGETING%GOBP%GO:0006605		154	0.28718644	1.0773028	0.30235988	0.69221693	1.0	2265	tags=25%, list=21%, signal=31%	
PROTEIN HOMOOLIGOMERIZATION%GOBP%GO:0051260	PROTEIN HOMOOLIGOMERIZATION%GOBP%GO:0051260		93	0.31296927	1.0771625	0.30317461	0.69218373	1.0	2801	tags=32%, list=26%, signal=43%	
CELLULAR RESPONSE TO CHEMICAL STRESS%GOBP%GO:0062197	CELLULAR RESPONSE TO CHEMICAL STRESS%GOBP%GO:0062197		151	0.291868	1.0766561	0.2777778	0.6932412	1.0	2628	tags=31%, list=24%, signal=40%	
REGULATION OF ACUTE INFLAMMATORY RESPONSE%GOBP%GO:0002673	REGULATION OF ACUTE INFLAMMATORY RESPONSE%GOBP%GO:0002673		17	0.4403312	1.0765967	0.38961038	0.69298387	1.0	981	tags=35%, list=9%, signal=39%	
PROTEIN STABILIZATION%GOBP%GO:0050821	PROTEIN STABILIZATION%GOBP%GO:0050821		167	0.28466663	1.0763625	0.28834355	0.6932093	1.0	1423	tags=17%, list=13%, signal=19%	
NOTCH SIGNALING%WIKIPATHWAYS_20250810%WP61%HOMO SAPIENS	NOTCH SIGNALING%WIKIPATHWAYS_20250810%WP61%HOMO SAPIENS		34	0.37126496	1.0762902	0.33064517	0.6929666	1.0	1724	tags=21%, list=16%, signal=24%	
NUCLEAR-TRANSCRIBED MRNA POLY(A) TAIL SHORTENING%GOBP%GO:0000289	NUCLEAR-TRANSCRIBED MRNA POLY(A) TAIL SHORTENING%GOBP%GO:0000289		18	0.42843047	1.0760878	0.38602328	0.6931178	1.0	1969	tags=22%, list=18%, signal=27%	
REGULATION OF CYTOKINE PRODUCTION INVOLVED IN INFLAMMATORY RESPONSE%GOBP%GO:1900015	REGULATION OF CYTOKINE PRODUCTION INVOLVED IN INFLAMMATORY RESPONSE%GOBP%GO:1900015		37	0.36497626	1.0760876	0.34957984	0.6926879	1.0	974	tags=16%, list=9%, signal=18%	
RESPONSE TO METAL ION%GOBP%GO:0010038	RESPONSE TO METAL ION%GOBP%GO:0010038		108	0.3050727	1.0760033	0.3246951	0.6925009	1.0	1995	tags=31%, list=18%, signal=37%	
CYCLIN E ASSOCIATED EVENTS DURING G1 S TRANSITION%REACTOME%R-HSA-69202.5	CYCLIN E ASSOCIATED EVENTS DURING G1 S TRANSITION%REACTOME%R-HSA-69202.5		69	0.3229881	1.0759801	0.3159609	0.6921425	1.0	2956	tags=36%, list=27%, signal=49%	
BIOCARTA_CERAMIDE_PATHWAY%MSIGDB_C2%BIOCARTA_CERAMIDE_PATHWAY	BIOCARTA_CERAMIDE_PATHWAY%MSIGDB_C2%BIOCARTA_CERAMIDE_PATHWAY		20	0.4207561	1.0758862	0.35130435	0.69197863	1.0	3486	tags=45%, list=32%, signal=66%	
LXRS REGULATE GENE EXPRESSION LINKED TO CHOLESTEROL TRANSPORT AND EFFLUX%REACTOME DATABASE ID RELEASE 93%9029569	LXRS REGULATE GENE EXPRESSION LINKED TO CHOLESTEROL TRANSPORT AND EFFLUX%REACTOME DATABASE ID RELEASE 93%9029569		28	0.38875827	1.0754759	0.335034	0.69270504	1.0	1723	tags=32%, list=16%, signal=38%	
CHONDROITIN SULFATE DERMATAN SULFATE METABOLISM%REACTOME DATABASE ID RELEASE 93%1793185	CHONDROITIN SULFATE DERMATAN SULFATE METABOLISM%REACTOME DATABASE ID RELEASE 93%1793185		22	0.4051876	1.075331	0.36	0.6926846	1.0	2661	tags=36%, list=24%, signal=48%	
CELLULAR ANATOMICAL ENTITY MORPHOGENESIS%GOBP%GO:0032989	CELLULAR ANATOMICAL ENTITY MORPHOGENESIS%GOBP%GO:0032989		36	0.36701584	1.0749853	0.33783785	0.6932878	1.0	878	tags=14%, list=8%, signal=15%	
NADP+ METABOLIC PROCESS%GOBP%GO:0006739	NADP+ METABOLIC PROCESS%GOBP%GO:0006739		20	0.41441572	1.0747151	0.35752213	0.69362295	1.0	1087	tags=15%, list=10%, signal=17%	
SPHINGOLIPID CATABOLIC PROCESS%GOBP%GO:0030149	SPHINGOLIPID CATABOLIC PROCESS%GOBP%GO:0030149		23	0.4014446	1.0744144	0.36655405	0.69401586	1.0	590	tags=17%, list=5%, signal=18%	
PID_HDAC_CLASSII_PATHWAY%MSIGDB_C2%PID_HDAC_CLASSII_PATHWAY	PID_HDAC_CLASSII_PATHWAY%MSIGDB_C2%PID_HDAC_CLASSII_PATHWAY		22	0.4069426	1.0743293	0.36439267	0.69384325	1.0	3142	tags=50%, list=29%, signal=70%	
LONG-CHAIN FATTY ACID TRANSPORT%GOBP%GO:0015909	LONG-CHAIN FATTY ACID TRANSPORT%GOBP%GO:0015909		17	0.43594426	1.0739051	0.37142858	0.6946414	1.0	496	tags=18%, list=5%, signal=18%	
RESPONSE TO OSMOTIC STRESS%GOBP%GO:0006970	RESPONSE TO OSMOTIC STRESS%GOBP%GO:0006970		35	0.3649391	1.073873	0.34395972	0.6943123	1.0	2502	tags=31%, list=23%, signal=41%	
RESPONSE TO GROWTH FACTOR%GOBP%GO:0070848	RESPONSE TO GROWTH FACTOR%GOBP%GO:0070848		174	0.28528368	1.0735362	0.28315946	0.694868	1.0	2037	tags=25%, list=19%, signal=31%	
CELLULAR RESPONSE TO OXYGEN LEVELS%GOBP%GO:0071453	CELLULAR RESPONSE TO OXYGEN LEVELS%GOBP%GO:0071453		68	0.32979152	1.0733403	0.3419773	0.6949774	1.0	1842	tags=29%, list=17%, signal=35%	
CYTOSOLIC SENSORS OF PATHOGEN-ASSOCIATED DNA%REACTOME%R-HSA-1834949.6	CYTOSOLIC SENSORS OF PATHOGEN-ASSOCIATED DNA%REACTOME%R-HSA-1834949.6		56	0.33885738	1.0729079	0.35025382	0.69575167	1.0	2850	tags=36%, list=26%, signal=48%	
NUCLEOTIDE METABOLISM%REACTOME%R-HSA-15869.7	NUCLEOTIDE METABOLISM%REACTOME%R-HSA-15869.7		74	0.31835583	1.0727029	0.32911393	0.69591427	1.0	1941	tags=24%, list=18%, signal=29%	
POSITIVE REGULATION OF CATALYTIC ACTIVITY%GOBP%GO:0043085	POSITIVE REGULATION OF CATALYTIC ACTIVITY%GOBP%GO:0043085		198	0.27947277	1.0726421	0.28508124	0.6956716	1.0	2802	tags=34%, list=26%, signal=45%	
MRNA PROCESSING%WIKIPATHWAYS_20250810%WP411%HOMO SAPIENS	MRNA PROCESSING%WIKIPATHWAYS_20250810%WP411%HOMO SAPIENS		93	0.30877137	1.072251	0.33650795	0.69641995	1.0	4429	tags=44%, list=40%, signal=73%	
GABA RECEPTOR ACTIVATION%REACTOME DATABASE ID RELEASE 93%977443	GABA RECEPTOR ACTIVATION%REACTOME DATABASE ID RELEASE 93%977443		19	0.42201957	1.072114	0.38010657	0.6963783	1.0	1416	tags=21%, list=13%, signal=24%	
THYMIC STROMAL LYMPHOPOIETIN TSLP SIGNALING%WIKIPATHWAYS_20250810%WP2203%HOMO SAPIENS	THYMIC STROMAL LYMPHOPOIETIN TSLP SIGNALING%WIKIPATHWAYS_20250810%WP2203%HOMO SAPIENS		30	0.38006002	1.0718827	0.3564669	0.69661164	1.0	1453	tags=20%, list=13%, signal=23%	
DNA SYNTHESIS INVOLVED IN DNA REPAIR%GOBP%GO:0000731	DNA SYNTHESIS INVOLVED IN DNA REPAIR%GOBP%GO:0000731		35	0.36450168	1.0716528	0.3576052	0.6968363	1.0	3182	tags=37%, list=29%, signal=52%	
POSITIVE REGULATION OF PROTEIN CATABOLIC PROCESS%GOBP%GO:0045732	POSITIVE REGULATION OF PROTEIN CATABOLIC PROCESS%GOBP%GO:0045732		137	0.29243714	1.0716239	0.32078314	0.6964928	1.0	2329	tags=23%, list=21%, signal=28%	
CARBOHYDRATE METABOLIC PROCESS%GOBP%GO:0005975	CARBOHYDRATE METABOLIC PROCESS%GOBP%GO:0005975		164	0.287613	1.0715778	0.28380385	0.69619554	1.0	2105	tags=27%, list=19%, signal=33%	
UPTAKE AND ACTIONS OF BACTERIAL TOXINS%REACTOME DATABASE ID RELEASE 93%5339562	UPTAKE AND ACTIONS OF BACTERIAL TOXINS%REACTOME DATABASE ID RELEASE 93%5339562		18	0.42080313	1.0715096	0.370826	0.69595814	1.0	1627	tags=22%, list=15%, signal=26%	
REGULATION OF ANGIOGENESIS%GOBP%GO:0045765	REGULATION OF ANGIOGENESIS%GOBP%GO:0045765		127	0.2966304	1.0710844	0.31222385	0.69674385	1.0	1689	tags=24%, list=15%, signal=29%	
PROTEOGLYCAN METABOLIC PROCESS%GOBP%GO:0006029	PROTEOGLYCAN METABOLIC PROCESS%GOBP%GO:0006029		58	0.32887092	1.0706537	0.3364929	0.69754475	1.0	2771	tags=36%, list=25%, signal=48%	
POSITIVE REGULATION OF LIPID METABOLIC PROCESS%GOBP%GO:0045834	POSITIVE REGULATION OF LIPID METABOLIC PROCESS%GOBP%GO:0045834		60	0.32910016	1.0703944	0.32471728	0.6978308	1.0	1561	tags=22%, list=14%, signal=25%	
POSITIVE REGULATION OF FILOPODIUM ASSEMBLY%GOBP%GO:0051491	POSITIVE REGULATION OF FILOPODIUM ASSEMBLY%GOBP%GO:0051491		17	0.4264487	1.0692143	0.36363637	0.70079917	1.0	2131	tags=29%, list=19%, signal=36%	
RAC1 GTPASE CYCLE%REACTOME DATABASE ID RELEASE 93%9013149	RAC1 GTPASE CYCLE%REACTOME DATABASE ID RELEASE 93%9013149		143	0.2880993	1.0687604	0.305638	0.7016944	1.0	1579	tags=23%, list=14%, signal=27%	
REGULATION OF HEMOSTASIS%GOBP%GO:1900046	REGULATION OF HEMOSTASIS%GOBP%GO:1900046		24	0.39492145	1.068077	0.35541195	0.7032507	1.0	1774	tags=42%, list=16%, signal=50%	
DOUBLE-STRAND BREAK REPAIR VIA NONHOMOLOGOUS END JOINING%GOBP%GO:0006303	DOUBLE-STRAND BREAK REPAIR VIA NONHOMOLOGOUS END JOINING%GOBP%GO:0006303		46	0.34374487	1.0677581	0.3398693	0.7037283	1.0	3626	tags=43%, list=33%, signal=65%	
THE ONCOGENIC ACTION OF D-2-HYDROXYGLUTARATE IN HYDROXYGLUTARIC ACIDURIA%SMPDB%SMP0002359	THE ONCOGENIC ACTION OF D-2-HYDROXYGLUTARATE IN HYDROXYGLUTARIC ACIDURIA%SMPDB%SMP0002359		26	0.38825163	1.067654	0.38395905	0.7036159	1.0	3452	tags=42%, list=31%, signal=62%	
POSITIVE REGULATION OF REGULATED SECRETORY PATHWAY%GOBP%GO:1903307	POSITIVE REGULATION OF REGULATED SECRETORY PATHWAY%GOBP%GO:1903307		21	0.40737864	1.0674281	0.37751678	0.703824	1.0	1344	tags=24%, list=12%, signal=27%	
ARF1 PATHWAY%PATHWAY INTERACTION DATABASE NCI-NATURE CURATED DATA%ARF1 PATHWAY	ARF1 PATHWAY%PATHWAY INTERACTION DATABASE NCI-NATURE CURATED DATA%ARF1 PATHWAY		19	0.41850346	1.067193	0.37118644	0.7040529	1.0	986	tags=21%, list=9%, signal=23%	
REGULATION OF DNA-TEMPLATED DNA REPLICATION%GOBP%GO:0090329	REGULATION OF DNA-TEMPLATED DNA REPLICATION%GOBP%GO:0090329		30	0.37338382	1.0666904	0.35559267	0.70510626	1.0	3306	tags=47%, list=30%, signal=67%	
POSITIVE REGULATION OF ADAPTIVE IMMUNE RESPONSE BASED ON SOMATIC RECOMBINATION OF IMMUNE RECEPTORS BUILT FROM IMMUNOGLOBULIN SUPERFAMILY DOMAINS%GOBP%GO:0002824	POSITIVE REGULATION OF ADAPTIVE IMMUNE RESPONSE BASED ON SOMATIC RECOMBINATION OF IMMUNE RECEPTORS BUILT FROM IMMUNOGLOBULIN SUPERFAMILY DOMAINS%GOBP%GO:0002824		65	0.3267482	1.0665025	0.3678344	0.7052073	1.0	2421	tags=31%, list=22%, signal=39%	
KISSPEPTIN KISSPEPTIN RECEPTOR SYSTEM IN THE OVARY%WIKIPATHWAYS_20250810%WP4871%HOMO SAPIENS	KISSPEPTIN KISSPEPTIN RECEPTOR SYSTEM IN THE OVARY%WIKIPATHWAYS_20250810%WP4871%HOMO SAPIENS		22	0.40641487	1.0664989	0.35581788	0.7047908	1.0	3536	tags=45%, list=32%, signal=67%	
DNA METHYLATION-DEPENDENT CONSTITUTIVE HETEROCHROMATIN FORMATION%GOBP%GO:0006346	DNA METHYLATION-DEPENDENT CONSTITUTIVE HETEROCHROMATIN FORMATION%GOBP%GO:0006346		20	0.40564215	1.0663764	0.3734062	0.704716	1.0	3787	tags=40%, list=34%, signal=61%	
POSITIVE REGULATION OF T CELL PROLIFERATION%GOBP%GO:0042102	POSITIVE REGULATION OF T CELL PROLIFERATION%GOBP%GO:0042102		48	0.34225172	1.0663638	0.34359807	0.70432854	1.0	2692	tags=38%, list=25%, signal=49%	
CELLULAR RESPONSE TO IONIZING RADIATION%GOBP%GO:0071479	CELLULAR RESPONSE TO IONIZING RADIATION%GOBP%GO:0071479		49	0.33907765	1.0662831	0.34488449	0.70412165	1.0	2582	tags=33%, list=24%, signal=42%	
REGULATION OF ORGANIC ACID TRANSPORT%GOBP%GO:0032890	REGULATION OF ORGANIC ACID TRANSPORT%GOBP%GO:0032890		26	0.384655	1.0661944	0.36964285	0.70394343	1.0	1909	tags=27%, list=17%, signal=33%	
REGULATION OF PROTEIN KINASE ACTIVITY%GOBP%GO:0045859	REGULATION OF PROTEIN KINASE ACTIVITY%GOBP%GO:0045859		155	0.28733417	1.0661893	0.31976745	0.703527	1.0	2549	tags=28%, list=23%, signal=36%	
MITOTIC SPINDLE ASSEMBLY%GOBP%GO:0090307	MITOTIC SPINDLE ASSEMBLY%GOBP%GO:0090307		40	0.35459387	1.0661675	0.3497537	0.7031646	1.0	2709	tags=25%, list=25%, signal=33%	
PID_ERBB1_DOWNSTREAM_PATHWAY%MSIGDB_C2%PID_ERBB1_DOWNSTREAM_PATHWAY	PID_ERBB1_DOWNSTREAM_PATHWAY%MSIGDB_C2%PID_ERBB1_DOWNSTREAM_PATHWAY		77	0.31611076	1.0660987	0.3255086	0.70293	1.0	3619	tags=40%, list=33%, signal=60%	
POTASSIUM ION TRANSPORT%GOBP%GO:0006813	POTASSIUM ION TRANSPORT%GOBP%GO:0006813		43	0.3507115	1.0656593	0.3355049	0.70371157	1.0	2100	tags=33%, list=19%, signal=40%	
PID_PRL_SIGNALING_EVENTS_PATHWAY%MSIGDB_C2%PID_PRL_SIGNALING_EVENTS_PATHWAY	PID_PRL_SIGNALING_EVENTS_PATHWAY%MSIGDB_C2%PID_PRL_SIGNALING_EVENTS_PATHWAY		18	0.4142715	1.0655468	0.360134	0.7035961	1.0	3324	tags=44%, list=30%, signal=64%	
PROTEIN N-LINKED GLYCOSYLATION VIA ASPARAGINE%GOBP%GO:0018279	PROTEIN N-LINKED GLYCOSYLATION VIA ASPARAGINE%GOBP%GO:0018279		35	0.3660693	1.0654073	0.36241612	0.7035415	1.0	2589	tags=31%, list=24%, signal=41%	
EPO SIGNALING PATHWAY%PATHWAY INTERACTION DATABASE NCI-NATURE CURATED DATA%EPO SIGNALING PATHWAY	EPO SIGNALING PATHWAY%PATHWAY INTERACTION DATABASE NCI-NATURE CURATED DATA%EPO SIGNALING PATHWAY		32	0.37627196	1.0653529	0.37417218	0.7032815	1.0	2339	tags=34%, list=21%, signal=44%	
POSTREPLICATION REPAIR%GOBP%GO:0006301	POSTREPLICATION REPAIR%GOBP%GO:0006301		35	0.35848832	1.0651888	0.35581788	0.70334244	1.0	3182	tags=37%, list=29%, signal=52%	
MITOCHONDRIAL RIBOSOME ASSEMBLY%GOBP%GO:0061668	MITOCHONDRIAL RIBOSOME ASSEMBLY%GOBP%GO:0061668		25	0.38835225	1.0650057	0.36633664	0.70343107	1.0	1161	tags=12%, list=11%, signal=13%	
TH17 CELL DIFFERENTIATION PATHWAY%WIKIPATHWAYS_20250810%WP5130%HOMO SAPIENS	TH17 CELL DIFFERENTIATION PATHWAY%WIKIPATHWAYS_20250810%WP5130%HOMO SAPIENS		42	0.34963828	1.0648388	0.37018424	0.70352167	1.0	507	tags=14%, list=5%, signal=15%	
REGULATION OF HYDROLASE ACTIVITY%GOBP%GO:0051336	REGULATION OF HYDROLASE ACTIVITY%GOBP%GO:0051336		121	0.29482538	1.0648263	0.30981594	0.7031305	1.0	3095	tags=41%, list=28%, signal=57%	
REGULATION OF SYNAPTIC TRANSMISSION, GLUTAMATERGIC%GOBP%GO:0051966	REGULATION OF SYNAPTIC TRANSMISSION, GLUTAMATERGIC%GOBP%GO:0051966		17	0.4305967	1.0648073	0.38737202	0.7027649	1.0	3556	tags=35%, list=32%, signal=52%	
CTNNB1 S33 MUTANTS AREN'T PHOSPHORYLATED%REACTOME DATABASE ID RELEASE 93%5358747	CTNNB1 S33 MUTANTS AREN'T PHOSPHORYLATED%REACTOME DATABASE ID RELEASE 93%5358747		15	0.43433818	1.0647063	0.38917089	0.7026444	1.0	1494	tags=27%, list=14%, signal=31%	
EXOCYTOSIS%GOBP%GO:0006887	EXOCYTOSIS%GOBP%GO:0006887		113	0.29403782	1.0644404	0.30551416	0.70293045	1.0	2149	tags=30%, list=20%, signal=37%	
REGULATION OF CELL GROWTH%GOBP%GO:0001558	REGULATION OF CELL GROWTH%GOBP%GO:0001558		175	0.28125808	1.064419	0.29968455	0.7025704	1.0	2549	tags=28%, list=23%, signal=36%	
TNF STRESS RELATED SIGNALING%PATHWHIZ%PW064784	TNF STRESS RELATED SIGNALING%PATHWHIZ%PW064784		21	0.41505525	1.0643685	0.36209813	0.7023073	1.0	499	tags=10%, list=5%, signal=10%	
GLYCOLIPID BIOSYNTHETIC PROCESS%GOBP%GO:0009247	GLYCOLIPID BIOSYNTHETIC PROCESS%GOBP%GO:0009247		52	0.33914983	1.0637537	0.35919055	0.70365006	1.0	669	tags=13%, list=6%, signal=14%	
GLUCOSE HOMEOSTASIS%GOBP%GO:0042593	GLUCOSE HOMEOSTASIS%GOBP%GO:0042593		70	0.31826487	1.062986	0.34456354	0.7054406	1.0	1922	tags=29%, list=17%, signal=34%	
SODIUM ION TRANSMEMBRANE TRANSPORT%GOBP%GO:0035725	SODIUM ION TRANSMEMBRANE TRANSPORT%GOBP%GO:0035725		30	0.37273118	1.0628778	0.36807817	0.70536816	1.0	2012	tags=30%, list=18%, signal=37%	
ASSEMBLY OF THE PRE-REPLICATIVE COMPLEX%REACTOME%R-HSA-68867.10	ASSEMBLY OF THE PRE-REPLICATIVE COMPLEX%REACTOME%R-HSA-68867.10		89	0.30793297	1.0627354	0.3364929	0.7053491	1.0	2787	tags=34%, list=25%, signal=45%	
OSTEOBLAST DIFFERENTIATION%GOBP%GO:0001649	OSTEOBLAST DIFFERENTIATION%GOBP%GO:0001649		60	0.32631657	1.0625558	0.33445945	0.70544136	1.0	2187	tags=27%, list=20%, signal=33%	
AXONAL TRANSPORT%GOBP%GO:0098930	AXONAL TRANSPORT%GOBP%GO:0098930		40	0.3510992	1.0618768	0.3625	0.7069384	1.0	3154	tags=33%, list=29%, signal=45%	
1P36 COPY NUMBER VARIATION SYNDROME%WIKIPATHWAYS_20250810%WP5345%HOMO SAPIENS	1P36 COPY NUMBER VARIATION SYNDROME%WIKIPATHWAYS_20250810%WP5345%HOMO SAPIENS		52	0.33580056	1.0618414	0.33495936	0.70662314	1.0	1919	tags=23%, list=17%, signal=28%	
ORGANELLE FUSION%GOBP%GO:0048284	ORGANELLE FUSION%GOBP%GO:0048284		98	0.30219772	1.0615963	0.35358256	0.7068889	1.0	2265	tags=23%, list=21%, signal=29%	
PRESYNAPTIC ENDOCYTOSIS%GOBP%GO:0140238	PRESYNAPTIC ENDOCYTOSIS%GOBP%GO:0140238		31	0.37182838	1.0614676	0.3802345	0.7068643	1.0	405	tags=19%, list=4%, signal=20%	
BIOCARTA_GH_PATHWAY%MSIGDB_C2%BIOCARTA_GH_PATHWAY	BIOCARTA_GH_PATHWAY%MSIGDB_C2%BIOCARTA_GH_PATHWAY		19	0.40722662	1.0613571	0.38813558	0.7067429	1.0	3731	tags=58%, list=34%, signal=88%	
ENDOTHELIN PATHWAYS%WIKIPATHWAYS_20250810%WP2197%HOMO SAPIENS	ENDOTHELIN PATHWAYS%WIKIPATHWAYS_20250810%WP2197%HOMO SAPIENS		17	0.42828104	1.0613464	0.3968254	0.7063495	1.0	2966	tags=47%, list=27%, signal=64%	
SIGNALING BY BRAF AND RAF1 FUSIONS%REACTOME DATABASE ID RELEASE 93%6802952	SIGNALING BY BRAF AND RAF1 FUSIONS%REACTOME DATABASE ID RELEASE 93%6802952		52	0.335119	1.0611014	0.3645485	0.7066166	1.0	1881	tags=27%, list=17%, signal=32%	
MODULATION OF CHEMICAL SYNAPTIC TRANSMISSION%GOBP%GO:0050804	MODULATION OF CHEMICAL SYNAPTIC TRANSMISSION%GOBP%GO:0050804		130	0.29213843	1.0608498	0.3167702	0.7069062	1.0	1907	tags=23%, list=17%, signal=28%	
POSTSYNAPSE ORGANIZATION%GOBP%GO:0099173	POSTSYNAPSE ORGANIZATION%GOBP%GO:0099173		22	0.40608028	1.060414	0.3902439	0.7077086	1.0	864	tags=27%, list=8%, signal=30%	
POSITIVE REGULATION OF INTERLEUKIN-17 PRODUCTION%GOBP%GO:0032740	POSITIVE REGULATION OF INTERLEUKIN-17 PRODUCTION%GOBP%GO:0032740		16	0.43680498	1.0597156	0.38754326	0.70931923	1.0	2377	tags=44%, list=22%, signal=56%	
REGULATION OF BLOOD COAGULATION%GOBP%GO:0030193	REGULATION OF BLOOD COAGULATION%GOBP%GO:0030193		23	0.40091416	1.0596396	0.36928105	0.70911026	1.0	1774	tags=43%, list=16%, signal=52%	
SYNAPTIC VESICLE ENDOCYTOSIS%GOBP%GO:0048488	SYNAPTIC VESICLE ENDOCYTOSIS%GOBP%GO:0048488		31	0.37182838	1.0593773	0.38279933	0.7094245	1.0	405	tags=19%, list=4%, signal=20%	
CTNNB1 S37 MUTANTS AREN'T PHOSPHORYLATED%REACTOME DATABASE ID RELEASE 93%5358749	CTNNB1 S37 MUTANTS AREN'T PHOSPHORYLATED%REACTOME DATABASE ID RELEASE 93%5358749		15	0.43433818	1.0590794	0.39619377	0.7098518	1.0	1494	tags=27%, list=14%, signal=31%	
CELLULAR RESPONSE TO HYPOXIA%REACTOME DATABASE ID RELEASE 93%1234174	CELLULAR RESPONSE TO HYPOXIA%REACTOME DATABASE ID RELEASE 93%1234174		56	0.3342821	1.0590099	0.3566879	0.70965976	1.0	2787	tags=32%, list=25%, signal=43%	
PYRIMIDINE-CONTAINING COMPOUND METABOLIC PROCESS%GOBP%GO:0072527	PYRIMIDINE-CONTAINING COMPOUND METABOLIC PROCESS%GOBP%GO:0072527		51	0.33504158	1.0589309	0.37824675	0.7094662	1.0	1977	tags=27%, list=18%, signal=33%	
REGULATION OF CHEMOTAXIS%GOBP%GO:0050920	REGULATION OF CHEMOTAXIS%GOBP%GO:0050920		82	0.31022057	1.0588955	0.32972136	0.7091506	1.0	1764	tags=27%, list=16%, signal=32%	
PID_IL2_PI3K_PATHWAY%MSIGDB_C2%PID_IL2_PI3K_PATHWAY	PID_IL2_PI3K_PATHWAY%MSIGDB_C2%PID_IL2_PI3K_PATHWAY		26	0.38614023	1.0587687	0.38240272	0.70909524	1.0	926	tags=23%, list=8%, signal=25%	
CENTROSOME LOCALIZATION%GOBP%GO:0051642	CENTROSOME LOCALIZATION%GOBP%GO:0051642		17	0.42425385	1.0584242	0.38754326	0.709647	1.0	2999	tags=41%, list=27%, signal=57%	
CELLULAR RESPONSE TO GROWTH FACTOR STIMULUS%GOBP%GO:0071363	CELLULAR RESPONSE TO GROWTH FACTOR STIMULUS%GOBP%GO:0071363		162	0.28634763	1.0583682	0.32544377	0.70939004	1.0	2037	tags=25%, list=19%, signal=31%	
REGULATION OF TRANS-SYNAPTIC SIGNALING%GOBP%GO:0099177	REGULATION OF TRANS-SYNAPTIC SIGNALING%GOBP%GO:0099177		131	0.29211527	1.05777	0.32475883	0.7107047	1.0	1907	tags=23%, list=17%, signal=27%	
POSITIVE REGULATION OF PROTEOLYSIS INVOLVED IN PROTEIN CATABOLIC PROCESS%GOBP%GO:1903052	POSITIVE REGULATION OF PROTEOLYSIS INVOLVED IN PROTEIN CATABOLIC PROCESS%GOBP%GO:1903052		91	0.30292115	1.057707	0.34876543	0.71048594	1.0	1694	tags=15%, list=15%, signal=18%	
PROTEIN-CONTAINING COMPLEX DISASSEMBLY%GOBP%GO:0032984	PROTEIN-CONTAINING COMPLEX DISASSEMBLY%GOBP%GO:0032984		119	0.29305524	1.0576763	0.314376	0.71014833	1.0	2182	tags=24%, list=20%, signal=30%	
REGULATION OF TP53 EXPRESSION AND DEGRADATION%REACTOME DATABASE ID RELEASE 93%6806003	REGULATION OF TP53 EXPRESSION AND DEGRADATION%REACTOME DATABASE ID RELEASE 93%6806003		34	0.36235324	1.0570378	0.38297874	0.7115456	1.0	2120	tags=26%, list=19%, signal=33%	
CTNNB1 S45 MUTANTS AREN'T PHOSPHORYLATED%REACTOME DATABASE ID RELEASE 93%5358751	CTNNB1 S45 MUTANTS AREN'T PHOSPHORYLATED%REACTOME DATABASE ID RELEASE 93%5358751		15	0.43433818	1.0566044	0.37413794	0.71235573	1.0	1494	tags=27%, list=14%, signal=31%	
GLUTAMATE RECEPTOR SIGNALING PATHWAY%GOBP%GO:0007215	GLUTAMATE RECEPTOR SIGNALING PATHWAY%GOBP%GO:0007215		15	0.44305208	1.0560992	0.39934534	0.7133717	1.0	1101	tags=27%, list=10%, signal=30%	
VACUOLAR ACIDIFICATION%GOBP%GO:0007035	VACUOLAR ACIDIFICATION%GOBP%GO:0007035		29	0.3746462	1.0559852	0.34608984	0.71323854	1.0	1167	tags=21%, list=11%, signal=23%	
NEGATIVE REGULATION OF INTRINSIC APOPTOTIC SIGNALING PATHWAY IN RESPONSE TO DNA DAMAGE%GOBP%GO:1902230	NEGATIVE REGULATION OF INTRINSIC APOPTOTIC SIGNALING PATHWAY IN RESPONSE TO DNA DAMAGE%GOBP%GO:1902230		20	0.39849213	1.0559587	0.3890785	0.71288496	1.0	263	tags=15%, list=2%, signal=15%	
B CELL ACTIVATION INVOLVED IN IMMUNE RESPONSE%GOBP%GO:0002312	B CELL ACTIVATION INVOLVED IN IMMUNE RESPONSE%GOBP%GO:0002312		26	0.3885619	1.055899	0.3582343	0.71264434	1.0	1100	tags=27%, list=10%, signal=30%	
CELLULAR RESPONSE TO BIOTIC STIMULUS%GOBP%GO:0071216	CELLULAR RESPONSE TO BIOTIC STIMULUS%GOBP%GO:0071216		98	0.30208063	1.0555584	0.336858	0.71318537	1.0	2279	tags=30%, list=21%, signal=37%	
CELLULAR RESPONSE TO DECREASED OXYGEN LEVELS%GOBP%GO:0036294	CELLULAR RESPONSE TO DECREASED OXYGEN LEVELS%GOBP%GO:0036294		57	0.32843715	1.0552167	0.36436597	0.7137309	1.0	1842	tags=30%, list=17%, signal=36%	
EPHB FORWARD SIGNALING%PATHWAY INTERACTION DATABASE NCI-NATURE CURATED DATA%EPHB FORWARD SIGNALING	EPHB FORWARD SIGNALING%PATHWAY INTERACTION DATABASE NCI-NATURE CURATED DATA%EPHB FORWARD SIGNALING		29	0.37667182	1.0547854	0.37976784	0.7145807	1.0	3554	tags=41%, list=32%, signal=61%	
REGULATION OF INTERLEUKIN-17 PRODUCTION%GOBP%GO:0032660	REGULATION OF INTERLEUKIN-17 PRODUCTION%GOBP%GO:0032660		23	0.39139947	1.0544415	0.38916257	0.71514714	1.0	2377	tags=35%, list=22%, signal=44%	
REGULATION OF CYTOKINE-MEDIATED SIGNALING PATHWAY%GOBP%GO:0001959	REGULATION OF CYTOKINE-MEDIATED SIGNALING PATHWAY%GOBP%GO:0001959		102	0.29804748	1.0541079	0.3492823	0.7156968	1.0	1614	tags=25%, list=15%, signal=28%	
FOLLICLE STIMULATING HORMONE FSH SIGNALING%WIKIPATHWAYS_20250810%WP2035%HOMO SAPIENS	FOLLICLE STIMULATING HORMONE FSH SIGNALING%WIKIPATHWAYS_20250810%WP2035%HOMO SAPIENS		17	0.4222561	1.0540695	0.3919598	0.7153725	1.0	917	tags=12%, list=8%, signal=13%	
APOPTOTIC CLEAVAGE OF CELLULAR PROTEINS%REACTOME DATABASE ID RELEASE 93%111465	APOPTOTIC CLEAVAGE OF CELLULAR PROTEINS%REACTOME DATABASE ID RELEASE 93%111465		28	0.37484372	1.0537281	0.38	0.7158982	1.0	1982	tags=32%, list=18%, signal=39%	
SYNAPSE ORGANIZATION%GOBP%GO:0050808	SYNAPSE ORGANIZATION%GOBP%GO:0050808		81	0.31050503	1.0531925	0.363047	0.71700376	1.0	864	tags=20%, list=8%, signal=21%	
BIOCARTA_RAS_PATHWAY%MSIGDB_C2%BIOCARTA_RAS_PATHWAY	BIOCARTA_RAS_PATHWAY%MSIGDB_C2%BIOCARTA_RAS_PATHWAY		16	0.4151929	1.0521177	0.39967638	0.7195807	1.0	3536	tags=44%, list=32%, signal=64%	
POSITIVE REGULATION OF NEURON APOPTOTIC PROCESS%GOBP%GO:0043525	POSITIVE REGULATION OF NEURON APOPTOTIC PROCESS%GOBP%GO:0043525		27	0.37240696	1.0515274	0.39732888	0.7208701	1.0	2040	tags=22%, list=19%, signal=27%	
DEPHOSPHORYLATION%GOBP%GO:0016311	DEPHOSPHORYLATION%GOBP%GO:0016311		90	0.30726662	1.051143	0.34408602	0.7215536	1.0	1921	tags=21%, list=17%, signal=25%	
AUTOPHAGOSOME MATURATION%GOBP%GO:0097352	AUTOPHAGOSOME MATURATION%GOBP%GO:0097352		41	0.3453013	1.0508591	0.36694214	0.7219817	1.0	1970	tags=22%, list=18%, signal=27%	
GROWTH%GOBP%GO:0040007	GROWTH%GOBP%GO:0040007		62	0.32023415	1.0507575	0.384127	0.7218553	1.0	2037	tags=31%, list=19%, signal=37%	
TOLL-LIKE RECEPTOR PATHWAY 2%SMPDB%SMP0069593	TOLL-LIKE RECEPTOR PATHWAY 2%SMPDB%SMP0069593		24	0.38929898	1.050666	0.39794168	0.7217143	1.0	3549	tags=46%, list=32%, signal=68%	
REGULATION OF UBIQUITIN-DEPENDENT PROTEIN CATABOLIC PROCESS%GOBP%GO:2000058	REGULATION OF UBIQUITIN-DEPENDENT PROTEIN CATABOLIC PROCESS%GOBP%GO:2000058		122	0.29278398	1.0505583	0.3502994	0.72160226	1.0	1694	tags=17%, list=15%, signal=20%	
PID_PDGFRB_PATHWAY%MSIGDB_C2%PID_PDGFRB_PATHWAY	PID_PDGFRB_PATHWAY%MSIGDB_C2%PID_PDGFRB_PATHWAY		84	0.30542722	1.0503559	0.35828024	0.72176594	1.0	1541	tags=18%, list=14%, signal=21%	
PI3K AKT SIGNALING%REACTOME DATABASE ID RELEASE 93%1257604	PI3K AKT SIGNALING%REACTOME DATABASE ID RELEASE 93%1257604		190	0.27631795	1.0496318	0.33043477	0.7234643	1.0	1797	tags=21%, list=16%, signal=24%	
REGULATION OF PTEN STABILITY AND ACTIVITY%REACTOME%R-HSA-8948751.3	REGULATION OF PTEN STABILITY AND ACTIVITY%REACTOME%R-HSA-8948751.3		52	0.33064875	1.0495459	0.37878788	0.7232765	1.0	1790	tags=25%, list=16%, signal=30%	
INTRA-GOLGI VESICLE-MEDIATED TRANSPORT%GOBP%GO:0006891	INTRA-GOLGI VESICLE-MEDIATED TRANSPORT%GOBP%GO:0006891		27	0.38320446	1.0493953	0.4065744	0.72327775	1.0	2149	tags=30%, list=20%, signal=37%	
NEGATIVE REGULATION OF PROTEIN CATABOLIC PROCESS%GOBP%GO:0042177	NEGATIVE REGULATION OF PROTEIN CATABOLIC PROCESS%GOBP%GO:0042177		78	0.31249613	1.0492872	0.34266886	0.72314495	1.0	2040	tags=24%, list=19%, signal=30%	
POSITIVE REGULATION OF B CELL MEDIATED IMMUNITY%GOBP%GO:0002714	POSITIVE REGULATION OF B CELL MEDIATED IMMUNITY%GOBP%GO:0002714		16	0.4210623	1.0492834	0.39754817	0.722731	1.0	2377	tags=25%, list=22%, signal=32%	
MONOCARBOXYLIC ACID TRANSPORT%GOBP%GO:0015718	MONOCARBOXYLIC ACID TRANSPORT%GOBP%GO:0015718		45	0.33926618	1.0491916	0.36731392	0.7225682	1.0	1482	tags=22%, list=13%, signal=26%	
GRANULOCYTE MIGRATION%GOBP%GO:0097530	GRANULOCYTE MIGRATION%GOBP%GO:0097530		29	0.37954602	1.0491601	0.395	0.72223866	1.0	1526	tags=38%, list=14%, signal=44%	
CELLULAR RESPONSE TO INSULIN STIMULUS%GOBP%GO:0032869	CELLULAR RESPONSE TO INSULIN STIMULUS%GOBP%GO:0032869		77	0.31017807	1.0487953	0.36377952	0.7228824	1.0	3670	tags=44%, list=33%, signal=66%	
ANDROGEN RECEPTOR NETWORK IN PROSTATE CANCER%WIKIPATHWAYS_20250810%WP2263%HOMO SAPIENS	ANDROGEN RECEPTOR NETWORK IN PROSTATE CANCER%WIKIPATHWAYS_20250810%WP2263%HOMO SAPIENS		78	0.31258127	1.048536	0.38202247	0.7232256	1.0	3554	tags=42%, list=32%, signal=62%	
DNA REPLICATION PRE-INITIATION%REACTOME%R-HSA-69002.4	DNA REPLICATION PRE-INITIATION%REACTOME%R-HSA-69002.4		106	0.29237348	1.0484267	0.34992224	0.72309875	1.0	2787	tags=30%, list=25%, signal=40%	
MIRNA METABOLIC PROCESS%GOBP%GO:0010586	MIRNA METABOLIC PROCESS%GOBP%GO:0010586		15	0.43124118	1.0483813	0.42031524	0.72282356	1.0	3624	tags=47%, list=33%, signal=70%	
CTNNB1 T41 MUTANTS AREN'T PHOSPHORYLATED%REACTOME DATABASE ID RELEASE 93%5358752	CTNNB1 T41 MUTANTS AREN'T PHOSPHORYLATED%REACTOME DATABASE ID RELEASE 93%5358752		15	0.43433818	1.0482686	0.39267015	0.7227242	1.0	1494	tags=27%, list=14%, signal=31%	
15Q25 COPY NUMBER VARIATION%WIKIPATHWAYS_20250810%WP5408%HOMO SAPIENS	15Q25 COPY NUMBER VARIATION%WIKIPATHWAYS_20250810%WP5408%HOMO SAPIENS		24	0.39179808	1.0482613	0.40314135	0.7223232	1.0	3077	tags=50%, list=28%, signal=69%	
HALLMARK_DNA_REPAIR%MSIGDBHALLMARK%HALLMARK_DNA_REPAIR	HALLMARK_DNA_REPAIR%MSIGDBHALLMARK%HALLMARK_DNA_REPAIR		109	0.29722446	1.0481768	0.36153847	0.72212815	1.0	2064	tags=17%, list=19%, signal=21%	
AKT SIGNALING AND ARTD FAMILY MEMBERS%WIKIPATHWAYS_20250810%WP5531%HOMO SAPIENS	AKT SIGNALING AND ARTD FAMILY MEMBERS%WIKIPATHWAYS_20250810%WP5531%HOMO SAPIENS		24	0.38898492	1.0481019	0.39065108	0.72193325	1.0	3626	tags=42%, list=33%, signal=62%	
MYELOID LEUKOCYTE MIGRATION%GOBP%GO:0097529	MYELOID LEUKOCYTE MIGRATION%GOBP%GO:0097529		40	0.3488285	1.0479637	0.39805827	0.72188574	1.0	2090	tags=40%, list=19%, signal=49%	
DEFENSE RESPONSE TO GRAM-POSITIVE BACTERIUM%GOBP%GO:0050830	DEFENSE RESPONSE TO GRAM-POSITIVE BACTERIUM%GOBP%GO:0050830		30	0.3726127	1.0476084	0.37959865	0.7224817	1.0	1857	tags=40%, list=17%, signal=48%	
GLYCEROPHOSPHOLIPID BIOSYNTHESIS%REACTOME DATABASE ID RELEASE 93%1483206	GLYCEROPHOSPHOLIPID BIOSYNTHESIS%REACTOME DATABASE ID RELEASE 93%1483206		87	0.3049678	1.0472604	0.36802414	0.72305226	1.0	1588	tags=15%, list=14%, signal=17%	
VIRAL MESSENGER RNA SYNTHESIS%REACTOME%R-HSA-168325.6	VIRAL MESSENGER RNA SYNTHESIS%REACTOME%R-HSA-168325.6		39	0.34576538	1.0472546	0.3715221	0.7226479	1.0	3521	tags=36%, list=32%, signal=53%	
BIOSYNTHESIS OF THE N-GLYCAN PRECURSOR (DOLICHOL LIPID-LINKED OLIGOSACCHARIDE, LLO) AND TRANSFER TO A NASCENT PROTEIN%REACTOME%R-HSA-446193.3	BIOSYNTHESIS OF THE N-GLYCAN PRECURSOR (DOLICHOL LIPID-LINKED OLIGOSACCHARIDE, LLO) AND TRANSFER TO A NASCENT PROTEIN%REACTOME%R-HSA-446193.3		64	0.32160375	1.0472015	0.38562092	0.7223542	1.0	1866	tags=25%, list=17%, signal=30%	
ER QUALITY CONTROL COMPARTMENT (ERQC)%REACTOME%R-HSA-901032.7	ER QUALITY CONTROL COMPARTMENT (ERQC)%REACTOME%R-HSA-901032.7		21	0.39912745	1.046667	0.41016948	0.7234152	1.0	556	tags=14%, list=5%, signal=15%	
ION CHANNEL TRANSPORT%REACTOME DATABASE ID RELEASE 93%983712	ION CHANNEL TRANSPORT%REACTOME DATABASE ID RELEASE 93%983712		90	0.30467433	1.0464928	0.35691825	0.7234837	1.0	1858	tags=27%, list=17%, signal=32%	
FCERI MEDIATED MAPK ACTIVATION%REACTOME%R-HSA-2871796.4	FCERI MEDIATED MAPK ACTIVATION%REACTOME%R-HSA-2871796.4		27	0.37691662	1.0462025	0.39011925	0.7238935	1.0	1399	tags=22%, list=13%, signal=25%	
SIGNAL AMPLIFICATION%REACTOME DATABASE ID RELEASE 93%392518	SIGNAL AMPLIFICATION%REACTOME DATABASE ID RELEASE 93%392518		19	0.40959668	1.0460281	0.3821138	0.72396857	1.0	2289	tags=37%, list=21%, signal=46%	
CELL CYCLE PHASE TRANSITION%GOBP%GO:0044770	CELL CYCLE PHASE TRANSITION%GOBP%GO:0044770		106	0.2974978	1.0459545	0.362776	0.7237651	1.0	2937	tags=35%, list=27%, signal=47%	
SIGNALING BY HEDGEHOG%REACTOME DATABASE ID RELEASE 93%5358351	SIGNALING BY HEDGEHOG%REACTOME DATABASE ID RELEASE 93%5358351		97	0.301587	1.0459188	0.37306502	0.72344923	1.0	2882	tags=35%, list=26%, signal=47%	
REGULATION OF RESPONSE TO CYTOKINE STIMULUS%GOBP%GO:0060759	REGULATION OF RESPONSE TO CYTOKINE STIMULUS%GOBP%GO:0060759		110	0.29537204	1.0457269	0.34658188	0.72355986	1.0	1614	tags=24%, list=15%, signal=27%	
POSITIVE REGULATION OF PHOSPHORUS METABOLIC PROCESS%GOBP%GO:0010562	POSITIVE REGULATION OF PHOSPHORUS METABOLIC PROCESS%GOBP%GO:0010562		168	0.27761912	1.045409	0.3487699	0.7240748	1.0	1705	tags=20%, list=16%, signal=24%	
ERBB1 DOWNSTREAM SIGNALING%PATHWAY INTERACTION DATABASE NCI-NATURE CURATED DATA%ERBB1 DOWNSTREAM SIGNALING	ERBB1 DOWNSTREAM SIGNALING%PATHWAY INTERACTION DATABASE NCI-NATURE CURATED DATA%ERBB1 DOWNSTREAM SIGNALING		97	0.29772413	1.0452025	0.34762633	0.7242665	1.0	3619	tags=40%, list=33%, signal=59%	
NEGATIVE REGULATION OF CELL CYCLE PROCESS%GOBP%GO:0010948	NEGATIVE REGULATION OF CELL CYCLE PROCESS%GOBP%GO:0010948		194	0.27101928	1.0451633	0.35163206	0.72396904	1.0	2223	tags=20%, list=20%, signal=25%	
POSITIVE REGULATION OF PHOSPHATE METABOLIC PROCESS%GOBP%GO:0045937	POSITIVE REGULATION OF PHOSPHATE METABOLIC PROCESS%GOBP%GO:0045937		168	0.27761912	1.0447692	0.33480176	0.7246768	1.0	1705	tags=20%, list=16%, signal=24%	
DEVELOPMENTAL GROWTH%GOBP%GO:0048589	DEVELOPMENTAL GROWTH%GOBP%GO:0048589		62	0.32023415	1.044486	0.37378642	0.72504723	1.0	2037	tags=31%, list=19%, signal=37%	
MIRNA PROCESSING%GOBP%GO:0035196	MIRNA PROCESSING%GOBP%GO:0035196		30	0.3675489	1.0443949	0.3811189	0.72488976	1.0	3872	tags=53%, list=35%, signal=82%	
SELENIUM MICRONUTRIENT NETWORK%WIKIPATHWAYS_20250810%WP15%HOMO SAPIENS	SELENIUM MICRONUTRIENT NETWORK%WIKIPATHWAYS_20250810%WP15%HOMO SAPIENS		37	0.3526126	1.0441046	0.3904762	0.7253094	1.0	568	tags=14%, list=5%, signal=14%	
CARBOHYDRATE HOMEOSTASIS%GOBP%GO:0033500	CARBOHYDRATE HOMEOSTASIS%GOBP%GO:0033500		71	0.31745917	1.0440897	0.37601295	0.72493315	1.0	1922	tags=28%, list=17%, signal=34%	
OTHER INTERLEUKIN SIGNALING%REACTOME%R-HSA-449836.12	OTHER INTERLEUKIN SIGNALING%REACTOME%R-HSA-449836.12		16	0.41694507	1.0440258	0.43501806	0.7247121	1.0	895	tags=19%, list=8%, signal=20%	
SYNAPTIC SIGNALING%GOBP%GO:0099536	SYNAPTIC SIGNALING%GOBP%GO:0099536		119	0.28878775	1.0439583	0.35692772	0.72447574	1.0	2007	tags=26%, list=18%, signal=32%	
REGULATION OF TNFR1 SIGNALING%REACTOME DATABASE ID RELEASE 93%5357905	REGULATION OF TNFR1 SIGNALING%REACTOME DATABASE ID RELEASE 93%5357905		39	0.35381472	1.0438337	0.37664473	0.7244216	1.0	2423	tags=31%, list=22%, signal=39%	
TRNA AMINOACYLATION%GOBP%GO:0043039	TRNA AMINOACYLATION%GOBP%GO:0043039		38	0.34790573	1.0435722	0.39036545	0.7247359	1.0	3559	tags=42%, list=32%, signal=62%	
REGULATION OF NOTCH SIGNALING PATHWAY%GOBP%GO:0008593	REGULATION OF NOTCH SIGNALING PATHWAY%GOBP%GO:0008593		45	0.33713657	1.0435684	0.39836067	0.72432977	1.0	2206	tags=31%, list=20%, signal=39%	
MAP KINASE ACTIVATION%REACTOME DATABASE ID RELEASE 93%450294	MAP KINASE ACTIVATION%REACTOME DATABASE ID RELEASE 93%450294		58	0.32555413	1.0432603	0.39730638	0.7248094	1.0	2047	tags=19%, list=19%, signal=23%	
INTRINSIC APOPTOTIC SIGNALING PATHWAY BY P53 CLASS MEDIATOR%GOBP%GO:0072332	INTRINSIC APOPTOTIC SIGNALING PATHWAY BY P53 CLASS MEDIATOR%GOBP%GO:0072332		30	0.366964	1.0432454	0.3851468	0.72443306	1.0	2769	tags=37%, list=25%, signal=49%	
REGULATION OF ENDOTHELIAL CELL MIGRATION%GOBP%GO:0010594	REGULATION OF ENDOTHELIAL CELL MIGRATION%GOBP%GO:0010594		92	0.30026975	1.043007	0.3797856	0.7246906	1.0	2756	tags=37%, list=25%, signal=49%	
RENIN ANGIOTENSIN ALDOSTERONE SYSTEM RAAS %WIKIPATHWAYS_20250810%WP4756%HOMO SAPIENS	RENIN ANGIOTENSIN ALDOSTERONE SYSTEM RAAS %WIKIPATHWAYS_20250810%WP4756%HOMO SAPIENS		16	0.4229822	1.0429612	0.41624364	0.72439855	1.0	2623	tags=38%, list=24%, signal=49%	
SIGNALING BY CTNNB1 PHOSPHO-SITE MUTANTS%REACTOME DATABASE ID RELEASE 93%4839743	SIGNALING BY CTNNB1 PHOSPHO-SITE MUTANTS%REACTOME DATABASE ID RELEASE 93%4839743		15	0.43433818	1.042835	0.4450172	0.72435874	1.0	1494	tags=27%, list=14%, signal=31%	
IL5%NETPATH%IL5	IL5%NETPATH%IL5		33	0.3632221	1.0424267	0.39267886	0.72509253	1.0	3089	tags=45%, list=28%, signal=63%	
SIGNALING BY HIGH-KINASE ACTIVITY BRAF MUTANTS%REACTOME DATABASE ID RELEASE 93%6802948	SIGNALING BY HIGH-KINASE ACTIVITY BRAF MUTANTS%REACTOME DATABASE ID RELEASE 93%6802948		27	0.3786392	1.0414339	0.3888889	0.727508	1.0	3395	tags=37%, list=31%, signal=53%	
REGULATION OF MEGAKARYOCYTE DIFFERENTIATION%GOBP%GO:0045652	REGULATION OF MEGAKARYOCYTE DIFFERENTIATION%GOBP%GO:0045652		17	0.42039317	1.0411779	0.42141622	0.72781867	1.0	1975	tags=29%, list=18%, signal=36%	
POSITIVE REGULATION OF ALPHA-BETA T CELL DIFFERENTIATION%GOBP%GO:0046638	POSITIVE REGULATION OF ALPHA-BETA T CELL DIFFERENTIATION%GOBP%GO:0046638		29	0.36340272	1.0410943	0.4043624	0.72768134	1.0	3590	tags=59%, list=33%, signal=87%	
HOMOLOGOUS DNA PAIRING AND STRAND EXCHANGE%REACTOME%R-HSA-5693579.5	HOMOLOGOUS DNA PAIRING AND STRAND EXCHANGE%REACTOME%R-HSA-5693579.5		40	0.34293	1.0409235	0.37251654	0.7277491	1.0	3453	tags=40%, list=31%, signal=58%	
REGULATION OF ALCOHOL BIOSYNTHETIC PROCESS%GOBP%GO:1902930	REGULATION OF ALCOHOL BIOSYNTHETIC PROCESS%GOBP%GO:1902930		27	0.37134427	1.0409224	0.39482757	0.72734076	1.0	2013	tags=22%, list=18%, signal=27%	
ENERGY HOMEOSTASIS%GOBP%GO:0097009	ENERGY HOMEOSTASIS%GOBP%GO:0097009		24	0.38324004	1.0407618	0.40308747	0.7273684	1.0	928	tags=17%, list=8%, signal=18%	
DNA REPLICATION%WIKIPATHWAYS_20250810%WP466%HOMO SAPIENS	DNA REPLICATION%WIKIPATHWAYS_20250810%WP466%HOMO SAPIENS		32	0.3652195	1.0396907	0.3956229	0.7299586	1.0	3479	tags=41%, list=32%, signal=59%	
SUMOYLATION%REACTOME DATABASE ID RELEASE 93%2990846	SUMOYLATION%REACTOME DATABASE ID RELEASE 93%2990846		146	0.28088146	1.0394028	0.35507247	0.7303081	1.0	4021	tags=47%, list=37%, signal=72%	
REGULATION OF CELL DIVISION%GOBP%GO:0051302	REGULATION OF CELL DIVISION%GOBP%GO:0051302		98	0.29746562	1.0389216	0.40219092	0.7312189	1.0	2705	tags=30%, list=25%, signal=39%	
POSITIVE REGULATION OF PROTEIN LOCALIZATION TO MEMBRANE%GOBP%GO:1905477	POSITIVE REGULATION OF PROTEIN LOCALIZATION TO MEMBRANE%GOBP%GO:1905477		42	0.34283626	1.0384533	0.39123103	0.73215324	1.0	2478	tags=24%, list=23%, signal=31%	
POSITIVE REGULATION OF UBIQUITIN-DEPENDENT PROTEIN CATABOLIC PROCESS%GOBP%GO:2000060	POSITIVE REGULATION OF UBIQUITIN-DEPENDENT PROTEIN CATABOLIC PROCESS%GOBP%GO:2000060		72	0.31375268	1.0379294	0.39668176	0.73320186	1.0	2221	tags=21%, list=20%, signal=26%	
NUCLEAR PORE COMPLEX (NPC) DISASSEMBLY%REACTOME DATABASE ID RELEASE 93%3301854	NUCLEAR PORE COMPLEX (NPC) DISASSEMBLY%REACTOME DATABASE ID RELEASE 93%3301854		33	0.3634933	1.0374224	0.39100346	0.73418075	1.0	3521	tags=45%, list=32%, signal=67%	
NEGATIVE REGULATION OF RESPONSE TO CYTOKINE STIMULUS%GOBP%GO:0060761	NEGATIVE REGULATION OF RESPONSE TO CYTOKINE STIMULUS%GOBP%GO:0060761		50	0.33466163	1.0373528	0.38283828	0.73397887	1.0	1545	tags=26%, list=14%, signal=30%	
NEGATIVE REGULATION OF CELL-CELL ADHESION%GOBP%GO:0022408	NEGATIVE REGULATION OF CELL-CELL ADHESION%GOBP%GO:0022408		94	0.29604414	1.0373333	0.3836276	0.73361313	1.0	2279	tags=30%, list=21%, signal=37%	
NEUROTRANSMITTER RECEPTORS AND POSTSYNAPTIC SIGNAL TRANSMISSION%REACTOME DATABASE ID RELEASE 93%112314	NEUROTRANSMITTER RECEPTORS AND POSTSYNAPTIC SIGNAL TRANSMISSION%REACTOME DATABASE ID RELEASE 93%112314		73	0.30966297	1.0369725	0.3857143	0.73422873	1.0	1894	tags=23%, list=17%, signal=28%	
INSULIN-MEDIATED GLUCOSE TRANSPORT%PATHWAY INTERACTION DATABASE NCI-NATURE CURATED DATA%INSULIN-MEDIATED GLUCOSE TRANSPORT	INSULIN-MEDIATED GLUCOSE TRANSPORT%PATHWAY INTERACTION DATABASE NCI-NATURE CURATED DATA%INSULIN-MEDIATED GLUCOSE TRANSPORT		22	0.38711628	1.0369179	0.41354725	0.733968	1.0	2724	tags=32%, list=25%, signal=42%	
LYTIC VACUOLE ORGANIZATION%GOBP%GO:0080171	LYTIC VACUOLE ORGANIZATION%GOBP%GO:0080171		73	0.30279574	1.0366733	0.3808752	0.7342712	1.0	2381	tags=25%, list=22%, signal=31%	
NEGATIVE REGULATION OF CELL GROWTH%GOBP%GO:0030308	NEGATIVE REGULATION OF CELL GROWTH%GOBP%GO:0030308		72	0.31105614	1.0362642	0.38510302	0.735004	1.0	2549	tags=31%, list=23%, signal=40%	
MYOFIBRIL ASSEMBLY%GOBP%GO:0030239	MYOFIBRIL ASSEMBLY%GOBP%GO:0030239		16	0.42844582	1.0354946	0.41503268	0.7366904	1.0	1451	tags=25%, list=13%, signal=29%	
SENSORY PERCEPTION%GOBP%GO:0007600	SENSORY PERCEPTION%GOBP%GO:0007600		107	0.28879675	1.0353885	0.37425148	0.73658055	1.0	1795	tags=22%, list=16%, signal=27%	
MICROTUBULE ORGANIZING CENTER LOCALIZATION%GOBP%GO:0061842	MICROTUBULE ORGANIZING CENTER LOCALIZATION%GOBP%GO:0061842		17	0.42425385	1.0351615	0.43771628	0.7368036	1.0	2999	tags=41%, list=27%, signal=57%	
AURKA ACTIVATION BY TPX2%REACTOME DATABASE ID RELEASE 93%8854518	AURKA ACTIVATION BY TPX2%REACTOME DATABASE ID RELEASE 93%8854518		67	0.31276578	1.034544	0.3848684	0.73810595	1.0	1803	tags=21%, list=16%, signal=25%	
AMINO ACID ACTIVATION%GOBP%GO:0043038	AMINO ACID ACTIVATION%GOBP%GO:0043038		38	0.34790573	1.0345393	0.40447503	0.73770195	1.0	3559	tags=42%, list=32%, signal=62%	
ER-NUCLEUS SIGNALING PATHWAY%GOBP%GO:0006984	ER-NUCLEUS SIGNALING PATHWAY%GOBP%GO:0006984		28	0.37070677	1.0338928	0.4220339	0.73910445	1.0	3361	tags=39%, list=31%, signal=56%	
POSITIVE REGULATION OF LIPID BIOSYNTHETIC PROCESS%GOBP%GO:0046889	POSITIVE REGULATION OF LIPID BIOSYNTHETIC PROCESS%GOBP%GO:0046889		51	0.3323728	1.0337528	0.38301283	0.7390855	1.0	1561	tags=22%, list=14%, signal=25%	
ENDOGENOUS TLR SIGNALING%PATHWAY INTERACTION DATABASE NCI-NATURE CURATED DATA%ENDOGENOUS TLR SIGNALING	ENDOGENOUS TLR SIGNALING%PATHWAY INTERACTION DATABASE NCI-NATURE CURATED DATA%ENDOGENOUS TLR SIGNALING		18	0.41184613	1.0337507	0.40994853	0.7386767	1.0	1267	tags=22%, list=12%, signal=25%	
CELL REDOX HOMEOSTASIS%GOBP%GO:0045454	CELL REDOX HOMEOSTASIS%GOBP%GO:0045454		33	0.35433844	1.0336092	0.40722495	0.7386783	1.0	1641	tags=18%, list=15%, signal=21%	
PID_P53_REGULATION_PATHWAY%MSIGDB_C2%PID_P53_REGULATION_PATHWAY	PID_P53_REGULATION_PATHWAY%MSIGDB_C2%PID_P53_REGULATION_PATHWAY		46	0.33304566	1.0327458	0.3783784	0.7407386	1.0	1809	tags=22%, list=16%, signal=26%	
G1 S-SPECIFIC TRANSCRIPTION%REACTOME%R-HSA-69205.5	G1 S-SPECIFIC TRANSCRIPTION%REACTOME%R-HSA-69205.5		26	0.3724143	1.0326979	0.40201005	0.74045086	1.0	3479	tags=54%, list=32%, signal=79%	
VESICLE BUDDING FROM MEMBRANE%GOBP%GO:0006900	VESICLE BUDDING FROM MEMBRANE%GOBP%GO:0006900		70	0.3160112	1.0323986	0.4070513	0.74089074	1.0	2311	tags=27%, list=21%, signal=34%	
POSITIVE REGULATION OF IMMUNOGLOBULIN MEDIATED IMMUNE RESPONSE%GOBP%GO:0002891	POSITIVE REGULATION OF IMMUNOGLOBULIN MEDIATED IMMUNE RESPONSE%GOBP%GO:0002891		16	0.4210623	1.0322901	0.42553192	0.7407586	1.0	2377	tags=25%, list=22%, signal=32%	
SIGNALING BY GSK3BETA MUTANTS%REACTOME%R-HSA-5339716.5	SIGNALING BY GSK3BETA MUTANTS%REACTOME%R-HSA-5339716.5		15	0.43433818	1.031925	0.42586207	0.74136984	1.0	1494	tags=27%, list=14%, signal=31%	
GLAND DEVELOPMENT%GOBP%GO:0048732	GLAND DEVELOPMENT%GOBP%GO:0048732		44	0.33876204	1.0311229	0.41129032	0.74318516	1.0	3009	tags=45%, list=27%, signal=62%	
REGULATION OF COMPLEMENT CASCADE%REACTOME%R-HSA-977606.7	REGULATION OF COMPLEMENT CASCADE%REACTOME%R-HSA-977606.7		20	0.39371067	1.030816	0.41666666	0.74362403	1.0	1142	tags=35%, list=10%, signal=39%	
PAUSING AND RECOVERY OF TAT-MEDIATED HIV ELONGATION%REACTOME%R-HSA-167238.4	PAUSING AND RECOVERY OF TAT-MEDIATED HIV ELONGATION%REACTOME%R-HSA-167238.4		28	0.36227894	1.0307897	0.421875	0.7432782	1.0	3720	tags=32%, list=34%, signal=48%	
DNA IR DOUBLE STRAND BREAKS AND CELLULAR RESPONSE VIA ATM%WIKIPATHWAYS_20250810%WP3959%HOMO SAPIENS	DNA IR DOUBLE STRAND BREAKS AND CELLULAR RESPONSE VIA ATM%WIKIPATHWAYS_20250810%WP3959%HOMO SAPIENS		41	0.3419093	1.0306484	0.40097404	0.74328506	1.0	1718	tags=22%, list=16%, signal=26%	
POSITIVE REGULATION OF ENDOTHELIAL CELL MIGRATION%GOBP%GO:0010595	POSITIVE REGULATION OF ENDOTHELIAL CELL MIGRATION%GOBP%GO:0010595		64	0.30988628	1.0299735	0.4003322	0.74482644	1.0	2535	tags=36%, list=23%, signal=46%	
REGULATION OF GLUCOSE METABOLIC PROCESS%GOBP%GO:0010906	REGULATION OF GLUCOSE METABOLIC PROCESS%GOBP%GO:0010906		46	0.33989453	1.0295675	0.4156729	0.74554676	1.0	1870	tags=24%, list=17%, signal=29%	
EPITHELIAL CELL DEVELOPMENT%GOBP%GO:0002064	EPITHELIAL CELL DEVELOPMENT%GOBP%GO:0002064		38	0.3481979	1.0292027	0.42833608	0.7461039	1.0	1077	tags=21%, list=10%, signal=23%	
NUCLEOPHAGY%GOBP%GO:0044804	NUCLEOPHAGY%GOBP%GO:0044804		21	0.39729404	1.0291218	0.4020979	0.7459216	1.0	1437	tags=24%, list=13%, signal=27%	
NEURAL PRECURSOR CELL PROLIFERATION%GOBP%GO:0061351	NEURAL PRECURSOR CELL PROLIFERATION%GOBP%GO:0061351		21	0.39533225	1.028939	0.43275863	0.7460186	1.0	2704	tags=33%, list=25%, signal=44%	
REGULATION OF SYNAPSE ORGANIZATION%GOBP%GO:0050807	REGULATION OF SYNAPSE ORGANIZATION%GOBP%GO:0050807		82	0.30037245	1.0285088	0.40680712	0.7468208	1.0	2620	tags=37%, list=24%, signal=48%	
THE ONCOGENIC ACTION OF L-2-HYDROXYGLUTARATE IN HYDROXYGLUTARIC ACIDURIA%PATHWHIZ%PW002451	THE ONCOGENIC ACTION OF L-2-HYDROXYGLUTARATE IN HYDROXYGLUTARIC ACIDURIA%PATHWHIZ%PW002451		25	0.38834897	1.0281744	0.43233743	0.74736387	1.0	3452	tags=44%, list=31%, signal=64%	
EXPORT FROM CELL%GOBP%GO:0140352	EXPORT FROM CELL%GOBP%GO:0140352		194	0.2690324	1.0279852	0.38757396	0.74752146	1.0	2149	tags=27%, list=20%, signal=33%	
DNA RECOMBINATION%GOBP%GO:0006310	DNA RECOMBINATION%GOBP%GO:0006310		162	0.2739749	1.0275968	0.3536404	0.74821645	1.0	2736	tags=27%, list=25%, signal=36%	
UNFOLDED PROTEIN RESPONSE%WIKIPATHWAYS_20250810%WP4925%HOMO SAPIENS	UNFOLDED PROTEIN RESPONSE%WIKIPATHWAYS_20250810%WP4925%HOMO SAPIENS		17	0.41212562	1.0273794	0.4194631	0.74844295	1.0	2781	tags=53%, list=25%, signal=71%	
PROTEIN DEPOLYMERIZATION%GOBP%GO:0051261	PROTEIN DEPOLYMERIZATION%GOBP%GO:0051261		28	0.36905655	1.0271577	0.42857143	0.74864084	1.0	3414	tags=36%, list=31%, signal=52%	
AMINO ACIDS REGULATE MTORC1%REACTOME DATABASE ID RELEASE 93%9639288	AMINO ACIDS REGULATE MTORC1%REACTOME DATABASE ID RELEASE 93%9639288		47	0.33466446	1.0269678	0.4041868	0.7487696	1.0	2325	tags=30%, list=21%, signal=38%	
COPII-COATED VESICLE BUDDING%GOBP%GO:0090114	COPII-COATED VESICLE BUDDING%GOBP%GO:0090114		37	0.34227023	1.0268717	0.4030354	0.74864775	1.0	4211	tags=46%, list=38%, signal=74%	
SENSORY PERCEPTION%REACTOME DATABASE ID RELEASE 93%9709957	SENSORY PERCEPTION%REACTOME DATABASE ID RELEASE 93%9709957		78	0.30442193	1.0265338	0.41205212	0.7492335	1.0	1982	tags=26%, list=18%, signal=31%	
POSITIVE REGULATION OF MAPK CASCADE%GOBP%GO:0043410	POSITIVE REGULATION OF MAPK CASCADE%GOBP%GO:0043410		177	0.27062187	1.0253382	0.4011544	0.75220543	1.0	1450	tags=20%, list=13%, signal=22%	
APOPTOSIS RELATED NETWORK DUE TO ALTERED NOTCH3 IN OVARIAN CANCER%WIKIPATHWAYS_20250810%WP2864%HOMO SAPIENS	APOPTOSIS RELATED NETWORK DUE TO ALTERED NOTCH3 IN OVARIAN CANCER%WIKIPATHWAYS_20250810%WP2864%HOMO SAPIENS		34	0.3492943	1.0252961	0.41166937	0.7518941	1.0	2508	tags=32%, list=23%, signal=42%	
GLUCOSE METABOLIC PROCESS%GOBP%GO:0006006	GLUCOSE METABOLIC PROCESS%GOBP%GO:0006006		46	0.33241528	1.0250376	0.42006803	0.7521681	1.0	1947	tags=30%, list=18%, signal=37%	
PROTEIN FOLDING%GOBP%GO:0006457	PROTEIN FOLDING%GOBP%GO:0006457		134	0.2826352	1.0249909	0.4049844	0.7518939	1.0	2350	tags=22%, list=21%, signal=28%	
PCP CE PATHWAY%REACTOME%R-HSA-4086400.4	PCP CE PATHWAY%REACTOME%R-HSA-4086400.4		66	0.3127901	1.0248982	0.38485804	0.7517379	1.0	1790	tags=20%, list=16%, signal=23%	
INTERLEUKIN-3, INTERLEUKIN-5 AND GM-CSF SIGNALING%REACTOME DATABASE ID RELEASE 93%512988	INTERLEUKIN-3, INTERLEUKIN-5 AND GM-CSF SIGNALING%REACTOME DATABASE ID RELEASE 93%512988		31	0.36128706	1.0244883	0.42036125	0.7525206	1.0	2620	tags=42%, list=24%, signal=55%	
NEGATIVE REGULATION OF CELL CYCLE G1/S PHASE TRANSITION%GOBP%GO:1902807	NEGATIVE REGULATION OF CELL CYCLE G1/S PHASE TRANSITION%GOBP%GO:1902807		39	0.34176084	1.0242144	0.41290322	0.7528565	1.0	1797	tags=21%, list=16%, signal=24%	
POSITIVE REGULATION OF PROTEASOMAL UBIQUITIN-DEPENDENT PROTEIN CATABOLIC PROCESS%GOBP%GO:0032436	POSITIVE REGULATION OF PROTEASOMAL UBIQUITIN-DEPENDENT PROTEIN CATABOLIC PROCESS%GOBP%GO:0032436		57	0.31357545	1.0240868	0.41538462	0.7527903	1.0	2221	tags=21%, list=20%, signal=26%	
NEGATIVE REGULATION OF TRANSLATION%GOBP%GO:0017148	NEGATIVE REGULATION OF TRANSLATION%GOBP%GO:0017148		83	0.29993376	1.0237776	0.4224	0.75329167	1.0	1674	tags=18%, list=15%, signal=21%	
REGULATION OF BINDING%GOBP%GO:0051098	REGULATION OF BINDING%GOBP%GO:0051098		69	0.3077398	1.023218	0.41401273	0.7544612	1.0	2500	tags=32%, list=23%, signal=41%	
PID_E2F_PATHWAY%MSIGDB_C2%PID_E2F_PATHWAY	PID_E2F_PATHWAY%MSIGDB_C2%PID_E2F_PATHWAY		49	0.33113453	1.0229907	0.422292	0.75468105	1.0	2956	tags=47%, list=27%, signal=64%	
GLUCAGON-LIKE PEPTIDE-1 (GLP1) REGULATES INSULIN SECRETION%REACTOME%R-HSA-381676.8	GLUCAGON-LIKE PEPTIDE-1 (GLP1) REGULATES INSULIN SECRETION%REACTOME%R-HSA-381676.8		20	0.3915862	1.0228946	0.42882884	0.7545527	1.0	1749	tags=30%, list=16%, signal=36%	
RETINOIC ACID RECEPTORS-MEDIATED SIGNALING%PATHWAY INTERACTION DATABASE NCI-NATURE CURATED DATA%RETINOIC ACID RECEPTORS-MEDIATED SIGNALING	RETINOIC ACID RECEPTORS-MEDIATED SIGNALING%PATHWAY INTERACTION DATABASE NCI-NATURE CURATED DATA%RETINOIC ACID RECEPTORS-MEDIATED SIGNALING		26	0.37563097	1.0222715	0.41721854	0.7558957	1.0	1694	tags=23%, list=15%, signal=27%	
MYELOID LEUKOCYTE DIFFERENTIATION%GOBP%GO:0002573	MYELOID LEUKOCYTE DIFFERENTIATION%GOBP%GO:0002573		62	0.31655028	1.0217626	0.4274448	0.7569123	1.0	1530	tags=26%, list=14%, signal=30%	
REGULATION OF ERBB SIGNALING PATHWAY%GOBP%GO:1901184	REGULATION OF ERBB SIGNALING PATHWAY%GOBP%GO:1901184		47	0.32612064	1.0213726	0.40938511	0.75760454	1.0	3310	tags=43%, list=30%, signal=61%	
REGULATION OF CDH1 POSTTRANSLATIONAL PROCESSING AND TRAFFICKING TO PLASMA MEMBRANE%REACTOME DATABASE ID RELEASE 93%9768727	REGULATION OF CDH1 POSTTRANSLATIONAL PROCESSING AND TRAFFICKING TO PLASMA MEMBRANE%REACTOME DATABASE ID RELEASE 93%9768727		29	0.37018427	1.0212079	0.42404008	0.7576482	1.0	3085	tags=45%, list=28%, signal=62%	
REGULATION OF MITOCHONDRIAL FISSION%GOBP%GO:0090140	REGULATION OF MITOCHONDRIAL FISSION%GOBP%GO:0090140		20	0.39228958	1.0209777	0.43046358	0.7578626	1.0	2976	tags=40%, list=27%, signal=55%	
CALCIUM ION TRANSPORT%GOBP%GO:0006816	CALCIUM ION TRANSPORT%GOBP%GO:0006816		94	0.2906652	1.0209459	0.43278688	0.7575361	1.0	1951	tags=24%, list=18%, signal=29%	
PID_TRKR_PATHWAY%MSIGDB_C2%PID_TRKR_PATHWAY	PID_TRKR_PATHWAY%MSIGDB_C2%PID_TRKR_PATHWAY		34	0.34574038	1.0208908	0.4243421	0.75727344	1.0	2217	tags=24%, list=20%, signal=29%	
REGULATION OF MACROPHAGE MIGRATION%GOBP%GO:1905521	REGULATION OF MACROPHAGE MIGRATION%GOBP%GO:1905521		16	0.41199094	1.0208519	0.42905405	0.7569705	1.0	1583	tags=31%, list=14%, signal=36%	
POSITIVE REGULATION OF REGULATORY T CELL DIFFERENTIATION%GOBP%GO:0045591	POSITIVE REGULATION OF REGULATORY T CELL DIFFERENTIATION%GOBP%GO:0045591		15	0.4272296	1.0207955	0.43889844	0.7567055	1.0	2279	tags=47%, list=21%, signal=59%	
POSITIVE REGULATION OF GENE EXPRESSION, EPIGENETIC%GOBP%GO:0141137	POSITIVE REGULATION OF GENE EXPRESSION, EPIGENETIC%GOBP%GO:0141137		46	0.3313176	1.0206958	0.420339	0.7565566	1.0	1836	tags=17%, list=17%, signal=21%	
SPLICEOSOMAL TRI-SNRNP COMPLEX ASSEMBLY%GOBP%GO:0000244	SPLICEOSOMAL TRI-SNRNP COMPLEX ASSEMBLY%GOBP%GO:0000244		15	0.41898662	1.0197344	0.44972578	0.7588662	1.0	2531	tags=40%, list=23%, signal=52%	
POSITIVE REGULATION OF PROTEIN-CONTAINING COMPLEX ASSEMBLY%GOBP%GO:0031334	POSITIVE REGULATION OF PROTEIN-CONTAINING COMPLEX ASSEMBLY%GOBP%GO:0031334		128	0.2805778	1.0197191	0.41404012	0.75848424	1.0	2562	tags=29%, list=23%, signal=37%	
REGULATION OF MEMBRANE LIPID DISTRIBUTION%GOBP%GO:0097035	REGULATION OF MEMBRANE LIPID DISTRIBUTION%GOBP%GO:0097035		35	0.343712	1.0190077	0.41319445	0.7600694	1.0	973	tags=17%, list=9%, signal=19%	
REGULATION OF REGULATORY T CELL DIFFERENTIATION%GOBP%GO:0045589	REGULATION OF REGULATORY T CELL DIFFERENTIATION%GOBP%GO:0045589		20	0.40217286	1.0187253	0.44293016	0.760462	1.0	2279	tags=40%, list=21%, signal=50%	
PEPTIDYL-SERINE MODIFICATION%GOBP%GO:0018209	PEPTIDYL-SERINE MODIFICATION%GOBP%GO:0018209		35	0.34404066	1.0186745	0.4247039	0.7601785	1.0	3329	tags=31%, list=30%, signal=45%	
OSTEOCLAST DIFFERENTIATION%GOBP%GO:0030316	OSTEOCLAST DIFFERENTIATION%GOBP%GO:0030316		20	0.39715633	1.0186682	0.42413792	0.7597818	1.0	791	tags=20%, list=7%, signal=22%	
PI3K AKT SIGNALING IN CANCER%REACTOME%R-HSA-2219528.4	PI3K AKT SIGNALING IN CANCER%REACTOME%R-HSA-2219528.4		57	0.321162	1.0180826	0.44461778	0.7610628	1.0	1797	tags=28%, list=16%, signal=33%	
REGULATION OF SYNAPSE STRUCTURE OR ACTIVITY%GOBP%GO:0050803	REGULATION OF SYNAPSE STRUCTURE OR ACTIVITY%GOBP%GO:0050803		83	0.2958567	1.0179137	0.40986133	0.7611622	1.0	2620	tags=36%, list=24%, signal=47%	
REPLICATION FORK PROCESSING%GOBP%GO:0031297	REPLICATION FORK PROCESSING%GOBP%GO:0031297		45	0.3297605	1.017889	0.42538592	0.76081896	1.0	2897	tags=24%, list=26%, signal=33%	
LYSOSOME ORGANIZATION%GOBP%GO:0007040	LYSOSOME ORGANIZATION%GOBP%GO:0007040		73	0.30279574	1.017446	0.4149766	0.7616723	1.0	2381	tags=25%, list=22%, signal=31%	
BIOCARTA_INTEGRIN_PATHWAY%MSIGDB_C2%BIOCARTA_INTEGRIN_PATHWAY	BIOCARTA_INTEGRIN_PATHWAY%MSIGDB_C2%BIOCARTA_INTEGRIN_PATHWAY		25	0.3765485	1.017297	0.4236984	0.7616543	1.0	3554	tags=36%, list=32%, signal=53%	
PID_IL2_1PATHWAY%MSIGDB_C2%PID_IL2_1PATHWAY	PID_IL2_1PATHWAY%MSIGDB_C2%PID_IL2_1PATHWAY		43	0.33435836	1.0171548	0.44663382	0.76166373	1.0	2645	tags=40%, list=24%, signal=52%	
NEGATIVE REGULATION OF DNA REPLICATION%GOBP%GO:0008156	NEGATIVE REGULATION OF DNA REPLICATION%GOBP%GO:0008156		18	0.4094024	1.0170726	0.41680396	0.76151043	1.0	3198	tags=44%, list=29%, signal=63%	
SOMATIC DIVERSIFICATION OF IMMUNE RECEPTORS%GOBP%GO:0002200	SOMATIC DIVERSIFICATION OF IMMUNE RECEPTORS%GOBP%GO:0002200		35	0.34654534	1.0170187	0.4390244	0.7612552	1.0	812	tags=17%, list=7%, signal=18%	
POSITIVE REGULATION OF ATP-DEPENDENT ACTIVITY%GOBP%GO:0032781	POSITIVE REGULATION OF ATP-DEPENDENT ACTIVITY%GOBP%GO:0032781		15	0.4146648	1.0168426	0.4403509	0.76136	1.0	3392	tags=47%, list=31%, signal=67%	
NEGATIVE REGULATION OF LYMPHOCYTE DIFFERENTIATION%GOBP%GO:0045620	NEGATIVE REGULATION OF LYMPHOCYTE DIFFERENTIATION%GOBP%GO:0045620		24	0.3772027	1.0167053	0.451505	0.7612943	1.0	1320	tags=21%, list=12%, signal=24%	
NEGATIVE REGULATION OF OXIDATIVE STRESS-INDUCED INTRINSIC APOPTOTIC SIGNALING PATHWAY%GOBP%GO:1902176	NEGATIVE REGULATION OF OXIDATIVE STRESS-INDUCED INTRINSIC APOPTOTIC SIGNALING PATHWAY%GOBP%GO:1902176		16	0.4087207	1.0164206	0.44112477	0.761702	1.0	2535	tags=38%, list=23%, signal=49%	
REGULATION OF DNA RECOMBINATION%GOBP%GO:0000018	REGULATION OF DNA RECOMBINATION%GOBP%GO:0000018		102	0.28560328	1.0162749	0.41057542	0.7617043	1.0	2647	tags=25%, list=24%, signal=32%	
CARBOHYDRATE BIOSYNTHETIC PROCESS%GOBP%GO:0016051	CARBOHYDRATE BIOSYNTHETIC PROCESS%GOBP%GO:0016051		42	0.33319378	1.0162492	0.43265992	0.7613652	1.0	2035	tags=26%, list=19%, signal=32%	
REGULATION OF MITOPHAGY%GOBP%GO:1901524	REGULATION OF MITOPHAGY%GOBP%GO:1901524		30	0.35423118	1.0160283	0.43939394	0.761606	1.0	1225	tags=17%, list=11%, signal=19%	
ANDROGEN RECEPTOR SIGNALING%WIKIPATHWAYS_20250810%WP138%HOMO SAPIENS	ANDROGEN RECEPTOR SIGNALING%WIKIPATHWAYS_20250810%WP138%HOMO SAPIENS		58	0.3207241	1.0158297	0.41214058	0.7617441	1.0	3418	tags=40%, list=31%, signal=57%	
REGULATION OF HOMOTYPIC CELL-CELL ADHESION%REACTOME DATABASE ID RELEASE 93%9759476	REGULATION OF HOMOTYPIC CELL-CELL ADHESION%REACTOME DATABASE ID RELEASE 93%9759476		145	0.2722203	1.0157954	0.4105263	0.761418	1.0	1790	tags=20%, list=16%, signal=24%	
P53 PATHWAY FEEDBACK LOOPS 2%PANTHER PATHWAY%P04398	P53 PATHWAY FEEDBACK LOOPS 2%PANTHER PATHWAY%P04398		34	0.35147136	1.0157421	0.43405676	0.76116496	1.0	1797	tags=24%, list=16%, signal=28%	
SIGNALING BY FGFR2 IN DISEASE%REACTOME%R-HSA-5655253.3	SIGNALING BY FGFR2 IN DISEASE%REACTOME%R-HSA-5655253.3		22	0.38049755	1.0157294	0.44273505	0.7607886	1.0	1807	tags=18%, list=16%, signal=22%	
REGULATION OF TP53 ACTIVITY%REACTOME DATABASE ID RELEASE 93%5633007	REGULATION OF TP53 ACTIVITY%REACTOME DATABASE ID RELEASE 93%5633007		137	0.2796216	1.0157032	0.42410713	0.7604562	1.0	2769	tags=26%, list=25%, signal=34%	
NEGATIVE REGULATION OF BINDING%GOBP%GO:0051100	NEGATIVE REGULATION OF BINDING%GOBP%GO:0051100		32	0.35903138	1.0156041	0.42472267	0.7603327	1.0	2494	tags=34%, list=23%, signal=44%	
MITOTIC PROPHASE%REACTOME DATABASE ID RELEASE 93%68875	MITOTIC PROPHASE%REACTOME DATABASE ID RELEASE 93%68875		89	0.2943294	1.0154141	0.42028984	0.7604547	1.0	2555	tags=28%, list=23%, signal=36%	
TAT-MEDIATED HIV ELONGATION ARREST AND RECOVERY%REACTOME DATABASE ID RELEASE 93%167243	TAT-MEDIATED HIV ELONGATION ARREST AND RECOVERY%REACTOME DATABASE ID RELEASE 93%167243		28	0.36227894	1.0151459	0.4359401	0.7608324	1.0	3720	tags=32%, list=34%, signal=48%	
MITOTIC CELL CYCLE PHASE TRANSITION%GOBP%GO:0044772	MITOTIC CELL CYCLE PHASE TRANSITION%GOBP%GO:0044772		94	0.2943167	1.0151399	0.42038217	0.760445	1.0	2633	tags=33%, list=24%, signal=43%	
REGULATION OF ERAD PATHWAY%GOBP%GO:1904292	REGULATION OF ERAD PATHWAY%GOBP%GO:1904292		20	0.3897148	1.0151356	0.4463373	0.7600444	1.0	1963	tags=15%, list=18%, signal=18%	
SIGNALING EVENTS MEDIATED BY VEGFR1 AND VEGFR2%PATHWAY INTERACTION DATABASE NCI-NATURE CURATED DATA%SIGNALING EVENTS MEDIATED BY VEGFR1 AND VEGFR2	SIGNALING EVENTS MEDIATED BY VEGFR1 AND VEGFR2%PATHWAY INTERACTION DATABASE NCI-NATURE CURATED DATA%SIGNALING EVENTS MEDIATED BY VEGFR1 AND VEGFR2		58	0.31469128	1.014601	0.4262295	0.76108706	1.0	1517	tags=21%, list=14%, signal=24%	
AMIDE BIOSYNTHETIC PROCESS%GOBP%GO:0043604	AMIDE BIOSYNTHETIC PROCESS%GOBP%GO:0043604		85	0.29541698	1.014449	0.4237856	0.7610951	1.0	1145	tags=15%, list=10%, signal=17%	
FLUOROPYRIMIDINE ACTIVITY%WIKIPATHWAYS_20250810%WP1601%HOMO SAPIENS	FLUOROPYRIMIDINE ACTIVITY%WIKIPATHWAYS_20250810%WP1601%HOMO SAPIENS		20	0.3884443	1.0143619	0.4229452	0.76090395	1.0	2370	tags=35%, list=22%, signal=45%	
GLIOBLASTOMA SIGNALING%WIKIPATHWAYS_20250810%WP2261%HOMO SAPIENS	GLIOBLASTOMA SIGNALING%WIKIPATHWAYS_20250810%WP2261%HOMO SAPIENS		56	0.3164254	1.0142465	0.41909385	0.76080906	1.0	3554	tags=46%, list=32%, signal=68%	
EGFR TYROSINE KINASE INHIBITOR RESISTANCE%WIKIPATHWAYS_20250810%WP4806%HOMO SAPIENS	EGFR TYROSINE KINASE INHIBITOR RESISTANCE%WIKIPATHWAYS_20250810%WP4806%HOMO SAPIENS		49	0.3256707	1.0141424	0.41914192	0.76068366	1.0	1767	tags=27%, list=16%, signal=31%	
REGULATION OF JNK CASCADE%GOBP%GO:0046328	REGULATION OF JNK CASCADE%GOBP%GO:0046328		85	0.30069894	1.0135113	0.42926046	0.76200277	1.0	1420	tags=22%, list=13%, signal=25%	
O-LINKED GLYCOSYLATION%REACTOME DATABASE ID RELEASE 93%5173105	O-LINKED GLYCOSYLATION%REACTOME DATABASE ID RELEASE 93%5173105		57	0.3132401	1.0133531	0.42190015	0.7620371	1.0	2384	tags=30%, list=22%, signal=38%	
NEGATIVE REGULATION OF T CELL PROLIFERATION%GOBP%GO:0042130	NEGATIVE REGULATION OF T CELL PROLIFERATION%GOBP%GO:0042130		24	0.38472587	1.0132966	0.4401349	0.761778	1.0	2557	tags=42%, list=23%, signal=54%	
PROTEIN K48-LINKED DEUBIQUITINATION%GOBP%GO:0071108	PROTEIN K48-LINKED DEUBIQUITINATION%GOBP%GO:0071108		17	0.41338113	1.0130775	0.44680852	0.76200676	1.0	3307	tags=47%, list=30%, signal=67%	
CANONICAL NF-KAPPAB SIGNAL TRANSDUCTION%GOBP%GO:0007249	CANONICAL NF-KAPPAB SIGNAL TRANSDUCTION%GOBP%GO:0007249		28	0.36075258	1.0126247	0.43076923	0.76293606	1.0	1205	tags=14%, list=11%, signal=16%	
PDGF SIGNALING PATHWAY%PANTHER PATHWAY%P00047	PDGF SIGNALING PATHWAY%PANTHER PATHWAY%P00047		99	0.28603372	1.0124093	0.44264942	0.7631176	1.0	2794	tags=27%, list=25%, signal=36%	
REGULATION OF PHOSPHATIDYLINOSITOL 3-KINASE/PROTEIN KINASE B SIGNAL TRANSDUCTION%GOBP%GO:0051896	REGULATION OF PHOSPHATIDYLINOSITOL 3-KINASE/PROTEIN KINASE B SIGNAL TRANSDUCTION%GOBP%GO:0051896		135	0.27657747	1.0120984	0.41474655	0.76354545	1.0	1583	tags=22%, list=14%, signal=26%	
CALCIUM ION TRANSMEMBRANE IMPORT INTO CYTOSOL%GOBP%GO:0097553	CALCIUM ION TRANSMEMBRANE IMPORT INTO CYTOSOL%GOBP%GO:0097553		35	0.34028685	1.0118623	0.431562	0.76381034	1.0	2782	tags=49%, list=25%, signal=65%	
NEGATIVE REGULATION OF CELL MIGRATION%GOBP%GO:0030336	NEGATIVE REGULATION OF CELL MIGRATION%GOBP%GO:0030336		150	0.27073765	1.0115288	0.42057487	0.7643264	1.0	2284	tags=31%, list=21%, signal=39%	
REGULATION OF GLUCONEOGENESIS%GOBP%GO:0006111	REGULATION OF GLUCONEOGENESIS%GOBP%GO:0006111		25	0.37060797	1.0108792	0.41914192	0.7656843	1.0	1870	tags=24%, list=17%, signal=29%	
MAP2K AND MAPK ACTIVATION%REACTOME DATABASE ID RELEASE 93%5674135	MAP2K AND MAPK ACTIVATION%REACTOME DATABASE ID RELEASE 93%5674135		30	0.35850844	1.0107123	0.4579901	0.76575214	1.0	1014	tags=13%, list=9%, signal=15%	
BIOCARTA_HCMV_PATHWAY%MSIGDB_C2%BIOCARTA_HCMV_PATHWAY	BIOCARTA_HCMV_PATHWAY%MSIGDB_C2%BIOCARTA_HCMV_PATHWAY		15	0.4181704	1.0106854	0.4531516	0.76541305	1.0	778	tags=13%, list=7%, signal=14%	
ABERRANT REGULATION OF MITOTIC EXIT IN CANCER DUE TO RB1 DEFECTS%REACTOME DATABASE ID RELEASE 93%9687136	ABERRANT REGULATION OF MITOTIC EXIT IN CANCER DUE TO RB1 DEFECTS%REACTOME DATABASE ID RELEASE 93%9687136		20	0.39727572	1.0103611	0.45932204	0.7659015	1.0	2755	tags=35%, list=25%, signal=47%	
LIMBIC SYSTEM DEVELOPMENT%GOBP%GO:0021761	LIMBIC SYSTEM DEVELOPMENT%GOBP%GO:0021761		15	0.41813838	1.010081	0.4589615	0.7662511	1.0	1387	tags=20%, list=13%, signal=23%	
ENDOPLASMIC RETICULUM ORGANIZATION%GOBP%GO:0007029	ENDOPLASMIC RETICULUM ORGANIZATION%GOBP%GO:0007029		65	0.30780163	1.0099864	0.40722495	0.7661123	1.0	3571	tags=43%, list=33%, signal=63%	
REGULATION OF GLYCOGEN BIOSYNTHETIC PROCESS%GOBP%GO:0005979	REGULATION OF GLYCOGEN BIOSYNTHETIC PROCESS%GOBP%GO:0005979		16	0.40582994	1.0099691	0.44596913	0.7657477	1.0	3209	tags=38%, list=29%, signal=53%	
SIGNALING BY CSF3 (G-CSF)%REACTOME%R-HSA-9674555.4	SIGNALING BY CSF3 (G-CSF)%REACTOME%R-HSA-9674555.4		29	0.3626037	1.0099586	0.4222973	0.765365	1.0	2587	tags=34%, list=24%, signal=45%	
NUCLEIC ACID CATABOLIC PROCESS%GOBP%GO:0141188	NUCLEIC ACID CATABOLIC PROCESS%GOBP%GO:0141188		182	0.26508513	1.0097034	0.43251088	0.7656684	1.0	2880	tags=23%, list=26%, signal=30%	
AUTOPHAGY%WIKIPATHWAYS_20250810%WP4923%HOMO SAPIENS	AUTOPHAGY%WIKIPATHWAYS_20250810%WP4923%HOMO SAPIENS		22	0.389166	1.0093535	0.46324787	0.7662044	1.0	2120	tags=32%, list=19%, signal=39%	
CELLULAR RESPONSE TO HEXOSE STIMULUS%GOBP%GO:0071331	CELLULAR RESPONSE TO HEXOSE STIMULUS%GOBP%GO:0071331		26	0.36150968	1.009202	0.44719473	0.76620686	1.0	1922	tags=38%, list=17%, signal=47%	
SUMO E3 LIGASES SUMOYLATE TARGET PROTEINS%REACTOME DATABASE ID RELEASE 93%3108232	SUMO E3 LIGASES SUMOYLATE TARGET PROTEINS%REACTOME DATABASE ID RELEASE 93%3108232		140	0.27580076	1.0091782	0.4309816	0.7658634	1.0	3664	tags=41%, list=33%, signal=60%	
REGULATION OF BEHAVIOR%GOBP%GO:0050795	REGULATION OF BEHAVIOR%GOBP%GO:0050795		20	0.39705348	1.0087212	0.44918033	0.76671517	1.0	1681	tags=25%, list=15%, signal=29%	
CELLULAR EXTRAVASATION%GOBP%GO:0045123	CELLULAR EXTRAVASATION%GOBP%GO:0045123		23	0.37371033	1.008716	0.44839254	0.7663208	1.0	2095	tags=35%, list=19%, signal=43%	
PRE-MRNA SPLICING%REACTOME DATABASE ID RELEASE 93%72163	PRE-MRNA SPLICING%REACTOME DATABASE ID RELEASE 93%72163		200	0.2640309	1.0085697	0.43813682	0.7663161	1.0	1436	tags=11%, list=13%, signal=12%	
METABOLIC REPROGRAMMING IN PANCREATIC CANCER%WIKIPATHWAYS_20250810%WP5220%HOMO SAPIENS	METABOLIC REPROGRAMMING IN PANCREATIC CANCER%WIKIPATHWAYS_20250810%WP5220%HOMO SAPIENS		24	0.37262377	1.0082405	0.4675768	0.766801	1.0	1179	tags=13%, list=11%, signal=14%	
VEGFR1 SPECIFIC SIGNALS%PATHWAY INTERACTION DATABASE NCI-NATURE CURATED DATA%VEGFR1 SPECIFIC SIGNALS	VEGFR1 SPECIFIC SIGNALS%PATHWAY INTERACTION DATABASE NCI-NATURE CURATED DATA%VEGFR1 SPECIFIC SIGNALS		22	0.3847697	1.0077549	0.4586207	0.76775837	1.0	3536	tags=50%, list=32%, signal=74%	
U12 DEPENDENT SPLICING%REACTOME%R-HSA-72165.3	U12 DEPENDENT SPLICING%REACTOME%R-HSA-72165.3		48	0.3233001	1.0075219	0.4326241	0.7680048	1.0	1807	tags=17%, list=16%, signal=20%	
BIOCARTA_TNFR1_PATHWAY%MSIGDB_C2%BIOCARTA_TNFR1_PATHWAY	BIOCARTA_TNFR1_PATHWAY%MSIGDB_C2%BIOCARTA_TNFR1_PATHWAY		26	0.36686447	1.0065832	0.43425605	0.77022433	1.0	3510	tags=42%, list=32%, signal=62%	
SENSORY PROCESSING OF SOUND BY INNER HAIR CELLS OF THE COCHLEA%REACTOME%R-HSA-9662360.2	SENSORY PROCESSING OF SOUND BY INNER HAIR CELLS OF THE COCHLEA%REACTOME%R-HSA-9662360.2		26	0.36086634	1.0065202	0.4562937	0.769988	1.0	2131	tags=31%, list=19%, signal=38%	
LONG-CHAIN FATTY-ACYL-COA METABOLIC PROCESS%GOBP%GO:0035336	LONG-CHAIN FATTY-ACYL-COA METABOLIC PROCESS%GOBP%GO:0035336		19	0.39430714	1.0064505	0.46575344	0.7697786	1.0	643	tags=16%, list=6%, signal=17%	
DISEASES OF DNA DOUBLE-STRAND BREAK REPAIR%REACTOME%R-HSA-9675136.4	DISEASES OF DNA DOUBLE-STRAND BREAK REPAIR%REACTOME%R-HSA-9675136.4		38	0.34020868	1.0062516	0.45602605	0.7699176	1.0	3453	tags=39%, list=31%, signal=57%	
POSITIVE REGULATION OF CYTOKINE-MEDIATED SIGNALING PATHWAY%GOBP%GO:0001961	POSITIVE REGULATION OF CYTOKINE-MEDIATED SIGNALING PATHWAY%GOBP%GO:0001961		35	0.34873256	1.0058846	0.46409807	0.770547	1.0	2822	tags=46%, list=26%, signal=61%	
REV-MEDIATED NUCLEAR EXPORT OF HIV RNA%REACTOME%R-HSA-165054.4	REV-MEDIATED NUCLEAR EXPORT OF HIV RNA%REACTOME%R-HSA-165054.4		32	0.34923044	1.0054133	0.47579297	0.7714372	1.0	3521	tags=41%, list=32%, signal=60%	
NONGENOTROPIC ANDROGEN SIGNALING%PATHWAY INTERACTION DATABASE NCI-NATURE CURATED DATA%NONGENOTROPIC ANDROGEN SIGNALING	NONGENOTROPIC ANDROGEN SIGNALING%PATHWAY INTERACTION DATABASE NCI-NATURE CURATED DATA%NONGENOTROPIC ANDROGEN SIGNALING		27	0.35933468	1.0053349	0.4619469	0.7712541	1.0	2756	tags=37%, list=25%, signal=49%	
NEGATIVE REGULATION OF CELL MOTILITY%GOBP%GO:2000146	NEGATIVE REGULATION OF CELL MOTILITY%GOBP%GO:2000146		157	0.271147	1.0052563	0.44277108	0.77106404	1.0	2226	tags=31%, list=20%, signal=38%	
HALLMARK_HYPOXIA%MSIGDBHALLMARK%HALLMARK_HYPOXIA	HALLMARK_HYPOXIA%MSIGDBHALLMARK%HALLMARK_HYPOXIA		94	0.28905493	1.0051687	0.44740972	0.7708914	1.0	878	tags=16%, list=8%, signal=17%	
LEARNING%GOBP%GO:0007612	LEARNING%GOBP%GO:0007612		27	0.35728902	1.0046656	0.4533107	0.77197796	1.0	781	tags=19%, list=7%, signal=20%	
MRNA DECAY BY 3' TO 5' EXORIBONUCLEASE%REACTOME%R-HSA-429958.5	MRNA DECAY BY 3' TO 5' EXORIBONUCLEASE%REACTOME%R-HSA-429958.5		16	0.41933602	1.0045077	0.46263346	0.77201015	1.0	477	tags=13%, list=4%, signal=13%	
MUSCARINIC ACETYLCHOLINE RECEPTOR 1 AND 3 SIGNALING PATHWAY%PANTHER PATHWAY%P00042	MUSCARINIC ACETYLCHOLINE RECEPTOR 1 AND 3 SIGNALING PATHWAY%PANTHER PATHWAY%P00042		23	0.36756137	1.0041033	0.47038916	0.7727593	1.0	1517	tags=26%, list=14%, signal=30%	
REGULATION OF CIRCADIAN RHYTHM%GOBP%GO:0042752	REGULATION OF CIRCADIAN RHYTHM%GOBP%GO:0042752		68	0.3056334	1.004074	0.44888178	0.772444	1.0	2202	tags=22%, list=20%, signal=27%	
CYTOKINETIC PROCESS%GOBP%GO:0032506	CYTOKINETIC PROCESS%GOBP%GO:0032506		40	0.32971537	1.0031115	0.4557377	0.77465224	1.0	2448	tags=28%, list=22%, signal=35%	
REGULATION OF ANOIKIS%GOBP%GO:2000209	REGULATION OF ANOIKIS%GOBP%GO:2000209		15	0.4202255	1.002982	0.47957373	0.7745828	1.0	2339	tags=40%, list=21%, signal=51%	
RESPONSE TO MISFOLDED PROTEIN%GOBP%GO:0051788	RESPONSE TO MISFOLDED PROTEIN%GOBP%GO:0051788		16	0.40822497	1.0029761	0.4810345	0.77419025	1.0	2021	tags=38%, list=18%, signal=46%	
CELLULAR RESPONSE TO HYPOXIA%GOBP%GO:0071456	CELLULAR RESPONSE TO HYPOXIA%GOBP%GO:0071456		54	0.31435493	1.0028512	0.45333335	0.77414113	1.0	1842	tags=30%, list=17%, signal=35%	
VEGF SIGNALING PATHWAY%PANTHER PATHWAY%P00056	VEGF SIGNALING PATHWAY%PANTHER PATHWAY%P00056		46	0.3276397	1.002837	0.46833333	0.7737795	1.0	2535	tags=30%, list=23%, signal=39%	
DNA MISMATCH REPAIR%WIKIPATHWAYS_20250810%WP531%HOMO SAPIENS	DNA MISMATCH REPAIR%WIKIPATHWAYS_20250810%WP531%HOMO SAPIENS		17	0.40626734	1.002816	0.46085408	0.7734361	1.0	3479	tags=35%, list=32%, signal=52%	
UBIQUITIN-DEPENDENT PROTEIN CATABOLIC PROCESS VIA THE C-END DEGRON RULE PATHWAY%GOBP%GO:0140627	UBIQUITIN-DEPENDENT PROTEIN CATABOLIC PROCESS VIA THE C-END DEGRON RULE PATHWAY%GOBP%GO:0140627		15	0.4109908	1.0027453	0.48342058	0.7732273	1.0	1818	tags=27%, list=17%, signal=32%	
RETROGRADE VESICLE-MEDIATED TRANSPORT, GOLGI TO ENDOPLASMIC RETICULUM%GOBP%GO:0006890	RETROGRADE VESICLE-MEDIATED TRANSPORT, GOLGI TO ENDOPLASMIC RETICULUM%GOBP%GO:0006890		41	0.3346185	1.0026662	0.46875	0.77304417	1.0	3108	tags=41%, list=28%, signal=58%	
MUSCLE CELL DEVELOPMENT%GOBP%GO:0055001	MUSCLE CELL DEVELOPMENT%GOBP%GO:0055001		33	0.35156977	1.0025442	0.4504065	0.77298135	1.0	1987	tags=30%, list=18%, signal=37%	
RESPONSE TO WOUNDING%GOBP%GO:0009611	RESPONSE TO WOUNDING%GOBP%GO:0009611		158	0.27018154	1.0024796	0.44152048	0.7727505	1.0	1764	tags=26%, list=16%, signal=30%	
PROTEIN HETEROOLIGOMERIZATION%GOBP%GO:0051291	PROTEIN HETEROOLIGOMERIZATION%GOBP%GO:0051291		16	0.417533	1.002176	0.47469458	0.77319294	1.0	55	tags=6%, list=1%, signal=6%	
NEGATIVE REGULATION OF LOCOMOTION%GOBP%GO:0040013	NEGATIVE REGULATION OF LOCOMOTION%GOBP%GO:0040013		160	0.2694743	1.002166	0.45427728	0.7728079	1.0	2226	tags=30%, list=20%, signal=37%	
GNAQ PATHWAYS IN PORT WINE STAIN%WIKIPATHWAYS_20250810%WP5437%HOMO SAPIENS	GNAQ PATHWAYS IN PORT WINE STAIN%WIKIPATHWAYS_20250810%WP5437%HOMO SAPIENS		15	0.41210395	1.0019935	0.47275922	0.7728764	1.0	146	tags=7%, list=1%, signal=7%	
POSITIVE REGULATION OF LAMELLIPODIUM ORGANIZATION%GOBP%GO:1902745	POSITIVE REGULATION OF LAMELLIPODIUM ORGANIZATION%GOBP%GO:1902745		27	0.36088294	1.0016658	0.4661157	0.7733398	1.0	3709	tags=56%, list=34%, signal=84%	
PROTEIN TRANSMEMBRANE TRANSPORT%GOBP%GO:0071806	PROTEIN TRANSMEMBRANE TRANSPORT%GOBP%GO:0071806		46	0.32745278	1.0016634	0.44618055	0.7729429	1.0	2049	tags=30%, list=19%, signal=37%	
AGE RAGE PATHWAY%WIKIPATHWAYS_20250810%WP2324%HOMO SAPIENS	AGE RAGE PATHWAY%WIKIPATHWAYS_20250810%WP2324%HOMO SAPIENS		41	0.32881856	1.0010453	0.4570957	0.7742766	1.0	1752	tags=22%, list=16%, signal=26%	
REGULATION OF MYELOID LEUKOCYTE DIFFERENTIATION%GOBP%GO:0002761	REGULATION OF MYELOID LEUKOCYTE DIFFERENTIATION%GOBP%GO:0002761		55	0.3137882	1.0010301	0.46434233	0.7739093	1.0	1705	tags=25%, list=16%, signal=30%	
VITAMIN D IN INFLAMMATORY DISEASES%WIKIPATHWAYS_20250810%WP4482%HOMO SAPIENS	VITAMIN D IN INFLAMMATORY DISEASES%WIKIPATHWAYS_20250810%WP4482%HOMO SAPIENS		17	0.3993215	1.0009673	0.471831	0.77367	1.0	838	tags=18%, list=8%, signal=19%	
POSITIVE REGULATION OF TOR SIGNALING%GOBP%GO:0032008	POSITIVE REGULATION OF TOR SIGNALING%GOBP%GO:0032008		60	0.30927145	1.0008768	0.451505	0.773514	1.0	2192	tags=28%, list=20%, signal=35%	
CELLULAR RESPONSE TO INTERLEUKIN-6%GOBP%GO:0071354	CELLULAR RESPONSE TO INTERLEUKIN-6%GOBP%GO:0071354		16	0.41217512	1.0003704	0.46575344	0.7744871	1.0	2649	tags=38%, list=24%, signal=49%	
NANOPARTICLE TRIGGERED AUTOPHAGIC CELL DEATH%WIKIPATHWAYS_20250810%WP2509%HOMO SAPIENS	NANOPARTICLE TRIGGERED AUTOPHAGIC CELL DEATH%WIKIPATHWAYS_20250810%WP2509%HOMO SAPIENS		16	0.40815496	1.0003524	0.47007042	0.7741307	1.0	2724	tags=38%, list=25%, signal=50%	
STEROL METABOLIC PROCESS%GOBP%GO:0016125	STEROL METABOLIC PROCESS%GOBP%GO:0016125		50	0.32450926	1.0000808	0.46884736	0.77448016	1.0	1063	tags=14%, list=10%, signal=15%	
MUSCLE CONTRACTION%GOBP%GO:0006936	MUSCLE CONTRACTION%GOBP%GO:0006936		65	0.3058807	0.9998114	0.46634614	0.7747886	1.0	580	tags=15%, list=5%, signal=16%	
RESPONSE TO INSULIN%GOBP%GO:0032868	RESPONSE TO INSULIN%GOBP%GO:0032868		85	0.29199943	0.9997334	0.48058254	0.7746282	1.0	2574	tags=27%, list=23%, signal=35%	
REGULATION OF STEM CELL DIFFERENTIATION%GOBP%GO:2000736	REGULATION OF STEM CELL DIFFERENTIATION%GOBP%GO:2000736		44	0.32562906	0.99966466	0.4237856	0.7744209	1.0	254	tags=7%, list=2%, signal=7%	
POSITIVE REGULATION OF MYELOID CELL DIFFERENTIATION%GOBP%GO:0045639	POSITIVE REGULATION OF MYELOID CELL DIFFERENTIATION%GOBP%GO:0045639		60	0.30477083	0.9994414	0.44871795	0.77462155	1.0	2159	tags=33%, list=20%, signal=41%	
BETA-CATENIN PHOSPHORYLATION CASCADE%REACTOME%R-HSA-196299.3	BETA-CATENIN PHOSPHORYLATION CASCADE%REACTOME%R-HSA-196299.3		17	0.40009946	0.99925643	0.48	0.7747484	1.0	1494	tags=24%, list=14%, signal=27%	
REGULATION OF DENDRITE DEVELOPMENT%GOBP%GO:0050773	REGULATION OF DENDRITE DEVELOPMENT%GOBP%GO:0050773		32	0.35020915	0.99921304	0.42737895	0.7744799	1.0	1993	tags=31%, list=18%, signal=38%	
CELLULAR RESPONSE TO MONOSACCHARIDE STIMULUS%GOBP%GO:0071326	CELLULAR RESPONSE TO MONOSACCHARIDE STIMULUS%GOBP%GO:0071326		26	0.36150968	0.99912816	0.44	0.77430266	1.0	1922	tags=38%, list=17%, signal=47%	
HALLMARK_APOPTOSIS%MSIGDBHALLMARK%HALLMARK_APOPTOSIS	HALLMARK_APOPTOSIS%MSIGDBHALLMARK%HALLMARK_APOPTOSIS		107	0.28601342	0.9990389	0.46646342	0.77415127	1.0	1857	tags=29%, list=17%, signal=35%	
PALLIUM DEVELOPMENT%GOBP%GO:0021543	PALLIUM DEVELOPMENT%GOBP%GO:0021543		40	0.337413	0.99896824	0.46308726	0.7739664	1.0	3065	tags=45%, list=28%, signal=62%	
HEAD AND NECK SQUAMOUS CELL CARCINOMA%WIKIPATHWAYS_20250810%WP4674%HOMO SAPIENS	HEAD AND NECK SQUAMOUS CELL CARCINOMA%WIKIPATHWAYS_20250810%WP4674%HOMO SAPIENS		53	0.31091827	0.99893975	0.45468998	0.77362937	1.0	2120	tags=25%, list=19%, signal=30%	
NEGATIVE REGULATORS OF RIG-I MDA5 SIGNALING%REACTOME%R-HSA-936440.6	NEGATIVE REGULATORS OF RIG-I MDA5 SIGNALING%REACTOME%R-HSA-936440.6		35	0.34860635	0.9984729	0.454844	0.77448726	1.0	2727	tags=34%, list=25%, signal=45%	
REGULATION OF ANATOMICAL STRUCTURE SIZE%GOBP%GO:0090066	REGULATION OF ANATOMICAL STRUCTURE SIZE%GOBP%GO:0090066		189	0.26651126	0.99827856	0.4589928	0.7746222	1.0	2326	tags=26%, list=21%, signal=33%	
REGULATION OF G2/M TRANSITION OF MITOTIC CELL CYCLE%GOBP%GO:0010389	REGULATION OF G2/M TRANSITION OF MITOTIC CELL CYCLE%GOBP%GO:0010389		78	0.29915327	0.99827176	0.45383412	0.7742407	1.0	3545	tags=44%, list=32%, signal=64%	
TRANSLATION INHIBITORS IN CHRONICALLY ACTIVATED PDGFRA CELLS%WIKIPATHWAYS_20250810%WP4566%HOMO SAPIENS	TRANSLATION INHIBITORS IN CHRONICALLY ACTIVATED PDGFRA CELLS%WIKIPATHWAYS_20250810%WP4566%HOMO SAPIENS		33	0.35111353	0.99818164	0.4749164	0.7740936	1.0	1933	tags=21%, list=18%, signal=26%	
INTERACTIONS OF REV WITH HOST CELLULAR PROTEINS%REACTOME%R-HSA-177243.4	INTERACTIONS OF REV WITH HOST CELLULAR PROTEINS%REACTOME%R-HSA-177243.4		34	0.34386382	0.9980908	0.47281712	0.77395564	1.0	3521	tags=41%, list=32%, signal=60%	
BIOCARTA_HIVNEF_PATHWAY%MSIGDB_C2%BIOCARTA_HIVNEF_PATHWAY	BIOCARTA_HIVNEF_PATHWAY%MSIGDB_C2%BIOCARTA_HIVNEF_PATHWAY		41	0.33679655	0.9980276	0.4642857	0.7737257	1.0	2339	tags=27%, list=21%, signal=34%	
T CELL DIFFERENTIATION INVOLVED IN IMMUNE RESPONSE%GOBP%GO:0002292	T CELL DIFFERENTIATION INVOLVED IN IMMUNE RESPONSE%GOBP%GO:0002292		27	0.3620933	0.99762326	0.43939394	0.7744844	1.0	2587	tags=37%, list=24%, signal=48%	
CELL-CELL COMMUNICATION%REACTOME DATABASE ID RELEASE 93%1500931	CELL-CELL COMMUNICATION%REACTOME DATABASE ID RELEASE 93%1500931		199	0.26145792	0.9975856	0.459375	0.77418387	1.0	2164	tags=24%, list=20%, signal=29%	
TGF-BETA RECEPTOR SIGNALING%PATHWAY INTERACTION DATABASE NCI-NATURE CURATED DATA%TGF-BETA RECEPTOR SIGNALING	TGF-BETA RECEPTOR SIGNALING%PATHWAY INTERACTION DATABASE NCI-NATURE CURATED DATA%TGF-BETA RECEPTOR SIGNALING		44	0.32819036	0.99728864	0.46296296	0.7746189	1.0	2047	tags=23%, list=19%, signal=28%	
REGULATION OF EPIDERMAL GROWTH FACTOR RECEPTOR SIGNALING PATHWAY%GOBP%GO:0042058	REGULATION OF EPIDERMAL GROWTH FACTOR RECEPTOR SIGNALING PATHWAY%GOBP%GO:0042058		42	0.32919303	0.9968256	0.45704466	0.7754709	1.0	3110	tags=40%, list=28%, signal=56%	
TRANS-SYNAPTIC SIGNALING%GOBP%GO:0099537	TRANS-SYNAPTIC SIGNALING%GOBP%GO:0099537		103	0.28319004	0.996607	0.48062015	0.7756895	1.0	2098	tags=28%, list=19%, signal=34%	
REGULATION OF CELLULAR SENESCENCE%GOBP%GO:2000772	REGULATION OF CELLULAR SENESCENCE%GOBP%GO:2000772		27	0.3607071	0.99641085	0.47160068	0.77582824	1.0	2595	tags=30%, list=24%, signal=39%	
BIOCARTA_BIOPEPTIDES_PATHWAY%MSIGDB_C2%BIOCARTA_BIOPEPTIDES_PATHWAY	BIOCARTA_BIOPEPTIDES_PATHWAY%MSIGDB_C2%BIOCARTA_BIOPEPTIDES_PATHWAY		21	0.38289523	0.99631387	0.4721754	0.7757058	1.0	2756	tags=38%, list=25%, signal=51%	
REGULATION OF TRANSLATIONAL INITIATION%GOBP%GO:0006446	REGULATION OF TRANSLATIONAL INITIATION%GOBP%GO:0006446		64	0.302554	0.9956417	0.46141216	0.7771824	1.0	2206	tags=22%, list=20%, signal=27%	
PI3 KINASE PATHWAY%PANTHER PATHWAY%P00048	PI3 KINASE PATHWAY%PANTHER PATHWAY%P00048		29	0.35815057	0.99551445	0.48370498	0.77714306	1.0	1408	tags=17%, list=13%, signal=20%	
RESPONSE TO OXIDATIVE STRESS%GOBP%GO:0006979	RESPONSE TO OXIDATIVE STRESS%GOBP%GO:0006979		180	0.26560837	0.99498963	0.4883041	0.7781735	1.0	2021	tags=19%, list=18%, signal=23%	
MITOTIC SPINDLE ORGANIZATION%GOBP%GO:0007052	MITOTIC SPINDLE ORGANIZATION%GOBP%GO:0007052		80	0.29494944	0.99459094	0.47468355	0.77889967	1.0	2328	tags=21%, list=21%, signal=27%	
NEGATIVE REGULATION OF CYTOKINE-MEDIATED SIGNALING PATHWAY%GOBP%GO:0001960	NEGATIVE REGULATION OF CYTOKINE-MEDIATED SIGNALING PATHWAY%GOBP%GO:0001960		47	0.32389775	0.9937788	0.4701131	0.7807049	1.0	1963	tags=30%, list=18%, signal=36%	
POSITIVE REGULATION OF MONOATOMIC ION TRANSPORT%GOBP%GO:0043270	POSITIVE REGULATION OF MONOATOMIC ION TRANSPORT%GOBP%GO:0043270		56	0.313668	0.99297416	0.50311524	0.7825748	1.0	582	tags=13%, list=5%, signal=13%	
REGULATION OF T-HELPER CELL DIFFERENTIATION%GOBP%GO:0045622	REGULATION OF T-HELPER CELL DIFFERENTIATION%GOBP%GO:0045622		30	0.35174984	0.9926866	0.48617887	0.7829646	1.0	1160	tags=17%, list=11%, signal=19%	
SIGNALING EVENTS MEDIATED BY PRL%PATHWAY INTERACTION DATABASE NCI-NATURE CURATED DATA%SIGNALING EVENTS MEDIATED BY PRL	SIGNALING EVENTS MEDIATED BY PRL%PATHWAY INTERACTION DATABASE NCI-NATURE CURATED DATA%SIGNALING EVENTS MEDIATED BY PRL		20	0.38939092	0.99257225	0.4778157	0.7828855	1.0	2481	tags=30%, list=23%, signal=39%	
FATTY-ACYL-COA METABOLIC PROCESS%GOBP%GO:0035337	FATTY-ACYL-COA METABOLIC PROCESS%GOBP%GO:0035337		34	0.34457216	0.9924543	0.46779662	0.78281343	1.0	643	tags=12%, list=6%, signal=12%	
DNA DAMAGE TELOMERE STRESS INDUCED SENESCENCE%REACTOME%R-HSA-2559586.5	DNA DAMAGE TELOMERE STRESS INDUCED SENESCENCE%REACTOME%R-HSA-2559586.5		46	0.32062548	0.9923504	0.44535074	0.7827024	1.0	1371	tags=24%, list=12%, signal=27%	
CELL DIVISION%GOBP%GO:0051301	CELL DIVISION%GOBP%GO:0051301		122	0.2769862	0.9922885	0.47663552	0.78246707	1.0	2538	tags=26%, list=23%, signal=34%	
PROTEIN K63-LINKED UBIQUITINATION%GOBP%GO:0070534	PROTEIN K63-LINKED UBIQUITINATION%GOBP%GO:0070534		50	0.31138667	0.991583	0.4573269	0.78397065	1.0	1258	tags=18%, list=11%, signal=20%	
REGULATION OF INTERLEUKIN-1 BETA PRODUCTION%GOBP%GO:0032651	REGULATION OF INTERLEUKIN-1 BETA PRODUCTION%GOBP%GO:0032651		52	0.31401113	0.9915788	0.47284344	0.7835786	1.0	3240	tags=44%, list=30%, signal=62%	
CALCIUM-ION REGULATED EXOCYTOSIS%GOBP%GO:0017156	CALCIUM-ION REGULATED EXOCYTOSIS%GOBP%GO:0017156		15	0.41686174	0.9915687	0.5017361	0.7832081	1.0	889	tags=20%, list=8%, signal=22%	
EPHB-MEDIATED FORWARD SIGNALING%REACTOME%R-HSA-3928662.4	EPHB-MEDIATED FORWARD SIGNALING%REACTOME%R-HSA-3928662.4		28	0.34640124	0.99150467	0.45833334	0.7829897	1.0	2804	tags=32%, list=26%, signal=43%	
NUCLEOSOME ORGANIZATION%GOBP%GO:0034728	NUCLEOSOME ORGANIZATION%GOBP%GO:0034728		63	0.3062151	0.9914757	0.4644714	0.7826751	1.0	2115	tags=24%, list=19%, signal=29%	
RECEPTOR INTERNALIZATION%GOBP%GO:0031623	RECEPTOR INTERNALIZATION%GOBP%GO:0031623		44	0.32937133	0.9914668	0.45517242	0.782303	1.0	681	tags=18%, list=6%, signal=19%	
POSITIVE REGULATION OF CALCIUM ION TRANSMEMBRANE TRANSPORT%GOBP%GO:1904427	POSITIVE REGULATION OF CALCIUM ION TRANSMEMBRANE TRANSPORT%GOBP%GO:1904427		18	0.39570925	0.9912182	0.4641638	0.78263277	1.0	215	tags=11%, list=2%, signal=11%	
IMMUNE SYSTEM DEVELOPMENT%GOBP%GO:0002520	IMMUNE SYSTEM DEVELOPMENT%GOBP%GO:0002520		56	0.31549102	0.9911436	0.46839547	0.78243506	1.0	1210	tags=20%, list=11%, signal=22%	
DEFECTIVE HOMOLOGOUS RECOMBINATION REPAIR (HRR) DUE TO BRCA2 LOSS OF FUNCTION%REACTOME%R-HSA-9701190.3	DEFECTIVE HOMOLOGOUS RECOMBINATION REPAIR (HRR) DUE TO BRCA2 LOSS OF FUNCTION%REACTOME%R-HSA-9701190.3		38	0.34020868	0.9909286	0.47916666	0.78261673	1.0	3453	tags=39%, list=31%, signal=57%	
EXECUTION PHASE OF APOPTOSIS%GOBP%GO:0097194	EXECUTION PHASE OF APOPTOSIS%GOBP%GO:0097194		26	0.35853705	0.990913	0.48070174	0.7822607	1.0	3432	tags=42%, list=31%, signal=61%	
BIOCARTA_TCR_PATHWAY%MSIGDB_C2%BIOCARTA_TCR_PATHWAY	BIOCARTA_TCR_PATHWAY%MSIGDB_C2%BIOCARTA_TCR_PATHWAY		33	0.3498108	0.99087024	0.48370498	0.7819744	1.0	420	tags=12%, list=4%, signal=13%	
IMPORT INTO NUCLEUS%GOBP%GO:0051170	IMPORT INTO NUCLEUS%GOBP%GO:0051170		75	0.29505327	0.9907291	0.46496814	0.78196234	1.0	2500	tags=25%, list=23%, signal=33%	
GLUCONEOGENESIS%GOBP%GO:0006094	GLUCONEOGENESIS%GOBP%GO:0006094		19	0.38560528	0.99022853	0.48269895	0.7829826	1.0	1682	tags=26%, list=15%, signal=31%	
NICOTINATE METABOLISM%REACTOME%R-HSA-196807.7	NICOTINATE METABOLISM%REACTOME%R-HSA-196807.7		22	0.37565023	0.98940766	0.46554622	0.78488505	1.0	748	tags=18%, list=7%, signal=19%	
PROTEIN LOCALIZATION TO CELL PERIPHERY%GOBP%GO:1990778	PROTEIN LOCALIZATION TO CELL PERIPHERY%GOBP%GO:1990778		126	0.2731191	0.98908234	0.47161573	0.7854111	1.0	2012	tags=21%, list=18%, signal=25%	
REGULATION OF PROTEIN IMPORT INTO NUCLEUS%GOBP%GO:0042306	REGULATION OF PROTEIN IMPORT INTO NUCLEUS%GOBP%GO:0042306		32	0.34387007	0.98833406	0.4695946	0.7870855	1.0	3993	tags=53%, list=36%, signal=83%	
PID_RETINOIC_ACID_PATHWAY%MSIGDB_C2%PID_RETINOIC_ACID_PATHWAY	PID_RETINOIC_ACID_PATHWAY%MSIGDB_C2%PID_RETINOIC_ACID_PATHWAY		18	0.39945883	0.98819053	0.47231835	0.7870777	1.0	507	tags=11%, list=5%, signal=12%	
HEDGEHOG SIGNALING EVENTS MEDIATED BY GLI PROTEINS%PATHWAY INTERACTION DATABASE NCI-NATURE CURATED DATA%HEDGEHOG SIGNALING EVENTS MEDIATED BY GLI PROTEINS	HEDGEHOG SIGNALING EVENTS MEDIATED BY GLI PROTEINS%PATHWAY INTERACTION DATABASE NCI-NATURE CURATED DATA%HEDGEHOG SIGNALING EVENTS MEDIATED BY GLI PROTEINS		38	0.33137494	0.9875451	0.48608837	0.7884235	1.0	2607	tags=26%, list=24%, signal=34%	
DISEASES ASSOCIATED WITH GLYCOSAMINOGLYCAN METABOLISM%REACTOME%R-HSA-3560782.5	DISEASES ASSOCIATED WITH GLYCOSAMINOGLYCAN METABOLISM%REACTOME%R-HSA-3560782.5		20	0.38774604	0.98749983	0.48704663	0.7881646	1.0	1745	tags=30%, list=16%, signal=36%	
VALIDATED TRANSCRIPTIONAL TARGETS OF DELTANP63 ISOFORMS%PATHWAY INTERACTION DATABASE NCI-NATURE CURATED DATA%VALIDATED TRANSCRIPTIONAL TARGETS OF DELTANP63 ISOFORMS	VALIDATED TRANSCRIPTIONAL TARGETS OF DELTANP63 ISOFORMS%PATHWAY INTERACTION DATABASE NCI-NATURE CURATED DATA%VALIDATED TRANSCRIPTIONAL TARGETS OF DELTANP63 ISOFORMS		28	0.35640803	0.98746425	0.47923875	0.78786594	1.0	2504	tags=43%, list=23%, signal=55%	
MEMBRANE LIPID CATABOLIC PROCESS%GOBP%GO:0046466	MEMBRANE LIPID CATABOLIC PROCESS%GOBP%GO:0046466		26	0.35913348	0.98726183	0.47579297	0.7880408	1.0	1808	tags=27%, list=16%, signal=32%	
PID_IL12_STAT4_PATHWAY%MSIGDB_C2%PID_IL12_STAT4_PATHWAY	PID_IL12_STAT4_PATHWAY%MSIGDB_C2%PID_IL12_STAT4_PATHWAY		19	0.38783687	0.9871757	0.4770017	0.78788644	1.0	420	tags=16%, list=4%, signal=16%	
FC EPSILON RECEPTOR I SIGNALING IN MAST CELLS%SMPDB%SMP0000358	FC EPSILON RECEPTOR I SIGNALING IN MAST CELLS%SMPDB%SMP0000358		35	0.34192687	0.9869642	0.48281506	0.78807276	1.0	1408	tags=20%, list=13%, signal=23%	
RESPONSE TO REACTIVE OXYGEN SPECIES%GOBP%GO:0000302	RESPONSE TO REACTIVE OXYGEN SPECIES%GOBP%GO:0000302		73	0.29897395	0.9864857	0.4903846	0.7889868	1.0	1006	tags=14%, list=9%, signal=15%	
VESICLE TARGETING, TO, FROM OR WITHIN GOLGI%GOBP%GO:0048199	VESICLE TARGETING, TO, FROM OR WITHIN GOLGI%GOBP%GO:0048199		28	0.35553104	0.9864731	0.4902655	0.7886334	1.0	3157	tags=39%, list=29%, signal=55%	
BIOCARTA_KERATINOCYTE_PATHWAY%MSIGDB_C2%BIOCARTA_KERATINOCYTE_PATHWAY	BIOCARTA_KERATINOCYTE_PATHWAY%MSIGDB_C2%BIOCARTA_KERATINOCYTE_PATHWAY		37	0.33139122	0.98585117	0.48178807	0.7899336	1.0	1650	tags=22%, list=15%, signal=25%	
PNAT%PANTHER PATHWAY%P05912	PNAT%PANTHER PATHWAY%P05912		26	0.35414556	0.9853479	0.47048903	0.7908986	1.0	3241	tags=38%, list=30%, signal=54%	
CYTOKINESIS%GOBP%GO:0000910	CYTOKINESIS%GOBP%GO:0000910		92	0.28200045	0.9850793	0.49468893	0.7912433	1.0	2538	tags=25%, list=23%, signal=32%	
REGULATION OF GLUCAN BIOSYNTHETIC PROCESS%GOBP%GO:0010962	REGULATION OF GLUCAN BIOSYNTHETIC PROCESS%GOBP%GO:0010962		16	0.40582994	0.9844708	0.4947735	0.7924749	1.0	3209	tags=38%, list=29%, signal=53%	
REGULATION OF LEUKOCYTE ADHESION TO VASCULAR ENDOTHELIAL CELL%GOBP%GO:1904994	REGULATION OF LEUKOCYTE ADHESION TO VASCULAR ENDOTHELIAL CELL%GOBP%GO:1904994		16	0.39746436	0.98411673	0.4939759	0.79304975	1.0	1895	tags=19%, list=17%, signal=23%	
PHOTORECEPTOR CELL MAINTENANCE%GOBP%GO:0045494	PHOTORECEPTOR CELL MAINTENANCE%GOBP%GO:0045494		20	0.380139	0.9840523	0.48700175	0.79282427	1.0	1069	tags=25%, list=10%, signal=28%	
NEGATIVE REGULATION OF PROTEIN DEPOLYMERIZATION%GOBP%GO:1901880	NEGATIVE REGULATION OF PROTEIN DEPOLYMERIZATION%GOBP%GO:1901880		31	0.35000223	0.98384404	0.5	0.7929774	1.0	1876	tags=19%, list=17%, signal=23%	
REGULATION OF CELL-SUBSTRATE ADHESION%GOBP%GO:0010810	REGULATION OF CELL-SUBSTRATE ADHESION%GOBP%GO:0010810		108	0.2770821	0.98340964	0.4904271	0.79380804	1.0	2306	tags=29%, list=21%, signal=36%	
REGULATION OF CATION CHANNEL ACTIVITY%GOBP%GO:2001257	REGULATION OF CATION CHANNEL ACTIVITY%GOBP%GO:2001257		18	0.3870808	0.98246634	0.5051903	0.79598063	1.0	4097	tags=56%, list=37%, signal=88%	
P75NTR SIGNALS VIA NF-KB%REACTOME DATABASE ID RELEASE 93%193639	P75NTR SIGNALS VIA NF-KB%REACTOME DATABASE ID RELEASE 93%193639		15	0.4133569	0.9824392	0.5095986	0.7956557	1.0	2209	tags=33%, list=20%, signal=42%	
POSITIVE REGULATION OF CD4-POSITIVE, ALPHA-BETA T CELL DIFFERENTIATION%GOBP%GO:0043372	POSITIVE REGULATION OF CD4-POSITIVE, ALPHA-BETA T CELL DIFFERENTIATION%GOBP%GO:0043372		22	0.36252737	0.98243856	0.45854485	0.7952606	1.0	3590	tags=59%, list=33%, signal=88%	
RNA POLYMERASE II TRANSCRIBES SNRNA GENES%REACTOME%R-HSA-6807505.4	RNA POLYMERASE II TRANSCRIBES SNRNA GENES%REACTOME%R-HSA-6807505.4		69	0.2958609	0.98225236	0.49679488	0.795361	1.0	2355	tags=19%, list=21%, signal=24%	
CYTOSOLIC TRANSPORT%GOBP%GO:0016482	CYTOSOLIC TRANSPORT%GOBP%GO:0016482		101	0.27914727	0.9822265	0.51598173	0.79504526	1.0	3420	tags=37%, list=31%, signal=53%	
PROTEIN LOCALIZATION TO VACUOLE%GOBP%GO:0072665	PROTEIN LOCALIZATION TO VACUOLE%GOBP%GO:0072665		61	0.30469966	0.9820747	0.49918434	0.79505	1.0	1518	tags=18%, list=14%, signal=21%	
PEPTIDE TRANSPORT%GOBP%GO:0015833	PEPTIDE TRANSPORT%GOBP%GO:0015833		22	0.3721627	0.9816693	0.47660312	0.79573125	1.0	2240	tags=36%, list=20%, signal=46%	
RESPONSE TO EXOGENOUS DSRNA%GOBP%GO:0043330	RESPONSE TO EXOGENOUS DSRNA%GOBP%GO:0043330		16	0.4036721	0.9813026	0.521815	0.79635996	1.0	837	tags=19%, list=8%, signal=20%	
ADHD AND AUTISM ASD PATHWAYS%WIKIPATHWAYS_20250810%WP5420%HOMO SAPIENS	ADHD AND AUTISM ASD PATHWAYS%WIKIPATHWAYS_20250810%WP5420%HOMO SAPIENS		132	0.27143058	0.9811434	0.5186846	0.7963963	1.0	2836	tags=33%, list=26%, signal=43%	
SMITH MAGENIS AND POTOCKI LUPSKI SYNDROME COPY NUMBER VARIATION%WIKIPATHWAYS_20250810%WP5381%HOMO SAPIENS	SMITH MAGENIS AND POTOCKI LUPSKI SYNDROME COPY NUMBER VARIATION%WIKIPATHWAYS_20250810%WP5381%HOMO SAPIENS		106	0.27433133	0.9805759	0.49846154	0.7975494	1.0	1618	tags=18%, list=15%, signal=21%	
BIOLOGICAL PROCESS INVOLVED IN SYMBIOTIC INTERACTION%GOBP%GO:0044403	BIOLOGICAL PROCESS INVOLVED IN SYMBIOTIC INTERACTION%GOBP%GO:0044403		70	0.2956173	0.98035103	0.4857143	0.7977205	1.0	2040	tags=27%, list=19%, signal=33%	
MICRORNA (MIRNA) BIOGENESIS%REACTOME DATABASE ID RELEASE 93%203927	MICRORNA (MIRNA) BIOGENESIS%REACTOME DATABASE ID RELEASE 93%203927		21	0.37983364	0.9802723	0.46608695	0.79753846	1.0	3692	tags=33%, list=34%, signal=50%	
ONCOGENIC MAPK SIGNALING%REACTOME DATABASE ID RELEASE 93%6802957	ONCOGENIC MAPK SIGNALING%REACTOME DATABASE ID RELEASE 93%6802957		65	0.29690853	0.98015267	0.5072464	0.7974811	1.0	3029	tags=35%, list=28%, signal=49%	
PRIMARY OVARIAN INSUFFICIENCY%WIKIPATHWAYS_20250810%WP5461%HOMO SAPIENS	PRIMARY OVARIAN INSUFFICIENCY%WIKIPATHWAYS_20250810%WP5461%HOMO SAPIENS		63	0.30158806	0.98011523	0.5008104	0.79719377	1.0	2963	tags=29%, list=27%, signal=39%	
NEURON PROJECTION ORGANIZATION%GOBP%GO:0106027	NEURON PROJECTION ORGANIZATION%GOBP%GO:0106027		25	0.35944304	0.98006874	0.48537004	0.79691654	1.0	864	tags=24%, list=8%, signal=26%	
MEMBRANE PROTEIN PROTEOLYSIS%GOBP%GO:0033619	MEMBRANE PROTEIN PROTEOLYSIS%GOBP%GO:0033619		30	0.347084	0.9797949	0.49829352	0.7972504	1.0	3361	tags=50%, list=31%, signal=72%	
AMYLOID-BETA METABOLIC PROCESS%GOBP%GO:0050435	AMYLOID-BETA METABOLIC PROCESS%GOBP%GO:0050435		16	0.3968141	0.9795714	0.51724136	0.7974307	1.0	681	tags=13%, list=6%, signal=13%	
CHEMICAL SYNAPTIC TRANSMISSION%GOBP%GO:0007268	CHEMICAL SYNAPTIC TRANSMISSION%GOBP%GO:0007268		102	0.2784346	0.9795365	0.51687115	0.7971246	1.0	1903	tags=25%, list=17%, signal=31%	
ADENYLATE CYCLASE-MODULATING G PROTEIN-COUPLED RECEPTOR SIGNALING PATHWAY%GOBP%GO:0007188	ADENYLATE CYCLASE-MODULATING G PROTEIN-COUPLED RECEPTOR SIGNALING PATHWAY%GOBP%GO:0007188		64	0.29729998	0.9794046	0.4984227	0.79706657	1.0	1749	tags=30%, list=16%, signal=35%	
REGULATION OF TORC1 SIGNALING%GOBP%GO:1903432	REGULATION OF TORC1 SIGNALING%GOBP%GO:1903432		91	0.28343725	0.9792367	0.5022355	0.7971106	1.0	3364	tags=41%, list=31%, signal=58%	
ORGANIC HYDROXY COMPOUND TRANSPORT%GOBP%GO:0015850	ORGANIC HYDROXY COMPOUND TRANSPORT%GOBP%GO:0015850		62	0.29817948	0.9790798	0.48053893	0.7971413	1.0	1327	tags=21%, list=12%, signal=24%	
NUCLEAR ENVELOPE ORGANIZATION%GOBP%GO:0006998	NUCLEAR ENVELOPE ORGANIZATION%GOBP%GO:0006998		48	0.31579444	0.9786709	0.49016392	0.7978411	1.0	3767	tags=46%, list=34%, signal=69%	
HIF-1-ALPHA TRANSCRIPTION FACTOR NETWORK%PATHWAY INTERACTION DATABASE NCI-NATURE CURATED DATA%HIF-1-ALPHA TRANSCRIPTION FACTOR NETWORK	HIF-1-ALPHA TRANSCRIPTION FACTOR NETWORK%PATHWAY INTERACTION DATABASE NCI-NATURE CURATED DATA%HIF-1-ALPHA TRANSCRIPTION FACTOR NETWORK		50	0.30907714	0.9783905	0.495283	0.79824054	1.0	1987	tags=28%, list=18%, signal=34%	
STEROL TRANSPORT%GOBP%GO:0015918	STEROL TRANSPORT%GOBP%GO:0015918		36	0.33435905	0.9782144	0.48756218	0.7983261	1.0	1327	tags=22%, list=12%, signal=25%	
ETHANOL EFFECTS ON HISTONE MODIFICATIONS%WIKIPATHWAYS_20250810%WP3996%HOMO SAPIENS	ETHANOL EFFECTS ON HISTONE MODIFICATIONS%WIKIPATHWAYS_20250810%WP3996%HOMO SAPIENS		17	0.39472714	0.977974	0.48305085	0.79860234	1.0	322	tags=12%, list=3%, signal=12%	
POSITIVE REGULATION OF CELL GROWTH%GOBP%GO:0030307	POSITIVE REGULATION OF CELL GROWTH%GOBP%GO:0030307		65	0.29645002	0.97761035	0.48513302	0.79920906	1.0	2502	tags=28%, list=23%, signal=36%	
DISEASES OF GLYCOSYLATION%REACTOME%R-HSA-3781865.4	DISEASES OF GLYCOSYLATION%REACTOME%R-HSA-3781865.4		75	0.2895351	0.9772559	0.4752791	0.799836	1.0	2589	tags=32%, list=24%, signal=42%	
THERMOGENESIS%WIKIPATHWAYS_20250810%WP4321%HOMO SAPIENS	THERMOGENESIS%WIKIPATHWAYS_20250810%WP4321%HOMO SAPIENS		69	0.29406866	0.97671247	0.49919224	0.8009094	1.0	1749	tags=20%, list=16%, signal=24%	
REGULATION OF PATTERN RECOGNITION RECEPTOR SIGNALING PATHWAY%GOBP%GO:0062207	REGULATION OF PATTERN RECOGNITION RECEPTOR SIGNALING PATHWAY%GOBP%GO:0062207		127	0.26950037	0.9765516	0.51282054	0.80097574	1.0	1466	tags=17%, list=13%, signal=19%	
RAB REGULATION OF TRAFFICKING%REACTOME%R-HSA-9007101.4	RAB REGULATION OF TRAFFICKING%REACTOME%R-HSA-9007101.4		110	0.26953474	0.97622204	0.51638067	0.80150026	1.0	2129	tags=20%, list=19%, signal=25%	
POSITIVE REGULATION OF STEROID BIOSYNTHETIC PROCESS%GOBP%GO:0010893	POSITIVE REGULATION OF STEROID BIOSYNTHETIC PROCESS%GOBP%GO:0010893		15	0.40562567	0.9760393	0.49815497	0.80161715	1.0	3818	tags=40%, list=35%, signal=61%	
HS-GAG BIOSYNTHESIS%REACTOME DATABASE ID RELEASE 93%2022928	HS-GAG BIOSYNTHESIS%REACTOME DATABASE ID RELEASE 93%2022928		15	0.4037118	0.97573626	0.515	0.802017	1.0	1189	tags=27%, list=11%, signal=30%	
REGULATION OF NUCLEOTIDE-EXCISION REPAIR%GOBP%GO:2000819	REGULATION OF NUCLEOTIDE-EXCISION REPAIR%GOBP%GO:2000819		24	0.3595646	0.9755987	0.4982639	0.80197626	1.0	1841	tags=25%, list=17%, signal=30%	
ENDODERM FORMATION%GOBP%GO:0001706	ENDODERM FORMATION%GOBP%GO:0001706		19	0.38146198	0.9754849	0.50437826	0.8018844	1.0	1014	tags=26%, list=9%, signal=29%	
NEGATIVE REGULATION OF SECRETION BY CELL%GOBP%GO:1903531	NEGATIVE REGULATION OF SECRETION BY CELL%GOBP%GO:1903531		55	0.3098282	0.9754271	0.50986844	0.8016355	1.0	1116	tags=20%, list=10%, signal=22%	
BASE EXCISION REPAIR%REACTOME%R-HSA-73884.4	BASE EXCISION REPAIR%REACTOME%R-HSA-73884.4		57	0.30769682	0.9748577	0.5098361	0.8027687	1.0	1547	tags=19%, list=14%, signal=22%	
REGULATION OF CELLULAR RESPIRATION%GOBP%GO:0043457	REGULATION OF CELLULAR RESPIRATION%GOBP%GO:0043457		26	0.35444942	0.9746364	0.49832776	0.80294234	1.0	1200	tags=19%, list=11%, signal=22%	
HALLMARK_COMPLEMENT%MSIGDBHALLMARK%HALLMARK_COMPLEMENT	HALLMARK_COMPLEMENT%MSIGDBHALLMARK%HALLMARK_COMPLEMENT		89	0.2814237	0.97456884	0.52615386	0.80274725	1.0	2101	tags=28%, list=19%, signal=34%	
NEGATIVE REGULATION OF TELOMERE MAINTENANCE VIA TELOMERASE%GOBP%GO:0032211	NEGATIVE REGULATION OF TELOMERE MAINTENANCE VIA TELOMERASE%GOBP%GO:0032211		19	0.38442576	0.97454125	0.5171821	0.8024366	1.0	3761	tags=47%, list=34%, signal=72%	
POSITIVE REGULATION OF TRANSFERASE ACTIVITY%GOBP%GO:0051347	POSITIVE REGULATION OF TRANSFERASE ACTIVITY%GOBP%GO:0051347		99	0.2780427	0.9743737	0.5054773	0.8024969	1.0	2781	tags=34%, list=25%, signal=46%	
PYRIMIDINE NUCLEOTIDE METABOLIC PROCESS%GOBP%GO:0006220	PYRIMIDINE NUCLEOTIDE METABOLIC PROCESS%GOBP%GO:0006220		39	0.3283911	0.97395724	0.49575552	0.80324405	1.0	1941	tags=23%, list=18%, signal=28%	
CELLULAR RESPONSE TO OXIDATIVE STRESS%GOBP%GO:0034599	CELLULAR RESPONSE TO OXIDATIVE STRESS%GOBP%GO:0034599		122	0.2714705	0.9736473	0.5273556	0.8037064	1.0	2628	tags=30%, list=24%, signal=39%	
P53 PATHWAY BY GLUCOSE DEPRIVATION%PANTHER PATHWAY%P04397	P53 PATHWAY BY GLUCOSE DEPRIVATION%PANTHER PATHWAY%P04397		17	0.39594465	0.97364056	0.5106383	0.8033312	1.0	30	tags=6%, list=0%, signal=6%	
DNA REPLICATION%GOBP%GO:0006260	DNA REPLICATION%GOBP%GO:0006260		146	0.26494703	0.9736394	0.502907	0.8029419	1.0	2911	tags=29%, list=27%, signal=39%	
POSITIVE REGULATION OF PROTEIN PHOSPHORYLATION%GOBP%GO:0001934	POSITIVE REGULATION OF PROTEIN PHOSPHORYLATION%GOBP%GO:0001934		125	0.26838335	0.97360194	0.5272162	0.8026403	1.0	1705	tags=20%, list=16%, signal=23%	
ADHERENS JUNCTIONS INTERACTIONS%REACTOME DATABASE ID RELEASE 93%418990	ADHERENS JUNCTIONS INTERACTIONS%REACTOME DATABASE ID RELEASE 93%418990		151	0.26259187	0.9732219	0.5232558	0.80324763	1.0	1790	tags=20%, list=16%, signal=23%	
REGULATION OF INTRINSIC APOPTOTIC SIGNALING PATHWAY IN RESPONSE TO DNA DAMAGE%GOBP%GO:1902229	REGULATION OF INTRINSIC APOPTOTIC SIGNALING PATHWAY IN RESPONSE TO DNA DAMAGE%GOBP%GO:1902229		24	0.36154243	0.97320485	0.49185666	0.80290323	1.0	602	tags=17%, list=5%, signal=18%	
MITOTIC SISTER CHROMATID COHESION%GOBP%GO:0007064	MITOTIC SISTER CHROMATID COHESION%GOBP%GO:0007064		20	0.37722173	0.97261536	0.48596492	0.80410826	1.0	4436	tags=55%, list=40%, signal=92%	
NEGATIVE REGULATION OF PROTEIN SECRETION%GOBP%GO:0050709	NEGATIVE REGULATION OF PROTEIN SECRETION%GOBP%GO:0050709		22	0.36826017	0.9725858	0.5008606	0.8037911	1.0	1116	tags=27%, list=10%, signal=30%	
FATTY ACID TRANSPORT%GOBP%GO:0015908	FATTY ACID TRANSPORT%GOBP%GO:0015908		25	0.35565433	0.9725481	0.5208333	0.80349857	1.0	876	tags=16%, list=8%, signal=17%	
INTRACELLULAR PROTEIN TRANSMEMBRANE TRANSPORT%GOBP%GO:0065002	INTRACELLULAR PROTEIN TRANSMEMBRANE TRANSPORT%GOBP%GO:0065002		21	0.37704223	0.9725148	0.5060449	0.80319244	1.0	2797	tags=48%, list=25%, signal=64%	
BIOCARTA_FMLP_PATHWAY%MSIGDB_C2%BIOCARTA_FMLP_PATHWAY	BIOCARTA_FMLP_PATHWAY%MSIGDB_C2%BIOCARTA_FMLP_PATHWAY		25	0.3580921	0.97174615	0.5103806	0.80490094	1.0	1553	tags=20%, list=14%, signal=23%	
HEDGEHOG SIGNALING%WIKIPATHWAYS_20250810%WP4249%HOMO SAPIENS	HEDGEHOG SIGNALING%WIKIPATHWAYS_20250810%WP4249%HOMO SAPIENS		22	0.3654099	0.9716269	0.49656358	0.8048163	1.0	2634	tags=32%, list=24%, signal=42%	
RAS PATHWAY%PANTHER PATHWAY%P04393	RAS PATHWAY%PANTHER PATHWAY%P04393		65	0.2936168	0.9714483	0.50558215	0.8049189	1.0	2562	tags=26%, list=23%, signal=34%	
POSITIVE REGULATION OF CATION TRANSMEMBRANE TRANSPORT%GOBP%GO:1904064	POSITIVE REGULATION OF CATION TRANSMEMBRANE TRANSPORT%GOBP%GO:1904064		38	0.32670182	0.97132814	0.5040917	0.8048649	1.0	1583	tags=18%, list=14%, signal=21%	
REGULATION OF EXOCYTOSIS%GOBP%GO:0017157	REGULATION OF EXOCYTOSIS%GOBP%GO:0017157		87	0.28448704	0.9713175	0.50078005	0.8045019	1.0	1344	tags=17%, list=12%, signal=19%	
REGULATION OF RHO PROTEIN SIGNAL TRANSDUCTION%GOBP%GO:0035023	REGULATION OF RHO PROTEIN SIGNAL TRANSDUCTION%GOBP%GO:0035023		51	0.31253105	0.97116673	0.5185811	0.8045107	1.0	2484	tags=37%, list=23%, signal=48%	
PID_EPO_PATHWAY%MSIGDB_C2%PID_EPO_PATHWAY	PID_EPO_PATHWAY%MSIGDB_C2%PID_EPO_PATHWAY		27	0.35344464	0.9710402	0.49317408	0.80446035	1.0	2339	tags=33%, list=21%, signal=42%	
CHROMOSOME MAINTENANCE%REACTOME DATABASE ID RELEASE 93%73886	CHROMOSOME MAINTENANCE%REACTOME DATABASE ID RELEASE 93%73886		100	0.2795236	0.97100943	0.534375	0.8041447	1.0	2876	tags=27%, list=26%, signal=36%	
NEGATIVE REGULATION OF LEUKOCYTE DIFFERENTIATION%GOBP%GO:1902106	NEGATIVE REGULATION OF LEUKOCYTE DIFFERENTIATION%GOBP%GO:1902106		41	0.32050833	0.97097445	0.52047783	0.8038507	1.0	1397	tags=24%, list=13%, signal=28%	
RESPONSE TO AMYLOID-BETA%GOBP%GO:1904645	RESPONSE TO AMYLOID-BETA%GOBP%GO:1904645		27	0.3543545	0.9707252	0.48747912	0.8041381	1.0	1718	tags=37%, list=16%, signal=44%	
PHOSPHATIDYLCHOLINE METABOLIC PROCESS%GOBP%GO:0046470	PHOSPHATIDYLCHOLINE METABOLIC PROCESS%GOBP%GO:0046470		33	0.33834326	0.9705596	0.4925865	0.80418426	1.0	3212	tags=36%, list=29%, signal=51%	
REGULATION OF EXPRESSION AND FUNCTION OF TYPE I CLASSICAL CADHERINS%REACTOME DATABASE ID RELEASE 93%9764274	REGULATION OF EXPRESSION AND FUNCTION OF TYPE I CLASSICAL CADHERINS%REACTOME DATABASE ID RELEASE 93%9764274		141	0.26297504	0.97024524	0.5347432	0.8046642	1.0	1790	tags=20%, list=16%, signal=23%	
ANTEROGRADE TRANS-SYNAPTIC SIGNALING%GOBP%GO:0098916	ANTEROGRADE TRANS-SYNAPTIC SIGNALING%GOBP%GO:0098916		102	0.2784346	0.9692482	0.5116279	0.8069817	1.0	1903	tags=25%, list=17%, signal=31%	
TRANSMISSION ACROSS CHEMICAL SYNAPSES%REACTOME%R-HSA-112315.8	TRANSMISSION ACROSS CHEMICAL SYNAPSES%REACTOME%R-HSA-112315.8		101	0.27486116	0.9687839	0.53364635	0.8078284	1.0	1894	tags=23%, list=17%, signal=27%	
FOCAL ADHESION PI3K AKT MTOR SIGNALING%WIKIPATHWAYS_20250810%WP3932%HOMO SAPIENS	FOCAL ADHESION PI3K AKT MTOR SIGNALING%WIKIPATHWAYS_20250810%WP3932%HOMO SAPIENS		139	0.26671776	0.9686146	0.54933727	0.80790365	1.0	1604	tags=19%, list=15%, signal=22%	
REGULATION OF MRNA STABILITY%GOBP%GO:0043488	REGULATION OF MRNA STABILITY%GOBP%GO:0043488		125	0.27115637	0.9680688	0.5267994	0.809	1.0	2465	tags=19%, list=22%, signal=24%	
PLATELET DEGRANULATION%REACTOME%R-HSA-114608.5	PLATELET DEGRANULATION%REACTOME%R-HSA-114608.5		80	0.28332806	0.96779346	0.51547986	0.8093475	1.0	1506	tags=23%, list=14%, signal=26%	
REGULATION OF CDH1 EXPRESSION AND FUNCTION%REACTOME%R-HSA-9764265.1	REGULATION OF CDH1 EXPRESSION AND FUNCTION%REACTOME%R-HSA-9764265.1		141	0.26297504	0.9674289	0.5203125	0.809958	1.0	1790	tags=20%, list=16%, signal=23%	
NEGATIVE REGULATION OF PROTEIN BINDING%GOBP%GO:0032091	NEGATIVE REGULATION OF PROTEIN BINDING%GOBP%GO:0032091		18	0.38249293	0.9671697	0.50423014	0.81025046	1.0	3324	tags=50%, list=30%, signal=72%	
POSITIVE REGULATION OF TYPE II INTERFERON PRODUCTION%GOBP%GO:0032729	POSITIVE REGULATION OF TYPE II INTERFERON PRODUCTION%GOBP%GO:0032729		40	0.32458997	0.96695185	0.5072231	0.8104436	1.0	1613	tags=28%, list=15%, signal=32%	
SUMOYLATION OF DNA DAMAGE RESPONSE AND REPAIR PROTEINS%REACTOME%R-HSA-3108214.4	SUMOYLATION OF DNA DAMAGE RESPONSE AND REPAIR PROTEINS%REACTOME%R-HSA-3108214.4		67	0.29592615	0.96682614	0.49919742	0.8103907	1.0	3521	tags=36%, list=32%, signal=52%	
POSITIVE REGULATION OF MIRNA METABOLIC PROCESS%GOBP%GO:2000630	POSITIVE REGULATION OF MIRNA METABOLIC PROCESS%GOBP%GO:2000630		38	0.3261284	0.9665265	0.49578413	0.8108163	1.0	1204	tags=24%, list=11%, signal=27%	
REGULATION OF NATURAL KILLER CELL ACTIVATION%GOBP%GO:0032814	REGULATION OF NATURAL KILLER CELL ACTIVATION%GOBP%GO:0032814		16	0.39943665	0.96560264	0.4974359	0.8129463	1.0	2159	tags=44%, list=20%, signal=54%	
RUNX1 INTERACTS WITH CO-FACTORS WHOSE PRECISE EFFECT ON RUNX1 TARGETS IS NOT KNOWN%REACTOME%R-HSA-8939243.3	RUNX1 INTERACTS WITH CO-FACTORS WHOSE PRECISE EFFECT ON RUNX1 TARGETS IS NOT KNOWN%REACTOME%R-HSA-8939243.3		32	0.33522516	0.9646196	0.5114379	0.81522596	1.0	2210	tags=28%, list=20%, signal=35%	
BIOCARTA_ATRBRCA_PATHWAY%MSIGDB_C2%BIOCARTA_ATRBRCA_PATHWAY	BIOCARTA_ATRBRCA_PATHWAY%MSIGDB_C2%BIOCARTA_ATRBRCA_PATHWAY		18	0.38498834	0.9642867	0.48844886	0.81571466	1.0	3278	tags=33%, list=30%, signal=47%	
PID_IL3_PATHWAY%MSIGDB_C2%PID_IL3_PATHWAY	PID_IL3_PATHWAY%MSIGDB_C2%PID_IL3_PATHWAY		18	0.37993333	0.9642125	0.5078809	0.81550854	1.0	3554	tags=61%, list=32%, signal=90%	
PID_CDC42_PATHWAY%MSIGDB_C2%PID_CDC42_PATHWAY	PID_CDC42_PATHWAY%MSIGDB_C2%PID_CDC42_PATHWAY		52	0.30910274	0.96419144	0.5330033	0.81516284	1.0	3674	tags=40%, list=33%, signal=60%	
OVARIAN TUMOR DOMAIN PROTEASES%REACTOME DATABASE ID RELEASE 93%5689896	OVARIAN TUMOR DOMAIN PROTEASES%REACTOME DATABASE ID RELEASE 93%5689896		32	0.33640534	0.9640827	0.51932776	0.81506926	1.0	3372	tags=41%, list=31%, signal=58%	
PROTEIN-DNA COMPLEX ASSEMBLY%GOBP%GO:0065004	PROTEIN-DNA COMPLEX ASSEMBLY%GOBP%GO:0065004		112	0.27053916	0.9637967	0.5435816	0.81542856	1.0	3198	tags=32%, list=29%, signal=45%	
TRICARBOXYLIC ACID CYCLE%GOBP%GO:0006099	TRICARBOXYLIC ACID CYCLE%GOBP%GO:0006099		25	0.34872046	0.9635234	0.52931595	0.81572545	1.0	2393	tags=24%, list=22%, signal=31%	
POSITIVE REGULATION OF PLASMA MEMBRANE BOUNDED CELL PROJECTION ASSEMBLY%GOBP%GO:0120034	POSITIVE REGULATION OF PLASMA MEMBRANE BOUNDED CELL PROJECTION ASSEMBLY%GOBP%GO:0120034		74	0.2860678	0.9633788	0.5418006	0.8157094	1.0	2234	tags=23%, list=20%, signal=29%	
CELL-CELL JUNCTION ORGANIZATION%REACTOME DATABASE ID RELEASE 93%421270	CELL-CELL JUNCTION ORGANIZATION%REACTOME DATABASE ID RELEASE 93%421270		160	0.25645384	0.9631425	0.5479651	0.8159439	1.0	1790	tags=19%, list=16%, signal=23%	
POSITIVE REGULATION OF PHOSPHORYLATION%GOBP%GO:0042327	POSITIVE REGULATION OF PHOSPHORYLATION%GOBP%GO:0042327		136	0.2609757	0.9629152	0.52194357	0.81613255	1.0	1705	tags=19%, list=16%, signal=22%	
FORMATION OF NEURONAL PROGENITOR AND NEURONAL BAF (NPBAF AND NBAF)%REACTOME DATABASE ID RELEASE 93%9934037	FORMATION OF NEURONAL PROGENITOR AND NEURONAL BAF (NPBAF AND NBAF)%REACTOME DATABASE ID RELEASE 93%9934037		21	0.3652882	0.9628779	0.5051546	0.8158434	1.0	1691	tags=29%, list=15%, signal=34%	
G1 PHASE%REACTOME%R-HSA-69236.6	G1 PHASE%REACTOME%R-HSA-69236.6		39	0.3156734	0.9622011	0.5375626	0.8172808	1.0	1797	tags=21%, list=16%, signal=24%	
REGULATION OF AUTOPHAGOSOME MATURATION%GOBP%GO:1901096	REGULATION OF AUTOPHAGOSOME MATURATION%GOBP%GO:1901096		15	0.40068206	0.961675	0.5263158	0.818279	1.0	3684	tags=60%, list=34%, signal=90%	
CDC42 GTPASE CYCLE%REACTOME DATABASE ID RELEASE 93%9013148	CDC42 GTPASE CYCLE%REACTOME DATABASE ID RELEASE 93%9013148		120	0.2646849	0.96166015	0.53375196	0.8179228	1.0	3052	tags=39%, list=28%, signal=54%	
IFN-ALPHA%IOB%IFN-ALPHA	IFN-ALPHA%IOB%IFN-ALPHA		26	0.34593117	0.9610571	0.5184534	0.8191175	1.0	330	tags=12%, list=3%, signal=12%	
RHO GTPASES ACTIVATE WASPS AND WAVES%REACTOME DATABASE ID RELEASE 93%5663213	RHO GTPASES ACTIVATE WASPS AND WAVES%REACTOME DATABASE ID RELEASE 93%5663213		33	0.3349589	0.9609793	0.52365416	0.81893593	1.0	2926	tags=30%, list=27%, signal=41%	
PROTEIN LOCALIZATION TO PLASMA MEMBRANE%GOBP%GO:0072659	PROTEIN LOCALIZATION TO PLASMA MEMBRANE%GOBP%GO:0072659		117	0.26777798	0.96089745	0.5669782	0.8187553	1.0	2012	tags=21%, list=18%, signal=26%	
MET IN TYPE 1 PAPILLARY RENAL CELL CARCINOMA%WIKIPATHWAYS_20250810%WP4205%HOMO SAPIENS	MET IN TYPE 1 PAPILLARY RENAL CELL CARCINOMA%WIKIPATHWAYS_20250810%WP4205%HOMO SAPIENS		39	0.3205534	0.960834	0.5101695	0.8185257	1.0	3720	tags=41%, list=34%, signal=62%	
REGULATION OF NUCLEAR SMAD2 3 SIGNALING%PATHWAY INTERACTION DATABASE NCI-NATURE CURATED DATA%REGULATION OF NUCLEAR SMAD2 3 SIGNALING	REGULATION OF NUCLEAR SMAD2 3 SIGNALING%PATHWAY INTERACTION DATABASE NCI-NATURE CURATED DATA%REGULATION OF NUCLEAR SMAD2 3 SIGNALING		67	0.2936308	0.9594271	0.5321543	0.8219467	1.0	1797	tags=21%, list=16%, signal=25%	
RESPONSE TO INTERLEUKIN-6%GOBP%GO:0070741	RESPONSE TO INTERLEUKIN-6%GOBP%GO:0070741		17	0.38116592	0.95903283	0.50342464	0.8225801	1.0	2649	tags=35%, list=24%, signal=46%	
POSITIVE REGULATION OF SMALL MOLECULE METABOLIC PROCESS%GOBP%GO:0062013	POSITIVE REGULATION OF SMALL MOLECULE METABOLIC PROCESS%GOBP%GO:0062013		77	0.2859714	0.9589868	0.5353846	0.8223053	1.0	1870	tags=23%, list=17%, signal=28%	
AMB2 INTEGRIN SIGNALING%PATHWAY INTERACTION DATABASE NCI-NATURE CURATED DATA%AMB2 INTEGRIN SIGNALING	AMB2 INTEGRIN SIGNALING%PATHWAY INTERACTION DATABASE NCI-NATURE CURATED DATA%AMB2 INTEGRIN SIGNALING		21	0.36818612	0.9589639	0.5202822	0.821977	1.0	2226	tags=43%, list=20%, signal=54%	
REGULATION OF LEUKOCYTE CHEMOTAXIS%GOBP%GO:0002688	REGULATION OF LEUKOCYTE CHEMOTAXIS%GOBP%GO:0002688		56	0.30085388	0.9584483	0.53266335	0.8229839	1.0	1705	tags=29%, list=16%, signal=34%	
SPERM FLAGELLUM ASSEMBLY%GOBP%GO:0120316	SPERM FLAGELLUM ASSEMBLY%GOBP%GO:0120316		19	0.37058198	0.9584257	0.5117541	0.8226595	1.0	2482	tags=26%, list=23%, signal=34%	
CENTROSOME MATURATION%REACTOME DATABASE ID RELEASE 93%380287	CENTROSOME MATURATION%REACTOME DATABASE ID RELEASE 93%380287		75	0.28520086	0.9583396	0.5316456	0.8224912	1.0	2609	tags=25%, list=24%, signal=33%	
VALIDATED TARGETS OF C-MYC TRANSCRIPTIONAL REPRESSION%PATHWAY INTERACTION DATABASE NCI-NATURE CURATED DATA%VALIDATED TARGETS OF C-MYC TRANSCRIPTIONAL REPRESSION	VALIDATED TARGETS OF C-MYC TRANSCRIPTIONAL REPRESSION%PATHWAY INTERACTION DATABASE NCI-NATURE CURATED DATA%VALIDATED TARGETS OF C-MYC TRANSCRIPTIONAL REPRESSION		49	0.3094936	0.9582455	0.5606557	0.8223487	1.0	2919	tags=39%, list=27%, signal=53%	
SWI SNF CHROMATIN REMODELERS%REACTOME%R-HSA-9932451.1	SWI SNF CHROMATIN REMODELERS%REACTOME%R-HSA-9932451.1		27	0.34487695	0.9579948	0.53433836	0.8226393	1.0	1841	tags=26%, list=17%, signal=31%	
AXON GUIDANCE MEDIATED BY NETRIN%PANTHER PATHWAY%P00009	AXON GUIDANCE MEDIATED BY NETRIN%PANTHER PATHWAY%P00009		19	0.3724545	0.9576643	0.5164645	0.8231276	1.0	1553	tags=37%, list=14%, signal=43%	
RECRUITMENT OF MITOTIC CENTROSOME PROTEINS AND COMPLEXES%REACTOME DATABASE ID RELEASE 93%380270	RECRUITMENT OF MITOTIC CENTROSOME PROTEINS AND COMPLEXES%REACTOME DATABASE ID RELEASE 93%380270		75	0.28520086	0.9574679	0.5390625	0.82323855	1.0	2609	tags=25%, list=24%, signal=33%	
SECRETORY GRANULE ORGANIZATION%GOBP%GO:0033363	SECRETORY GRANULE ORGANIZATION%GOBP%GO:0033363		39	0.32031167	0.9572601	0.509182	0.8234099	1.0	3798	tags=46%, list=35%, signal=70%	
SYNAPTIC VESICLE TRANSPORT ALONG MICROTUBULE%GOBP%GO:0099517	SYNAPTIC VESICLE TRANSPORT ALONG MICROTUBULE%GOBP%GO:0099517		16	0.38723347	0.9569	0.52372265	0.82400924	1.0	2499	tags=38%, list=23%, signal=48%	
RETINA HOMEOSTASIS%GOBP%GO:0001895	RETINA HOMEOSTASIS%GOBP%GO:0001895		23	0.35542464	0.9568617	0.53752184	0.8237152	1.0	1069	tags=22%, list=10%, signal=24%	
IL6-MEDIATED SIGNALING EVENTS%PATHWAY INTERACTION DATABASE NCI-NATURE CURATED DATA%IL6-MEDIATED SIGNALING EVENTS	IL6-MEDIATED SIGNALING EVENTS%PATHWAY INTERACTION DATABASE NCI-NATURE CURATED DATA%IL6-MEDIATED SIGNALING EVENTS		41	0.31318069	0.95656306	0.5280528	0.8240956	1.0	1466	tags=27%, list=13%, signal=31%	
NEGATIVE REGULATION OF MACROAUTOPHAGY%GOBP%GO:0016242	NEGATIVE REGULATION OF MACROAUTOPHAGY%GOBP%GO:0016242		24	0.3573145	0.95652574	0.5361842	0.8238051	1.0	3536	tags=33%, list=32%, signal=49%	
NEGATIVE REGULATION OF MAPK PATHWAY%REACTOME DATABASE ID RELEASE 93%5675221	NEGATIVE REGULATION OF MAPK PATHWAY%REACTOME DATABASE ID RELEASE 93%5675221		38	0.32208073	0.9561944	0.5291262	0.82429117	1.0	1688	tags=18%, list=15%, signal=22%	
TRAF6 MEDIATED NF-KB ACTIVATION%REACTOME%R-HSA-933542.3	TRAF6 MEDIATED NF-KB ACTIVATION%REACTOME%R-HSA-933542.3		21	0.36643344	0.95608944	0.5236427	0.8241751	1.0	2606	tags=33%, list=24%, signal=44%	
REGULATION OF CELL CYCLE G2/M PHASE TRANSITION%GOBP%GO:1902749	REGULATION OF CELL CYCLE G2/M PHASE TRANSITION%GOBP%GO:1902749		87	0.28213438	0.9560727	0.5372425	0.8238226	1.0	3654	tags=44%, list=33%, signal=65%	
CELL FATE COMMITMENT%GOBP%GO:0045165	CELL FATE COMMITMENT%GOBP%GO:0045165		49	0.3053744	0.95595664	0.5322034	0.8237484	1.0	1855	tags=20%, list=17%, signal=24%	
HEXOSE BIOSYNTHETIC PROCESS%GOBP%GO:0019319	HEXOSE BIOSYNTHETIC PROCESS%GOBP%GO:0019319		22	0.36088464	0.9557893	0.53691274	0.82381415	1.0	1682	tags=27%, list=15%, signal=32%	
OXYSTEROLS DERIVED FROM CHOLESTEROL%WIKIPATHWAYS_20250810%WP4545%HOMO SAPIENS	OXYSTEROLS DERIVED FROM CHOLESTEROL%WIKIPATHWAYS_20250810%WP4545%HOMO SAPIENS		16	0.38356543	0.9555409	0.538206	0.824068	1.0	643	tags=25%, list=6%, signal=27%	
CHOLESTEROL TRANSPORT%GOBP%GO:0030301	CHOLESTEROL TRANSPORT%GOBP%GO:0030301		33	0.3332531	0.95544666	0.538206	0.8239221	1.0	1327	tags=21%, list=12%, signal=24%	
RESPONSE TO ELEVATED PLATELET CYTOSOLIC CA2+%REACTOME%R-HSA-76005.4	RESPONSE TO ELEVATED PLATELET CYTOSOLIC CA2+%REACTOME%R-HSA-76005.4		84	0.28397122	0.95489335	0.56153846	0.8250255	1.0	1517	tags=23%, list=14%, signal=26%	
PID_S1P_S1P3_PATHWAY%MSIGDB_C2%PID_S1P_S1P3_PATHWAY	PID_S1P_S1P3_PATHWAY%MSIGDB_C2%PID_S1P_S1P3_PATHWAY		15	0.39361298	0.9547874	0.53427064	0.82492715	1.0	917	tags=20%, list=8%, signal=22%	
NEGATIVE REGULATION OF PROTEASOMAL UBIQUITIN-DEPENDENT PROTEIN CATABOLIC PROCESS%GOBP%GO:0032435	NEGATIVE REGULATION OF PROTEASOMAL UBIQUITIN-DEPENDENT PROTEIN CATABOLIC PROCESS%GOBP%GO:0032435		31	0.34396017	0.9544879	0.5254237	0.82534784	1.0	1328	tags=19%, list=12%, signal=22%	
TRANSCRIPTIONAL REGULATION BY RUNX1%REACTOME DATABASE ID RELEASE 93%8878171	TRANSCRIPTIONAL REGULATION BY RUNX1%REACTOME DATABASE ID RELEASE 93%8878171		153	0.2588848	0.954309	0.56315005	0.8254444	1.0	2011	tags=22%, list=18%, signal=27%	
RECIPROCAL HOMOLOGOUS RECOMBINATION%GOBP%GO:0140527	RECIPROCAL HOMOLOGOUS RECOMBINATION%GOBP%GO:0140527		33	0.32970667	0.9541557	0.53114754	0.8254614	1.0	3318	tags=36%, list=30%, signal=52%	
POSITIVE REGULATION OF INTERLEUKIN-1 BETA PRODUCTION%GOBP%GO:0032731	POSITIVE REGULATION OF INTERLEUKIN-1 BETA PRODUCTION%GOBP%GO:0032731		37	0.3266584	0.9540216	0.5417349	0.8254093	1.0	3590	tags=49%, list=33%, signal=72%	
GLYCOPROTEIN BIOSYNTHETIC PROCESS%GOBP%GO:0009101	GLYCOPROTEIN BIOSYNTHETIC PROCESS%GOBP%GO:0009101		181	0.25302988	0.9540129	0.5745938	0.82504594	1.0	2589	tags=27%, list=24%, signal=35%	
BIOCARTA_MAPK_PATHWAY%MSIGDB_C2%BIOCARTA_MAPK_PATHWAY	BIOCARTA_MAPK_PATHWAY%MSIGDB_C2%BIOCARTA_MAPK_PATHWAY		62	0.29148233	0.9538751	0.56162244	0.82501554	1.0	1752	tags=18%, list=16%, signal=21%	
RESPONSE TO CARBOHYDRATE%GOBP%GO:0009743	RESPONSE TO CARBOHYDRATE%GOBP%GO:0009743		45	0.3142514	0.95382863	0.5265866	0.8247488	1.0	1922	tags=29%, list=17%, signal=35%	
REGULATION OF LIPID STORAGE%GOBP%GO:0010883	REGULATION OF LIPID STORAGE%GOBP%GO:0010883		24	0.34991983	0.9532981	0.5092437	0.82574797	1.0	1875	tags=29%, list=17%, signal=35%	
TRIGLYCERIDE METABOLISM%REACTOME%R-HSA-8979227.2	TRIGLYCERIDE METABOLISM%REACTOME%R-HSA-8979227.2		16	0.38737294	0.9528172	0.5260417	0.82663417	1.0	456	tags=13%, list=4%, signal=13%	
FANCONI ANEMIA%WIKIPATHWAYS_20250810%WP5465%HOMO SAPIENS	FANCONI ANEMIA%WIKIPATHWAYS_20250810%WP5465%HOMO SAPIENS		35	0.3297711	0.9525547	0.5452992	0.8269519	1.0	449	tags=6%, list=4%, signal=6%	
RESPONSE TO CALCIUM ION%GOBP%GO:0051592	RESPONSE TO CALCIUM ION%GOBP%GO:0051592		56	0.29858425	0.9523706	0.5591216	0.82704335	1.0	1995	tags=30%, list=18%, signal=37%	
CHONDROITIN SULFATE PROTEOGLYCAN BIOSYNTHETIC PROCESS%GOBP%GO:0050650	CHONDROITIN SULFATE PROTEOGLYCAN BIOSYNTHETIC PROCESS%GOBP%GO:0050650		19	0.37589055	0.9521795	0.5309883	0.8271349	1.0	418	tags=16%, list=4%, signal=16%	
IFN-GAMMA%IOB%IFN-GAMMA	IFN-GAMMA%IOB%IFN-GAMMA		20	0.36793983	0.9521478	0.504363	0.82683265	1.0	2933	tags=55%, list=27%, signal=75%	
RNA CATABOLIC PROCESS%GOBP%GO:0006401	RNA CATABOLIC PROCESS%GOBP%GO:0006401		169	0.25529793	0.952044	0.5859599	0.82671887	1.0	2469	tags=18%, list=22%, signal=23%	
SPHINGOLIPID METABOLIC PROCESS%GOBP%GO:0006665	SPHINGOLIPID METABOLIC PROCESS%GOBP%GO:0006665		91	0.27543557	0.9519024	0.5484375	0.8267111	1.0	1068	tags=13%, list=10%, signal=14%	
ATP-DEPENDENT CHROMATIN REMODELERS%REACTOME DATABASE ID RELEASE 93%9932444	ATP-DEPENDENT CHROMATIN REMODELERS%REACTOME DATABASE ID RELEASE 93%9932444		27	0.34487695	0.9518606	0.5216638	0.8264283	1.0	1841	tags=26%, list=17%, signal=31%	
RESOLUTION OF D-LOOP STRUCTURES THROUGH HOLLIDAY JUNCTION INTERMEDIATES%REACTOME%R-HSA-5693568.6	RESOLUTION OF D-LOOP STRUCTURES THROUGH HOLLIDAY JUNCTION INTERMEDIATES%REACTOME%R-HSA-5693568.6		32	0.32817206	0.9514915	0.5315024	0.8270933	1.0	3278	tags=38%, list=30%, signal=53%	
ALPHA-BETA T CELL ACTIVATION INVOLVED IN IMMUNE RESPONSE%GOBP%GO:0002287	ALPHA-BETA T CELL ACTIVATION INVOLVED IN IMMUNE RESPONSE%GOBP%GO:0002287		26	0.34338105	0.95064336	0.5375817	0.8289463	1.0	2587	tags=35%, list=24%, signal=45%	
EPIGENETIC REGULATION OF GENE EXPRESSION%GOBP%GO:0040029	EPIGENETIC REGULATION OF GENE EXPRESSION%GOBP%GO:0040029		190	0.24903151	0.9504604	0.56848305	0.82901466	1.0	2559	tags=24%, list=23%, signal=30%	
FOXA2 AND FOXA3 TRANSCRIPTION FACTOR NETWORKS%PATHWAY INTERACTION DATABASE NCI-NATURE CURATED DATA%FOXA2 AND FOXA3 TRANSCRIPTION FACTOR NETWORKS	FOXA2 AND FOXA3 TRANSCRIPTION FACTOR NETWORKS%PATHWAY INTERACTION DATABASE NCI-NATURE CURATED DATA%FOXA2 AND FOXA3 TRANSCRIPTION FACTOR NETWORKS		15	0.39466906	0.9503188	0.5479452	0.8289808	1.0	2112	tags=33%, list=19%, signal=41%	
CORTICAL CYTOSKELETON ORGANIZATION%GOBP%GO:0030865	CORTICAL CYTOSKELETON ORGANIZATION%GOBP%GO:0030865		36	0.32883048	0.9497134	0.5489865	0.83022887	1.0	2080	tags=31%, list=19%, signal=38%	
POSITIVE REGULATION OF KINASE ACTIVITY%GOBP%GO:0033674	POSITIVE REGULATION OF KINASE ACTIVITY%GOBP%GO:0033674		80	0.2794558	0.9494953	0.55024713	0.83042306	1.0	1797	tags=21%, list=16%, signal=25%	
NEGATIVE REGULATION OF STEM CELL POPULATION MAINTENANCE%GOBP%GO:1902455	NEGATIVE REGULATION OF STEM CELL POPULATION MAINTENANCE%GOBP%GO:1902455		20	0.36840436	0.94937027	0.528777	0.8303588	1.0	4506	tags=55%, list=41%, signal=93%	
HIV ELONGATION ARREST AND RECOVERY%REACTOME DATABASE ID RELEASE 93%167287	HIV ELONGATION ARREST AND RECOVERY%REACTOME DATABASE ID RELEASE 93%167287		30	0.33270404	0.9492837	0.52640265	0.830198	1.0	3720	tags=30%, list=34%, signal=45%	
RNA TRANSPORT%GOBP%GO:0050658	RNA TRANSPORT%GOBP%GO:0050658		88	0.27560386	0.94835925	0.57935286	0.8322636	1.0	2469	tags=20%, list=22%, signal=26%	
LEPTIN%NETPATH%LEPTIN	LEPTIN%NETPATH%LEPTIN		33	0.32914683	0.9482157	0.5440678	0.83225447	1.0	1752	tags=21%, list=16%, signal=25%	
REGULATION OF TP53 DEGRADATION%REACTOME DATABASE ID RELEASE 93%6804757	REGULATION OF TP53 DEGRADATION%REACTOME DATABASE ID RELEASE 93%6804757		33	0.33477032	0.947955	0.5578231	0.832508	1.0	2120	tags=24%, list=19%, signal=30%	
APC C:CDC20 MEDIATED DEGRADATION OF CYCLIN B%REACTOME DATABASE ID RELEASE 93%174048	APC C:CDC20 MEDIATED DEGRADATION OF CYCLIN B%REACTOME DATABASE ID RELEASE 93%174048		24	0.35441676	0.9479308	0.54888505	0.8321833	1.0	2755	tags=38%, list=25%, signal=50%	
POSITIVE REGULATION OF INTERLEUKIN-10 PRODUCTION%GOBP%GO:0032733	POSITIVE REGULATION OF INTERLEUKIN-10 PRODUCTION%GOBP%GO:0032733		17	0.3817804	0.9478387	0.5216693	0.83203405	1.0	1613	tags=35%, list=15%, signal=41%	
NUCLEIC ACID TRANSPORT%GOBP%GO:0050657	NUCLEIC ACID TRANSPORT%GOBP%GO:0050657		88	0.27560386	0.94741094	0.55325913	0.83280253	1.0	2469	tags=20%, list=22%, signal=26%	
MONOSACCHARIDE BIOSYNTHETIC PROCESS%GOBP%GO:0046364	MONOSACCHARIDE BIOSYNTHETIC PROCESS%GOBP%GO:0046364		23	0.3528906	0.94735885	0.5180723	0.8325402	1.0	1682	tags=26%, list=15%, signal=31%	
TRANSPORT OF MATURE MRNA DERIVED FROM AN INTRON-CONTAINING TRANSCRIPT%REACTOME%R-HSA-159236.5	TRANSPORT OF MATURE MRNA DERIVED FROM AN INTRON-CONTAINING TRANSCRIPT%REACTOME%R-HSA-159236.5		66	0.28819597	0.94732314	0.5587734	0.832255	1.0	4118	tags=42%, list=37%, signal=67%	
CELLULAR RESPONSE TO CAMP%GOBP%GO:0071320	CELLULAR RESPONSE TO CAMP%GOBP%GO:0071320		18	0.37298924	0.94712734	0.51890033	0.8323998	1.0	766	tags=28%, list=7%, signal=30%	
CHONDROITIN SULFATE PROTEOGLYCAN METABOLIC PROCESS%GOBP%GO:0050654	CHONDROITIN SULFATE PROTEOGLYCAN METABOLIC PROCESS%GOBP%GO:0050654		22	0.3563815	0.94711393	0.54379565	0.8320473	1.0	418	tags=14%, list=4%, signal=14%	
POSITIVE REGULATION OF ALPHA-BETA T CELL ACTIVATION%GOBP%GO:0046635	POSITIVE REGULATION OF ALPHA-BETA T CELL ACTIVATION%GOBP%GO:0046635		40	0.3081624	0.94672894	0.53355706	0.83266306	1.0	3649	tags=48%, list=33%, signal=71%	
RND2 GTPASE CYCLE%REACTOME DATABASE ID RELEASE 93%9696270	RND2 GTPASE CYCLE%REACTOME DATABASE ID RELEASE 93%9696270		35	0.32192263	0.9466351	0.5462329	0.83251935	1.0	2728	tags=26%, list=25%, signal=34%	
SYNAPTIC VESICLE CYTOSKELETAL TRANSPORT%GOBP%GO:0099514	SYNAPTIC VESICLE CYTOSKELETAL TRANSPORT%GOBP%GO:0099514		16	0.38723347	0.94654787	0.5265018	0.8323683	1.0	2499	tags=38%, list=23%, signal=48%	
FORMATION OF THE POLYBROMO-BAF (PBAF) COMPLEX%REACTOME DATABASE ID RELEASE 93%9933939	FORMATION OF THE POLYBROMO-BAF (PBAF) COMPLEX%REACTOME DATABASE ID RELEASE 93%9933939		18	0.3809867	0.94650024	0.53236246	0.83209705	1.0	1841	tags=33%, list=17%, signal=40%	
RAF-INDEPENDENT MAPK1 3 ACTIVATION%REACTOME DATABASE ID RELEASE 93%112409	RAF-INDEPENDENT MAPK1 3 ACTIVATION%REACTOME DATABASE ID RELEASE 93%112409		18	0.37142256	0.94606954	0.5432526	0.8328595	1.0	354	tags=11%, list=3%, signal=11%	
REGULATION OF LIPID TRANSPORT%GOBP%GO:0032368	REGULATION OF LIPID TRANSPORT%GOBP%GO:0032368		53	0.29823983	0.94589615	0.5763547	0.83293945	1.0	1909	tags=28%, list=17%, signal=34%	
METABOLIC COMPOUND SALVAGE%GOBP%GO:0043094	METABOLIC COMPOUND SALVAGE%GOBP%GO:0043094		22	0.36105022	0.94557166	0.54561716	0.83343303	1.0	1305	tags=18%, list=12%, signal=21%	
LAGGING STRAND SYNTHESIS%REACTOME%R-HSA-69186.4	LAGGING STRAND SYNTHESIS%REACTOME%R-HSA-69186.4		19	0.36755514	0.94513166	0.5463744	0.83418983	1.0	2823	tags=26%, list=26%, signal=35%	
POSITIVE REGULATION OF CELL PROJECTION ORGANIZATION%GOBP%GO:0031346	POSITIVE REGULATION OF CELL PROJECTION ORGANIZATION%GOBP%GO:0031346		162	0.2538895	0.9450114	0.60059613	0.8341165	1.0	2309	tags=27%, list=21%, signal=33%	
POSITIVE REGULATION OF ESTABLISHMENT OF PROTEIN LOCALIZATION%GOBP%GO:1904951	POSITIVE REGULATION OF ESTABLISHMENT OF PROTEIN LOCALIZATION%GOBP%GO:1904951		177	0.25111803	0.9449328	0.602963	0.8339333	1.0	2769	tags=27%, list=25%, signal=36%	
SYNTHESIS OF PIPS AT THE GOLGI MEMBRANE%REACTOME DATABASE ID RELEASE 93%1660514	SYNTHESIS OF PIPS AT THE GOLGI MEMBRANE%REACTOME DATABASE ID RELEASE 93%1660514		15	0.38752735	0.94453967	0.5450082	0.8346173	1.0	2334	tags=33%, list=21%, signal=42%	
HORMONE-MEDIATED SIGNALING PATHWAY%GOBP%GO:0009755	HORMONE-MEDIATED SIGNALING PATHWAY%GOBP%GO:0009755		64	0.2904404	0.9442784	0.5627063	0.83489573	1.0	2040	tags=28%, list=19%, signal=34%	
TNFR1-INDUCED PROAPOPTOTIC SIGNALING%REACTOME DATABASE ID RELEASE 93%5357786	TNFR1-INDUCED PROAPOPTOTIC SIGNALING%REACTOME DATABASE ID RELEASE 93%5357786		21	0.35738546	0.94410807	0.54591835	0.83498406	1.0	1873	tags=24%, list=17%, signal=29%	
PHOTODYNAMIC THERAPY INDUCED AP 1 SURVIVAL SIGNALING%WIKIPATHWAYS_20250810%WP3611%HOMO SAPIENS	PHOTODYNAMIC THERAPY INDUCED AP 1 SURVIVAL SIGNALING%WIKIPATHWAYS_20250810%WP3611%HOMO SAPIENS		34	0.3255549	0.94393784	0.5532258	0.8350487	1.0	1797	tags=32%, list=16%, signal=39%	
SIGNALING BY FGFR2%REACTOME%R-HSA-5654738.4	SIGNALING BY FGFR2%REACTOME%R-HSA-5654738.4		45	0.30775377	0.943207	0.5561056	0.8366111	1.0	1807	tags=16%, list=16%, signal=19%	
BETA-CATENIN INDEPENDENT WNT SIGNALING%REACTOME%R-HSA-3858494.5	BETA-CATENIN INDEPENDENT WNT SIGNALING%REACTOME%R-HSA-3858494.5		102	0.2704701	0.9427518	0.5681115	0.83739567	1.0	1790	tags=21%, list=16%, signal=24%	
CEREBRAL CORTEX DEVELOPMENT%GOBP%GO:0021987	CEREBRAL CORTEX DEVELOPMENT%GOBP%GO:0021987		32	0.32802877	0.9425368	0.54710746	0.8375848	1.0	3065	tags=47%, list=28%, signal=65%	
LOSS OF NLP FROM MITOTIC CENTROSOMES%REACTOME DATABASE ID RELEASE 93%380259	LOSS OF NLP FROM MITOTIC CENTROSOMES%REACTOME DATABASE ID RELEASE 93%380259		64	0.28457734	0.942356	0.57377046	0.83764833	1.0	1803	tags=19%, list=16%, signal=22%	
REGULATION OF TISSUE REMODELING%GOBP%GO:0034103	REGULATION OF TISSUE REMODELING%GOBP%GO:0034103		31	0.33060995	0.94221634	0.56020945	0.8376254	1.0	1263	tags=23%, list=11%, signal=25%	
CALCIUM ION HOMEOSTASIS%GOBP%GO:0055074	CALCIUM ION HOMEOSTASIS%GOBP%GO:0055074		81	0.2747811	0.94212306	0.5541195	0.8374704	1.0	1968	tags=26%, list=18%, signal=31%	
RESPONSE TO EPIDERMAL GROWTH FACTOR%GOBP%GO:0070849	RESPONSE TO EPIDERMAL GROWTH FACTOR%GOBP%GO:0070849		24	0.351184	0.94184315	0.5604027	0.8378055	1.0	2756	tags=29%, list=25%, signal=39%	
ESTABLISHMENT OF CELL POLARITY%GOBP%GO:0030010	ESTABLISHMENT OF CELL POLARITY%GOBP%GO:0030010		65	0.28574672	0.9415799	0.56796116	0.838106	1.0	2700	tags=32%, list=25%, signal=43%	
REGULATION OF ATP-DEPENDENT ACTIVITY%GOBP%GO:0043462	REGULATION OF ATP-DEPENDENT ACTIVITY%GOBP%GO:0043462		22	0.3549083	0.9415493	0.5613126	0.8378021	1.0	3392	tags=36%, list=31%, signal=53%	
REGULATION OF CD4-POSITIVE, ALPHA-BETA T CELL DIFFERENTIATION%GOBP%GO:0043370	REGULATION OF CD4-POSITIVE, ALPHA-BETA T CELL DIFFERENTIATION%GOBP%GO:0043370		38	0.31572664	0.9415261	0.53266335	0.83747506	1.0	2769	tags=34%, list=25%, signal=46%	
PYRIMIDINE NUCLEOTIDE BIOSYNTHETIC PROCESS%GOBP%GO:0006221	PYRIMIDINE NUCLEOTIDE BIOSYNTHETIC PROCESS%GOBP%GO:0006221		20	0.36968416	0.9413386	0.5676127	0.8375599	1.0	1941	tags=20%, list=18%, signal=24%	
MITOCHONDRIAL ELECTRON TRANSPORT CHAIN%SMPDB%SMP0000355	MITOCHONDRIAL ELECTRON TRANSPORT CHAIN%SMPDB%SMP0000355		19	0.37340692	0.94125617	0.5597826	0.8373882	1.0	661	tags=11%, list=6%, signal=11%	
RECIPROCAL MEIOTIC RECOMBINATION%GOBP%GO:0007131	RECIPROCAL MEIOTIC RECOMBINATION%GOBP%GO:0007131		33	0.32970667	0.94104964	0.53781515	0.8375746	1.0	3318	tags=36%, list=30%, signal=52%	
TRANSCRIPTION OF E2F TARGETS UNDER NEGATIVE CONTROL BY P107 (RBL1) AND P130 (RBL2) IN COMPLEX WITH HDAC1%REACTOME DATABASE ID RELEASE 93%1362300	TRANSCRIPTION OF E2F TARGETS UNDER NEGATIVE CONTROL BY P107 (RBL1) AND P130 (RBL2) IN COMPLEX WITH HDAC1%REACTOME DATABASE ID RELEASE 93%1362300		15	0.38399157	0.94058	0.5463917	0.8384448	1.0	3289	tags=47%, list=30%, signal=67%	
TRNA AMINOACYLATION FOR PROTEIN TRANSLATION%GOBP%GO:0006418	TRNA AMINOACYLATION FOR PROTEIN TRANSLATION%GOBP%GO:0006418		35	0.31992236	0.9402968	0.55447155	0.83884096	1.0	3559	tags=43%, list=32%, signal=63%	
POSITIVE REGULATION OF RESPONSE TO CYTOKINE STIMULUS%GOBP%GO:0060760	POSITIVE REGULATION OF RESPONSE TO CYTOKINE STIMULUS%GOBP%GO:0060760		40	0.31711674	0.9400445	0.55	0.8391429	1.0	2822	tags=40%, list=26%, signal=54%	
HALLMARK_ANDROGEN_RESPONSE%MSIGDBHALLMARK%HALLMARK_ANDROGEN_RESPONSE	HALLMARK_ANDROGEN_RESPONSE%MSIGDBHALLMARK%HALLMARK_ANDROGEN_RESPONSE		60	0.28978196	0.94001836	0.56113905	0.83883977	1.0	2291	tags=27%, list=21%, signal=34%	
CONSTITUTIVE SIGNALING BY LIGAND-RESPONSIVE EGFR CANCER VARIANTS%REACTOME%R-HSA-1236382.3	CONSTITUTIVE SIGNALING BY LIGAND-RESPONSIVE EGFR CANCER VARIANTS%REACTOME%R-HSA-1236382.3		15	0.38516375	0.9399538	0.54690266	0.83863866	1.0	1752	tags=33%, list=16%, signal=40%	
REGULATION OF MICROTUBULE CYTOSKELETON ORGANIZATION%GOBP%GO:0070507	REGULATION OF MICROTUBULE CYTOSKELETON ORGANIZATION%GOBP%GO:0070507		103	0.26582634	0.9397486	0.595679	0.83879507	1.0	1062	tags=10%, list=10%, signal=11%	
CELLULAR RESPONSE TO RADIATION%GOBP%GO:0071478	CELLULAR RESPONSE TO RADIATION%GOBP%GO:0071478		104	0.26657242	0.9395432	0.5701625	0.83895445	1.0	3009	tags=36%, list=27%, signal=49%	
POSITIVE REGULATION OF ESTABLISHMENT OF PROTEIN LOCALIZATION TO MITOCHONDRION%GOBP%GO:1903749	POSITIVE REGULATION OF ESTABLISHMENT OF PROTEIN LOCALIZATION TO MITOCHONDRION%GOBP%GO:1903749		29	0.33824873	0.9394397	0.5486577	0.8388134	1.0	3240	tags=45%, list=30%, signal=63%	
POSITIVE REGULATION OF AUTOPHAGOSOME ASSEMBLY%GOBP%GO:2000786	POSITIVE REGULATION OF AUTOPHAGOSOME ASSEMBLY%GOBP%GO:2000786		15	0.3877598	0.93920815	0.53989816	0.8390452	1.0	1405	tags=20%, list=13%, signal=23%	
NUCLEAR-TRANSCRIBED MRNA CATABOLIC PROCESS, NONSENSE-MEDIATED DECAY%GOBP%GO:0000184	NUCLEAR-TRANSCRIBED MRNA CATABOLIC PROCESS, NONSENSE-MEDIATED DECAY%GOBP%GO:0000184		27	0.34173927	0.93903846	0.57237935	0.83911014	1.0	129	tags=7%, list=1%, signal=7%	
RECRUITMENT OF NUMA TO MITOTIC CENTROSOMES%REACTOME DATABASE ID RELEASE 93%380320	RECRUITMENT OF NUMA TO MITOTIC CENTROSOMES%REACTOME DATABASE ID RELEASE 93%380320		75	0.28312173	0.93899804	0.58505565	0.83883244	1.0	2609	tags=25%, list=24%, signal=33%	
BIOCARTA_AT1R_PATHWAY%MSIGDB_C2%BIOCARTA_AT1R_PATHWAY	BIOCARTA_AT1R_PATHWAY%MSIGDB_C2%BIOCARTA_AT1R_PATHWAY		20	0.35954064	0.9389706	0.5486111	0.83853287	1.0	3554	tags=40%, list=32%, signal=59%	
T CELL ACTIVATION%PANTHER PATHWAY%P00053	T CELL ACTIVATION%PANTHER PATHWAY%P00053		52	0.2989406	0.9385242	0.57877815	0.8392841	1.0	1526	tags=15%, list=14%, signal=18%	
TRANSPORT OF THE SLBP DEPENDANT MATURE MRNA%REACTOME DATABASE ID RELEASE 93%159230	TRANSPORT OF THE SLBP DEPENDANT MATURE MRNA%REACTOME DATABASE ID RELEASE 93%159230		33	0.3220171	0.93848175	0.5255591	0.8390213	1.0	3521	tags=39%, list=32%, signal=58%	
TELOMERE MAINTENANCE%REACTOME DATABASE ID RELEASE 93%157579	TELOMERE MAINTENANCE%REACTOME DATABASE ID RELEASE 93%157579		74	0.2827901	0.9384647	0.5527559	0.8386716	1.0	1547	tags=16%, list=14%, signal=19%	
TRANSPORT OF MATURE TRANSCRIPT TO CYTOPLASM%REACTOME%R-HSA-72202.4	TRANSPORT OF MATURE TRANSCRIPT TO CYTOPLASM%REACTOME%R-HSA-72202.4		75	0.27876234	0.9380324	0.57073957	0.8394279	1.0	4118	tags=43%, list=37%, signal=68%	
NEGATIVE REGULATION OF TELOMERE MAINTENANCE VIA TELOMERE LENGTHENING%GOBP%GO:1904357	NEGATIVE REGULATION OF TELOMERE MAINTENANCE VIA TELOMERE LENGTHENING%GOBP%GO:1904357		23	0.34908247	0.9379276	0.56713784	0.83932114	1.0	3761	tags=43%, list=34%, signal=66%	
CYCLIN D ASSOCIATED EVENTS IN G1%REACTOME%R-HSA-69231.11	CYCLIN D ASSOCIATED EVENTS IN G1%REACTOME%R-HSA-69231.11		39	0.3156734	0.93787706	0.58247423	0.8390783	1.0	1797	tags=21%, list=16%, signal=24%	
NUCLEAR IMPORT OF REV PROTEIN%REACTOME%R-HSA-180746.3	NUCLEAR IMPORT OF REV PROTEIN%REACTOME%R-HSA-180746.3		31	0.33046168	0.93779165	0.5644891	0.8389134	1.0	3521	tags=42%, list=32%, signal=62%	
CD4-POSITIVE, ALPHA-BETA T CELL DIFFERENTIATION INVOLVED IN IMMUNE RESPONSE%GOBP%GO:0002294	CD4-POSITIVE, ALPHA-BETA T CELL DIFFERENTIATION INVOLVED IN IMMUNE RESPONSE%GOBP%GO:0002294		26	0.34338105	0.93770796	0.5905923	0.8387615	1.0	2587	tags=35%, list=24%, signal=45%	
ANTEROGRADE AXONAL TRANSPORT%GOBP%GO:0008089	ANTEROGRADE AXONAL TRANSPORT%GOBP%GO:0008089		30	0.3247374	0.93765837	0.5462046	0.8385137	1.0	2499	tags=27%, list=23%, signal=34%	
POSITIVE REGULATION OF PROTEIN KINASE ACTIVITY%GOBP%GO:0045860	POSITIVE REGULATION OF PROTEIN KINASE ACTIVITY%GOBP%GO:0045860		75	0.2789818	0.9375869	0.5845411	0.83832675	1.0	1797	tags=21%, list=16%, signal=25%	
KERATINIZATION%REACTOME%R-HSA-6805567.5	KERATINIZATION%REACTOME%R-HSA-6805567.5		15	0.38485655	0.93731856	0.54137933	0.8386111	1.0	2033	tags=33%, list=19%, signal=41%	
PYRIMIDINE-CONTAINING COMPOUND BIOSYNTHETIC PROCESS%GOBP%GO:0072528	PYRIMIDINE-CONTAINING COMPOUND BIOSYNTHETIC PROCESS%GOBP%GO:0072528		25	0.34154597	0.93726486	0.54624784	0.8383664	1.0	2370	tags=24%, list=22%, signal=31%	
LAMELLIPODIUM ASSEMBLY%GOBP%GO:0030032	LAMELLIPODIUM ASSEMBLY%GOBP%GO:0030032		19	0.36341828	0.93723917	0.53217393	0.8380488	1.0	817	tags=16%, list=7%, signal=17%	
KERATINOCYTE DIFFERENTIATION%GOBP%GO:0030216	KERATINOCYTE DIFFERENTIATION%GOBP%GO:0030216		21	0.3589324	0.9370872	0.5662021	0.83805794	1.0	587	tags=19%, list=5%, signal=20%	
DISEASES ASSOCIATED WITH GLYCOSYLATION PRECURSOR BIOSYNTHESIS%REACTOME DATABASE ID RELEASE 93%5609975	DISEASES ASSOCIATED WITH GLYCOSYLATION PRECURSOR BIOSYNTHESIS%REACTOME DATABASE ID RELEASE 93%5609975		15	0.38276336	0.9368079	0.55128205	0.8384013	1.0	2589	tags=40%, list=24%, signal=52%	
SLC TRANSPORTER DISORDERS%REACTOME%R-HSA-5619102.8	SLC TRANSPORTER DISORDERS%REACTOME%R-HSA-5619102.8		61	0.28892508	0.936585	0.5762987	0.83861864	1.0	1109	tags=16%, list=10%, signal=18%	
PYRIMIDINE RIBONUCLEOTIDE METABOLIC PROCESS%GOBP%GO:0009218	PYRIMIDINE RIBONUCLEOTIDE METABOLIC PROCESS%GOBP%GO:0009218		17	0.38037795	0.93649393	0.5538972	0.8384713	1.0	1941	tags=24%, list=18%, signal=29%	
VITAMIN D SENSITIVE CALCIUM SIGNALING IN DEPRESSION%WIKIPATHWAYS_20250810%WP4698%HOMO SAPIENS	VITAMIN D SENSITIVE CALCIUM SIGNALING IN DEPRESSION%WIKIPATHWAYS_20250810%WP4698%HOMO SAPIENS		15	0.389427	0.9364921	0.57894737	0.8380953	1.0	2339	tags=27%, list=21%, signal=34%	
IL8- AND CXCR1-MEDIATED SIGNALING EVENTS%PATHWAY INTERACTION DATABASE NCI-NATURE CURATED DATA%IL8- AND CXCR1-MEDIATED SIGNALING EVENTS	IL8- AND CXCR1-MEDIATED SIGNALING EVENTS%PATHWAY INTERACTION DATABASE NCI-NATURE CURATED DATA%IL8- AND CXCR1-MEDIATED SIGNALING EVENTS		25	0.3367421	0.9363882	0.5451448	0.8380064	1.0	1668	tags=32%, list=15%, signal=38%	
SUMOYLATION OF SUMOYLATION PROTEINS%REACTOME DATABASE ID RELEASE 93%4085377	SUMOYLATION OF SUMOYLATION PROTEINS%REACTOME DATABASE ID RELEASE 93%4085377		32	0.32729244	0.9363067	0.53741497	0.83785033	1.0	3521	tags=41%, list=32%, signal=60%	
17Q12 COPY NUMBER VARIATION SYNDROME%WIKIPATHWAYS_20250810%WP5287%HOMO SAPIENS	17Q12 COPY NUMBER VARIATION SYNDROME%WIKIPATHWAYS_20250810%WP5287%HOMO SAPIENS		31	0.3301334	0.93627566	0.54892206	0.8375591	1.0	1325	tags=19%, list=12%, signal=22%	
DNA DOUBLE-STRAND BREAK REPAIR%REACTOME DATABASE ID RELEASE 93%5693532	DNA DOUBLE-STRAND BREAK REPAIR%REACTOME DATABASE ID RELEASE 93%5693532		132	0.25521633	0.9362507	0.61422086	0.8372474	1.0	3205	tags=33%, list=29%, signal=45%	
CIRCADIAN CLOCK%REACTOME%R-HSA-9909396.2	CIRCADIAN CLOCK%REACTOME%R-HSA-9909396.2		96	0.26912957	0.9359079	0.60223645	0.8377948	1.0	2787	tags=27%, list=25%, signal=36%	
POSITIVE REGULATION OF T-HELPER CELL DIFFERENTIATION%GOBP%GO:0045624	POSITIVE REGULATION OF T-HELPER CELL DIFFERENTIATION%GOBP%GO:0045624		17	0.37473872	0.9355065	0.5476603	0.8384495	1.0	3590	tags=65%, list=33%, signal=96%	
PID_IFNG_PATHWAY%MSIGDB_C2%PID_IFNG_PATHWAY	PID_IFNG_PATHWAY%MSIGDB_C2%PID_IFNG_PATHWAY		27	0.33452737	0.93547815	0.56	0.838144	1.0	3614	tags=56%, list=33%, signal=83%	
CLASS I PEROXISOMAL MEMBRANE PROTEIN IMPORT%REACTOME DATABASE ID RELEASE 93%9603798	CLASS I PEROXISOMAL MEMBRANE PROTEIN IMPORT%REACTOME DATABASE ID RELEASE 93%9603798		17	0.375373	0.9354056	0.54	0.83794993	1.0	2523	tags=41%, list=23%, signal=53%	
INTRACELLULAR CALCIUM ION HOMEOSTASIS%GOBP%GO:0006874	INTRACELLULAR CALCIUM ION HOMEOSTASIS%GOBP%GO:0006874		75	0.28130645	0.935276	0.58038586	0.8378927	1.0	1968	tags=27%, list=18%, signal=32%	
NUCLEAR RNA DECAY%REACTOME%R-HSA-9930044.1	NUCLEAR RNA DECAY%REACTOME%R-HSA-9930044.1		35	0.31429267	0.93514603	0.56414473	0.8378745	1.0	1807	tags=17%, list=16%, signal=20%	
CYTOSKELETON-DEPENDENT CYTOKINESIS%GOBP%GO:0061640	CYTOSKELETON-DEPENDENT CYTOKINESIS%GOBP%GO:0061640		90	0.26911306	0.93474	0.56630266	0.83853143	1.0	2538	tags=24%, list=23%, signal=32%	
T CELL ANTIGEN RECEPTOR TCR PATHWAY DURING STAPHYLOCOCCUS AUREUS INFECTION%WIKIPATHWAYS_20250810%WP3863%HOMO SAPIENS	T CELL ANTIGEN RECEPTOR TCR PATHWAY DURING STAPHYLOCOCCUS AUREUS INFECTION%WIKIPATHWAYS_20250810%WP3863%HOMO SAPIENS		41	0.31260994	0.9343171	0.565	0.8392433	1.0	715	tags=15%, list=7%, signal=16%	
NS1 MEDIATED EFFECTS ON HOST PATHWAYS%REACTOME DATABASE ID RELEASE 93%168276	NS1 MEDIATED EFFECTS ON HOST PATHWAYS%REACTOME DATABASE ID RELEASE 93%168276		37	0.31580764	0.93415064	0.5670628	0.8392952	1.0	3521	tags=38%, list=32%, signal=56%	
T CELL RECEPTOR AND CO STIMULATORY SIGNALING%WIKIPATHWAYS_20250810%WP2583%HOMO SAPIENS	T CELL RECEPTOR AND CO STIMULATORY SIGNALING%WIKIPATHWAYS_20250810%WP2583%HOMO SAPIENS		17	0.3743674	0.9331073	0.5744308	0.8415538	1.0	1173	tags=18%, list=11%, signal=20%	
MITOTIC DNA INTEGRITY CHECKPOINT SIGNALING%GOBP%GO:0044774	MITOTIC DNA INTEGRITY CHECKPOINT SIGNALING%GOBP%GO:0044774		56	0.29160628	0.9328941	0.57755774	0.8417225	1.0	3496	tags=39%, list=32%, signal=57%	
NEURODEGENERATION WITH BRAIN IRON ACCUMULATION NBIA SUBTYPES PATHWAY%WIKIPATHWAYS_20250810%WP4577%HOMO SAPIENS	NEURODEGENERATION WITH BRAIN IRON ACCUMULATION NBIA SUBTYPES PATHWAY%WIKIPATHWAYS_20250810%WP4577%HOMO SAPIENS		31	0.33006752	0.9328891	0.57439446	0.8413561	1.0	4245	tags=55%, list=39%, signal=89%	
RESOLUTION OF D-LOOP STRUCTURES%REACTOME%R-HSA-5693537.3	RESOLUTION OF D-LOOP STRUCTURES%REACTOME%R-HSA-5693537.3		32	0.32817206	0.93286544	0.56345177	0.8410398	1.0	3278	tags=38%, list=30%, signal=53%	
STRIATED MUSCLE CELL DIFFERENTIATION%GOBP%GO:0051146	STRIATED MUSCLE CELL DIFFERENTIATION%GOBP%GO:0051146		44	0.3021145	0.9328602	0.5677831	0.8406757	1.0	1451	tags=23%, list=13%, signal=26%	
ALPHA-BETA T CELL DIFFERENTIATION INVOLVED IN IMMUNE RESPONSE%GOBP%GO:0002293	ALPHA-BETA T CELL DIFFERENTIATION INVOLVED IN IMMUNE RESPONSE%GOBP%GO:0002293		26	0.34338105	0.9328411	0.55785835	0.84034634	1.0	2587	tags=35%, list=24%, signal=45%	
INACTIVATION OF CSF3 (G-CSF) SIGNALING%REACTOME%R-HSA-9705462.2	INACTIVATION OF CSF3 (G-CSF) SIGNALING%REACTOME%R-HSA-9705462.2		24	0.34651843	0.9323948	0.5714286	0.84114623	1.0	2587	tags=33%, list=24%, signal=44%	
PHOSPHORYLATION OF THE APC C%REACTOME DATABASE ID RELEASE 93%176412	PHOSPHORYLATION OF THE APC C%REACTOME DATABASE ID RELEASE 93%176412		20	0.35625482	0.9322982	0.55438596	0.8410068	1.0	2755	tags=35%, list=25%, signal=47%	
PID_AR_PATHWAY%MSIGDB_C2%PID_AR_PATHWAY	PID_AR_PATHWAY%MSIGDB_C2%PID_AR_PATHWAY		39	0.31338707	0.9321355	0.5644372	0.8410429	1.0	1102	tags=13%, list=10%, signal=14%	
T-HELPER CELL DIFFERENTIATION%GOBP%GO:0042093	T-HELPER CELL DIFFERENTIATION%GOBP%GO:0042093		26	0.34338105	0.9320946	0.57019067	0.84078354	1.0	2587	tags=35%, list=24%, signal=45%	
REGULATION OF MYELOID CELL DIFFERENTIATION%GOBP%GO:0045637	REGULATION OF MYELOID CELL DIFFERENTIATION%GOBP%GO:0045637		109	0.26242316	0.932078	0.58625954	0.8404501	1.0	1975	tags=24%, list=18%, signal=29%	
SUBSTRATE ADHESION-DEPENDENT CELL SPREADING%GOBP%GO:0034446	SUBSTRATE ADHESION-DEPENDENT CELL SPREADING%GOBP%GO:0034446		20	0.3586259	0.9319327	0.56198347	0.84046996	1.0	1387	tags=30%, list=13%, signal=34%	
REGULATION OF ORGANELLE ASSEMBLY%GOBP%GO:1902115	REGULATION OF ORGANELLE ASSEMBLY%GOBP%GO:1902115		161	0.24704348	0.9319216	0.62463343	0.84012353	1.0	2261	tags=21%, list=21%, signal=26%	
E3 UBIQUITIN LIGASES UBIQUITINATE TARGET PROTEINS%REACTOME%R-HSA-8866654.5	E3 UBIQUITIN LIGASES UBIQUITINATE TARGET PROTEINS%REACTOME%R-HSA-8866654.5		48	0.30374408	0.9318834	0.5923461	0.8398478	1.0	3207	tags=33%, list=29%, signal=47%	
SENESCENCE AND AUTOPHAGY IN CANCER%WIKIPATHWAYS_20250810%WP615%HOMO SAPIENS	SENESCENCE AND AUTOPHAGY IN CANCER%WIKIPATHWAYS_20250810%WP615%HOMO SAPIENS		61	0.28672892	0.9316778	0.56913185	0.8400008	1.0	2508	tags=34%, list=23%, signal=44%	
MITOTIC G2/M TRANSITION CHECKPOINT%GOBP%GO:0044818	MITOTIC G2/M TRANSITION CHECKPOINT%GOBP%GO:0044818		44	0.30254224	0.9316383	0.58347106	0.839719	1.0	3496	tags=43%, list=32%, signal=63%	
CELLULAR RESPONSE TO GLUCOSE STIMULUS%GOBP%GO:0071333	CELLULAR RESPONSE TO GLUCOSE STIMULUS%GOBP%GO:0071333		24	0.34485474	0.93152684	0.54145515	0.8396309	1.0	1922	tags=38%, list=17%, signal=45%	
G1/S TRANSITION OF MITOTIC CELL CYCLE%GOBP%GO:0000082	G1/S TRANSITION OF MITOTIC CELL CYCLE%GOBP%GO:0000082		54	0.29249513	0.93125886	0.5970636	0.83990747	1.0	2884	tags=37%, list=26%, signal=50%	
ANTEROGRADE SYNAPTIC VESICLE TRANSPORT%GOBP%GO:0048490	ANTEROGRADE SYNAPTIC VESICLE TRANSPORT%GOBP%GO:0048490		16	0.38723347	0.93093204	0.58147514	0.8403844	1.0	2499	tags=38%, list=23%, signal=48%	
RETROGRADE TRANSPORT, ENDOSOME TO GOLGI%GOBP%GO:0042147	RETROGRADE TRANSPORT, ENDOSOME TO GOLGI%GOBP%GO:0042147		77	0.27865458	0.930762	0.5984127	0.840465	1.0	3420	tags=36%, list=31%, signal=52%	
NEGATIVE REGULATION OF CATION TRANSMEMBRANE TRANSPORT%GOBP%GO:1904063	NEGATIVE REGULATION OF CATION TRANSMEMBRANE TRANSPORT%GOBP%GO:1904063		29	0.3317394	0.9305177	0.5581015	0.8406949	1.0	1794	tags=28%, list=16%, signal=33%	
INTERLEUKIN 1 IL 1 STRUCTURAL PATHWAY%WIKIPATHWAYS_20250810%WP2637%HOMO SAPIENS	INTERLEUKIN 1 IL 1 STRUCTURAL PATHWAY%WIKIPATHWAYS_20250810%WP2637%HOMO SAPIENS		37	0.3196708	0.9303359	0.56301147	0.8407665	1.0	974	tags=14%, list=9%, signal=15%	
SIALIC ACID METABOLISM%REACTOME DATABASE ID RELEASE 93%4085001	SIALIC ACID METABOLISM%REACTOME DATABASE ID RELEASE 93%4085001		23	0.34826922	0.92984176	0.5689949	0.8416445	1.0	482	tags=17%, list=4%, signal=18%	
PRADER WILLI AND ANGELMAN SYNDROME%WIKIPATHWAYS_20250810%WP3998%HOMO SAPIENS	PRADER WILLI AND ANGELMAN SYNDROME%WIKIPATHWAYS_20250810%WP3998%HOMO SAPIENS		52	0.29624072	0.92961186	0.59577924	0.8418717	1.0	2480	tags=27%, list=23%, signal=35%	
DIMETHYLGLYCINE DEHYDROGENASE DEFICIENCY%SMPDB%SMP0000242	DIMETHYLGLYCINE DEHYDROGENASE DEFICIENCY%SMPDB%SMP0000242		18	0.36399314	0.929539	0.55689657	0.84167963	1.0	2170	tags=50%, list=20%, signal=62%	
NUCLEAR-TRANSCRIBED MRNA CATABOLIC PROCESS%GOBP%GO:0000956	NUCLEAR-TRANSCRIBED MRNA CATABOLIC PROCESS%GOBP%GO:0000956		90	0.26778862	0.9294396	0.6232558	0.8415611	1.0	2260	tags=18%, list=21%, signal=22%	
ONCOGENE INDUCED SENESCENCE%REACTOME DATABASE ID RELEASE 93%2559585	ONCOGENE INDUCED SENESCENCE%REACTOME DATABASE ID RELEASE 93%2559585		30	0.32924622	0.92936367	0.5682968	0.84138787	1.0	1895	tags=23%, list=17%, signal=28%	
REGULATION OF DEFENSE RESPONSE TO VIRUS BY HOST%GOBP%GO:0050691	REGULATION OF DEFENSE RESPONSE TO VIRUS BY HOST%GOBP%GO:0050691		27	0.33445236	0.92856705	0.58026755	0.8430558	1.0	1799	tags=26%, list=16%, signal=31%	
REGULATION OF NERVOUS SYSTEM DEVELOPMENT%GOBP%GO:0051960	REGULATION OF NERVOUS SYSTEM DEVELOPMENT%GOBP%GO:0051960		133	0.25514302	0.9285516	0.6203704	0.84271306	1.0	2447	tags=28%, list=22%, signal=35%	
REGULATION OF LIPID METABOLIC PROCESS%GOBP%GO:0019216	REGULATION OF LIPID METABOLIC PROCESS%GOBP%GO:0019216		148	0.25185654	0.92849886	0.6345566	0.8424722	1.0	2120	tags=22%, list=19%, signal=27%	
INTRACELLULAR PH REDUCTION%GOBP%GO:0051452	INTRACELLULAR PH REDUCTION%GOBP%GO:0051452		36	0.31279814	0.928191	0.56388414	0.8428603	1.0	1233	tags=19%, list=11%, signal=22%	
HIV LIFE CYCLE%REACTOME%R-HSA-162587.5	HIV LIFE CYCLE%REACTOME%R-HSA-162587.5		133	0.25483897	0.92806435	0.6357928	0.8428191	1.0	3308	tags=29%, list=30%, signal=40%	
G1 TO S CELL CYCLE CONTROL%WIKIPATHWAYS_20250810%WP45%HOMO SAPIENS	G1 TO S CELL CYCLE CONTROL%WIKIPATHWAYS_20250810%WP45%HOMO SAPIENS		46	0.3007885	0.9279751	0.6039604	0.8426822	1.0	2956	tags=37%, list=27%, signal=50%	
RNA POLYMERASE II TRANSCRIPTION THE PREINITIATION COMPLEX%WIKIPATHWAYS_20250810%WP5563%HOMO SAPIENS	RNA POLYMERASE II TRANSCRIPTION THE PREINITIATION COMPLEX%WIKIPATHWAYS_20250810%WP5563%HOMO SAPIENS		54	0.28958896	0.92738634	0.5948718	0.843796	1.0	3129	tags=26%, list=28%, signal=36%	
POSITIVE REGULATION OF NERVOUS SYSTEM DEVELOPMENT%GOBP%GO:0051962	POSITIVE REGULATION OF NERVOUS SYSTEM DEVELOPMENT%GOBP%GO:0051962		80	0.27493566	0.92736095	0.6202946	0.8434899	1.0	2377	tags=29%, list=22%, signal=36%	
REGULATION OF RETINOBLASTOMA PROTEIN%PATHWAY INTERACTION DATABASE NCI-NATURE CURATED DATA%REGULATION OF RETINOBLASTOMA PROTEIN	REGULATION OF RETINOBLASTOMA PROTEIN%PATHWAY INTERACTION DATABASE NCI-NATURE CURATED DATA%REGULATION OF RETINOBLASTOMA PROTEIN		48	0.29475242	0.9273092	0.5716639	0.8432345	1.0	3289	tags=42%, list=30%, signal=59%	
ENDODERM DEVELOPMENT%GOBP%GO:0007492	ENDODERM DEVELOPMENT%GOBP%GO:0007492		22	0.3572478	0.92697483	0.5785838	0.8437302	1.0	1014	tags=23%, list=9%, signal=25%	
SIGNALING BY WNT%REACTOME%R-HSA-195721.7	SIGNALING BY WNT%REACTOME%R-HSA-195721.7		196	0.2424807	0.92670053	0.6380544	0.84404415	1.0	2249	tags=22%, list=20%, signal=28%	
SIGNALING BY LIGAND-RESPONSIVE EGFR VARIANTS IN CANCER%REACTOME%R-HSA-5637815.3	SIGNALING BY LIGAND-RESPONSIVE EGFR VARIANTS IN CANCER%REACTOME%R-HSA-5637815.3		15	0.38516375	0.92660594	0.56719023	0.8439131	1.0	1752	tags=33%, list=16%, signal=40%	
2Q13 COPY NUMBER VARIATION SYNDROME%WIKIPATHWAYS_20250810%WP5222%HOMO SAPIENS	2Q13 COPY NUMBER VARIATION SYNDROME%WIKIPATHWAYS_20250810%WP5222%HOMO SAPIENS		30	0.32975638	0.9263395	0.58666664	0.84420097	1.0	1891	tags=30%, list=17%, signal=36%	
INTEGRIN CELL SURFACE INTERACTIONS%REACTOME DATABASE ID RELEASE 93%216083	INTEGRIN CELL SURFACE INTERACTIONS%REACTOME DATABASE ID RELEASE 93%216083		34	0.31855443	0.92622775	0.59090906	0.8441172	1.0	1440	tags=29%, list=13%, signal=34%	
ESTABLISHMENT OF RNA LOCALIZATION%GOBP%GO:0051236	ESTABLISHMENT OF RNA LOCALIZATION%GOBP%GO:0051236		90	0.26792437	0.9260794	0.5984615	0.8440982	1.0	2469	tags=20%, list=22%, signal=26%	
DNA-TEMPLATED DNA REPLICATION%GOBP%GO:0006261	DNA-TEMPLATED DNA REPLICATION%GOBP%GO:0006261		116	0.2578271	0.9256767	0.6151419	0.8447576	1.0	2897	tags=28%, list=26%, signal=37%	
PAUSING AND RECOVERY OF HIV ELONGATION%REACTOME%R-HSA-167290.4	PAUSING AND RECOVERY OF HIV ELONGATION%REACTOME%R-HSA-167290.4		30	0.33270404	0.9255634	0.5734024	0.84468156	1.0	3720	tags=30%, list=34%, signal=45%	
ARRHYTHMOGENIC RIGHT VENTRICULAR CARDIOMYOPATHY%WIKIPATHWAYS_20250810%WP2118%HOMO SAPIENS	ARRHYTHMOGENIC RIGHT VENTRICULAR CARDIOMYOPATHY%WIKIPATHWAYS_20250810%WP2118%HOMO SAPIENS		30	0.32750905	0.9255041	0.5831904	0.8444588	1.0	1842	tags=37%, list=17%, signal=44%	
PROTEIN MONOUBIQUITINATION%GOBP%GO:0006513	PROTEIN MONOUBIQUITINATION%GOBP%GO:0006513		37	0.3127183	0.92545575	0.5878261	0.8441916	1.0	978	tags=14%, list=9%, signal=15%	
NEGATIVE REGULATION OF GROWTH%GOBP%GO:0045926	NEGATIVE REGULATION OF GROWTH%GOBP%GO:0045926		84	0.26988098	0.9251427	0.63084114	0.84461576	1.0	778	tags=13%, list=7%, signal=14%	
MYOTUBE DIFFERENTIATION%GOBP%GO:0014902	MYOTUBE DIFFERENTIATION%GOBP%GO:0014902		15	0.38442808	0.92449385	0.57166666	0.84590924	1.0	1154	tags=20%, list=11%, signal=22%	
ENDOPLASMIC RETICULUM STRESS RESPONSE IN CORONAVIRUS INFECTION%WIKIPATHWAYS_20250810%WP4861%HOMO SAPIENS	ENDOPLASMIC RETICULUM STRESS RESPONSE IN CORONAVIRUS INFECTION%WIKIPATHWAYS_20250810%WP4861%HOMO SAPIENS		29	0.32928845	0.92413783	0.58181816	0.84646136	1.0	2858	tags=38%, list=26%, signal=51%	
HYPERGLYCINEMIA, NON-KETOTIC%SMPDB%SMP0000485	HYPERGLYCINEMIA, NON-KETOTIC%SMPDB%SMP0000485		18	0.36399314	0.92366666	0.5933099	0.8472938	1.0	2170	tags=50%, list=20%, signal=62%	
S1P3 PATHWAY%PATHWAY INTERACTION DATABASE NCI-NATURE CURATED DATA%S1P3 PATHWAY	S1P3 PATHWAY%PATHWAY INTERACTION DATABASE NCI-NATURE CURATED DATA%S1P3 PATHWAY		18	0.36157143	0.92361575	0.5724138	0.8470448	1.0	2287	tags=33%, list=21%, signal=42%	
REGULATION OF WNT SIGNALING PATHWAY%GOBP%GO:0030111	REGULATION OF WNT SIGNALING PATHWAY%GOBP%GO:0030111		161	0.24834089	0.9235723	0.6311111	0.8467944	1.0	2276	tags=24%, list=21%, signal=30%	
ACTIN FILAMENT POLYMERIZATION%GOBP%GO:0030041	ACTIN FILAMENT POLYMERIZATION%GOBP%GO:0030041		20	0.3599103	0.92185134	0.5767285	0.85080963	1.0	2738	tags=30%, list=25%, signal=40%	
NRP1 TRIGGERED SIGNALING IN PANCREATIC CANCER %WIKIPATHWAYS_20250810%WP5144%HOMO SAPIENS	NRP1 TRIGGERED SIGNALING IN PANCREATIC CANCER %WIKIPATHWAYS_20250810%WP5144%HOMO SAPIENS		31	0.32493702	0.9215215	0.56393445	0.8512582	1.0	2508	tags=35%, list=23%, signal=46%	
PROTEIN-DNA COMPLEX ORGANIZATION%GOBP%GO:0071824	PROTEIN-DNA COMPLEX ORGANIZATION%GOBP%GO:0071824		133	0.25422817	0.920466	0.6449704	0.8535326	1.0	3198	tags=32%, list=29%, signal=45%	
GROWTH HORMONE RECEPTOR SIGNALING%REACTOME DATABASE ID RELEASE 93%982772	GROWTH HORMONE RECEPTOR SIGNALING%REACTOME DATABASE ID RELEASE 93%982772		16	0.3805056	0.9203539	0.5993031	0.8534253	1.0	2163	tags=31%, list=20%, signal=39%	
NRIF SIGNALS CELL DEATH FROM THE NUCLEUS%REACTOME DATABASE ID RELEASE 93%205043	NRIF SIGNALS CELL DEATH FROM THE NUCLEUS%REACTOME DATABASE ID RELEASE 93%205043		15	0.37957525	0.9203499	0.57698816	0.85305715	1.0	2209	tags=27%, list=20%, signal=33%	
NEGATIVE REGULATION OF BLOOD VESSEL ENDOTHELIAL CELL MIGRATION%GOBP%GO:0043537	NEGATIVE REGULATION OF BLOOD VESSEL ENDOTHELIAL CELL MIGRATION%GOBP%GO:0043537		20	0.3536164	0.92004985	0.57020545	0.85343486	1.0	3142	tags=45%, list=29%, signal=63%	
IL8- AND CXCR2-MEDIATED SIGNALING EVENTS%PATHWAY INTERACTION DATABASE NCI-NATURE CURATED DATA%IL8- AND CXCR2-MEDIATED SIGNALING EVENTS	IL8- AND CXCR2-MEDIATED SIGNALING EVENTS%PATHWAY INTERACTION DATABASE NCI-NATURE CURATED DATA%IL8- AND CXCR2-MEDIATED SIGNALING EVENTS		31	0.31850198	0.9200204	0.5878261	0.85314107	1.0	1668	tags=29%, list=15%, signal=34%	
NUCLEOSOME DISASSEMBLY%GOBP%GO:0006337	NUCLEOSOME DISASSEMBLY%GOBP%GO:0006337		19	0.3616995	0.9199206	0.58293074	0.853022	1.0	2115	tags=26%, list=19%, signal=33%	
HEME BIOSYNTHETIC PROCESS%GOBP%GO:0006783	HEME BIOSYNTHETIC PROCESS%GOBP%GO:0006783		20	0.3548043	0.9199168	0.5753425	0.85265684	1.0	796	tags=15%, list=7%, signal=16%	
PID_HDAC_CLASSIII_PATHWAY%MSIGDB_C2%PID_HDAC_CLASSIII_PATHWAY	PID_HDAC_CLASSIII_PATHWAY%MSIGDB_C2%PID_HDAC_CLASSIII_PATHWAY		19	0.36149415	0.9198808	0.58043116	0.8523667	1.0	2912	tags=58%, list=27%, signal=79%	
NF1 COPY NUMBER VARIATION SYNDROME %WIKIPATHWAYS_20250810%WP5366%HOMO SAPIENS	NF1 COPY NUMBER VARIATION SYNDROME %WIKIPATHWAYS_20250810%WP5366%HOMO SAPIENS		63	0.2805739	0.9197546	0.61024845	0.8523159	1.0	2729	tags=29%, list=25%, signal=38%	
PID_IL4_2PATHWAY%MSIGDB_C2%PID_IL4_2PATHWAY	PID_IL4_2PATHWAY%MSIGDB_C2%PID_IL4_2PATHWAY		31	0.3190407	0.91957414	0.5822148	0.85240966	1.0	1914	tags=26%, list=17%, signal=31%	
PID_ATM_PATHWAY%MSIGDB_C2%PID_ATM_PATHWAY	PID_ATM_PATHWAY%MSIGDB_C2%PID_ATM_PATHWAY		23	0.3446589	0.9195048	0.60101867	0.85221815	1.0	3278	tags=43%, list=30%, signal=62%	
REGULATION OF SMAD PROTEIN SIGNAL TRANSDUCTION%GOBP%GO:0060390	REGULATION OF SMAD PROTEIN SIGNAL TRANSDUCTION%GOBP%GO:0060390		29	0.33099228	0.91947407	0.5765921	0.8519242	1.0	2377	tags=34%, list=22%, signal=44%	
NEGATIVE REGULATION OF CANONICAL NF-KAPPAB SIGNAL TRANSDUCTION%GOBP%GO:0043124	NEGATIVE REGULATION OF CANONICAL NF-KAPPAB SIGNAL TRANSDUCTION%GOBP%GO:0043124		60	0.2841853	0.9194252	0.5989933	0.85166967	1.0	3575	tags=52%, list=33%, signal=76%	
ENDOTHELIAL CELL MIGRATION%GOBP%GO:0043542	ENDOTHELIAL CELL MIGRATION%GOBP%GO:0043542		34	0.32347372	0.9193966	0.59567386	0.8513806	1.0	1764	tags=29%, list=16%, signal=35%	
3-PHOSPHOGLYCERATE DEHYDROGENASE DEFICIENCY%SMPDB%SMP0000721	3-PHOSPHOGLYCERATE DEHYDROGENASE DEFICIENCY%SMPDB%SMP0000721		18	0.36399314	0.9187804	0.59552497	0.85261565	1.0	2170	tags=50%, list=20%, signal=62%	
ADIPOGENESIS%REACTOME%R-HSA-9843745.1	ADIPOGENESIS%REACTOME%R-HSA-9843745.1		81	0.26694396	0.91875494	0.63174117	0.8523099	1.0	3136	tags=33%, list=29%, signal=46%	
ABERRANT REGULATION OF MITOTIC CELL CYCLE DUE TO RB1 DEFECTS%REACTOME DATABASE ID RELEASE 93%9687139	ABERRANT REGULATION OF MITOTIC CELL CYCLE DUE TO RB1 DEFECTS%REACTOME DATABASE ID RELEASE 93%9687139		33	0.3154829	0.91870856	0.59560066	0.8520476	1.0	2956	tags=39%, list=27%, signal=54%	
HALLMARK_ESTROGEN_RESPONSE_LATE%MSIGDBHALLMARK%HALLMARK_ESTROGEN_RESPONSE_LATE	HALLMARK_ESTROGEN_RESPONSE_LATE%MSIGDBHALLMARK%HALLMARK_ESTROGEN_RESPONSE_LATE		102	0.2595136	0.9179039	0.6372093	0.8537168	1.0	2601	tags=27%, list=24%, signal=36%	
UMP SYNTHASE DEFICIENCY (OROTIC ACIDURIA)%SMPDB%SMP0000219	UMP SYNTHASE DEFICIENCY (OROTIC ACIDURIA)%SMPDB%SMP0000219		18	0.3588878	0.9175664	0.57240206	0.8541979	1.0	2370	tags=28%, list=22%, signal=35%	
DNA METHYLATION%REACTOME DATABASE ID RELEASE 93%5334118	DNA METHYLATION%REACTOME DATABASE ID RELEASE 93%5334118		20	0.3569792	0.917536	0.60209423	0.8539048	1.0	1213	tags=25%, list=11%, signal=28%	
NON-KETOTIC HYPERGLYCINEMIA%PATHWHIZ%PW000209	NON-KETOTIC HYPERGLYCINEMIA%PATHWHIZ%PW000209		18	0.36399314	0.91724074	0.57019067	0.8542558	1.0	2170	tags=50%, list=20%, signal=62%	
LISTERIA MONOCYTOGENES ENTRY INTO HOST CELLS%REACTOME DATABASE ID RELEASE 93%8876384	LISTERIA MONOCYTOGENES ENTRY INTO HOST CELLS%REACTOME DATABASE ID RELEASE 93%8876384		16	0.37389767	0.9171164	0.5917667	0.85420144	1.0	1654	tags=38%, list=15%, signal=44%	
LXR-MEDIATED SIGNALING%REACTOME DATABASE ID RELEASE 93%9024446	LXR-MEDIATED SIGNALING%REACTOME DATABASE ID RELEASE 93%9024446		32	0.31634507	0.9170757	0.5933099	0.8539161	1.0	1723	tags=28%, list=16%, signal=33%	
SUBSTANTIA NIGRA DEVELOPMENT%GOBP%GO:0021762	SUBSTANTIA NIGRA DEVELOPMENT%GOBP%GO:0021762		30	0.32880822	0.9169624	0.59115046	0.8538179	1.0	2623	tags=27%, list=24%, signal=35%	
LOSS OF PROTEINS REQUIRED FOR INTERPHASE MICROTUBULE ORGANIZATION FROM THE CENTROSOME%REACTOME%R-HSA-380284.3	LOSS OF PROTEINS REQUIRED FOR INTERPHASE MICROTUBULE ORGANIZATION FROM THE CENTROSOME%REACTOME%R-HSA-380284.3		64	0.28457734	0.91622066	0.6184211	0.8553339	1.0	1803	tags=19%, list=16%, signal=22%	
DAP12 SIGNALING%REACTOME DATABASE ID RELEASE 93%2424491	DAP12 SIGNALING%REACTOME DATABASE ID RELEASE 93%2424491		20	0.3561755	0.9161284	0.5701754	0.8552026	1.0	2222	tags=35%, list=20%, signal=44%	
GLOBAL GENOME NUCLEOTIDE EXCISION REPAIR (GG-NER)%REACTOME%R-HSA-5696399.2	GLOBAL GENOME NUCLEOTIDE EXCISION REPAIR (GG-NER)%REACTOME%R-HSA-5696399.2		80	0.26802608	0.9160454	0.6265432	0.8550305	1.0	3540	tags=34%, list=32%, signal=49%	
METABOLISM OF WATER-SOLUBLE VITAMINS AND COFACTORS%REACTOME DATABASE ID RELEASE 93%196849	METABOLISM OF WATER-SOLUBLE VITAMINS AND COFACTORS%REACTOME DATABASE ID RELEASE 93%196849		95	0.2610873	0.91596025	0.64521194	0.8548685	1.0	1482	tags=17%, list=13%, signal=19%	
SARCOSINEMIA%SMPDB%SMP0000244	SARCOSINEMIA%SMPDB%SMP0000244		18	0.36399314	0.9158508	0.5907591	0.85476273	1.0	2170	tags=50%, list=20%, signal=62%	
HEPARAN SULFATE HEPARIN (HS-GAG) METABOLISM%REACTOME DATABASE ID RELEASE 93%1638091	HEPARAN SULFATE HEPARIN (HS-GAG) METABOLISM%REACTOME DATABASE ID RELEASE 93%1638091		20	0.35189837	0.91547865	0.5883392	0.85533845	1.0	2771	tags=40%, list=25%, signal=53%	
DIHYDROPYRIMIDINE DEHYDROGENASE DEFICIENCY (DHPD)%SMPDB%SMP0000179	DIHYDROPYRIMIDINE DEHYDROGENASE DEFICIENCY (DHPD)%SMPDB%SMP0000179		18	0.36399314	0.91527	0.5833333	0.8554806	1.0	2170	tags=50%, list=20%, signal=62%	
HOST PATHOGEN INTERACTION OF HUMAN CORONAVIRUSES MAPK SIGNALING%WIKIPATHWAYS_20250810%WP4877%HOMO SAPIENS	HOST PATHOGEN INTERACTION OF HUMAN CORONAVIRUSES MAPK SIGNALING%WIKIPATHWAYS_20250810%WP4877%HOMO SAPIENS		31	0.32325572	0.9152164	0.5868056	0.8552322	1.0	146	tags=6%, list=1%, signal=7%	
ENDOTHELIAL CELL DEVELOPMENT%GOBP%GO:0001885	ENDOTHELIAL CELL DEVELOPMENT%GOBP%GO:0001885		20	0.3511573	0.91516495	0.57570714	0.8549944	1.0	1440	tags=25%, list=13%, signal=29%	
RESCUE OF STALLED RIBOSOME%GOBP%GO:0072344	RESCUE OF STALLED RIBOSOME%GOBP%GO:0072344		30	0.33025712	0.91513014	0.58467025	0.85471565	1.0	247	tags=7%, list=2%, signal=7%	
ESTABLISHMENT OF ENDOTHELIAL BARRIER%GOBP%GO:0061028	ESTABLISHMENT OF ENDOTHELIAL BARRIER%GOBP%GO:0061028		20	0.3511573	0.9150722	0.5748709	0.85449386	1.0	1440	tags=25%, list=13%, signal=29%	
MITF-M-REGULATED MELANOCYTE DEVELOPMENT%REACTOME%R-HSA-9730414.5	MITF-M-REGULATED MELANOCYTE DEVELOPMENT%REACTOME%R-HSA-9730414.5		110	0.25665852	0.9146786	0.6599691	0.8551198	1.0	1797	tags=19%, list=16%, signal=23%	
PRIMARY FOCAL SEGMENTAL GLOMERULOSCLEROSIS FSGS %WIKIPATHWAYS_20250810%WP2572%HOMO SAPIENS	PRIMARY FOCAL SEGMENTAL GLOMERULOSCLEROSIS FSGS %WIKIPATHWAYS_20250810%WP2572%HOMO SAPIENS		40	0.2987935	0.9144634	0.6107492	0.855276	1.0	2782	tags=40%, list=25%, signal=53%	
EPITHELIAL CELL DIFFERENTIATION%GOBP%GO:0030855	EPITHELIAL CELL DIFFERENTIATION%GOBP%GO:0030855		152	0.24488333	0.9141459	0.652819	0.85566926	1.0	1446	tags=18%, list=13%, signal=20%	
PROTEIN LOCALIZATION TO GOLGI APPARATUS%GOBP%GO:0034067	PROTEIN LOCALIZATION TO GOLGI APPARATUS%GOBP%GO:0034067		26	0.32972124	0.9137487	0.5780731	0.8562707	1.0	2395	tags=31%, list=22%, signal=39%	
DNA BIOSYNTHETIC PROCESS%GOBP%GO:0071897	DNA BIOSYNTHETIC PROCESS%GOBP%GO:0071897		58	0.28369063	0.9133421	0.61744964	0.85689807	1.0	3009	tags=28%, list=27%, signal=38%	
RETROGRADE TRANSPORT AT THE TRANS-GOLGI-NETWORK%REACTOME DATABASE ID RELEASE 93%6811440	RETROGRADE TRANSPORT AT THE TRANS-GOLGI-NETWORK%REACTOME DATABASE ID RELEASE 93%6811440		45	0.30068624	0.91325265	0.6043771	0.85674804	1.0	2491	tags=31%, list=23%, signal=40%	
NUCLEOTIDE EXCISION REPAIR%REACTOME%R-HSA-5696398.4	NUCLEOTIDE EXCISION REPAIR%REACTOME%R-HSA-5696398.4		102	0.25948662	0.9127463	0.6537842	0.85764766	1.0	3679	tags=33%, list=33%, signal=50%	
PID_ARF_3PATHWAY%MSIGDB_C2%PID_ARF_3PATHWAY	PID_ARF_3PATHWAY%MSIGDB_C2%PID_ARF_3PATHWAY		15	0.3735326	0.9127242	0.57040995	0.85733753	1.0	2311	tags=33%, list=21%, signal=42%	
PROTEIN LOCALIZATION TO MITOCHONDRION%GOBP%GO:0070585	PROTEIN LOCALIZATION TO MITOCHONDRION%GOBP%GO:0070585		54	0.28789777	0.91264933	0.63174117	0.85715294	1.0	2049	tags=26%, list=19%, signal=32%	
NEGATIVE REGULATION OF INTERLEUKIN-6 PRODUCTION%GOBP%GO:0032715	NEGATIVE REGULATION OF INTERLEUKIN-6 PRODUCTION%GOBP%GO:0032715		20	0.3486588	0.91223925	0.6147404	0.8578132	1.0	1965	tags=35%, list=18%, signal=43%	
CELLULAR RESPONSE TO TRANSFORMING GROWTH FACTOR BETA STIMULUS%GOBP%GO:0071560	CELLULAR RESPONSE TO TRANSFORMING GROWTH FACTOR BETA STIMULUS%GOBP%GO:0071560		58	0.28361678	0.9122182	0.6173045	0.8575034	1.0	2377	tags=28%, list=22%, signal=35%	
APOPTOTIC CELL CLEARANCE%GOBP%GO:0043277	APOPTOTIC CELL CLEARANCE%GOBP%GO:0043277		15	0.37062135	0.9119027	0.58638746	0.8579205	1.0	2226	tags=40%, list=20%, signal=50%	
POSITIVE REGULATION OF MONOATOMIC ION TRANSMEMBRANE TRANSPORT%GOBP%GO:0034767	POSITIVE REGULATION OF MONOATOMIC ION TRANSMEMBRANE TRANSPORT%GOBP%GO:0034767		41	0.2984486	0.9116988	0.5916955	0.85807794	1.0	1583	tags=17%, list=14%, signal=20%	
TOLL LIKE RECEPTOR SIGNALING%WIKIPATHWAYS_20250810%WP75%HOMO SAPIENS	TOLL LIKE RECEPTOR SIGNALING%WIKIPATHWAYS_20250810%WP75%HOMO SAPIENS		49	0.2953226	0.91149294	0.6360601	0.85818994	1.0	1781	tags=22%, list=16%, signal=27%	
MITOTIC CYTOKINETIC PROCESS%GOBP%GO:1902410	MITOTIC CYTOKINETIC PROCESS%GOBP%GO:1902410		28	0.32823482	0.9114536	0.5945485	0.8579157	1.0	1992	tags=21%, list=18%, signal=26%	
GAP-FILLING DNA REPAIR SYNTHESIS AND LIGATION IN TC-NER%REACTOME%R-HSA-6782210.3	GAP-FILLING DNA REPAIR SYNTHESIS AND LIGATION IN TC-NER%REACTOME%R-HSA-6782210.3		58	0.28554663	0.9114027	0.6103896	0.85767573	1.0	3479	tags=34%, list=32%, signal=50%	
NRF2 PATHWAY%WIKIPATHWAYS_20250810%WP2884%HOMO SAPIENS	NRF2 PATHWAY%WIKIPATHWAYS_20250810%WP2884%HOMO SAPIENS		49	0.2896615	0.91074353	0.61833334	0.85895544	1.0	2377	tags=35%, list=22%, signal=44%	
HOMOTYPIC CELL-CELL ADHESION%GOBP%GO:0034109	HOMOTYPIC CELL-CELL ADHESION%GOBP%GO:0034109		31	0.3184622	0.9107195	0.60780984	0.8586417	1.0	957	tags=19%, list=9%, signal=21%	
PIGMENT BIOSYNTHETIC PROCESS%GOBP%GO:0046148	PIGMENT BIOSYNTHETIC PROCESS%GOBP%GO:0046148		20	0.3548043	0.9101037	0.58064514	0.85980135	1.0	796	tags=15%, list=7%, signal=16%	
CXCR3-MEDIATED SIGNALING EVENTS%PATHWAY INTERACTION DATABASE NCI-NATURE CURATED DATA%CXCR3-MEDIATED SIGNALING EVENTS	CXCR3-MEDIATED SIGNALING EVENTS%PATHWAY INTERACTION DATABASE NCI-NATURE CURATED DATA%CXCR3-MEDIATED SIGNALING EVENTS		30	0.32269144	0.9100753	0.6006826	0.8594938	1.0	2484	tags=27%, list=23%, signal=34%	
LEFT/RIGHT PATTERN FORMATION%GOBP%GO:0060972	LEFT/RIGHT PATTERN FORMATION%GOBP%GO:0060972		29	0.32050434	0.90998983	0.6047297	0.8593466	1.0	1987	tags=24%, list=18%, signal=29%	
LIPOPROTEIN METABOLISM%REACTOME DATABASE ID RELEASE 93%174824	LIPOPROTEIN METABOLISM%REACTOME DATABASE ID RELEASE 93%174824		41	0.303455	0.9099096	0.6142626	0.85916096	1.0	2184	tags=37%, list=20%, signal=45%	
PID_RHOA_PATHWAY%MSIGDB_C2%PID_RHOA_PATHWAY	PID_RHOA_PATHWAY%MSIGDB_C2%PID_RHOA_PATHWAY		28	0.3226097	0.90944976	0.58677685	0.85996395	1.0	986	tags=14%, list=9%, signal=16%	
NEGATIVE REGULATION OF PHOSPHATIDYLINOSITOL 3-KINASE/PROTEIN KINASE B SIGNAL TRANSDUCTION%GOBP%GO:0051898	NEGATIVE REGULATION OF PHOSPHATIDYLINOSITOL 3-KINASE/PROTEIN KINASE B SIGNAL TRANSDUCTION%GOBP%GO:0051898		37	0.30751893	0.909271	0.56006765	0.8600668	1.0	1219	tags=19%, list=11%, signal=21%	
INSULIN SIGNALING%WIKIPATHWAYS_20250810%WP481%HOMO SAPIENS	INSULIN SIGNALING%WIKIPATHWAYS_20250810%WP481%HOMO SAPIENS		103	0.258412	0.9092191	0.64319247	0.8598191	1.0	2098	tags=22%, list=19%, signal=27%	
ANGIOTENSIN_II-STIMULATED_SIGNALING_THROUGH_G_PROTEINS_AND_BETA-ARRESTIN%PANTHER PATHWAY%P05911	ANGIOTENSIN_II-STIMULATED_SIGNALING_THROUGH_G_PROTEINS_AND_BETA-ARRESTIN%PANTHER PATHWAY%P05911		24	0.33410865	0.90910107	0.624374	0.8597347	1.0	2740	tags=29%, list=25%, signal=39%	
MAPK TARGETS  NUCLEAR EVENTS MEDIATED BY MAP KINASES%REACTOME DATABASE ID RELEASE 93%450282	MAPK TARGETS  NUCLEAR EVENTS MEDIATED BY MAP KINASES%REACTOME DATABASE ID RELEASE 93%450282		28	0.32722083	0.90874135	0.60553634	0.8602731	1.0	306	tags=7%, list=3%, signal=7%	
CELLULAR RESPONSE TO STEROID HORMONE STIMULUS%GOBP%GO:0071383	CELLULAR RESPONSE TO STEROID HORMONE STIMULUS%GOBP%GO:0071383		56	0.28241688	0.90864205	0.61650485	0.8601642	1.0	1808	tags=21%, list=16%, signal=26%	
PHOSPHATIDYLINOSITOL 3-KINASE/PROTEIN KINASE B SIGNAL TRANSDUCTION%GOBP%GO:0043491	PHOSPHATIDYLINOSITOL 3-KINASE/PROTEIN KINASE B SIGNAL TRANSDUCTION%GOBP%GO:0043491		27	0.32840136	0.90828854	0.590604	0.8607112	1.0	1526	tags=30%, list=14%, signal=34%	
GLYCINE AND SERINE METABOLISM%SMPDB%SMP0000004	GLYCINE AND SERINE METABOLISM%SMPDB%SMP0000004		18	0.36399314	0.9078577	0.6233108	0.8613943	1.0	2170	tags=50%, list=20%, signal=62%	
OPIOID SIGNALLING%REACTOME%R-HSA-111885.4	OPIOID SIGNALLING%REACTOME%R-HSA-111885.4		60	0.2834809	0.9076047	0.6221498	0.8616675	1.0	2882	tags=33%, list=26%, signal=45%	
DOUBLE-STRAND BREAK REPAIR%GOBP%GO:0006302	DOUBLE-STRAND BREAK REPAIR%GOBP%GO:0006302		190	0.23763338	0.9075801	0.6866953	0.861355	1.0	3782	tags=36%, list=34%, signal=54%	
NEGATIVE REGULATION OF MONOATOMIC ION TRANSMEMBRANE TRANSPORT%GOBP%GO:0034766	NEGATIVE REGULATION OF MONOATOMIC ION TRANSMEMBRANE TRANSPORT%GOBP%GO:0034766		30	0.3193014	0.90749824	0.6070826	0.86117566	1.0	1794	tags=27%, list=16%, signal=32%	
FORMATION OF THE BETA-CATENIN:TCF TRANSACTIVATING COMPLEX%REACTOME DATABASE ID RELEASE 93%201722	FORMATION OF THE BETA-CATENIN:TCF TRANSACTIVATING COMPLEX%REACTOME DATABASE ID RELEASE 93%201722		41	0.29931614	0.90736765	0.6138614	0.8610995	1.0	2249	tags=32%, list=20%, signal=40%	
ENDOTHELINS%PATHWAY INTERACTION DATABASE NCI-NATURE CURATED DATA%ENDOTHELINS	ENDOTHELINS%PATHWAY INTERACTION DATABASE NCI-NATURE CURATED DATA%ENDOTHELINS		40	0.30068892	0.9072782	0.6020236	0.86097217	1.0	1652	tags=23%, list=15%, signal=26%	
POSITIVE REGULATION OF PROTEIN TRANSPORT%GOBP%GO:0051222	POSITIVE REGULATION OF PROTEIN TRANSPORT%GOBP%GO:0051222		128	0.25239345	0.90727806	0.66614175	0.86060417	1.0	2769	tags=28%, list=25%, signal=37%	
POST-TRANSCRIPTIONAL GENE SILENCING%GOBP%GO:0016441	POST-TRANSCRIPTIONAL GENE SILENCING%GOBP%GO:0016441		41	0.30375147	0.9072559	0.6030405	0.86030376	1.0	4134	tags=46%, list=38%, signal=74%	
CELL JUNCTION ORGANIZATION%REACTOME DATABASE ID RELEASE 93%446728	CELL JUNCTION ORGANIZATION%REACTOME DATABASE ID RELEASE 93%446728		174	0.23906556	0.907093	0.7065693	0.8603541	1.0	1790	tags=19%, list=16%, signal=22%	
CDC42 SIGNALING EVENTS%PATHWAY INTERACTION DATABASE NCI-NATURE CURATED DATA%CDC42 SIGNALING EVENTS	CDC42 SIGNALING EVENTS%PATHWAY INTERACTION DATABASE NCI-NATURE CURATED DATA%CDC42 SIGNALING EVENTS		63	0.27794287	0.90704817	0.64285713	0.86008906	1.0	917	tags=11%, list=8%, signal=12%	
5Q35 COPY NUMBER VARIATION%WIKIPATHWAYS_20250810%WP5380%HOMO SAPIENS	5Q35 COPY NUMBER VARIATION%WIKIPATHWAYS_20250810%WP5380%HOMO SAPIENS		65	0.27509135	0.90666586	0.64412236	0.86068386	1.0	1335	tags=15%, list=12%, signal=17%	
SOMATIC CELL DNA RECOMBINATION%GOBP%GO:0016444	SOMATIC CELL DNA RECOMBINATION%GOBP%GO:0016444		22	0.33670053	0.9063952	0.60580206	0.86095285	1.0	702	tags=18%, list=6%, signal=19%	
DIMETHYLGLYCINE DEHYDROGENASE DEFICIENCY%SMPDB%SMP0000484	DIMETHYLGLYCINE DEHYDROGENASE DEFICIENCY%SMPDB%SMP0000484		18	0.36399314	0.90610975	0.5875217	0.8612875	1.0	2170	tags=50%, list=20%, signal=62%	
TNF RECEPTOR SIGNALING PATHWAY%PATHWAY INTERACTION DATABASE NCI-NATURE CURATED DATA%TNF RECEPTOR SIGNALING PATHWAY	TNF RECEPTOR SIGNALING PATHWAY%PATHWAY INTERACTION DATABASE NCI-NATURE CURATED DATA%TNF RECEPTOR SIGNALING PATHWAY		41	0.2947956	0.9060447	0.59046054	0.8610955	1.0	1453	tags=15%, list=13%, signal=17%	
BASE EXCISION REPAIR%WIKIPATHWAYS_20250810%WP4752%HOMO SAPIENS	BASE EXCISION REPAIR%WIKIPATHWAYS_20250810%WP4752%HOMO SAPIENS		26	0.32789987	0.9052264	0.59215015	0.86276907	1.0	1006	tags=12%, list=9%, signal=13%	
AMYLOID-BETA CLEARANCE%GOBP%GO:0097242	AMYLOID-BETA CLEARANCE%GOBP%GO:0097242		19	0.35186613	0.9048106	0.5823009	0.8634235	1.0	681	tags=21%, list=6%, signal=22%	
MRNA TRANSCRIPTION BY RNA POLYMERASE II%GOBP%GO:0042789	MRNA TRANSCRIPTION BY RNA POLYMERASE II%GOBP%GO:0042789		32	0.31300458	0.90409416	0.59013605	0.86485755	1.0	507	tags=13%, list=5%, signal=13%	
POSITIVE REGULATION OF AUTOPHAGY OF MITOCHONDRION%GOBP%GO:1903599	POSITIVE REGULATION OF AUTOPHAGY OF MITOCHONDRION%GOBP%GO:1903599		17	0.36052278	0.90400374	0.5972461	0.8647117	1.0	1225	tags=24%, list=11%, signal=26%	
CELL CYCLE G1/S PHASE TRANSITION%GOBP%GO:0044843	CELL CYCLE G1/S PHASE TRANSITION%GOBP%GO:0044843		56	0.28348365	0.9034318	0.64262295	0.8657577	1.0	2884	tags=36%, list=26%, signal=48%	
REPRODUCTION%REACTOME%R-HSA-1474165.7	REPRODUCTION%REACTOME%R-HSA-1474165.7		70	0.26887894	0.90332466	0.66497463	0.86564094	1.0	1368	tags=16%, list=12%, signal=18%	
MUSCLE CONTRACTION%REACTOME%R-HSA-397014.5	MUSCLE CONTRACTION%REACTOME%R-HSA-397014.5		86	0.2621189	0.9030884	0.67236024	0.86589843	1.0	2254	tags=26%, list=21%, signal=32%	
SIGNALING BY WNT IN CANCER%REACTOME%R-HSA-4791275.5	SIGNALING BY WNT IN CANCER%REACTOME%R-HSA-4791275.5		24	0.33262703	0.90304834	0.59527826	0.86563563	1.0	1494	tags=21%, list=14%, signal=24%	
CASPASE ACTIVATION VIA EXTRINSIC APOPTOTIC SIGNALLING PATHWAY%REACTOME DATABASE ID RELEASE 93%5357769	CASPASE ACTIVATION VIA EXTRINSIC APOPTOTIC SIGNALLING PATHWAY%REACTOME DATABASE ID RELEASE 93%5357769		17	0.3636556	0.90298694	0.6097973	0.8654312	1.0	1349	tags=24%, list=12%, signal=27%	
RECEPTOR METABOLIC PROCESS%GOBP%GO:0043112	RECEPTOR METABOLIC PROCESS%GOBP%GO:0043112		28	0.32405093	0.90247464	0.6221441	0.86635476	1.0	2037	tags=29%, list=19%, signal=35%	
RHOF GTPASE CYCLE%REACTOME%R-HSA-9035034.5	RHOF GTPASE CYCLE%REACTOME%R-HSA-9035034.5		33	0.3120174	0.9022263	0.6268908	0.86660725	1.0	2510	tags=36%, list=23%, signal=47%	
REGULATION OF STEROL TRANSPORT%GOBP%GO:0032371	REGULATION OF STEROL TRANSPORT%GOBP%GO:0032371		28	0.31981945	0.9021583	0.6264657	0.8664201	1.0	973	tags=21%, list=9%, signal=23%	
NEGATIVE REGULATION OF TRANSLATIONAL INITIATION%GOBP%GO:0045947	NEGATIVE REGULATION OF TRANSLATIONAL INITIATION%GOBP%GO:0045947		19	0.3510676	0.9019948	0.6178011	0.86646324	1.0	4122	tags=58%, list=38%, signal=93%	
CELLULAR RESPONSE TO HEAT%GOBP%GO:0034605	CELLULAR RESPONSE TO HEAT%GOBP%GO:0034605		25	0.3272428	0.9014524	0.6017391	0.86741906	1.0	1674	tags=24%, list=15%, signal=28%	
RELEASE OF SEQUESTERED CALCIUM ION INTO CYTOSOL%GOBP%GO:0051209	RELEASE OF SEQUESTERED CALCIUM ION INTO CYTOSOL%GOBP%GO:0051209		27	0.33130494	0.90127647	0.600346	0.86748195	1.0	2782	tags=48%, list=25%, signal=64%	
RUFFLE ORGANIZATION%GOBP%GO:0031529	RUFFLE ORGANIZATION%GOBP%GO:0031529		16	0.370228	0.9009857	0.58916086	0.86785513	1.0	1891	tags=25%, list=17%, signal=30%	
NEGATIVE REGULATION OF SEQUESTERING OF CALCIUM ION%GOBP%GO:0051283	NEGATIVE REGULATION OF SEQUESTERING OF CALCIUM ION%GOBP%GO:0051283		28	0.32733148	0.9008737	0.6076389	0.86778206	1.0	2782	tags=46%, list=25%, signal=62%	
POSITIVE REGULATION OF BINDING%GOBP%GO:0051099	POSITIVE REGULATION OF BINDING%GOBP%GO:0051099		30	0.32000297	0.9008064	0.62234044	0.8675868	1.0	2331	tags=33%, list=21%, signal=42%	
PEPTIDYL-SERINE PHOSPHORYLATION%GOBP%GO:0018105	PEPTIDYL-SERINE PHOSPHORYLATION%GOBP%GO:0018105		34	0.3077826	0.9002369	0.6181818	0.868593	1.0	3329	tags=29%, list=30%, signal=42%	
CLASS B 2 (SECRETIN FAMILY RECEPTORS)%REACTOME%R-HSA-373080.4	CLASS B 2 (SECRETIN FAMILY RECEPTORS)%REACTOME%R-HSA-373080.4		26	0.32259208	0.90017796	0.62129146	0.86836576	1.0	1749	tags=35%, list=16%, signal=41%	
CELLULAR SENESCENCE%REACTOME%R-HSA-2559583.7	CELLULAR SENESCENCE%REACTOME%R-HSA-2559583.7		137	0.24567667	0.8999599	0.684375	0.86853087	1.0	2081	tags=23%, list=19%, signal=28%	
PYRIMIDINE METABOLISM%PATHWHIZ%PW000160	PYRIMIDINE METABOLISM%PATHWHIZ%PW000160		18	0.3588878	0.89989007	0.6169844	0.8683396	1.0	2370	tags=28%, list=22%, signal=35%	
NEGATIVE REGULATION OF DOUBLE-STRAND BREAK REPAIR VIA HOMOLOGOUS RECOMBINATION%GOBP%GO:2000042	NEGATIVE REGULATION OF DOUBLE-STRAND BREAK REPAIR VIA HOMOLOGOUS RECOMBINATION%GOBP%GO:2000042		24	0.33722642	0.89976025	0.6147541	0.8682829	1.0	837	tags=13%, list=8%, signal=14%	
BETA-UREIDOPROPIONASE DEFICIENCY%PATHWHIZ%PW000187	BETA-UREIDOPROPIONASE DEFICIENCY%PATHWHIZ%PW000187		18	0.3588878	0.89912474	0.59407663	0.8694417	1.0	2370	tags=28%, list=22%, signal=35%	
MNGIE (MITOCHONDRIAL NEUROGASTROINTESTINAL ENCEPHALOPATHY)%PATHWHIZ%PW000190	MNGIE (MITOCHONDRIAL NEUROGASTROINTESTINAL ENCEPHALOPATHY)%PATHWHIZ%PW000190		18	0.3588878	0.8990737	0.5826235	0.8692063	1.0	2370	tags=28%, list=22%, signal=35%	
ESTABLISHMENT OF PROTEIN LOCALIZATION TO MEMBRANE%GOBP%GO:0090150	ESTABLISHMENT OF PROTEIN LOCALIZATION TO MEMBRANE%GOBP%GO:0090150		165	0.23788226	0.8990664	0.72740316	0.86885613	1.0	2145	tags=20%, list=20%, signal=24%	
PID_TNF_PATHWAY%MSIGDB_C2%PID_TNF_PATHWAY	PID_TNF_PATHWAY%MSIGDB_C2%PID_TNF_PATHWAY		34	0.30602974	0.8990329	0.6254296	0.8685694	1.0	1453	tags=15%, list=13%, signal=17%	
REGULATION OF CD4-POSITIVE, ALPHA-BETA T CELL ACTIVATION%GOBP%GO:2000514	REGULATION OF CD4-POSITIVE, ALPHA-BETA T CELL ACTIVATION%GOBP%GO:2000514		45	0.29541114	0.8985713	0.64106846	0.8693418	1.0	2769	tags=33%, list=25%, signal=44%	
TRANSLESION SYNTHESIS%GOBP%GO:0019985	TRANSLESION SYNTHESIS%GOBP%GO:0019985		25	0.32824877	0.89849627	0.6101695	0.86915666	1.0	3479	tags=40%, list=32%, signal=58%	
REGULATION OF BLOOD VESSEL ENDOTHELIAL CELL MIGRATION%GOBP%GO:0043535	REGULATION OF BLOOD VESSEL ENDOTHELIAL CELL MIGRATION%GOBP%GO:0043535		57	0.2763647	0.8984891	0.638796	0.86880505	1.0	2756	tags=39%, list=25%, signal=51%	
CO-INHIBITION BY CTLA4%REACTOME DATABASE ID RELEASE 93%389513	CO-INHIBITION BY CTLA4%REACTOME DATABASE ID RELEASE 93%389513		18	0.3622615	0.8981433	0.58549225	0.8693048	1.0	1494	tags=22%, list=14%, signal=26%	
RESPONSE TO MONOSACCHARIDE%GOBP%GO:0034284	RESPONSE TO MONOSACCHARIDE%GOBP%GO:0034284		39	0.29652157	0.8979375	0.6208696	0.86944044	1.0	1922	tags=28%, list=17%, signal=34%	
IL3 SIGNALING%WIKIPATHWAYS_20250810%WP286%HOMO SAPIENS	IL3 SIGNALING%WIKIPATHWAYS_20250810%WP286%HOMO SAPIENS		37	0.3002367	0.8976605	0.6374172	0.86973315	1.0	2587	tags=38%, list=24%, signal=49%	
ACYLGLYCEROL METABOLIC PROCESS%GOBP%GO:0006639	ACYLGLYCEROL METABOLIC PROCESS%GOBP%GO:0006639		38	0.30281228	0.89737386	0.61734694	0.8700493	1.0	1665	tags=26%, list=15%, signal=31%	
REGULATION OF RNA STABILITY%GOBP%GO:0043487	REGULATION OF RNA STABILITY%GOBP%GO:0043487		136	0.24397959	0.89711857	0.72477067	0.87028056	1.0	2465	tags=18%, list=22%, signal=22%	
NEGATIVE REGULATION OF GENE EXPRESSION, EPIGENETIC%GOBP%GO:0045814	NEGATIVE REGULATION OF GENE EXPRESSION, EPIGENETIC%GOBP%GO:0045814		126	0.24692082	0.8969743	0.7027864	0.8702682	1.0	2559	tags=26%, list=23%, signal=34%	
TNFR1-INDUCED NF-KAPPA-B SIGNALING PATHWAY%REACTOME%R-HSA-5357956.5	TNFR1-INDUCED NF-KAPPA-B SIGNALING PATHWAY%REACTOME%R-HSA-5357956.5		25	0.32897574	0.89681673	0.63573885	0.8702739	1.0	2047	tags=24%, list=19%, signal=29%	
VASCULAR ENDOTHELIAL GROWTH FACTOR RECEPTOR SIGNALING PATHWAY%GOBP%GO:0048010	VASCULAR ENDOTHELIAL GROWTH FACTOR RECEPTOR SIGNALING PATHWAY%GOBP%GO:0048010		20	0.34835723	0.89646006	0.61101246	0.8708005	1.0	2423	tags=35%, list=22%, signal=45%	
POSITIVE REGULATION OF MIRNA TRANSCRIPTION%GOBP%GO:1902895	POSITIVE REGULATION OF MIRNA TRANSCRIPTION%GOBP%GO:1902895		33	0.3065702	0.8963127	0.6362153	0.87079793	1.0	1204	tags=24%, list=11%, signal=27%	
NEUTRAL LIPID METABOLIC PROCESS%GOBP%GO:0006638	NEUTRAL LIPID METABOLIC PROCESS%GOBP%GO:0006638		38	0.30281228	0.8962557	0.6518771	0.8705863	1.0	1665	tags=26%, list=15%, signal=31%	
REGULATION OF CHOLESTEROL TRANSPORT%GOBP%GO:0032374	REGULATION OF CHOLESTEROL TRANSPORT%GOBP%GO:0032374		28	0.31981945	0.89592624	0.6165884	0.8710481	1.0	973	tags=21%, list=9%, signal=23%	
REGULATION OF PROTEIN BINDING%GOBP%GO:0043393	REGULATION OF PROTEIN BINDING%GOBP%GO:0043393		28	0.3178639	0.89577776	0.6262626	0.8710677	1.0	2494	tags=32%, list=23%, signal=41%	
EGF EGFR SIGNALING%WIKIPATHWAYS_20250810%WP437%HOMO SAPIENS	EGF EGFR SIGNALING%WIKIPATHWAYS_20250810%WP437%HOMO SAPIENS		102	0.2560079	0.8953556	0.6818182	0.87172925	1.0	3554	tags=43%, list=32%, signal=63%	
REGULATION OF NEUROTRANSMITTER TRANSPORT%GOBP%GO:0051588	REGULATION OF NEUROTRANSMITTER TRANSPORT%GOBP%GO:0051588		35	0.30841663	0.89421797	0.6185567	0.8740712	1.0	652	tags=11%, list=6%, signal=12%	
TRANSCRIPTIONAL REGULATION OF WHITE ADIPOCYTE DIFFERENTIATION%REACTOME DATABASE ID RELEASE 93%381340	TRANSCRIPTIONAL REGULATION OF WHITE ADIPOCYTE DIFFERENTIATION%REACTOME DATABASE ID RELEASE 93%381340		65	0.26889563	0.8941298	0.66773677	0.8739256	1.0	2861	tags=32%, list=26%, signal=43%	
FANCONI ANEMIA PATHWAY%PATHWAY INTERACTION DATABASE NCI-NATURE CURATED DATA%FANCONI ANEMIA PATHWAY	FANCONI ANEMIA PATHWAY%PATHWAY INTERACTION DATABASE NCI-NATURE CURATED DATA%FANCONI ANEMIA PATHWAY		42	0.2959408	0.8938146	0.63517916	0.87430596	1.0	2897	tags=29%, list=26%, signal=39%	
THYROID HORMONES PRODUCTION AND PERIPHERAL DOWNSTREAM SIGNALING EFFECTS%WIKIPATHWAYS_20250810%WP4746%HOMO SAPIENS	THYROID HORMONES PRODUCTION AND PERIPHERAL DOWNSTREAM SIGNALING EFFECTS%WIKIPATHWAYS_20250810%WP4746%HOMO SAPIENS		54	0.2831564	0.8925735	0.6390244	0.87693906	1.0	2574	tags=28%, list=23%, signal=36%	
CELLULAR ROLES OF ANTHRAX TOXIN%PATHWAY INTERACTION DATABASE NCI-NATURE CURATED DATA%CELLULAR ROLES OF ANTHRAX TOXIN	CELLULAR ROLES OF ANTHRAX TOXIN%PATHWAY INTERACTION DATABASE NCI-NATURE CURATED DATA%CELLULAR ROLES OF ANTHRAX TOXIN		15	0.36781976	0.89237404	0.6313933	0.87703884	1.0	2179	tags=33%, list=20%, signal=42%	
DISEASES OF MITOTIC CELL CYCLE%REACTOME%R-HSA-9675126.4	DISEASES OF MITOTIC CELL CYCLE%REACTOME%R-HSA-9675126.4		35	0.30424535	0.8923737	0.64154106	0.8766733	1.0	2956	tags=37%, list=27%, signal=51%	
REGULATION OF CELL-MATRIX ADHESION%GOBP%GO:0001952	REGULATION OF CELL-MATRIX ADHESION%GOBP%GO:0001952		70	0.2713045	0.89206046	0.6650718	0.8770735	1.0	1397	tags=17%, list=13%, signal=20%	
REGULATION OF AEROBIC RESPIRATION%GOBP%GO:1903715	REGULATION OF AEROBIC RESPIRATION%GOBP%GO:1903715		20	0.33706895	0.8918335	0.61605585	0.8772597	1.0	1200	tags=20%, list=11%, signal=22%	
BARD1 SIGNALING EVENTS%PATHWAY INTERACTION DATABASE NCI-NATURE CURATED DATA%BARD1 SIGNALING EVENTS	BARD1 SIGNALING EVENTS%PATHWAY INTERACTION DATABASE NCI-NATURE CURATED DATA%BARD1 SIGNALING EVENTS		27	0.32060906	0.89148486	0.6209814	0.87775046	1.0	3796	tags=41%, list=35%, signal=62%	
POSITIVE REGULATION OF MYELOID LEUKOCYTE DIFFERENTIATION%GOBP%GO:0002763	POSITIVE REGULATION OF MYELOID LEUKOCYTE DIFFERENTIATION%GOBP%GO:0002763		31	0.31566605	0.8910315	0.6425993	0.8784347	1.0	2377	tags=39%, list=22%, signal=49%	
NEGATIVE REGULATION OF VASCULATURE DEVELOPMENT%GOBP%GO:1901343	NEGATIVE REGULATION OF VASCULATURE DEVELOPMENT%GOBP%GO:1901343		49	0.28382936	0.8908253	0.62356794	0.878559	1.0	1689	tags=22%, list=15%, signal=26%	
TGF-BETA RECEPTOR SIGNALING ACTIVATES SMADS%REACTOME%R-HSA-2173789.6	TGF-BETA RECEPTOR SIGNALING ACTIVATES SMADS%REACTOME%R-HSA-2173789.6		38	0.30265003	0.8902046	0.66156465	0.8796737	1.0	1654	tags=24%, list=15%, signal=28%	
SENSORY PERCEPTION OF SOUND%GOBP%GO:0007605	SENSORY PERCEPTION OF SOUND%GOBP%GO:0007605		37	0.30295593	0.8901717	0.641196	0.8793809	1.0	749	tags=16%, list=7%, signal=17%	
SOMATIC DIVERSIFICATION OF IMMUNE RECEPTORS VIA GERMLINE RECOMBINATION WITHIN A SINGLE LOCUS%GOBP%GO:0002562	SOMATIC DIVERSIFICATION OF IMMUNE RECEPTORS VIA GERMLINE RECOMBINATION WITHIN A SINGLE LOCUS%GOBP%GO:0002562		22	0.33670053	0.8900775	0.61421317	0.8792459	1.0	702	tags=18%, list=6%, signal=19%	
REGULATION OF TOLL-LIKE RECEPTOR SIGNALING PATHWAY%GOBP%GO:0034121	REGULATION OF TOLL-LIKE RECEPTOR SIGNALING PATHWAY%GOBP%GO:0034121		22	0.33361417	0.8899254	0.63874346	0.8792524	1.0	1466	tags=23%, list=13%, signal=26%	
MUSCARINIC ACETYLCHOLINE RECEPTOR 2 AND 4 SIGNALING PATHWAY%PANTHER PATHWAY%P00043	MUSCARINIC ACETYLCHOLINE RECEPTOR 2 AND 4 SIGNALING PATHWAY%PANTHER PATHWAY%P00043		18	0.3518017	0.8897731	0.63589746	0.8792476	1.0	1300	tags=22%, list=12%, signal=25%	
DIHYDROPYRIMIDINASE DEFICIENCY%SMPDB%SMP0000178	DIHYDROPYRIMIDINASE DEFICIENCY%SMPDB%SMP0000178		18	0.3588878	0.8897614	0.6320132	0.87891656	1.0	2370	tags=28%, list=22%, signal=35%	
REGULATION OF CELL-SUBSTRATE JUNCTION ORGANIZATION%GOBP%GO:0150116	REGULATION OF CELL-SUBSTRATE JUNCTION ORGANIZATION%GOBP%GO:0150116		50	0.2826112	0.8893878	0.64579904	0.8794663	1.0	2290	tags=24%, list=21%, signal=30%	
NEGATIVE REGULATION OF WNT SIGNALING PATHWAY%GOBP%GO:0030178	NEGATIVE REGULATION OF WNT SIGNALING PATHWAY%GOBP%GO:0030178		77	0.26554456	0.8891285	0.66926676	0.8797107	1.0	1272	tags=18%, list=12%, signal=20%	
NEGATIVE REGULATION OF TRANSMEMBRANE TRANSPORT%GOBP%GO:0034763	NEGATIVE REGULATION OF TRANSMEMBRANE TRANSPORT%GOBP%GO:0034763		47	0.2836131	0.8888084	0.65905386	0.8800881	1.0	1794	tags=28%, list=16%, signal=33%	
PIECEMEAL MICROAUTOPHAGY OF THE NUCLEUS%GOBP%GO:0034727	PIECEMEAL MICROAUTOPHAGY OF THE NUCLEUS%GOBP%GO:0034727		16	0.36282164	0.8887086	0.63826084	0.8799645	1.0	385	tags=13%, list=4%, signal=13%	
REGULATION OF TELOMERASE%PATHWAY INTERACTION DATABASE NCI-NATURE CURATED DATA%REGULATION OF TELOMERASE	REGULATION OF TELOMERASE%PATHWAY INTERACTION DATABASE NCI-NATURE CURATED DATA%REGULATION OF TELOMERASE		60	0.27599263	0.88868904	0.6759411	0.8796543	1.0	2570	tags=27%, list=23%, signal=35%	
NEGATIVE REGULATION OF BLOOD VESSEL MORPHOGENESIS%GOBP%GO:2000181	NEGATIVE REGULATION OF BLOOD VESSEL MORPHOGENESIS%GOBP%GO:2000181		49	0.28382936	0.8883968	0.6422629	0.88000464	1.0	1689	tags=22%, list=15%, signal=26%	
PEPTIDYL-AMINO ACID MODIFICATION%GOBP%GO:0018193	PEPTIDYL-AMINO ACID MODIFICATION%GOBP%GO:0018193		195	0.23026751	0.88823473	0.7621145	0.8800453	1.0	2549	tags=26%, list=23%, signal=33%	
POSITIVE REGULATION OF TORC1 SIGNALING%GOBP%GO:1904263	POSITIVE REGULATION OF TORC1 SIGNALING%GOBP%GO:1904263		51	0.28010574	0.88789636	0.64659274	0.8804796	1.0	3095	tags=35%, list=28%, signal=49%	
REGULATION OF RECEPTOR SIGNALING PATHWAY VIA STAT%GOBP%GO:1904892	REGULATION OF RECEPTOR SIGNALING PATHWAY VIA STAT%GOBP%GO:1904892		38	0.29653558	0.8877889	0.6628289	0.88037616	1.0	2769	tags=45%, list=25%, signal=60%	
NEGATIVE REGULATION OF PHOSPHATE METABOLIC PROCESS%GOBP%GO:0045936	NEGATIVE REGULATION OF PHOSPHATE METABOLIC PROCESS%GOBP%GO:0045936		102	0.25264117	0.8877096	0.7004539	0.88020706	1.0	1518	tags=15%, list=14%, signal=17%	
RESPONSE TO TRANSFORMING GROWTH FACTOR BETA%GOBP%GO:0071559	RESPONSE TO TRANSFORMING GROWTH FACTOR BETA%GOBP%GO:0071559		62	0.27548277	0.88754845	0.6605351	0.8801942	1.0	2377	tags=27%, list=22%, signal=35%	
PROTEIN QUALITY CONTROL FOR MISFOLDED OR INCOMPLETELY SYNTHESIZED PROTEINS%GOBP%GO:0006515	PROTEIN QUALITY CONTROL FOR MISFOLDED OR INCOMPLETELY SYNTHESIZED PROTEINS%GOBP%GO:0006515		25	0.32987893	0.8867508	0.6196944	0.881753	1.0	2021	tags=28%, list=18%, signal=34%	
GPER1 SIGNALING%REACTOME%R-HSA-9634597.3	GPER1 SIGNALING%REACTOME%R-HSA-9634597.3		25	0.3199534	0.8857261	0.63435376	0.88384926	1.0	1749	tags=24%, list=16%, signal=28%	
NEGATIVE REGULATION OF PHOSPHORUS METABOLIC PROCESS%GOBP%GO:0010563	NEGATIVE REGULATION OF PHOSPHORUS METABOLIC PROCESS%GOBP%GO:0010563		102	0.25264117	0.8853821	0.71495324	0.8843044	1.0	1518	tags=15%, list=14%, signal=17%	
FAS LIGAND PATHWAY AND STRESS INDUCTION OF HEAT SHOCK PROTEINS%WIKIPATHWAYS_20250810%WP314%HOMO SAPIENS	FAS LIGAND PATHWAY AND STRESS INDUCTION OF HEAT SHOCK PROTEINS%WIKIPATHWAYS_20250810%WP314%HOMO SAPIENS		31	0.3121851	0.88479835	0.6453202	0.885316	1.0	2562	tags=32%, list=23%, signal=42%	
CELLULAR SENESCENCE%GOBP%GO:0090398	CELLULAR SENESCENCE%GOBP%GO:0090398		39	0.2967947	0.8845497	0.6698565	0.8855655	1.0	656	tags=10%, list=6%, signal=11%	
DUAL INCISION IN TC-NER%REACTOME%R-HSA-6782135.4	DUAL INCISION IN TC-NER%REACTOME%R-HSA-6782135.4		58	0.27567545	0.8841752	0.66557914	0.8860944	1.0	1870	tags=17%, list=17%, signal=21%	
SPHINGOLIPID PATHWAY%WIKIPATHWAYS_20250810%WP1422%HOMO SAPIENS	SPHINGOLIPID PATHWAY%WIKIPATHWAYS_20250810%WP1422%HOMO SAPIENS		18	0.351705	0.8841117	0.62735045	0.88588357	1.0	1068	tags=22%, list=10%, signal=25%	
SPHINGOLIPID BIOSYNTHETIC PROCESS%GOBP%GO:0030148	SPHINGOLIPID BIOSYNTHETIC PROCESS%GOBP%GO:0030148		63	0.27224073	0.88357306	0.6672078	0.88685966	1.0	1068	tags=14%, list=10%, signal=16%	
REGULATION OF CALCINEURIN-NFAT SIGNALING CASCADE%GOBP%GO:0070884	REGULATION OF CALCINEURIN-NFAT SIGNALING CASCADE%GOBP%GO:0070884		21	0.3411602	0.8830246	0.6220736	0.887821	1.0	879	tags=14%, list=8%, signal=15%	
REGULATION OF CALCINEURIN-MEDIATED SIGNALING%GOBP%GO:0106056	REGULATION OF CALCINEURIN-MEDIATED SIGNALING%GOBP%GO:0106056		21	0.3411602	0.88296306	0.62583894	0.88760316	1.0	879	tags=14%, list=8%, signal=15%	
ASSOCIATION OF TRIC CCT WITH TARGET PROTEINS DURING BIOSYNTHESIS%REACTOME DATABASE ID RELEASE 93%390471	ASSOCIATION OF TRIC CCT WITH TARGET PROTEINS DURING BIOSYNTHESIS%REACTOME DATABASE ID RELEASE 93%390471		34	0.3048788	0.8826625	0.632107	0.88796085	1.0	1025	tags=9%, list=9%, signal=10%	
INSULIN PATHWAY%PATHWAY INTERACTION DATABASE NCI-NATURE CURATED DATA%INSULIN PATHWAY	INSULIN PATHWAY%PATHWAY INTERACTION DATABASE NCI-NATURE CURATED DATA%INSULIN PATHWAY		37	0.297716	0.8826591	0.6717949	0.8876026	1.0	1752	tags=19%, list=16%, signal=22%	
MITOTIC DNA DAMAGE CHECKPOINT SIGNALING%GOBP%GO:0044773	MITOTIC DNA DAMAGE CHECKPOINT SIGNALING%GOBP%GO:0044773		52	0.27783197	0.8820703	0.64421415	0.88863826	1.0	3496	tags=38%, list=32%, signal=56%	
REGULATION OF ARP2/3 COMPLEX-MEDIATED ACTIN NUCLEATION%GOBP%GO:0034315	REGULATION OF ARP2/3 COMPLEX-MEDIATED ACTIN NUCLEATION%GOBP%GO:0034315		23	0.33197367	0.8820041	0.6433447	0.8884359	1.0	2245	tags=30%, list=20%, signal=38%	
CHEMOKINE-MEDIATED SIGNALING PATHWAY%GOBP%GO:0070098	CHEMOKINE-MEDIATED SIGNALING PATHWAY%GOBP%GO:0070098		20	0.34142318	0.88199866	0.6187943	0.8880801	1.0	1219	tags=20%, list=11%, signal=22%	
REGULATION OF RECEPTOR SIGNALING PATHWAY VIA JAK-STAT%GOBP%GO:0046425	REGULATION OF RECEPTOR SIGNALING PATHWAY VIA JAK-STAT%GOBP%GO:0046425		35	0.30315733	0.8819844	0.6451613	0.88775104	1.0	2769	tags=43%, list=25%, signal=57%	
PID_P38_MKK3_6PATHWAY%MSIGDB_C2%PID_P38_MKK3_6PATHWAY	PID_P38_MKK3_6PATHWAY%MSIGDB_C2%PID_P38_MKK3_6PATHWAY		17	0.35071775	0.8816021	0.6265271	0.8882971	1.0	364	tags=12%, list=3%, signal=12%	
REGULATION OF NEURONAL SYNAPTIC PLASTICITY%GOBP%GO:0048168	REGULATION OF NEURONAL SYNAPTIC PLASTICITY%GOBP%GO:0048168		21	0.33830404	0.88060105	0.66137564	0.89026237	1.0	3556	tags=48%, list=32%, signal=70%	
EGF RECEPTOR (ERBB1) SIGNALING PATHWAY%PATHWAY INTERACTION DATABASE NCI-NATURE CURATED DATA%EGF RECEPTOR (ERBB1) SIGNALING PATHWAY	EGF RECEPTOR (ERBB1) SIGNALING PATHWAY%PATHWAY INTERACTION DATABASE NCI-NATURE CURATED DATA%EGF RECEPTOR (ERBB1) SIGNALING PATHWAY		30	0.308276	0.8795168	0.65384614	0.89247537	1.0	3731	tags=47%, list=34%, signal=70%	
CD40%IOB%CD40	CD40%IOB%CD40		19	0.34149837	0.87948066	0.6594595	0.8922025	1.0	259	tags=11%, list=2%, signal=11%	
PROTEIN LOCALIZATION TO EXTRACELLULAR REGION%GOBP%GO:0071692	PROTEIN LOCALIZATION TO EXTRACELLULAR REGION%GOBP%GO:0071692		45	0.28816777	0.87923187	0.6650327	0.89239925	1.0	1923	tags=27%, list=18%, signal=32%	
RESPONSE TO HEXOSE%GOBP%GO:0009746	RESPONSE TO HEXOSE%GOBP%GO:0009746		39	0.29652157	0.87918246	0.6841244	0.89215094	1.0	1922	tags=28%, list=17%, signal=34%	
ADHERENS JUNCTION ORGANIZATION%GOBP%GO:0034332	ADHERENS JUNCTION ORGANIZATION%GOBP%GO:0034332		15	0.3649556	0.87852967	0.6185738	0.89330846	1.0	852	tags=20%, list=8%, signal=22%	
RESPONSE TO IONIZING RADIATION%GOBP%GO:0010212	RESPONSE TO IONIZING RADIATION%GOBP%GO:0010212		82	0.25918645	0.87834865	0.70743036	0.89335746	1.0	2582	tags=27%, list=24%, signal=35%	
CELLULAR RESPONSE TO CHEMOKINE%GOBP%GO:1990869	CELLULAR RESPONSE TO CHEMOKINE%GOBP%GO:1990869		27	0.3135812	0.87766486	0.6440972	0.8945812	1.0	1219	tags=19%, list=11%, signal=21%	
CALCIUM ION TRANSMEMBRANE TRANSPORT%GOBP%GO:0070588	CALCIUM ION TRANSMEMBRANE TRANSPORT%GOBP%GO:0070588		74	0.26013097	0.877569	0.7073955	0.8944536	1.0	1951	tags=24%, list=18%, signal=29%	
HOMOLOGY DIRECTED REPAIR%REACTOME%R-HSA-5693538.4	HOMOLOGY DIRECTED REPAIR%REACTOME%R-HSA-5693538.4		106	0.24523534	0.8773631	0.7167449	0.8945812	1.0	3479	tags=35%, list=32%, signal=51%	
REGULATION OF DEFENSE RESPONSE TO VIRUS%GOBP%GO:0050688	REGULATION OF DEFENSE RESPONSE TO VIRUS%GOBP%GO:0050688		40	0.29254836	0.8772504	0.6695958	0.8944714	1.0	2109	tags=23%, list=19%, signal=28%	
INORGANIC ION HOMEOSTASIS%GOBP%GO:0098771	INORGANIC ION HOMEOSTASIS%GOBP%GO:0098771		177	0.23381394	0.87724096	0.7604167	0.89413035	1.0	2007	tags=23%, list=18%, signal=27%	
PROTEIN DEUBIQUITINATION%GOBP%GO:0016579	PROTEIN DEUBIQUITINATION%GOBP%GO:0016579		64	0.26511154	0.87721497	0.69362366	0.89382035	1.0	2681	tags=31%, list=24%, signal=41%	
REGULATION OF SODIUM ION TRANSPORT%GOBP%GO:0002028	REGULATION OF SODIUM ION TRANSPORT%GOBP%GO:0002028		31	0.3100895	0.8771943	0.6539735	0.89350694	1.0	1583	tags=26%, list=14%, signal=30%	
IMPAIRED BRCA2 BINDING TO PALB2%REACTOME%R-HSA-9709603.2	IMPAIRED BRCA2 BINDING TO PALB2%REACTOME%R-HSA-9709603.2		23	0.32465386	0.87703836	0.64115644	0.8935142	1.0	3278	tags=39%, list=30%, signal=56%	
NEGATIVE REGULATION OF ANGIOGENESIS%GOBP%GO:0016525	NEGATIVE REGULATION OF ANGIOGENESIS%GOBP%GO:0016525		49	0.28382936	0.87669766	0.67114097	0.8939379	1.0	1689	tags=22%, list=15%, signal=26%	
REGULATION OF IMMUNE RESPONSE TO TUMOR CELL%GOBP%GO:0002837	REGULATION OF IMMUNE RESPONSE TO TUMOR CELL%GOBP%GO:0002837		18	0.34591097	0.8760731	0.6360544	0.8950665	1.0	2377	tags=28%, list=22%, signal=35%	
CD209 (DC-SIGN) SIGNALING%REACTOME%R-HSA-5621575.2	CD209 (DC-SIGN) SIGNALING%REACTOME%R-HSA-5621575.2		17	0.34658715	0.8756809	0.65095985	0.89560574	1.0	2892	tags=41%, list=26%, signal=56%	
TELOMERE ORGANIZATION%GOBP%GO:0032200	TELOMERE ORGANIZATION%GOBP%GO:0032200		87	0.25390717	0.8756329	0.72447324	0.895339	1.0	3782	tags=36%, list=34%, signal=54%	
POSITIVE REGULATION OF TRANSMEMBRANE TRANSPORT%GOBP%GO:0034764	POSITIVE REGULATION OF TRANSMEMBRANE TRANSPORT%GOBP%GO:0034764		69	0.2640821	0.87560713	0.6899351	0.89502907	1.0	1583	tags=14%, list=14%, signal=17%	
TOLL-LIKE RECEPTOR PATHWAY 1%PATHWHIZ%PW064909	TOLL-LIKE RECEPTOR PATHWAY 1%PATHWHIZ%PW064909		28	0.3167914	0.8755495	0.63382596	0.8947865	1.0	974	tags=14%, list=9%, signal=16%	
BIOCARTA_P53HYPOXIA_PATHWAY%MSIGDB_C2%BIOCARTA_P53HYPOXIA_PATHWAY	BIOCARTA_P53HYPOXIA_PATHWAY%MSIGDB_C2%BIOCARTA_P53HYPOXIA_PATHWAY		16	0.36345533	0.8748861	0.6447368	0.89595735	1.0	3330	tags=63%, list=30%, signal=90%	
INHIBITION OF GNAQ REGULATED SIGNALING IN UVEAL MELANOMA%WIKIPATHWAYS_20250810%WP5490%HOMO SAPIENS	INHIBITION OF GNAQ REGULATED SIGNALING IN UVEAL MELANOMA%WIKIPATHWAYS_20250810%WP5490%HOMO SAPIENS		20	0.3379069	0.8747786	0.63435376	0.8958395	1.0	4229	tags=50%, list=39%, signal=81%	
RESPONSE TO CAMP%GOBP%GO:0051591	RESPONSE TO CAMP%GOBP%GO:0051591		20	0.33845174	0.8747371	0.6552901	0.8955745	1.0	766	tags=25%, list=7%, signal=27%	
NEGATIVE REGULATION OF PROTEIN-CONTAINING COMPLEX DISASSEMBLY%GOBP%GO:0043242	NEGATIVE REGULATION OF PROTEIN-CONTAINING COMPLEX DISASSEMBLY%GOBP%GO:0043242		41	0.29006872	0.874564	0.6612642	0.8956248	1.0	2094	tags=20%, list=19%, signal=24%	
AMIDE TRANSPORT%GOBP%GO:0042886	AMIDE TRANSPORT%GOBP%GO:0042886		45	0.28497413	0.8743431	0.68053246	0.89576393	1.0	1983	tags=27%, list=18%, signal=32%	
PROTEIN IMPORT INTO NUCLEUS%GOBP%GO:0006606	PROTEIN IMPORT INTO NUCLEUS%GOBP%GO:0006606		70	0.26754737	0.8739879	0.6860119	0.89626	1.0	2500	tags=24%, list=23%, signal=31%	
POSITIVE REGULATION OF AXONOGENESIS%GOBP%GO:0050772	POSITIVE REGULATION OF AXONOGENESIS%GOBP%GO:0050772		22	0.33771408	0.8738269	0.6574395	0.89628077	1.0	2303	tags=32%, list=21%, signal=40%	
REGULATION OF MRNA CATABOLIC PROCESS%GOBP%GO:0061013	REGULATION OF MRNA CATABOLIC PROCESS%GOBP%GO:0061013		144	0.23826748	0.87356424	0.7654867	0.8965241	1.0	2465	tags=19%, list=22%, signal=24%	
SIGNALING BY INSULIN RECEPTOR%REACTOME DATABASE ID RELEASE 93%74752	SIGNALING BY INSULIN RECEPTOR%REACTOME DATABASE ID RELEASE 93%74752		44	0.28715587	0.872988	0.6590164	0.8974728	1.0	1186	tags=18%, list=11%, signal=20%	
PROCESSIVE SYNTHESIS ON THE C-STRAND OF THE TELOMERE%REACTOME DATABASE ID RELEASE 93%174414	PROCESSIVE SYNTHESIS ON THE C-STRAND OF THE TELOMERE%REACTOME DATABASE ID RELEASE 93%174414		18	0.34413898	0.8726186	0.6564748	0.89794916	1.0	1547	tags=17%, list=14%, signal=19%	
3'-UTR-MEDIATED MRNA DESTABILIZATION%GOBP%GO:0061158	3'-UTR-MEDIATED MRNA DESTABILIZATION%GOBP%GO:0061158		15	0.3560979	0.8724617	0.65377855	0.89795196	1.0	2260	tags=27%, list=21%, signal=34%	
ENDOPLASMIC RETICULUM TUBULAR NETWORK ORGANIZATION%GOBP%GO:0071786	ENDOPLASMIC RETICULUM TUBULAR NETWORK ORGANIZATION%GOBP%GO:0071786		16	0.354972	0.8721055	0.6579861	0.89840525	1.0	2841	tags=38%, list=26%, signal=51%	
NUCLEOTIDE EXCISION REPAIR%WIKIPATHWAYS_20250810%WP4753%HOMO SAPIENS	NUCLEOTIDE EXCISION REPAIR%WIKIPATHWAYS_20250810%WP4753%HOMO SAPIENS		30	0.30564842	0.8720804	0.67517006	0.89809823	1.0	3479	tags=33%, list=32%, signal=49%	
HDR THROUGH HOMOLOGOUS RECOMBINATION (HRR) OR SINGLE STRAND ANNEALING (SSA)%REACTOME%R-HSA-5693567.4	HDR THROUGH HOMOLOGOUS RECOMBINATION (HRR) OR SINGLE STRAND ANNEALING (SSA)%REACTOME%R-HSA-5693567.4		100	0.24811004	0.8716223	0.7642405	0.8987687	1.0	3278	tags=33%, list=30%, signal=47%	
NEGATIVE REGULATION OF PROTEOLYSIS INVOLVED IN PROTEIN CATABOLIC PROCESS%GOBP%GO:1903051	NEGATIVE REGULATION OF PROTEOLYSIS INVOLVED IN PROTEIN CATABOLIC PROCESS%GOBP%GO:1903051		53	0.27660978	0.87147605	0.6826923	0.8987441	1.0	1328	tags=15%, list=12%, signal=17%	
REMOVAL OF THE FLAP INTERMEDIATE FROM THE C-STRAND%REACTOME DATABASE ID RELEASE 93%174437	REMOVAL OF THE FLAP INTERMEDIATE FROM THE C-STRAND%REACTOME DATABASE ID RELEASE 93%174437		16	0.3558348	0.8713444	0.6545139	0.89870226	1.0	1547	tags=19%, list=14%, signal=22%	
REGULATION OF TRIGLYCERIDE METABOLIC PROCESS%GOBP%GO:0090207	REGULATION OF TRIGLYCERIDE METABOLIC PROCESS%GOBP%GO:0090207		20	0.3399201	0.8710915	0.64615387	0.8989357	1.0	486	tags=15%, list=4%, signal=16%	
PYRIMIDINE METABOLISM%WIKIPATHWAYS_20250810%WP4022%HOMO SAPIENS	PYRIMIDINE METABOLISM%WIKIPATHWAYS_20250810%WP4022%HOMO SAPIENS		63	0.26417404	0.8709136	0.7109005	0.8989923	1.0	935	tags=10%, list=9%, signal=10%	
IL5 SIGNALING%WIKIPATHWAYS_20250810%WP127%HOMO SAPIENS	IL5 SIGNALING%WIKIPATHWAYS_20250810%WP127%HOMO SAPIENS		27	0.32140443	0.8708474	0.6579378	0.8987859	1.0	1752	tags=19%, list=16%, signal=22%	
EPHRIN B REVERSE SIGNALING%PATHWAY INTERACTION DATABASE NCI-NATURE CURATED DATA%EPHRIN B REVERSE SIGNALING	EPHRIN B REVERSE SIGNALING%PATHWAY INTERACTION DATABASE NCI-NATURE CURATED DATA%EPHRIN B REVERSE SIGNALING		22	0.32666534	0.8704154	0.67536706	0.8994556	1.0	1414	tags=23%, list=13%, signal=26%	
PORPHYRIN-CONTAINING COMPOUND BIOSYNTHETIC PROCESS%GOBP%GO:0006779	PORPHYRIN-CONTAINING COMPOUND BIOSYNTHETIC PROCESS%GOBP%GO:0006779		22	0.32910433	0.8701932	0.6577061	0.89956623	1.0	796	tags=14%, list=7%, signal=15%	
FAS%IOB%FAS	FAS%IOB%FAS		74	0.26277494	0.8699046	0.74006623	0.8998672	1.0	1578	tags=15%, list=14%, signal=17%	
STEROID METABOLIC PROCESS%GOBP%GO:0008202	STEROID METABOLIC PROCESS%GOBP%GO:0008202		89	0.25412285	0.86986685	0.70364743	0.8995909	1.0	1490	tags=15%, list=14%, signal=17%	
RESPONSE TO CHEMOKINE%GOBP%GO:1990868	RESPONSE TO CHEMOKINE%GOBP%GO:1990868		27	0.3135812	0.86971915	0.65723795	0.8995471	1.0	1219	tags=19%, list=11%, signal=21%	
TETRAPYRROLE BIOSYNTHETIC PROCESS%GOBP%GO:0033014	TETRAPYRROLE BIOSYNTHETIC PROCESS%GOBP%GO:0033014		22	0.32910433	0.8694028	0.6355476	0.89991474	1.0	796	tags=14%, list=7%, signal=15%	
TGF_BETA_RECEPTOR%IOB%TGF_BETA_RECEPTOR	TGF_BETA_RECEPTOR%IOB%TGF_BETA_RECEPTOR		110	0.2438823	0.86938167	0.7432024	0.8996041	1.0	3345	tags=37%, list=30%, signal=53%	
POSITIVE REGULATION OF SECRETION BY CELL%GOBP%GO:1903532	POSITIVE REGULATION OF SECRETION BY CELL%GOBP%GO:1903532		115	0.24459761	0.86930597	0.7759398	0.8994119	1.0	1947	tags=21%, list=18%, signal=25%	
MRNA STABILIZATION%GOBP%GO:0048255	MRNA STABILIZATION%GOBP%GO:0048255		38	0.29049906	0.86917263	0.6821192	0.8993619	1.0	1115	tags=11%, list=10%, signal=12%	
SYNAPTIC VESICLE PATHWAY%WIKIPATHWAYS_20250810%WP2267%HOMO SAPIENS	SYNAPTIC VESICLE PATHWAY%WIKIPATHWAYS_20250810%WP2267%HOMO SAPIENS		16	0.34787884	0.8691655	0.6396552	0.899016	1.0	1040	tags=25%, list=9%, signal=28%	
LIPID STORAGE%GOBP%GO:0019915	LIPID STORAGE%GOBP%GO:0019915		17	0.34772187	0.8688566	0.6623165	0.8993667	1.0	2259	tags=35%, list=21%, signal=44%	
TRANSPORT OF RIBONUCLEOPROTEINS INTO THE HOST NUCLEUS%REACTOME DATABASE ID RELEASE 93%168271	TRANSPORT OF RIBONUCLEOPROTEINS INTO THE HOST NUCLEUS%REACTOME DATABASE ID RELEASE 93%168271		29	0.31350315	0.86883605	0.6799308	0.8990594	1.0	3521	tags=41%, list=32%, signal=61%	
GLUCAN CATABOLIC PROCESS%GOBP%GO:0009251	GLUCAN CATABOLIC PROCESS%GOBP%GO:0009251		17	0.34860906	0.86849546	0.6342756	0.899471	1.0	3934	tags=65%, list=36%, signal=101%	
PHYSIOLOGICAL AND PATHOLOGICAL HYPERTROPHY OF THE HEART%WIKIPATHWAYS_20250810%WP1528%HOMO SAPIENS	PHYSIOLOGICAL AND PATHOLOGICAL HYPERTROPHY OF THE HEART%WIKIPATHWAYS_20250810%WP1528%HOMO SAPIENS		16	0.3517719	0.8683938	0.647651	0.8993442	1.0	1539	tags=25%, list=14%, signal=29%	
NUTRIENT STORAGE%GOBP%GO:0170062	NUTRIENT STORAGE%GOBP%GO:0170062		17	0.34772187	0.868355	0.63380283	0.8990694	1.0	2259	tags=35%, list=21%, signal=44%	
REGULATION OF TOR SIGNALING%GOBP%GO:0032006	REGULATION OF TOR SIGNALING%GOBP%GO:0032006		123	0.24017605	0.86827934	0.73652697	0.8988823	1.0	2192	tags=25%, list=20%, signal=31%	
RESPONSE TO HEAT%GOBP%GO:0009408	RESPONSE TO HEAT%GOBP%GO:0009408		38	0.2923656	0.8682302	0.6915584	0.8986273	1.0	1674	tags=18%, list=15%, signal=22%	
REGULATION OF CYTOPLASMIC PATTERN RECOGNITION RECEPTOR SIGNALING PATHWAY%GOBP%GO:0039531	REGULATION OF CYTOPLASMIC PATTERN RECOGNITION RECEPTOR SIGNALING PATHWAY%GOBP%GO:0039531		93	0.24798338	0.8676634	0.7370892	0.8995984	1.0	1173	tags=13%, list=11%, signal=14%	
TRANSLESION SYNTHESIS BY REV1%REACTOME%R-HSA-110312.3	TRANSLESION SYNTHESIS BY REV1%REACTOME%R-HSA-110312.3		16	0.35117245	0.86762416	0.6493056	0.8993223	1.0	1654	tags=25%, list=15%, signal=29%	
FLT3 SIGNALING IN DISEASE%REACTOME%R-HSA-9682385.3	FLT3 SIGNALING IN DISEASE%REACTOME%R-HSA-9682385.3		25	0.31629324	0.8672684	0.67333335	0.8997628	1.0	2336	tags=32%, list=21%, signal=41%	
PTEN REGULATION%REACTOME DATABASE ID RELEASE 93%6807070	PTEN REGULATION%REACTOME DATABASE ID RELEASE 93%6807070		115	0.2413498	0.8670656	0.77607363	0.8998718	1.0	1790	tags=17%, list=16%, signal=21%	
TRANSPOSABLE ELEMENT SILENCING%GOBP%GO:0010526	TRANSPOSABLE ELEMENT SILENCING%GOBP%GO:0010526		21	0.32994884	0.86683095	0.6859504	0.900046	1.0	2282	tags=19%, list=21%, signal=24%	
REGULATION OF ESTABLISHMENT OF PROTEIN LOCALIZATION TO MITOCHONDRION%GOBP%GO:1903747	REGULATION OF ESTABLISHMENT OF PROTEIN LOCALIZATION TO MITOCHONDRION%GOBP%GO:1903747		37	0.29231027	0.8667422	0.67966104	0.89989394	1.0	3428	tags=43%, list=31%, signal=63%	
DOUBLE-STRAND BREAK REPAIR VIA HOMOLOGOUS RECOMBINATION%GOBP%GO:0000724	DOUBLE-STRAND BREAK REPAIR VIA HOMOLOGOUS RECOMBINATION%GOBP%GO:0000724		108	0.24344641	0.86609477	0.7584	0.90104204	1.0	3453	tags=31%, list=31%, signal=45%	
FIBRIN COMPLEMENT RECEPTOR 3 SIGNALING%WIKIPATHWAYS_20250810%WP4136%HOMO SAPIENS	FIBRIN COMPLEMENT RECEPTOR 3 SIGNALING%WIKIPATHWAYS_20250810%WP4136%HOMO SAPIENS		22	0.32452694	0.8657799	0.66380787	0.9013899	1.0	2341	tags=36%, list=21%, signal=46%	
NEGATIVE REGULATION OF CYTOPLASMIC PATTERN RECOGNITION RECEPTOR SIGNALING PATHWAY%GOBP%GO:0039532	NEGATIVE REGULATION OF CYTOPLASMIC PATTERN RECOGNITION RECEPTOR SIGNALING PATHWAY%GOBP%GO:0039532		45	0.28439143	0.86567545	0.71652174	0.90127265	1.0	1408	tags=18%, list=13%, signal=20%	
MULTIVESICULAR BODY ASSEMBLY%GOBP%GO:0036258	MULTIVESICULAR BODY ASSEMBLY%GOBP%GO:0036258		28	0.31205818	0.865564	0.65195245	0.9011786	1.0	3024	tags=36%, list=28%, signal=49%	
GLYCOGEN CATABOLIC PROCESS%GOBP%GO:0005980	GLYCOGEN CATABOLIC PROCESS%GOBP%GO:0005980		17	0.34860906	0.8654691	0.6345811	0.9010322	1.0	3934	tags=65%, list=36%, signal=101%	
TRANSPORT OF MATURE MRNAS DERIVED FROM INTRONLESS TRANSCRIPTS%REACTOME%R-HSA-159234.4	TRANSPORT OF MATURE MRNAS DERIVED FROM INTRONLESS TRANSCRIPTS%REACTOME%R-HSA-159234.4		40	0.28973827	0.8652902	0.69666666	0.90108883	1.0	2466	tags=28%, list=22%, signal=35%	
DISEASES ASSOCIATED WITH N-GLYCOSYLATION OF PROTEINS%REACTOME%R-HSA-3781860.5	DISEASES ASSOCIATED WITH N-GLYCOSYLATION OF PROTEINS%REACTOME%R-HSA-3781860.5		17	0.3429775	0.8651609	0.6533101	0.90102816	1.0	2164	tags=29%, list=20%, signal=37%	
POLYSACCHARIDE CATABOLIC PROCESS%GOBP%GO:0000272	POLYSACCHARIDE CATABOLIC PROCESS%GOBP%GO:0000272		17	0.34860906	0.8650589	0.6719577	0.90090996	1.0	3934	tags=65%, list=36%, signal=101%	
PID_RAS_PATHWAY%MSIGDB_C2%PID_RAS_PATHWAY	PID_RAS_PATHWAY%MSIGDB_C2%PID_RAS_PATHWAY		15	0.36500227	0.86500317	0.6405451	0.9006787	1.0	3554	tags=47%, list=32%, signal=69%	
CARBOXYTERMINAL POST-TRANSLATIONAL MODIFICATIONS OF TUBULIN%REACTOME DATABASE ID RELEASE 93%8955332	CARBOXYTERMINAL POST-TRANSLATIONAL MODIFICATIONS OF TUBULIN%REACTOME DATABASE ID RELEASE 93%8955332		20	0.33016512	0.86456096	0.66549915	0.9013882	1.0	1645	tags=25%, list=15%, signal=29%	
PID_P38_ALPHA_BETA_PATHWAY%MSIGDB_C2%PID_P38_ALPHA_BETA_PATHWAY	PID_P38_ALPHA_BETA_PATHWAY%MSIGDB_C2%PID_P38_ALPHA_BETA_PATHWAY		19	0.33365765	0.8643571	0.6572935	0.9014691	1.0	917	tags=16%, list=8%, signal=17%	
NEGATIVE REGULATION OF NEURON PROJECTION DEVELOPMENT%GOBP%GO:0010977	NEGATIVE REGULATION OF NEURON PROJECTION DEVELOPMENT%GOBP%GO:0010977		34	0.30120364	0.86361	0.6976	0.9027984	1.0	2069	tags=26%, list=19%, signal=33%	
POSITIVE REGULATION OF TRANSCRIPTION BY RNA POLYMERASE III%GOBP%GO:0045945	POSITIVE REGULATION OF TRANSCRIPTION BY RNA POLYMERASE III%GOBP%GO:0045945		15	0.36419362	0.86341476	0.65597147	0.90286344	1.0	4856	tags=73%, list=44%, signal=131%	
NEGATIVE REGULATION OF ORGANELLE ASSEMBLY%GOBP%GO:1902116	NEGATIVE REGULATION OF ORGANELLE ASSEMBLY%GOBP%GO:1902116		40	0.28828147	0.8632465	0.72302735	0.90288115	1.0	3108	tags=35%, list=28%, signal=49%	
ALK1 SIGNALING EVENTS%PATHWAY INTERACTION DATABASE NCI-NATURE CURATED DATA%ALK1 SIGNALING EVENTS	ALK1 SIGNALING EVENTS%PATHWAY INTERACTION DATABASE NCI-NATURE CURATED DATA%ALK1 SIGNALING EVENTS		20	0.32312807	0.86311734	0.6496479	0.90281457	1.0	3194	tags=35%, list=29%, signal=49%	
NUCLEOSIDE METABOLIC PROCESS%GOBP%GO:0009116	NUCLEOSIDE METABOLIC PROCESS%GOBP%GO:0009116		28	0.30697215	0.8630992	0.65986395	0.9024967	1.0	1977	tags=32%, list=18%, signal=39%	
SENSORY PERCEPTION OF MECHANICAL STIMULUS%GOBP%GO:0050954	SENSORY PERCEPTION OF MECHANICAL STIMULUS%GOBP%GO:0050954		41	0.284342	0.8630575	0.70283806	0.9022241	1.0	749	tags=15%, list=7%, signal=16%	
INTRINSIC APOPTOTIC SIGNALING PATHWAY IN RESPONSE TO ENDOPLASMIC RETICULUM STRESS%GOBP%GO:0070059	INTRINSIC APOPTOTIC SIGNALING PATHWAY IN RESPONSE TO ENDOPLASMIC RETICULUM STRESS%GOBP%GO:0070059		21	0.3327145	0.8629177	0.6626298	0.9021793	1.0	2781	tags=43%, list=25%, signal=57%	
NEPHROTIC SYNDROME%WIKIPATHWAYS_20250810%WP4758%HOMO SAPIENS	NEPHROTIC SYNDROME%WIKIPATHWAYS_20250810%WP4758%HOMO SAPIENS		22	0.33074206	0.8628334	0.6730435	0.9020238	1.0	954	tags=23%, list=9%, signal=25%	
TRANSLESION SYNTHESIS BY POLK%REACTOME%R-HSA-5655862.2	TRANSLESION SYNTHESIS BY POLK%REACTOME%R-HSA-5655862.2		17	0.3424737	0.8627698	0.6444834	0.90182215	1.0	1654	tags=24%, list=15%, signal=28%	
POSITIVE REGULATION OF STEROID METABOLIC PROCESS%GOBP%GO:0045940	POSITIVE REGULATION OF STEROID METABOLIC PROCESS%GOBP%GO:0045940		16	0.3526903	0.8626476	0.6565144	0.901733	1.0	3818	tags=38%, list=35%, signal=57%	
PROTEIN INSERTION INTO MEMBRANE%GOBP%GO:0051205	PROTEIN INSERTION INTO MEMBRANE%GOBP%GO:0051205		53	0.2719995	0.86220783	0.7060703	0.90236163	1.0	2145	tags=25%, list=20%, signal=30%	
SYNAPTIC VESICLE TRANSPORT%GOBP%GO:0048489	SYNAPTIC VESICLE TRANSPORT%GOBP%GO:0048489		32	0.30163348	0.862206	0.6531303	0.90201116	1.0	2714	tags=34%, list=25%, signal=46%	
CELLULAR RESPONSE TO TUMOR NECROSIS FACTOR%GOBP%GO:0071356	CELLULAR RESPONSE TO TUMOR NECROSIS FACTOR%GOBP%GO:0071356		64	0.26208764	0.86211133	0.7236842	0.9018837	1.0	1496	tags=22%, list=14%, signal=25%	
HEPATITIS B INFECTION%WIKIPATHWAYS_20250810%WP4666%HOMO SAPIENS	HEPATITIS B INFECTION%WIKIPATHWAYS_20250810%WP4666%HOMO SAPIENS		102	0.24454941	0.8620321	0.754173	0.90169924	1.0	2769	tags=31%, list=25%, signal=42%	
GLYCOLYTIC PROCESS THROUGH GLUCOSE-6-PHOSPHATE%GOBP%GO:0061620	GLYCOLYTIC PROCESS THROUGH GLUCOSE-6-PHOSPHATE%GOBP%GO:0061620		15	0.35800073	0.86142856	0.6787565	0.90274405	1.0	1947	tags=33%, list=18%, signal=40%	
RIBOSOME DISASSEMBLY%GOBP%GO:0032790	RIBOSOME DISASSEMBLY%GOBP%GO:0032790		37	0.29387078	0.8612575	0.7072368	0.9027822	1.0	247	tags=5%, list=2%, signal=6%	
POSITIVE REGULATION OF ERK1 AND ERK2 CASCADE%GOBP%GO:0070374	POSITIVE REGULATION OF ERK1 AND ERK2 CASCADE%GOBP%GO:0070374		68	0.25973135	0.86092764	0.7355372	0.9031714	1.0	2416	tags=31%, list=22%, signal=39%	
REGULATION OF NERVOUS SYSTEM PROCESS%GOBP%GO:0031644	REGULATION OF NERVOUS SYSTEM PROCESS%GOBP%GO:0031644		28	0.30593616	0.860042	0.6881533	0.9048297	1.0	2141	tags=36%, list=19%, signal=44%	
GLYCOLYTIC PROCESS THROUGH FRUCTOSE-6-PHOSPHATE%GOBP%GO:0061615	GLYCOLYTIC PROCESS THROUGH FRUCTOSE-6-PHOSPHATE%GOBP%GO:0061615		15	0.35800073	0.8599344	0.65619546	0.904708	1.0	1947	tags=33%, list=18%, signal=40%	
SIGNALING BY VEGF%REACTOME DATABASE ID RELEASE 93%194138	SIGNALING BY VEGF%REACTOME DATABASE ID RELEASE 93%194138		81	0.2515261	0.8591856	0.7468355	0.9060333	1.0	2990	tags=33%, list=27%, signal=45%	
BIOCARTA_HER2_PATHWAY%MSIGDB_C2%BIOCARTA_HER2_PATHWAY	BIOCARTA_HER2_PATHWAY%MSIGDB_C2%BIOCARTA_HER2_PATHWAY		15	0.36054862	0.8591307	0.66551125	0.9057975	1.0	3921	tags=53%, list=36%, signal=83%	
REGULATION OF SYNAPTIC VESICLE EXOCYTOSIS%GOBP%GO:2000300	REGULATION OF SYNAPTIC VESICLE EXOCYTOSIS%GOBP%GO:2000300		15	0.3511356	0.8590865	0.68455285	0.9055357	1.0	3592	tags=40%, list=33%, signal=59%	
PATHWAYS AFFECTED IN ADENOID CYSTIC CARCINOMA%WIKIPATHWAYS_20250810%WP3651%HOMO SAPIENS	PATHWAYS AFFECTED IN ADENOID CYSTIC CARCINOMA%WIKIPATHWAYS_20250810%WP3651%HOMO SAPIENS		44	0.27669582	0.85884345	0.7121464	0.9057006	1.0	3018	tags=45%, list=27%, signal=62%	
ATTACHMENT OF MITOTIC SPINDLE MICROTUBULES TO KINETOCHORE%GOBP%GO:0051315	ATTACHMENT OF MITOTIC SPINDLE MICROTUBULES TO KINETOCHORE%GOBP%GO:0051315		16	0.34799123	0.8587934	0.6549165	0.9054426	1.0	2335	tags=25%, list=21%, signal=32%	
LYMPHOCYTE HOMEOSTASIS%GOBP%GO:0002260	LYMPHOCYTE HOMEOSTASIS%GOBP%GO:0002260		19	0.3343766	0.85852855	0.67775834	0.90564257	1.0	1408	tags=21%, list=13%, signal=24%	
PROTEIN LOCALIZATION TO CHROMOSOME%GOBP%GO:0034502	PROTEIN LOCALIZATION TO CHROMOSOME%GOBP%GO:0034502		74	0.25926387	0.8579855	0.7285491	0.90652883	1.0	3782	tags=42%, list=34%, signal=63%	
MALE INFERTILITY%WIKIPATHWAYS_20250810%WP4673%HOMO SAPIENS	MALE INFERTILITY%WIKIPATHWAYS_20250810%WP4673%HOMO SAPIENS		58	0.2678114	0.85703975	0.72981876	0.9082779	1.0	1349	tags=17%, list=12%, signal=20%	
REGULATION OF SMALL MOLECULE METABOLIC PROCESS%GOBP%GO:0062012	REGULATION OF SMALL MOLECULE METABOLIC PROCESS%GOBP%GO:0062012		164	0.2293999	0.8570091	0.8245877	0.9079947	1.0	2120	tags=22%, list=19%, signal=27%	
TRANSPORT OF THE SLBP INDEPENDENT MATURE MRNA%REACTOME DATABASE ID RELEASE 93%159227	TRANSPORT OF THE SLBP INDEPENDENT MATURE MRNA%REACTOME DATABASE ID RELEASE 93%159227		32	0.29332674	0.85687757	0.6837748	0.90792876	1.0	3521	tags=38%, list=32%, signal=55%	
POTASSIUM ION HOMEOSTASIS%GOBP%GO:0055075	POTASSIUM ION HOMEOSTASIS%GOBP%GO:0055075		15	0.36127925	0.85675883	0.6800699	0.9078421	1.0	2799	tags=53%, list=25%, signal=71%	
TRANSCRIPTION-COUPLED NUCLEOTIDE EXCISION REPAIR (TC-NER)%REACTOME%R-HSA-6781827.3	TRANSCRIPTION-COUPLED NUCLEOTIDE EXCISION REPAIR (TC-NER)%REACTOME%R-HSA-6781827.3		71	0.25952652	0.85614866	0.7370968	0.9088408	1.0	3479	tags=32%, list=32%, signal=47%	
PLATELET AGGREGATION (PLUG FORMATION)%REACTOME%R-HSA-76009.4	PLATELET AGGREGATION (PLUG FORMATION)%REACTOME%R-HSA-76009.4		21	0.32742727	0.8557682	0.6819672	0.9093444	1.0	1752	tags=38%, list=16%, signal=45%	
GLYCOSAMINOGLYCAN SYNTHESIS IN FIBROBLASTS%WIKIPATHWAYS_20250810%WP5395%HOMO SAPIENS	GLYCOSAMINOGLYCAN SYNTHESIS IN FIBROBLASTS%WIKIPATHWAYS_20250810%WP5395%HOMO SAPIENS		22	0.3236394	0.85558784	0.68664384	0.90938693	1.0	2771	tags=41%, list=25%, signal=55%	
POSITIVE REGULATION OF SECRETION%GOBP%GO:0051047	POSITIVE REGULATION OF SECRETION%GOBP%GO:0051047		119	0.23837578	0.8552729	0.7956656	0.9097177	1.0	1947	tags=20%, list=18%, signal=24%	
REGULATION OF G0 TO G1 TRANSITION%GOBP%GO:0070316	REGULATION OF G0 TO G1 TRANSITION%GOBP%GO:0070316		26	0.31539807	0.85477966	0.68835616	0.9104549	1.0	3055	tags=38%, list=28%, signal=53%	
RECOMBINATIONAL REPAIR%GOBP%GO:0000725	RECOMBINATIONAL REPAIR%GOBP%GO:0000725		112	0.23865455	0.85449713	0.79115856	0.91072375	1.0	3782	tags=37%, list=34%, signal=55%	
NUCLEOSIDE TRIPHOSPHATE METABOLIC PROCESS%GOBP%GO:0009141	NUCLEOSIDE TRIPHOSPHATE METABOLIC PROCESS%GOBP%GO:0009141		138	0.23380013	0.8542401	0.78962964	0.9109268	1.0	1947	tags=16%, list=18%, signal=19%	
PID_GMCSF_PATHWAY%MSIGDB_C2%PID_GMCSF_PATHWAY	PID_GMCSF_PATHWAY%MSIGDB_C2%PID_GMCSF_PATHWAY		28	0.31172687	0.8538799	0.6964587	0.9113449	1.0	3554	tags=46%, list=32%, signal=68%	
DEFECTIVE TPR MAY CONFER SUSCEPTIBILITY TOWARDS THYROID PAPILLARY CARCINOMA (TPC)%REACTOME DATABASE ID RELEASE 93%5619107	DEFECTIVE TPR MAY CONFER SUSCEPTIBILITY TOWARDS THYROID PAPILLARY CARCINOMA (TPC)%REACTOME DATABASE ID RELEASE 93%5619107		27	0.3069484	0.853516	0.68053246	0.91175985	1.0	3802	tags=44%, list=35%, signal=68%	
MRNA CATABOLIC PROCESS%GOBP%GO:0006402	MRNA CATABOLIC PROCESS%GOBP%GO:0006402		110	0.2376295	0.85344744	0.79310346	0.9115478	1.0	2282	tags=17%, list=21%, signal=22%	
CHROMOSOMAL AND MICROSATELLITE INSTABILITY IN COLORECTAL CANCER %WIKIPATHWAYS_20250810%WP4216%HOMO SAPIENS	CHROMOSOMAL AND MICROSATELLITE INSTABILITY IN COLORECTAL CANCER %WIKIPATHWAYS_20250810%WP4216%HOMO SAPIENS		51	0.27069688	0.853389	0.71672356	0.9113103	1.0	2647	tags=33%, list=24%, signal=44%	
LATE PHASE OF HIV LIFE CYCLE%REACTOME%R-HSA-162599.4	LATE PHASE OF HIV LIFE CYCLE%REACTOME%R-HSA-162599.4		121	0.23943464	0.85329765	0.7933131	0.91114247	1.0	3308	tags=28%, list=30%, signal=40%	
MRNA 3'-END PROCESSING%REACTOME%R-HSA-72187.7	MRNA 3'-END PROCESSING%REACTOME%R-HSA-72187.7		53	0.2680006	0.8532563	0.725832	0.9108753	1.0	4216	tags=43%, list=38%, signal=70%	
VESICLE COATING%GOBP%GO:0006901	VESICLE COATING%GOBP%GO:0006901		33	0.2987504	0.85315835	0.7010135	0.9107458	1.0	3157	tags=39%, list=29%, signal=55%	
PROTEIN K63-LINKED DEUBIQUITINATION%GOBP%GO:0070536	PROTEIN K63-LINKED DEUBIQUITINATION%GOBP%GO:0070536		20	0.3346637	0.85313165	0.67486817	0.9104504	1.0	2037	tags=20%, list=19%, signal=25%	
MULTIVESICULAR BODY ORGANIZATION%GOBP%GO:0036257	MULTIVESICULAR BODY ORGANIZATION%GOBP%GO:0036257		29	0.31092367	0.85254234	0.70247936	0.9113636	1.0	3024	tags=34%, list=28%, signal=47%	
REGULATION OF MEMBRANE PERMEABILITY%GOBP%GO:0090559	REGULATION OF MEMBRANE PERMEABILITY%GOBP%GO:0090559		37	0.29077238	0.85239416	0.70118845	0.9113317	1.0	1447	tags=19%, list=13%, signal=22%	
POSITIVE REGULATION OF MITOCHONDRIAL MEMBRANE PERMEABILITY%GOBP%GO:0035794	POSITIVE REGULATION OF MITOCHONDRIAL MEMBRANE PERMEABILITY%GOBP%GO:0035794		16	0.35592604	0.8517054	0.6743802	0.9124745	1.0	2874	tags=25%, list=26%, signal=34%	
PROTEIN LOCALIZATION TO CILIUM%GOBP%GO:0061512	PROTEIN LOCALIZATION TO CILIUM%GOBP%GO:0061512		41	0.2802695	0.85157925	0.7433775	0.91239494	1.0	3317	tags=37%, list=30%, signal=52%	
MET PROMOTES CELL MOTILITY%REACTOME DATABASE ID RELEASE 93%8875878	MET PROMOTES CELL MOTILITY%REACTOME DATABASE ID RELEASE 93%8875878		16	0.34556362	0.8514391	0.6626298	0.9123567	1.0	1058	tags=25%, list=10%, signal=28%	
MEMBRANE LIPID BIOSYNTHETIC PROCESS%GOBP%GO:0046467	MEMBRANE LIPID BIOSYNTHETIC PROCESS%GOBP%GO:0046467		91	0.24565765	0.8507811	0.76506954	0.9134103	1.0	1068	tags=12%, list=10%, signal=13%	
PROTEIN O-LINKED GLYCOSYLATION%GOBP%GO:0006493	PROTEIN O-LINKED GLYCOSYLATION%GOBP%GO:0006493		98	0.24310054	0.85054517	0.7694656	0.91358155	1.0	2105	tags=21%, list=19%, signal=26%	
POSITIVE REGULATION OF CD4-POSITIVE, ALPHA-BETA T CELL ACTIVATION%GOBP%GO:2000516	POSITIVE REGULATION OF CD4-POSITIVE, ALPHA-BETA T CELL ACTIVATION%GOBP%GO:2000516		26	0.30680448	0.8501665	0.70032054	0.91407007	1.0	3590	tags=54%, list=33%, signal=80%	
DEOXYRIBONUCLEOTIDE CATABOLIC PROCESS%GOBP%GO:0009264	DEOXYRIBONUCLEOTIDE CATABOLIC PROCESS%GOBP%GO:0009264		19	0.33565265	0.85005707	0.71505374	0.9139586	1.0	1041	tags=21%, list=9%, signal=23%	
SYNAPTIC VESICLE LOCALIZATION%GOBP%GO:0097479	SYNAPTIC VESICLE LOCALIZATION%GOBP%GO:0097479		33	0.29870436	0.8497912	0.7115717	0.91416645	1.0	2714	tags=33%, list=25%, signal=44%	
ALTERNATIVE MRNA SPLICING, VIA SPLICEOSOME%GOBP%GO:0000380	ALTERNATIVE MRNA SPLICING, VIA SPLICEOSOME%GOBP%GO:0000380		19	0.33430773	0.8494218	0.69363165	0.914652	1.0	4185	tags=42%, list=38%, signal=68%	
INTEGRATED BREAST CANCER PATHWAY%WIKIPATHWAYS_20250810%WP1984%HOMO SAPIENS	INTEGRATED BREAST CANCER PATHWAY%WIKIPATHWAYS_20250810%WP1984%HOMO SAPIENS		115	0.23881724	0.8490318	0.77286583	0.915166	1.0	2897	tags=30%, list=26%, signal=41%	
CELLULAR RESPONSE TO EPIDERMAL GROWTH FACTOR STIMULUS%GOBP%GO:0071364	CELLULAR RESPONSE TO EPIDERMAL GROWTH FACTOR STIMULUS%GOBP%GO:0071364		21	0.32801694	0.84864914	0.7020202	0.915622	1.0	3930	tags=48%, list=36%, signal=74%	
IL19 SIGNALING%WIKIPATHWAYS_20250810%WP5422%HOMO SAPIENS	IL19 SIGNALING%WIKIPATHWAYS_20250810%WP5422%HOMO SAPIENS		17	0.34165734	0.8478258	0.6625	0.9170586	1.0	2587	tags=29%, list=24%, signal=38%	
COHESIN COMPLEX CORNELIA DE LANGE SYNDROME%WIKIPATHWAYS_20250810%WP5117%HOMO SAPIENS	COHESIN COMPLEX CORNELIA DE LANGE SYNDROME%WIKIPATHWAYS_20250810%WP5117%HOMO SAPIENS		29	0.2996393	0.8474224	0.70469797	0.91757053	1.0	4286	tags=48%, list=39%, signal=79%	
VERY LONG-CHAIN FATTY ACID METABOLIC PROCESS%GOBP%GO:0000038	VERY LONG-CHAIN FATTY ACID METABOLIC PROCESS%GOBP%GO:0000038		19	0.3338985	0.8465645	0.6948854	0.9191138	1.0	1742	tags=26%, list=16%, signal=31%	
POSITIVE REGULATION OF LAMELLIPODIUM ASSEMBLY%GOBP%GO:0010592	POSITIVE REGULATION OF LAMELLIPODIUM ASSEMBLY%GOBP%GO:0010592		20	0.32725626	0.8463666	0.7031509	0.9191644	1.0	3709	tags=55%, list=34%, signal=83%	
SUMOYLATION OF UBIQUITINYLATION PROTEINS%REACTOME%R-HSA-3232142.5	SUMOYLATION OF UBIQUITINYLATION PROTEINS%REACTOME%R-HSA-3232142.5		34	0.2956032	0.84634686	0.7190635	0.9188499	1.0	3521	tags=38%, list=32%, signal=56%	
ALPHA4 BETA1 INTEGRIN SIGNALING EVENTS%PATHWAY INTERACTION DATABASE NCI-NATURE CURATED DATA%ALPHA4 BETA1 INTEGRIN SIGNALING EVENTS	ALPHA4 BETA1 INTEGRIN SIGNALING EVENTS%PATHWAY INTERACTION DATABASE NCI-NATURE CURATED DATA%ALPHA4 BETA1 INTEGRIN SIGNALING EVENTS		26	0.31074136	0.846105	0.7040134	0.9189837	1.0	1100	tags=19%, list=10%, signal=21%	
TRK RECEPTOR SIGNALING MEDIATED BY THE MAPK PATHWAY%PATHWAY INTERACTION DATABASE NCI-NATURE CURATED DATA%TRK RECEPTOR SIGNALING MEDIATED BY THE MAPK PATHWAY	TRK RECEPTOR SIGNALING MEDIATED BY THE MAPK PATHWAY%PATHWAY INTERACTION DATABASE NCI-NATURE CURATED DATA%TRK RECEPTOR SIGNALING MEDIATED BY THE MAPK PATHWAY		31	0.29776475	0.84610116	0.72790295	0.918638	1.0	1729	tags=23%, list=16%, signal=27%	
ATP METABOLIC PROCESS%GOBP%GO:0046034	ATP METABOLIC PROCESS%GOBP%GO:0046034		110	0.2414157	0.84601146	0.8	0.9184744	1.0	1947	tags=17%, list=18%, signal=21%	
DNA DAMAGE RECOGNITION IN GG-NER%REACTOME DATABASE ID RELEASE 93%5696394	DNA DAMAGE RECOGNITION IN GG-NER%REACTOME DATABASE ID RELEASE 93%5696394		37	0.28358346	0.8458997	0.7017241	0.91836506	1.0	852	tags=11%, list=8%, signal=12%	
EVASION BY RSV OF HOST INTERFERON RESPONSES%REACTOME%R-HSA-9833109.1	EVASION BY RSV OF HOST INTERFERON RESPONSES%REACTOME%R-HSA-9833109.1		20	0.33329183	0.8454725	0.7225131	0.9189398	1.0	2769	tags=40%, list=25%, signal=53%	
ENDOSOMAL SORTING COMPLEX REQUIRED FOR TRANSPORT (ESCRT)%REACTOME%R-HSA-917729.3	ENDOSOMAL SORTING COMPLEX REQUIRED FOR TRANSPORT (ESCRT)%REACTOME%R-HSA-917729.3		28	0.29854396	0.84523886	0.70538723	0.9190877	1.0	3024	tags=36%, list=28%, signal=49%	
PEPTIDYL-THREONINE PHOSPHORYLATION%GOBP%GO:0018107	PEPTIDYL-THREONINE PHOSPHORYLATION%GOBP%GO:0018107		17	0.33882162	0.84485954	0.67715234	0.9195165	1.0	2549	tags=35%, list=23%, signal=46%	
PEPTIDYL-THREONINE MODIFICATION%GOBP%GO:0018210	PEPTIDYL-THREONINE MODIFICATION%GOBP%GO:0018210		17	0.33882162	0.84429234	0.6811092	0.9203674	1.0	2549	tags=35%, list=23%, signal=46%	
COPI-INDEPENDENT GOLGI-TO-ER RETROGRADE TRAFFIC%REACTOME DATABASE ID RELEASE 93%6811436	COPI-INDEPENDENT GOLGI-TO-ER RETROGRADE TRAFFIC%REACTOME DATABASE ID RELEASE 93%6811436		31	0.3008904	0.8442786	0.7240204	0.9200295	1.0	1802	tags=23%, list=16%, signal=27%	
UCH PROTEINASES%REACTOME%R-HSA-5689603.4	UCH PROTEINASES%REACTOME%R-HSA-5689603.4		74	0.25257802	0.84370476	0.76073617	0.92087054	1.0	3094	tags=32%, list=28%, signal=45%	
EXPORT OF VIRAL RIBONUCLEOPROTEINS FROM NUCLEUS%REACTOME DATABASE ID RELEASE 93%168274	EXPORT OF VIRAL RIBONUCLEOPROTEINS FROM NUCLEUS%REACTOME DATABASE ID RELEASE 93%168274		29	0.2968287	0.8436842	0.7031802	0.92056453	1.0	3802	tags=41%, list=35%, signal=63%	
SIGNALING BY FGFR IN DISEASE%REACTOME%R-HSA-1226099.7	SIGNALING BY FGFR IN DISEASE%REACTOME%R-HSA-1226099.7		40	0.28469175	0.84367657	0.72591364	0.9202207	1.0	3345	tags=35%, list=30%, signal=50%	
LAMELLIPODIUM ORGANIZATION%GOBP%GO:0097581	LAMELLIPODIUM ORGANIZATION%GOBP%GO:0097581		25	0.30780742	0.8433634	0.69310343	0.92054194	1.0	1865	tags=20%, list=17%, signal=24%	
ENDOSOME ORGANIZATION%GOBP%GO:0007032	ENDOSOME ORGANIZATION%GOBP%GO:0007032		74	0.25406447	0.8433439	0.7734628	0.92022836	1.0	3040	tags=35%, list=28%, signal=48%	
CARBOHYDRATE DERIVATIVE TRANSPORT%GOBP%GO:1901264	CARBOHYDRATE DERIVATIVE TRANSPORT%GOBP%GO:1901264		51	0.27050376	0.8430537	0.76221496	0.9204697	1.0	1501	tags=20%, list=14%, signal=23%	
DEGRADATION OF THE EXTRACELLULAR MATRIX%REACTOME%R-HSA-1474228.6	DEGRADATION OF THE EXTRACELLULAR MATRIX%REACTOME%R-HSA-1474228.6		46	0.27719	0.8429107	0.737013	0.920416	1.0	2822	tags=33%, list=26%, signal=44%	
REGULATION OF DNA REPAIR%GOBP%GO:0006282	REGULATION OF DNA REPAIR%GOBP%GO:0006282		191	0.21997708	0.842747	0.8744461	0.9204038	1.0	3702	tags=35%, list=34%, signal=51%	
NUCLEOSOME ASSEMBLY%GOBP%GO:0006334	NUCLEOSOME ASSEMBLY%GOBP%GO:0006334		44	0.2760131	0.84268564	0.73063976	0.92018044	1.0	2115	tags=23%, list=19%, signal=28%	
PROTEIN MODIFICATION BY SMALL PROTEIN REMOVAL%GOBP%GO:0070646	PROTEIN MODIFICATION BY SMALL PROTEIN REMOVAL%GOBP%GO:0070646		81	0.24580057	0.84265274	0.7919355	0.91989994	1.0	3335	tags=36%, list=30%, signal=51%	
REGULATION OF REGULATED SECRETORY PATHWAY%GOBP%GO:1903305	REGULATION OF REGULATED SECRETORY PATHWAY%GOBP%GO:1903305		52	0.26711795	0.8423745	0.7614379	0.92012227	1.0	1344	tags=17%, list=12%, signal=20%	
REGULATION OF RRNA PROCESSING%GOBP%GO:2000232	REGULATION OF RRNA PROCESSING%GOBP%GO:2000232		15	0.34702346	0.84216005	0.6869565	0.92022717	1.0	3081	tags=40%, list=28%, signal=56%	
REGULATION OF ENDOTHELIAL CELL PROLIFERATION%GOBP%GO:0001936	REGULATION OF ENDOTHELIAL CELL PROLIFERATION%GOBP%GO:0001936		58	0.26090524	0.8415927	0.7614379	0.92110044	1.0	2756	tags=31%, list=25%, signal=41%	
DEOXYRIBOSE PHOSPHATE CATABOLIC PROCESS%GOBP%GO:0046386	DEOXYRIBOSE PHOSPHATE CATABOLIC PROCESS%GOBP%GO:0046386		18	0.3372898	0.8415426	0.69649124	0.9208498	1.0	1041	tags=22%, list=9%, signal=25%	
FAT CELL DIFFERENTIATION%GOBP%GO:0045444	FAT CELL DIFFERENTIATION%GOBP%GO:0045444		46	0.27094674	0.8413994	0.7462185	0.9208143	1.0	676	tags=11%, list=6%, signal=12%	
NEGATIVE REGULATION OF TORC1 SIGNALING%GOBP%GO:1904262	NEGATIVE REGULATION OF TORC1 SIGNALING%GOBP%GO:1904262		45	0.27225783	0.84098077	0.7412354	0.921328	1.0	3457	tags=42%, list=31%, signal=61%	
PROTEIN ACYLATION%GOBP%GO:0043543	PROTEIN ACYLATION%GOBP%GO:0043543		44	0.27925548	0.8407959	0.7368421	0.92135847	1.0	3221	tags=36%, list=29%, signal=51%	
KINESINS%REACTOME%R-HSA-983189.5	KINESINS%REACTOME%R-HSA-983189.5		30	0.29782653	0.8405332	0.69491524	0.92156446	1.0	2611	tags=33%, list=24%, signal=44%	
REGULATION OF GLUCOKINASE BY GLUCOKINASE REGULATORY PROTEIN%REACTOME%R-HSA-170822.5	REGULATION OF GLUCOKINASE BY GLUCOKINASE REGULATORY PROTEIN%REACTOME%R-HSA-170822.5		27	0.3069484	0.84050024	0.7152778	0.92128474	1.0	3802	tags=44%, list=35%, signal=68%	
TRANSLESION SYNTHESIS BY POLI%REACTOME DATABASE ID RELEASE 93%5656121	TRANSLESION SYNTHESIS BY POLI%REACTOME DATABASE ID RELEASE 93%5656121		17	0.33309174	0.8402779	0.6993007	0.9214111	1.0	1654	tags=24%, list=15%, signal=28%	
FATTY ACID DERIVATIVE METABOLIC PROCESS%GOBP%GO:1901568	FATTY ACID DERIVATIVE METABOLIC PROCESS%GOBP%GO:1901568		44	0.27628165	0.8402511	0.73265654	0.9211098	1.0	643	tags=9%, list=6%, signal=10%	
REGENERATION%GOBP%GO:0031099	REGENERATION%GOBP%GO:0031099		20	0.32347158	0.84004253	0.69072163	0.9212163	1.0	1740	tags=30%, list=16%, signal=36%	
INTERLEUKIN RECEPTOR SHC SIGNALING%REACTOME DATABASE ID RELEASE 93%912526	INTERLEUKIN RECEPTOR SHC SIGNALING%REACTOME DATABASE ID RELEASE 93%912526		15	0.3445919	0.8398664	0.7001795	0.9212308	1.0	2587	tags=47%, list=24%, signal=61%	
FC-EPSILON RECEPTOR I SIGNALING IN MAST CELLS%PATHWAY INTERACTION DATABASE NCI-NATURE CURATED DATA%FC-EPSILON RECEPTOR I SIGNALING IN MAST CELLS	FC-EPSILON RECEPTOR I SIGNALING IN MAST CELLS%PATHWAY INTERACTION DATABASE NCI-NATURE CURATED DATA%FC-EPSILON RECEPTOR I SIGNALING IN MAST CELLS		56	0.26261154	0.83973193	0.74757284	0.9211622	1.0	1808	tags=20%, list=16%, signal=23%	
PEXOPHAGY%GOBP%GO:0000425	PEXOPHAGY%GOBP%GO:0000425		16	0.3367612	0.8390724	0.6972789	0.9222257	1.0	3368	tags=44%, list=31%, signal=63%	
INTERLEUKIN-20 FAMILY SIGNALING%REACTOME%R-HSA-8854691.8	INTERLEUKIN-20 FAMILY SIGNALING%REACTOME%R-HSA-8854691.8		15	0.33934537	0.839052	0.6767857	0.92191756	1.0	1453	tags=13%, list=13%, signal=15%	
LIVER DEVELOPMENT%GOBP%GO:0001889	LIVER DEVELOPMENT%GOBP%GO:0001889		17	0.34042528	0.8389654	0.69860625	0.92173547	1.0	2834	tags=53%, list=26%, signal=71%	
ENKEPHALIN RELEASE%PANTHER PATHWAY%P05913	ENKEPHALIN RELEASE%PANTHER PATHWAY%P05913		18	0.32939675	0.8387831	0.68374556	0.9217702	1.0	2388	tags=33%, list=22%, signal=43%	
REGULATION OF STRIATED MUSCLE CONTRACTION%GOBP%GO:0006942	REGULATION OF STRIATED MUSCLE CONTRACTION%GOBP%GO:0006942		36	0.2867169	0.8387818	0.7147708	0.9214183	1.0	1583	tags=25%, list=14%, signal=29%	
PID_EPHRINB_REV_PATHWAY%MSIGDB_C2%PID_EPHRINB_REV_PATHWAY	PID_EPHRINB_REV_PATHWAY%MSIGDB_C2%PID_EPHRINB_REV_PATHWAY		19	0.32922485	0.83676225	0.7103918	0.9253094	1.0	1414	tags=21%, list=13%, signal=24%	
PID_INTEGRIN_A4B1_PATHWAY%MSIGDB_C2%PID_INTEGRIN_A4B1_PATHWAY	PID_INTEGRIN_A4B1_PATHWAY%MSIGDB_C2%PID_INTEGRIN_A4B1_PATHWAY		18	0.32702428	0.83665884	0.6871795	0.92516816	1.0	3029	tags=39%, list=28%, signal=54%	
PEROXISOMAL MEMBRANE TRANSPORT%GOBP%GO:0015919	PEROXISOMAL MEMBRANE TRANSPORT%GOBP%GO:0015919		17	0.33524245	0.8365869	0.7058824	0.92496717	1.0	2037	tags=35%, list=19%, signal=43%	
MAPK SIGNALING AND ARTD FAMILY MEMBERS%WIKIPATHWAYS_20250810%WP5530%HOMO SAPIENS	MAPK SIGNALING AND ARTD FAMILY MEMBERS%WIKIPATHWAYS_20250810%WP5530%HOMO SAPIENS		27	0.29585612	0.83623946	0.70069206	0.925339	1.0	394	tags=7%, list=4%, signal=8%	
POSITIVE REGULATION OF ENDOTHELIAL CELL PROLIFERATION%GOBP%GO:0001938	POSITIVE REGULATION OF ENDOTHELIAL CELL PROLIFERATION%GOBP%GO:0001938		38	0.2879774	0.83571726	0.7453626	0.9260596	1.0	2756	tags=32%, list=25%, signal=42%	
MRNA DESTABILIZATION%GOBP%GO:0061157	MRNA DESTABILIZATION%GOBP%GO:0061157		63	0.25658712	0.83523387	0.7759473	0.92671514	1.0	2465	tags=19%, list=22%, signal=24%	
SIGNALING BY NOTCH%REACTOME DATABASE ID RELEASE 93%157118	SIGNALING BY NOTCH%REACTOME DATABASE ID RELEASE 93%157118		152	0.22424556	0.8347453	0.857971	0.9273875	1.0	2011	tags=20%, list=18%, signal=25%	
FORMATION OF INCISION COMPLEX IN GG-NER%REACTOME%R-HSA-5696395.2	FORMATION OF INCISION COMPLEX IN GG-NER%REACTOME%R-HSA-5696395.2		41	0.2782995	0.83458406	0.71895427	0.9273812	1.0	866	tags=10%, list=8%, signal=11%	
INHIBITION OF DNA RECOMBINATION AT TELOMERE%REACTOME DATABASE ID RELEASE 93%9670095	INHIBITION OF DNA RECOMBINATION AT TELOMERE%REACTOME DATABASE ID RELEASE 93%9670095		34	0.28407356	0.8340922	0.72299653	0.92802846	1.0	1336	tags=18%, list=12%, signal=20%	
POSITIVE REGULATION OF REPRODUCTIVE PROCESS%GOBP%GO:2000243	POSITIVE REGULATION OF REPRODUCTIVE PROCESS%GOBP%GO:2000243		20	0.31980318	0.83383286	0.680776	0.92821807	1.0	1512	tags=30%, list=14%, signal=35%	
CELLULAR RESPONSE TO MOLECULE OF BACTERIAL ORIGIN%GOBP%GO:0071219	CELLULAR RESPONSE TO MOLECULE OF BACTERIAL ORIGIN%GOBP%GO:0071219		81	0.24558528	0.83367497	0.8009331	0.9281911	1.0	2580	tags=30%, list=23%, signal=38%	
NEP NS2 INTERACTS WITH THE CELLULAR EXPORT MACHINERY%REACTOME DATABASE ID RELEASE 93%168333	NEP NS2 INTERACTS WITH THE CELLULAR EXPORT MACHINERY%REACTOME DATABASE ID RELEASE 93%168333		29	0.2968287	0.8335585	0.7352445	0.9280829	1.0	3802	tags=41%, list=35%, signal=63%	
CELL CYCLE DNA REPLICATION%GOBP%GO:0044786	CELL CYCLE DNA REPLICATION%GOBP%GO:0044786		20	0.3195329	0.83348686	0.7152778	0.9278675	1.0	3654	tags=45%, list=33%, signal=67%	
ARTERY MORPHOGENESIS%GOBP%GO:0048844	ARTERY MORPHOGENESIS%GOBP%GO:0048844		16	0.33790967	0.83293766	0.7079646	0.92865396	1.0	3094	tags=50%, list=28%, signal=70%	
MIRNA ROLE IN IMMUNE RESPONSE IN SEPSIS%WIKIPATHWAYS_20250810%WP4329%HOMO SAPIENS	MIRNA ROLE IN IMMUNE RESPONSE IN SEPSIS%WIKIPATHWAYS_20250810%WP4329%HOMO SAPIENS		23	0.31616923	0.83226097	0.71090907	0.9297055	1.0	2341	tags=35%, list=21%, signal=44%	
ENDOSOME TO LYSOSOME TRANSPORT VIA MULTIVESICULAR BODY SORTING PATHWAY%GOBP%GO:0032510	ENDOSOME TO LYSOSOME TRANSPORT VIA MULTIVESICULAR BODY SORTING PATHWAY%GOBP%GO:0032510		15	0.33778062	0.8321554	0.7173145	0.9295696	1.0	3182	tags=40%, list=29%, signal=56%	
MITOCHONDRIAL MEMBRANE ORGANIZATION%GOBP%GO:0007006	MITOCHONDRIAL MEMBRANE ORGANIZATION%GOBP%GO:0007006		77	0.24455824	0.8315904	0.8163606	0.9303826	1.0	2707	tags=26%, list=25%, signal=34%	
HEPATICOBILIARY SYSTEM DEVELOPMENT%GOBP%GO:0061008	HEPATICOBILIARY SYSTEM DEVELOPMENT%GOBP%GO:0061008		18	0.32551655	0.8308836	0.715342	0.9314339	1.0	2834	tags=50%, list=26%, signal=67%	
PID_DELTA_NP63_PATHWAY%MSIGDB_C2%PID_DELTA_NP63_PATHWAY	PID_DELTA_NP63_PATHWAY%MSIGDB_C2%PID_DELTA_NP63_PATHWAY		22	0.31624237	0.8305366	0.7195946	0.9317827	1.0	2504	tags=41%, list=23%, signal=53%	
REGULATION OF DOUBLE-STRAND BREAK REPAIR%GOBP%GO:2000779	REGULATION OF DOUBLE-STRAND BREAK REPAIR%GOBP%GO:2000779		125	0.2294249	0.8304515	0.8532374	0.9316119	1.0	2190	tags=18%, list=20%, signal=23%	
NON-CANONICAL NF-KAPPAB SIGNAL TRANSDUCTION%GOBP%GO:0038061	NON-CANONICAL NF-KAPPAB SIGNAL TRANSDUCTION%GOBP%GO:0038061		22	0.30869645	0.8303212	0.72555745	0.9315135	1.0	3012	tags=36%, list=27%, signal=50%	
NEGATIVE REGULATION OF PROTEIN LOCALIZATION TO NUCLEUS%GOBP%GO:1900181	NEGATIVE REGULATION OF PROTEIN LOCALIZATION TO NUCLEUS%GOBP%GO:1900181		20	0.32300478	0.82957214	0.7250438	0.9326805	1.0	3600	tags=45%, list=33%, signal=67%	
NEGATIVE REGULATION OF CYTOKINE PRODUCTION INVOLVED IN INFLAMMATORY RESPONSE%GOBP%GO:1900016	NEGATIVE REGULATION OF CYTOKINE PRODUCTION INVOLVED IN INFLAMMATORY RESPONSE%GOBP%GO:1900016		20	0.32015935	0.82931817	0.6921676	0.9328619	1.0	496	tags=10%, list=5%, signal=10%	
NOTCH-HLH TRANSCRIPTION PATHWAY%REACTOME DATABASE ID RELEASE 93%350054	NOTCH-HLH TRANSCRIPTION PATHWAY%REACTOME DATABASE ID RELEASE 93%350054		23	0.31216764	0.82895947	0.70454544	0.9332561	1.0	617	tags=13%, list=6%, signal=14%	
AUTOPHAGY OF PEROXISOME%GOBP%GO:0030242	AUTOPHAGY OF PEROXISOME%GOBP%GO:0030242		16	0.3367612	0.82891864	0.72154117	0.9329738	1.0	3368	tags=44%, list=31%, signal=63%	
RESPONSE TO LIGHT STIMULUS%GOBP%GO:0009416	RESPONSE TO LIGHT STIMULUS%GOBP%GO:0009416		138	0.22726011	0.8286296	0.8489097	0.9331999	1.0	3021	tags=31%, list=28%, signal=42%	
ANCHORING OF THE BASAL BODY TO THE PLASMA MEMBRANE%REACTOME%R-HSA-5620912.4	ANCHORING OF THE BASAL BODY TO THE PLASMA MEMBRANE%REACTOME%R-HSA-5620912.4		90	0.2405102	0.82845855	0.8231707	0.9331941	1.0	2730	tags=26%, list=25%, signal=34%	
NEGATIVE REGULATION OF MONOATOMIC ION TRANSPORT%GOBP%GO:0043271	NEGATIVE REGULATION OF MONOATOMIC ION TRANSPORT%GOBP%GO:0043271		35	0.2828989	0.82810855	0.76632303	0.9335185	1.0	1794	tags=29%, list=16%, signal=34%	
NEGATIVE REGULATION OF INTERLEUKIN-1 PRODUCTION%GOBP%GO:0032692	NEGATIVE REGULATION OF INTERLEUKIN-1 PRODUCTION%GOBP%GO:0032692		15	0.33967188	0.8280632	0.70364237	0.9332511	1.0	1965	tags=33%, list=18%, signal=41%	
REGULATORY NCRNA-MEDIATED GENE SILENCING%GOBP%GO:0031047	REGULATORY NCRNA-MEDIATED GENE SILENCING%GOBP%GO:0031047		75	0.24613503	0.8277845	0.7770598	0.93348193	1.0	3872	tags=39%, list=35%, signal=59%	
NUCLEAR DNA REPLICATION%GOBP%GO:0033260	NUCLEAR DNA REPLICATION%GOBP%GO:0033260		19	0.32149026	0.8277192	0.7188049	0.9332565	1.0	3654	tags=47%, list=33%, signal=71%	
BASE-EXCISION REPAIR, AP SITE FORMATION%REACTOME%R-HSA-73929.5	BASE-EXCISION REPAIR, AP SITE FORMATION%REACTOME%R-HSA-73929.5		30	0.29328668	0.8277051	0.7358804	0.93293244	1.0	1213	tags=20%, list=11%, signal=22%	
PID_MYC_REPRESS_PATHWAY%MSIGDB_C2%PID_MYC_REPRESS_PATHWAY	PID_MYC_REPRESS_PATHWAY%MSIGDB_C2%PID_MYC_REPRESS_PATHWAY		38	0.27502066	0.827667	0.7453626	0.9326558	1.0	2919	tags=39%, list=27%, signal=54%	
ECTODERM DIFFERENTIATION%WIKIPATHWAYS_20250810%WP2858%HOMO SAPIENS	ECTODERM DIFFERENTIATION%WIKIPATHWAYS_20250810%WP2858%HOMO SAPIENS		61	0.2543259	0.82759714	0.7783333	0.9324482	1.0	2200	tags=25%, list=20%, signal=31%	
EPO RECEPTOR SIGNALING%WIKIPATHWAYS_20250810%WP581%HOMO SAPIENS	EPO RECEPTOR SIGNALING%WIKIPATHWAYS_20250810%WP581%HOMO SAPIENS		16	0.33830333	0.8271113	0.7130282	0.93305945	1.0	2484	tags=31%, list=23%, signal=40%	
REGULATORY NCRNA PROCESSING%GOBP%GO:0070918	REGULATORY NCRNA PROCESSING%GOBP%GO:0070918		40	0.27763405	0.82688296	0.76779664	0.93316895	1.0	3872	tags=48%, list=35%, signal=73%	
NEURON MIGRATION%GOBP%GO:0001764	NEURON MIGRATION%GOBP%GO:0001764		34	0.28212875	0.8267382	0.74915254	0.9331105	1.0	2037	tags=26%, list=19%, signal=32%	
NEGATIVE REGULATION OF REPRODUCTIVE PROCESS%GOBP%GO:2000242	NEGATIVE REGULATION OF REPRODUCTIVE PROCESS%GOBP%GO:2000242		16	0.33571875	0.8266822	0.7050611	0.932878	1.0	1222	tags=25%, list=11%, signal=28%	
PHOSPHATIDIC ACID BIOSYNTHETIC PROCESS%GOBP%GO:0006654	PHOSPHATIDIC ACID BIOSYNTHETIC PROCESS%GOBP%GO:0006654		21	0.31448296	0.826668	0.72291297	0.93256104	1.0	1575	tags=24%, list=14%, signal=28%	
NUCLEOBASE-CONTAINING COMPOUND TRANSPORT%GOBP%GO:0015931	NUCLEOBASE-CONTAINING COMPOUND TRANSPORT%GOBP%GO:0015931		132	0.22544737	0.8266239	0.8359375	0.9322901	1.0	2506	tags=22%, list=23%, signal=28%	
TGFBR3 EXPRESSION%REACTOME DATABASE ID RELEASE 93%9839394	TGFBR3 EXPRESSION%REACTOME DATABASE ID RELEASE 93%9839394		21	0.3203465	0.8265537	0.72231686	0.93207574	1.0	1396	tags=24%, list=13%, signal=27%	
MAPK CASCADE%GOBP%GO:0000165	MAPK CASCADE%GOBP%GO:0000165		88	0.24052377	0.8265141	0.8121118	0.93179965	1.0	1694	tags=15%, list=15%, signal=17%	
DEFECTIVE HDR THROUGH HOMOLOGOUS RECOMBINATION REPAIR (HRR) DUE TO PALB2 LOSS OF BRCA1 BINDING FUNCTION%REACTOME%R-HSA-9704331.4	DEFECTIVE HDR THROUGH HOMOLOGOUS RECOMBINATION REPAIR (HRR) DUE TO PALB2 LOSS OF BRCA1 BINDING FUNCTION%REACTOME%R-HSA-9704331.4		24	0.30791962	0.8263843	0.7097315	0.9316956	1.0	3278	tags=38%, list=30%, signal=53%	
HEDGEHOG 'OFF' STATE%REACTOME%R-HSA-5610787.3	HEDGEHOG 'OFF' STATE%REACTOME%R-HSA-5610787.3		74	0.248104	0.8259926	0.7909968	0.9321181	1.0	2882	tags=32%, list=26%, signal=44%	
PROTEIN ALPHA-1,2-DEMANNOSYLATION%GOBP%GO:0036508	PROTEIN ALPHA-1,2-DEMANNOSYLATION%GOBP%GO:0036508		16	0.33722582	0.8254133	0.71428573	0.9329191	1.0	37	tags=6%, list=0%, signal=6%	
PID_AR_NONGENOMIC_PATHWAY%MSIGDB_C2%PID_AR_NONGENOMIC_PATHWAY	PID_AR_NONGENOMIC_PATHWAY%MSIGDB_C2%PID_AR_NONGENOMIC_PATHWAY		23	0.31510067	0.82523173	0.7504216	0.932924	1.0	3536	tags=43%, list=32%, signal=64%	
DEFECTIVE HDR THROUGH HOMOLOGOUS RECOMBINATION REPAIR (HRR) DUE TO PALB2 LOSS OF BRCA2 RAD51 RAD51C BINDING FUNCTION%REACTOME DATABASE ID RELEASE 93%9704646	DEFECTIVE HDR THROUGH HOMOLOGOUS RECOMBINATION REPAIR (HRR) DUE TO PALB2 LOSS OF BRCA2 RAD51 RAD51C BINDING FUNCTION%REACTOME DATABASE ID RELEASE 93%9704646		24	0.30791962	0.8249396	0.74453783	0.9331538	1.0	3278	tags=38%, list=30%, signal=53%	
DNA INTEGRITY CHECKPOINT SIGNALING%GOBP%GO:0031570	DNA INTEGRITY CHECKPOINT SIGNALING%GOBP%GO:0031570		86	0.23962644	0.8244162	0.8233487	0.9338369	1.0	3496	tags=33%, list=32%, signal=47%	
DETERMINATION OF LEFT/RIGHT SYMMETRY%GOBP%GO:0007368	DETERMINATION OF LEFT/RIGHT SYMMETRY%GOBP%GO:0007368		28	0.29506543	0.8228989	0.7378472	0.9365239	1.0	1987	tags=21%, list=18%, signal=26%	
RESPONSE TO LIPOPOLYSACCHARIDE%GOBP%GO:0032496	RESPONSE TO LIPOPOLYSACCHARIDE%GOBP%GO:0032496		101	0.23546997	0.82282805	0.82769233	0.9363215	1.0	2580	tags=29%, list=23%, signal=37%	
PIWI-INTERACTING RNA (PIRNA) BIOGENESIS%REACTOME%R-HSA-5601884.3	PIWI-INTERACTING RNA (PIRNA) BIOGENESIS%REACTOME%R-HSA-5601884.3		17	0.32959482	0.8227938	0.73779386	0.93603384	1.0	1336	tags=12%, list=12%, signal=13%	
SUMOYLATION OF RNA BINDING PROTEINS%REACTOME%R-HSA-4570464.4	SUMOYLATION OF RNA BINDING PROTEINS%REACTOME%R-HSA-4570464.4		41	0.27418977	0.8225846	0.7602627	0.93610513	1.0	3802	tags=39%, list=35%, signal=59%	
E-CADHERIN SIGNALING IN THE NASCENT ADHERENS JUNCTION%PATHWAY INTERACTION DATABASE NCI-NATURE CURATED DATA%E-CADHERIN SIGNALING IN THE NASCENT ADHERENS JUNCTION	E-CADHERIN SIGNALING IN THE NASCENT ADHERENS JUNCTION%PATHWAY INTERACTION DATABASE NCI-NATURE CURATED DATA%E-CADHERIN SIGNALING IN THE NASCENT ADHERENS JUNCTION		32	0.29256073	0.8225089	0.73431736	0.93589485	1.0	917	tags=19%, list=8%, signal=20%	
NEGATIVE REGULATION OF PROTEIN PHOSPHORYLATION%GOBP%GO:0001933	NEGATIVE REGULATION OF PROTEIN PHOSPHORYLATION%GOBP%GO:0001933		75	0.24639006	0.8218305	0.8118022	0.9368499	1.0	1518	tags=13%, list=14%, signal=15%	
REGULATION OF CILIUM ASSEMBLY%GOBP%GO:1902017	REGULATION OF CILIUM ASSEMBLY%GOBP%GO:1902017		59	0.25504988	0.82166183	0.81848186	0.9368545	1.0	2630	tags=29%, list=24%, signal=38%	
BIOCARTA_BCR_PATHWAY%MSIGDB_C2%BIOCARTA_BCR_PATHWAY	BIOCARTA_BCR_PATHWAY%MSIGDB_C2%BIOCARTA_BCR_PATHWAY		28	0.29342705	0.8216128	0.7590759	0.9366042	1.0	1752	tags=21%, list=16%, signal=25%	
NEGATIVE REGULATION OF CALCIUM ION TRANSPORT%GOBP%GO:0051926	NEGATIVE REGULATION OF CALCIUM ION TRANSPORT%GOBP%GO:0051926		21	0.311732	0.82145864	0.733871	0.93655825	1.0	3592	tags=57%, list=33%, signal=85%	
INTERMEDIATE FILAMENT-BASED PROCESS%GOBP%GO:0045103	INTERMEDIATE FILAMENT-BASED PROCESS%GOBP%GO:0045103		20	0.31099012	0.82127035	0.7115044	0.9365807	1.0	1479	tags=20%, list=13%, signal=23%	
DISEASES OF CARBOHYDRATE METABOLISM%REACTOME DATABASE ID RELEASE 93%5663084	DISEASES OF CARBOHYDRATE METABOLISM%REACTOME DATABASE ID RELEASE 93%5663084		23	0.30798885	0.82123584	0.7512521	0.93629915	1.0	2035	tags=26%, list=19%, signal=32%	
P75(NTR)-MEDIATED SIGNALING%PATHWAY INTERACTION DATABASE NCI-NATURE CURATED DATA%P75(NTR)-MEDIATED SIGNALING	P75(NTR)-MEDIATED SIGNALING%PATHWAY INTERACTION DATABASE NCI-NATURE CURATED DATA%P75(NTR)-MEDIATED SIGNALING		55	0.25591412	0.8204564	0.77938807	0.9375271	1.0	1752	tags=22%, list=16%, signal=26%	
SYMBIONT ENTRY INTO HOST%GOBP%GO:0044409	SYMBIONT ENTRY INTO HOST%GOBP%GO:0044409		31	0.28551057	0.8203126	0.72887325	0.937449	1.0	1666	tags=29%, list=15%, signal=34%	
DEFECTIVE HOMOLOGOUS RECOMBINATION REPAIR (HRR) DUE TO PALB2 LOSS OF FUNCTION%REACTOME DATABASE ID RELEASE 93%9701193	DEFECTIVE HOMOLOGOUS RECOMBINATION REPAIR (HRR) DUE TO PALB2 LOSS OF FUNCTION%REACTOME DATABASE ID RELEASE 93%9701193		24	0.30791962	0.8202969	0.7322695	0.93712974	1.0	3278	tags=38%, list=30%, signal=53%	
SARS-COV-1 ACTIVATES MODULATES INNATE IMMUNE RESPONSES%REACTOME DATABASE ID RELEASE 93%9692916	SARS-COV-1 ACTIVATES MODULATES INNATE IMMUNE RESPONSES%REACTOME DATABASE ID RELEASE 93%9692916		38	0.2792115	0.8202555	0.75879395	0.9368541	1.0	2109	tags=24%, list=19%, signal=29%	
PROTEIN LOCALIZATION TO NUCLEUS%GOBP%GO:0034504	PROTEIN LOCALIZATION TO NUCLEUS%GOBP%GO:0034504		127	0.2258744	0.81995875	0.86031747	0.9370854	1.0	3598	tags=36%, list=33%, signal=53%	
PEROXISOMAL TRANSPORT%GOBP%GO:0043574	PEROXISOMAL TRANSPORT%GOBP%GO:0043574		17	0.33524245	0.81993085	0.72183096	0.93679035	1.0	2037	tags=35%, list=19%, signal=43%	
RESPONSE TO GLUCOSE%GOBP%GO:0009749	RESPONSE TO GLUCOSE%GOBP%GO:0009749		37	0.28098983	0.81933206	0.7801653	0.9375602	1.0	1922	tags=27%, list=17%, signal=33%	
TELOMERE MAINTENANCE%GOBP%GO:0000723	TELOMERE MAINTENANCE%GOBP%GO:0000723		84	0.24025545	0.8190464	0.84390247	0.9377554	1.0	3782	tags=35%, list=34%, signal=52%	
SYMBIONT ENTRY INTO HOST CELL%GOBP%GO:0046718	SYMBIONT ENTRY INTO HOST CELL%GOBP%GO:0046718		31	0.28551057	0.81848025	0.73935264	0.9384898	1.0	1666	tags=29%, list=15%, signal=34%	
SIGNALLING TO ERKS%REACTOME DATABASE ID RELEASE 93%187687	SIGNALLING TO ERKS%REACTOME DATABASE ID RELEASE 93%187687		26	0.29571036	0.81830764	0.739726	0.93847597	1.0	2423	tags=27%, list=22%, signal=34%	
PEROXISOME ORGANIZATION%GOBP%GO:0007031	PEROXISOME ORGANIZATION%GOBP%GO:0007031		27	0.29594922	0.81795156	0.72852236	0.93882155	1.0	2707	tags=37%, list=25%, signal=49%	
FORMATION OF THE HIV-1 EARLY ELONGATION COMPLEX%REACTOME%R-HSA-167158.4	FORMATION OF THE HIV-1 EARLY ELONGATION COMPLEX%REACTOME%R-HSA-167158.4		30	0.2858099	0.8172159	0.74380165	0.9398564	1.0	3302	tags=30%, list=30%, signal=43%	
PROTEIN LOCALIZATION TO CHROMOSOME, CENTROMERIC REGION%GOBP%GO:0071459	PROTEIN LOCALIZATION TO CHROMOSOME, CENTROMERIC REGION%GOBP%GO:0071459		20	0.31886405	0.8171362	0.7358156	0.9396596	1.0	2575	tags=35%, list=23%, signal=46%	
PHOSPHOLIPID TRANSPORT%GOBP%GO:0015914	PHOSPHOLIPID TRANSPORT%GOBP%GO:0015914		54	0.2587796	0.81611156	0.7871287	0.9413069	1.0	1096	tags=15%, list=10%, signal=16%	
NEGATIVE REGULATION OF MRNA METABOLIC PROCESS%GOBP%GO:1903312	NEGATIVE REGULATION OF MRNA METABOLIC PROCESS%GOBP%GO:1903312		62	0.24919532	0.81565404	0.8142165	0.9418434	1.0	3186	tags=26%, list=29%, signal=36%	
PROXIMAL TUBULE TRANSPORT%WIKIPATHWAYS_20250810%WP4917%HOMO SAPIENS	PROXIMAL TUBULE TRANSPORT%WIKIPATHWAYS_20250810%WP4917%HOMO SAPIENS		16	0.33623397	0.8154372	0.73110723	0.94190866	1.0	1186	tags=19%, list=11%, signal=21%	
NEPHRIN NEPH1 SIGNALING IN THE KIDNEY PODOCYTE%PATHWAY INTERACTION DATABASE NCI-NATURE CURATED DATA%NEPHRIN NEPH1 SIGNALING IN THE KIDNEY PODOCYTE	NEPHRIN NEPH1 SIGNALING IN THE KIDNEY PODOCYTE%PATHWAY INTERACTION DATABASE NCI-NATURE CURATED DATA%NEPHRIN NEPH1 SIGNALING IN THE KIDNEY PODOCYTE		20	0.31519052	0.81523716	0.7455717	0.9419739	1.0	3554	tags=50%, list=32%, signal=74%	
RHOC GTPASE CYCLE%REACTOME%R-HSA-9013106.2	RHOC GTPASE CYCLE%REACTOME%R-HSA-9013106.2		61	0.25356942	0.81482023	0.8101266	0.94241774	1.0	2357	tags=28%, list=21%, signal=35%	
MIRNA REGULATION OF PROSTATE CANCER SIGNALING%WIKIPATHWAYS_20250810%WP3981%HOMO SAPIENS	MIRNA REGULATION OF PROSTATE CANCER SIGNALING%WIKIPATHWAYS_20250810%WP3981%HOMO SAPIENS		22	0.30469146	0.8145477	0.75376886	0.94257665	1.0	3554	tags=41%, list=32%, signal=60%	
MICROAUTOPHAGY%GOBP%GO:0016237	MICROAUTOPHAGY%GOBP%GO:0016237		18	0.32087147	0.8144247	0.7271157	0.9424529	1.0	385	tags=11%, list=4%, signal=11%	
CARGO CONCENTRATION IN THE ER%REACTOME%R-HSA-5694530.3	CARGO CONCENTRATION IN THE ER%REACTOME%R-HSA-5694530.3		24	0.3040938	0.8144176	0.75614035	0.94211656	1.0	1976	tags=17%, list=18%, signal=20%	
FORMATION OF THE CANONICAL BAF (CBAF) COMPLEX%REACTOME DATABASE ID RELEASE 93%9933937	FORMATION OF THE CANONICAL BAF (CBAF) COMPLEX%REACTOME DATABASE ID RELEASE 93%9933937		16	0.3336726	0.81440187	0.7366667	0.9417947	1.0	1005	tags=19%, list=9%, signal=21%	
REGULATION OF RAC PROTEIN SIGNAL TRANSDUCTION%GOBP%GO:0035020	REGULATION OF RAC PROTEIN SIGNAL TRANSDUCTION%GOBP%GO:0035020		21	0.3083411	0.81390905	0.74597496	0.94238037	1.0	2318	tags=38%, list=21%, signal=48%	
CITRIC ACID CYCLE (TCA CYCLE)%REACTOME DATABASE ID RELEASE 93%71403	CITRIC ACID CYCLE (TCA CYCLE)%REACTOME DATABASE ID RELEASE 93%71403		32	0.28227353	0.8137804	0.75707155	0.9422639	1.0	2409	tags=28%, list=22%, signal=36%	
DEFECTIVE HOMOLOGOUS RECOMBINATION REPAIR (HRR) DUE TO BRCA1 LOSS OF FUNCTION%REACTOME%R-HSA-9701192.4	DEFECTIVE HOMOLOGOUS RECOMBINATION REPAIR (HRR) DUE TO BRCA1 LOSS OF FUNCTION%REACTOME%R-HSA-9701192.4		24	0.30791962	0.8133786	0.74523395	0.94267285	1.0	3278	tags=38%, list=30%, signal=53%	
PROTEIN LOCALIZATION TO CELL JUNCTION%GOBP%GO:1902414	PROTEIN LOCALIZATION TO CELL JUNCTION%GOBP%GO:1902414		34	0.27719733	0.8126542	0.7709402	0.943729	1.0	1360	tags=15%, list=12%, signal=17%	
RESOLUTION OF D-LOOP STRUCTURES THROUGH SYNTHESIS-DEPENDENT STRAND ANNEALING (SDSA)%REACTOME%R-HSA-5693554.3	RESOLUTION OF D-LOOP STRUCTURES THROUGH SYNTHESIS-DEPENDENT STRAND ANNEALING (SDSA)%REACTOME%R-HSA-5693554.3		25	0.297894	0.8126038	0.7586207	0.9434722	1.0	3278	tags=36%, list=30%, signal=51%	
REGULATION OF DNA DAMAGE RESPONSE, SIGNAL TRANSDUCTION BY P53 CLASS MEDIATOR%GOBP%GO:0043516	REGULATION OF DNA DAMAGE RESPONSE, SIGNAL TRANSDUCTION BY P53 CLASS MEDIATOR%GOBP%GO:0043516		27	0.29222584	0.8122065	0.7595993	0.9438527	1.0	1834	tags=15%, list=17%, signal=18%	
RHO GTPASES ACTIVATE PAKS%REACTOME%R-HSA-5627123.4	RHO GTPASES ACTIVATE PAKS%REACTOME%R-HSA-5627123.4		17	0.3252836	0.81212765	0.73770493	0.9436589	1.0	2709	tags=35%, list=25%, signal=47%	
PROTEIN DEMANNOSYLATION%GOBP%GO:0036507	PROTEIN DEMANNOSYLATION%GOBP%GO:0036507		16	0.33722582	0.8119987	0.7373737	0.94355667	1.0	37	tags=6%, list=0%, signal=6%	
POSITIVE REGULATION OF MEMBRANE PERMEABILITY%GOBP%GO:1905710	POSITIVE REGULATION OF MEMBRANE PERMEABILITY%GOBP%GO:1905710		18	0.31963044	0.81155	0.75086504	0.9440661	1.0	2874	tags=28%, list=26%, signal=38%	
PEPTIDYL-LYSINE MODIFICATION%GOBP%GO:0018205	PEPTIDYL-LYSINE MODIFICATION%GOBP%GO:0018205		80	0.23977752	0.81113154	0.8425926	0.94452786	1.0	1176	tags=14%, list=11%, signal=15%	
POSITIVE REGULATION OF EPIDERMAL GROWTH FACTOR RECEPTOR SIGNALING PATHWAY%GOBP%GO:0045742	POSITIVE REGULATION OF EPIDERMAL GROWTH FACTOR RECEPTOR SIGNALING PATHWAY%GOBP%GO:0045742		19	0.3183769	0.81101257	0.73675215	0.94441533	1.0	3277	tags=63%, list=30%, signal=90%	
NEGATIVE REGULATION OF CDH1 GENE TRANSCRIPTION%REACTOME DATABASE ID RELEASE 93%9764725	NEGATIVE REGULATION OF CDH1 GENE TRANSCRIPTION%REACTOME DATABASE ID RELEASE 93%9764725		45	0.26385358	0.8104298	0.7906602	0.945162	1.0	1485	tags=16%, list=14%, signal=18%	
PROTEIN DEGLYCOSYLATION%GOBP%GO:0006517	PROTEIN DEGLYCOSYLATION%GOBP%GO:0006517		18	0.32135195	0.81035674	0.7253886	0.94495153	1.0	37	tags=6%, list=0%, signal=6%	
10Q11 21Q11 23 COPY NUMBER VARIATION SYNDROME%WIKIPATHWAYS_20250810%WP5352%HOMO SAPIENS	10Q11 21Q11 23 COPY NUMBER VARIATION SYNDROME%WIKIPATHWAYS_20250810%WP5352%HOMO SAPIENS		33	0.27896738	0.809808	0.7813559	0.94565344	1.0	1813	tags=18%, list=17%, signal=22%	
INTERMEDIATE FILAMENT CYTOSKELETON ORGANIZATION%GOBP%GO:0045104	INTERMEDIATE FILAMENT CYTOSKELETON ORGANIZATION%GOBP%GO:0045104		20	0.31099012	0.80944747	0.7487002	0.94597757	1.0	1479	tags=20%, list=13%, signal=23%	
PID_RB_1PATHWAY%MSIGDB_C2%PID_RB_1PATHWAY	PID_RB_1PATHWAY%MSIGDB_C2%PID_RB_1PATHWAY		44	0.2626536	0.8086955	0.7993139	0.9470057	1.0	3289	tags=41%, list=30%, signal=58%	
NEGATIVE REGULATION OF PROTEIN MODIFICATION PROCESS%GOBP%GO:0031400	NEGATIVE REGULATION OF PROTEIN MODIFICATION PROCESS%GOBP%GO:0031400		134	0.21914297	0.8083991	0.88414633	0.9472091	1.0	2501	tags=22%, list=23%, signal=29%	
AMINOGLYCAN METABOLIC PROCESS%GOBP%GO:0006022	AMINOGLYCAN METABOLIC PROCESS%GOBP%GO:0006022		30	0.28143704	0.8083692	0.7595357	0.946919	1.0	2492	tags=30%, list=23%, signal=39%	
OSTEOBLAST DIFFERENTIATION AND RELATED DISEASES%WIKIPATHWAYS_20250810%WP4787%HOMO SAPIENS	OSTEOBLAST DIFFERENTIATION AND RELATED DISEASES%WIKIPATHWAYS_20250810%WP4787%HOMO SAPIENS		42	0.26695406	0.8082872	0.77272725	0.94672775	1.0	1724	tags=19%, list=16%, signal=23%	
POSITIVE REGULATION OF PEPTIDE HORMONE SECRETION%GOBP%GO:0090277	POSITIVE REGULATION OF PEPTIDE HORMONE SECRETION%GOBP%GO:0090277		32	0.2778803	0.8072339	0.78929764	0.9482855	1.0	2235	tags=22%, list=20%, signal=27%	
MELANOSOME ASSEMBLY%GOBP%GO:1903232	MELANOSOME ASSEMBLY%GOBP%GO:1903232		18	0.32734215	0.8068044	0.7477954	0.9487245	1.0	1923	tags=33%, list=18%, signal=40%	
MALE GAMETE GENERATION%GOBP%GO:0048232	MALE GAMETE GENERATION%GOBP%GO:0048232		161	0.21425335	0.80668694	0.9156977	0.9485738	1.0	1377	tags=12%, list=13%, signal=13%	
PID_TGFBR_PATHWAY%MSIGDB_C2%PID_TGFBR_PATHWAY	PID_TGFBR_PATHWAY%MSIGDB_C2%PID_TGFBR_PATHWAY		30	0.28559253	0.8065497	0.7697368	0.9484737	1.0	3566	tags=37%, list=32%, signal=54%	
TRANS SULFURATION ONE CARBON METABOLISM AND RELATED PATHWAYS%WIKIPATHWAYS_20250810%WP2525%HOMO SAPIENS	TRANS SULFURATION ONE CARBON METABOLISM AND RELATED PATHWAYS%WIKIPATHWAYS_20250810%WP2525%HOMO SAPIENS		30	0.28396964	0.8062643	0.78534925	0.9486648	1.0	609	tags=13%, list=6%, signal=14%	
PURINE NUCLEOSIDE TRIPHOSPHATE METABOLIC PROCESS%GOBP%GO:0009144	PURINE NUCLEOSIDE TRIPHOSPHATE METABOLIC PROCESS%GOBP%GO:0009144		127	0.2213539	0.8062122	0.90866876	0.94841295	1.0	1947	tags=16%, list=18%, signal=19%	
NEGATIVE REGULATION OF PHOSPHORYLATION%GOBP%GO:0042326	NEGATIVE REGULATION OF PHOSPHORYLATION%GOBP%GO:0042326		82	0.23494042	0.8060889	0.8354633	0.9482942	1.0	1518	tags=12%, list=14%, signal=14%	
HETEROCHROMATIN FORMATION%GOBP%GO:0031507	HETEROCHROMATIN FORMATION%GOBP%GO:0031507		98	0.23111226	0.8058805	0.87906975	0.9483241	1.0	2559	tags=26%, list=23%, signal=33%	
SERINE FAMILY AMINO ACID METABOLIC PROCESS%GOBP%GO:0009069	SERINE FAMILY AMINO ACID METABOLIC PROCESS%GOBP%GO:0009069		15	0.3316804	0.805879	0.74533105	0.94797766	1.0	1661	tags=27%, list=15%, signal=31%	
NEGATIVE REGULATION OF MOLECULAR FUNCTION%GOBP%GO:0044092	NEGATIVE REGULATION OF MOLECULAR FUNCTION%GOBP%GO:0044092		184	0.21397574	0.80584544	0.9136164	0.94768894	1.0	2500	tags=23%, list=23%, signal=30%	
PEPTIDE METABOLIC PROCESS%GOBP%GO:0006518	PEPTIDE METABOLIC PROCESS%GOBP%GO:0006518		30	0.28244925	0.8054288	0.76149917	0.9481279	1.0	460	tags=10%, list=4%, signal=10%	
FOLIC ACID-CONTAINING COMPOUND METABOLIC PROCESS%GOBP%GO:0006760	FOLIC ACID-CONTAINING COMPOUND METABOLIC PROCESS%GOBP%GO:0006760		18	0.31322998	0.805407	0.7559322	0.9478257	1.0	2935	tags=39%, list=27%, signal=53%	
MUSCLE TISSUE MORPHOGENESIS%GOBP%GO:0060415	MUSCLE TISSUE MORPHOGENESIS%GOBP%GO:0060415		19	0.31164357	0.80470455	0.7530648	0.948742	1.0	1987	tags=37%, list=18%, signal=45%	
MICROTUBULE CYTOSKELETON REGULATION%WIKIPATHWAYS_20250810%WP2038%HOMO SAPIENS	MICROTUBULE CYTOSKELETON REGULATION%WIKIPATHWAYS_20250810%WP2038%HOMO SAPIENS		25	0.29971766	0.8043943	0.7574171	0.94896835	1.0	917	tags=12%, list=8%, signal=13%	
GOLGI TO PLASMA MEMBRANE PROTEIN TRANSPORT%GOBP%GO:0043001	GOLGI TO PLASMA MEMBRANE PROTEIN TRANSPORT%GOBP%GO:0043001		27	0.28773874	0.8043393	0.76655054	0.94872665	1.0	2303	tags=19%, list=21%, signal=23%	
TRANSCRIPTION INITIATION AT RNA POLYMERASE II PROMOTER%GOBP%GO:0006367	TRANSCRIPTION INITIATION AT RNA POLYMERASE II PROMOTER%GOBP%GO:0006367		121	0.2197907	0.80426776	0.9048387	0.9485221	1.0	3169	tags=23%, list=29%, signal=32%	
MITOTIC G2 DNA DAMAGE CHECKPOINT SIGNALING%GOBP%GO:0007095	MITOTIC G2 DNA DAMAGE CHECKPOINT SIGNALING%GOBP%GO:0007095		28	0.28507814	0.8042095	0.7678275	0.9482745	1.0	3654	tags=50%, list=33%, signal=75%	
VEGFA-VEGFR2 PATHWAY%REACTOME DATABASE ID RELEASE 93%4420097	VEGFA-VEGFR2 PATHWAY%REACTOME DATABASE ID RELEASE 93%4420097		76	0.23995084	0.80397034	0.85760516	0.9483781	1.0	2990	tags=32%, list=27%, signal=43%	
APOPTOTIC FACTOR-MEDIATED RESPONSE%REACTOME DATABASE ID RELEASE 93%111471	APOPTOTIC FACTOR-MEDIATED RESPONSE%REACTOME DATABASE ID RELEASE 93%111471		18	0.3150232	0.8031883	0.738056	0.94944715	1.0	1825	tags=22%, list=17%, signal=27%	
RIBOSOMAL SMALL SUBUNIT ASSEMBLY%GOBP%GO:0000028	RIBOSOMAL SMALL SUBUNIT ASSEMBLY%GOBP%GO:0000028		17	0.32108092	0.8031238	0.74690264	0.9492189	1.0	716	tags=12%, list=7%, signal=13%	
ANGIOGENESIS%PANTHER PATHWAY%P00005	ANGIOGENESIS%PANTHER PATHWAY%P00005		97	0.22945939	0.80220246	0.8748115	0.9505289	1.0	2587	tags=27%, list=24%, signal=35%	
MEIOTIC CELL CYCLE%GOBP%GO:0051321	MEIOTIC CELL CYCLE%GOBP%GO:0051321		97	0.22840431	0.8020612	0.87539434	0.95042706	1.0	2546	tags=29%, list=23%, signal=37%	
PROTEIN TARGETING TO MEMBRANE%GOBP%GO:0006612	PROTEIN TARGETING TO MEMBRANE%GOBP%GO:0006612		63	0.24903709	0.80160636	0.8261539	0.95088065	1.0	2086	tags=21%, list=19%, signal=25%	
CONVERSION FROM APC C:CDC20 TO APC C:CDH1 IN LATE ANAPHASE%REACTOME DATABASE ID RELEASE 93%176407	CONVERSION FROM APC C:CDC20 TO APC C:CDH1 IN LATE ANAPHASE%REACTOME DATABASE ID RELEASE 93%176407		20	0.30564862	0.8014899	0.7384106	0.9507361	1.0	2755	tags=30%, list=25%, signal=40%	
NEGATIVE REGULATION OF PROTEIN SERINE/THREONINE KINASE ACTIVITY%GOBP%GO:0071901	NEGATIVE REGULATION OF PROTEIN SERINE/THREONINE KINASE ACTIVITY%GOBP%GO:0071901		23	0.30132484	0.8014616	0.7694974	0.95043266	1.0	1137	tags=13%, list=10%, signal=15%	
ASSEMBLY OF THE HIV VIRION%REACTOME DATABASE ID RELEASE 93%175474	ASSEMBLY OF THE HIV VIRION%REACTOME DATABASE ID RELEASE 93%175474		15	0.3359783	0.8012603	0.74529916	0.9504549	1.0	3024	tags=47%, list=28%, signal=64%	
RND1 GTPASE CYCLE%REACTOME DATABASE ID RELEASE 93%9696273	RND1 GTPASE CYCLE%REACTOME DATABASE ID RELEASE 93%9696273		31	0.2798895	0.80091804	0.78929186	0.95070356	1.0	2234	tags=19%, list=20%, signal=24%	
PROTEIN LOCALIZATION TO SYNAPSE%GOBP%GO:0035418	PROTEIN LOCALIZATION TO SYNAPSE%GOBP%GO:0035418		22	0.30617058	0.7999435	0.7641997	0.95212406	1.0	412	tags=9%, list=4%, signal=9%	
RNA POLYMERASE III TRANSCRIPTION INITIATION%REACTOME%R-HSA-76046.4	RNA POLYMERASE III TRANSCRIPTION INITIATION%REACTOME%R-HSA-76046.4		34	0.27495593	0.7999177	0.77408636	0.9518208	1.0	2199	tags=21%, list=20%, signal=26%	
IL2-MEDIATED SIGNALING EVENTS%PATHWAY INTERACTION DATABASE NCI-NATURE CURATED DATA%IL2-MEDIATED SIGNALING EVENTS	IL2-MEDIATED SIGNALING EVENTS%PATHWAY INTERACTION DATABASE NCI-NATURE CURATED DATA%IL2-MEDIATED SIGNALING EVENTS		48	0.26044658	0.7995203	0.8178862	0.9521812	1.0	2645	tags=33%, list=24%, signal=44%	
MITOCHONDRIAL COMPLEX IV ASSEMBLY%WIKIPATHWAYS_20250810%WP4922%HOMO SAPIENS	MITOCHONDRIAL COMPLEX IV ASSEMBLY%WIKIPATHWAYS_20250810%WP4922%HOMO SAPIENS		26	0.2919354	0.7987589	0.7860781	0.95323884	1.0	1020	tags=8%, list=9%, signal=8%	
REGULATION OF DNA BINDING%GOBP%GO:0051101	REGULATION OF DNA BINDING%GOBP%GO:0051101		31	0.28495625	0.79815674	0.78677684	0.9539461	1.0	3190	tags=39%, list=29%, signal=54%	
RESPONSE TO INTERLEUKIN-1%GOBP%GO:0070555	RESPONSE TO INTERLEUKIN-1%GOBP%GO:0070555		50	0.25431073	0.7964494	0.8100649	0.9565478	1.0	2582	tags=34%, list=24%, signal=44%	
NEGATIVE REGULATION OF TRANSCRIPTION ELONGATION BY RNA POLYMERASE II%GOBP%GO:0034244	NEGATIVE REGULATION OF TRANSCRIPTION ELONGATION BY RNA POLYMERASE II%GOBP%GO:0034244		17	0.3276349	0.79643667	0.75468487	0.9562182	1.0	131	tags=6%, list=1%, signal=6%	
REGULATION OF PROTEIN UBIQUITINATION%GOBP%GO:0031396	REGULATION OF PROTEIN UBIQUITINATION%GOBP%GO:0031396		127	0.2200806	0.79629135	0.9028832	0.9561091	1.0	2768	tags=27%, list=25%, signal=35%	
GLUTAMINE FAMILY AMINO ACID METABOLIC PROCESS%GOBP%GO:0009064	GLUTAMINE FAMILY AMINO ACID METABOLIC PROCESS%GOBP%GO:0009064		24	0.2909505	0.79619014	0.77796054	0.95594317	1.0	1784	tags=25%, list=16%, signal=30%	
MUSCLE ORGAN MORPHOGENESIS%GOBP%GO:0048644	MUSCLE ORGAN MORPHOGENESIS%GOBP%GO:0048644		19	0.31164357	0.79616696	0.7619048	0.9556373	1.0	1987	tags=37%, list=18%, signal=45%	
NUCLEAR MEMBRANE ORGANIZATION%GOBP%GO:0071763	NUCLEAR MEMBRANE ORGANIZATION%GOBP%GO:0071763		41	0.26124448	0.79577166	0.82552505	0.9559992	1.0	3767	tags=41%, list=34%, signal=63%	
2Q37 COPY NUMBER VARIATION SYNDROME%WIKIPATHWAYS_20250810%WP5224%HOMO SAPIENS	2Q37 COPY NUMBER VARIATION SYNDROME%WIKIPATHWAYS_20250810%WP5224%HOMO SAPIENS		60	0.24796718	0.79496676	0.8265139	0.95707667	1.0	1828	tags=20%, list=17%, signal=24%	
DRAVET SYNDROME%WIKIPATHWAYS_20250810%WP5200%HOMO SAPIENS	DRAVET SYNDROME%WIKIPATHWAYS_20250810%WP5200%HOMO SAPIENS		17	0.3160582	0.79411775	0.7375643	0.9581951	1.0	4281	tags=53%, list=39%, signal=87%	
REGULATION OF TRANSCRIPTION BY RNA POLYMERASE I%GOBP%GO:0006356	REGULATION OF TRANSCRIPTION BY RNA POLYMERASE I%GOBP%GO:0006356		38	0.267385	0.7933364	0.79899496	0.95923376	1.0	2709	tags=32%, list=25%, signal=42%	
NEGATIVE REGULATION OF DNA BIOSYNTHETIC PROCESS%GOBP%GO:2000279	NEGATIVE REGULATION OF DNA BIOSYNTHETIC PROCESS%GOBP%GO:2000279		22	0.3023399	0.79320467	0.7823241	0.9591175	1.0	3761	tags=45%, list=34%, signal=69%	
MACROPHAGE DIFFERENTIATION%GOBP%GO:0030225	MACROPHAGE DIFFERENTIATION%GOBP%GO:0030225		19	0.3077164	0.79317355	0.7758319	0.9588219	1.0	1212	tags=21%, list=11%, signal=24%	
RNA DESTABILIZATION%GOBP%GO:0050779	RNA DESTABILIZATION%GOBP%GO:0050779		65	0.23938295	0.7931674	0.8656	0.9584839	1.0	2465	tags=18%, list=22%, signal=24%	
PYRIMIDINE-CONTAINING COMPOUND CATABOLIC PROCESS%GOBP%GO:0072529	PYRIMIDINE-CONTAINING COMPOUND CATABOLIC PROCESS%GOBP%GO:0072529		19	0.30807307	0.79300344	0.7817869	0.9583966	1.0	1753	tags=26%, list=16%, signal=31%	
LATE ENDOSOME TO VACUOLE TRANSPORT%GOBP%GO:0045324	LATE ENDOSOME TO VACUOLE TRANSPORT%GOBP%GO:0045324		32	0.27500203	0.792631	0.7777778	0.95872736	1.0	3024	tags=38%, list=28%, signal=52%	
NUCLEUS ORGANIZATION%GOBP%GO:0006997	NUCLEUS ORGANIZATION%GOBP%GO:0006997		98	0.22844698	0.7926077	0.87479675	0.9584259	1.0	3517	tags=34%, list=32%, signal=49%	
SYNDECAN-4-MEDIATED SIGNALING EVENTS%PATHWAY INTERACTION DATABASE NCI-NATURE CURATED DATA%SYNDECAN-4-MEDIATED SIGNALING EVENTS	SYNDECAN-4-MEDIATED SIGNALING EVENTS%PATHWAY INTERACTION DATABASE NCI-NATURE CURATED DATA%SYNDECAN-4-MEDIATED SIGNALING EVENTS		19	0.3143541	0.7923654	0.79089373	0.9585177	1.0	2229	tags=26%, list=20%, signal=33%	
REGULATION OF DNA-BINDING TRANSCRIPTION FACTOR ACTIVITY%GOBP%GO:0051090	REGULATION OF DNA-BINDING TRANSCRIPTION FACTOR ACTIVITY%GOBP%GO:0051090		121	0.22039253	0.7916798	0.9114504	0.95937014	1.0	2174	tags=21%, list=20%, signal=25%	
PID_TRAIL_PATHWAY%MSIGDB_C2%PID_TRAIL_PATHWAY	PID_TRAIL_PATHWAY%MSIGDB_C2%PID_TRAIL_PATHWAY		21	0.29899874	0.7910989	0.74345547	0.9599988	1.0	3851	tags=43%, list=35%, signal=66%	
BIOCARTA_G1_PATHWAY%MSIGDB_C2%BIOCARTA_G1_PATHWAY	BIOCARTA_G1_PATHWAY%MSIGDB_C2%BIOCARTA_G1_PATHWAY		16	0.32972303	0.7910461	0.74659866	0.9597339	1.0	3289	tags=56%, list=30%, signal=80%	
TROP2 REGULATORY SIGNALING%WIKIPATHWAYS_20250810%WP5300%HOMO SAPIENS	TROP2 REGULATORY SIGNALING%WIKIPATHWAYS_20250810%WP5300%HOMO SAPIENS		27	0.286127	0.79070663	0.7955707	0.9599612	1.0	3345	tags=48%, list=30%, signal=69%	
POSITIVE REGULATION OF INSULIN SECRETION%GOBP%GO:0032024	POSITIVE REGULATION OF INSULIN SECRETION%GOBP%GO:0032024		27	0.28715777	0.79037046	0.7826855	0.96020335	1.0	4085	tags=52%, list=37%, signal=82%	
FATTY ACID BETA OXIDATION%WIKIPATHWAYS_20250810%WP143%HOMO SAPIENS	FATTY ACID BETA OXIDATION%WIKIPATHWAYS_20250810%WP143%HOMO SAPIENS		19	0.30847013	0.78998893	0.76859504	0.9605088	1.0	2112	tags=21%, list=19%, signal=26%	
EXTRACELLULAR MATRIX DISASSEMBLY%GOBP%GO:0022617	EXTRACELLULAR MATRIX DISASSEMBLY%GOBP%GO:0022617		16	0.31811082	0.7899657	0.7679466	0.9602039	1.0	1680	tags=25%, list=15%, signal=29%	
NUCLEAR RNA SURVEILLANCE%GOBP%GO:0071027	NUCLEAR RNA SURVEILLANCE%GOBP%GO:0071027		34	0.27019253	0.7898529	0.79836065	0.9600453	1.0	1354	tags=12%, list=12%, signal=13%	
TELENCEPHALON DEVELOPMENT%GOBP%GO:0021537	TELENCEPHALON DEVELOPMENT%GOBP%GO:0021537		56	0.24621122	0.7891443	0.84949833	0.96088403	1.0	1646	tags=23%, list=15%, signal=27%	
ARYL HYDROCARBON RECEPTOR PATHWAY%WIKIPATHWAYS_20250810%WP2873%HOMO SAPIENS	ARYL HYDROCARBON RECEPTOR PATHWAY%WIKIPATHWAYS_20250810%WP2873%HOMO SAPIENS		22	0.29958043	0.78835416	0.77147764	0.96186167	1.0	2769	tags=36%, list=25%, signal=49%	
POSITIVE REGULATION OF PEPTIDE SECRETION%GOBP%GO:0002793	POSITIVE REGULATION OF PEPTIDE SECRETION%GOBP%GO:0002793		32	0.2778803	0.78790337	0.82107025	0.96225595	1.0	2235	tags=22%, list=20%, signal=27%	
ANTIMICROBIAL PEPTIDES%REACTOME DATABASE ID RELEASE 93%6803157	ANTIMICROBIAL PEPTIDES%REACTOME DATABASE ID RELEASE 93%6803157		19	0.30585742	0.7876666	0.77166665	0.9623087	1.0	1959	tags=32%, list=18%, signal=38%	
FATTY ACID BIOSYNTHESIS%WIKIPATHWAYS_20250810%WP357%HOMO SAPIENS	FATTY ACID BIOSYNTHESIS%WIKIPATHWAYS_20250810%WP357%HOMO SAPIENS		16	0.32035214	0.787653	0.78283715	0.9619868	1.0	46	tags=6%, list=0%, signal=6%	
EPH-EPHRIN SIGNALING%REACTOME DATABASE ID RELEASE 93%2682334	EPH-EPHRIN SIGNALING%REACTOME DATABASE ID RELEASE 93%2682334		64	0.24139974	0.7872206	0.8438486	0.9623846	1.0	2822	tags=28%, list=26%, signal=38%	
UROTENSIN II MEDIATED SIGNALING%WIKIPATHWAYS_20250810%WP5158%HOMO SAPIENS	UROTENSIN II MEDIATED SIGNALING%WIKIPATHWAYS_20250810%WP5158%HOMO SAPIENS		40	0.26287797	0.78716856	0.8284734	0.9621261	1.0	2769	tags=30%, list=25%, signal=40%	
RESPONSE TO UV%GOBP%GO:0009411	RESPONSE TO UV%GOBP%GO:0009411		102	0.22254124	0.78684294	0.9222395	0.96234345	1.0	3254	tags=35%, list=30%, signal=50%	
PROCESSING OF DNA DOUBLE-STRAND BREAK ENDS%REACTOME%R-HSA-5693607.4	PROCESSING OF DNA DOUBLE-STRAND BREAK ENDS%REACTOME%R-HSA-5693607.4		68	0.23951901	0.78644764	0.87722135	0.9626529	1.0	1654	tags=18%, list=15%, signal=21%	
TRANSPORT OF MATURE MRNA DERIVED FROM AN INTRONLESS TRANSCRIPT%REACTOME%R-HSA-159231.4	TRANSPORT OF MATURE MRNA DERIVED FROM AN INTRONLESS TRANSCRIPT%REACTOME%R-HSA-159231.4		39	0.26086006	0.7863284	0.8084746	0.9625203	1.0	2466	tags=26%, list=22%, signal=33%	
POST-GOLGI VESICLE-MEDIATED TRANSPORT%GOBP%GO:0006892	POST-GOLGI VESICLE-MEDIATED TRANSPORT%GOBP%GO:0006892		86	0.23027422	0.78605974	0.8813291	0.96263695	1.0	2311	tags=21%, list=21%, signal=26%	
POSITIVE REGULATION OF CARBOHYDRATE METABOLIC PROCESS%GOBP%GO:0045913	POSITIVE REGULATION OF CARBOHYDRATE METABOLIC PROCESS%GOBP%GO:0045913		39	0.26641196	0.78556675	0.8052805	0.96309984	1.0	2235	tags=26%, list=20%, signal=32%	
REGULATION OF DNA BIOSYNTHETIC PROCESS%GOBP%GO:2000278	REGULATION OF DNA BIOSYNTHETIC PROCESS%GOBP%GO:2000278		63	0.23828745	0.7852799	0.8504983	0.96320474	1.0	2264	tags=19%, list=21%, signal=24%	
PYRIMIDINE NUCLEOTIDE CATABOLIC PROCESS%GOBP%GO:0006244	PYRIMIDINE NUCLEOTIDE CATABOLIC PROCESS%GOBP%GO:0006244		17	0.3160926	0.7850574	0.766436	0.9632298	1.0	1427	tags=24%, list=13%, signal=27%	
GMCSF-MEDIATED SIGNALING EVENTS%PATHWAY INTERACTION DATABASE NCI-NATURE CURATED DATA%GMCSF-MEDIATED SIGNALING EVENTS	GMCSF-MEDIATED SIGNALING EVENTS%PATHWAY INTERACTION DATABASE NCI-NATURE CURATED DATA%GMCSF-MEDIATED SIGNALING EVENTS		33	0.2702181	0.7850324	0.79866886	0.96292865	1.0	2620	tags=30%, list=24%, signal=40%	
FRAGILE X SYNDROME%WIKIPATHWAYS_20250810%WP4549%HOMO SAPIENS	FRAGILE X SYNDROME%WIKIPATHWAYS_20250810%WP4549%HOMO SAPIENS		69	0.23780812	0.7848315	0.8601626	0.9628882	1.0	3613	tags=39%, list=33%, signal=58%	
BIOCARTA_ATM_PATHWAY%MSIGDB_C2%BIOCARTA_ATM_PATHWAY	BIOCARTA_ATM_PATHWAY%MSIGDB_C2%BIOCARTA_ATM_PATHWAY		15	0.32181385	0.7844896	0.7834507	0.9630752	1.0	3278	tags=33%, list=30%, signal=47%	
RESPONSE TO ARSENIC-CONTAINING SUBSTANCE%GOBP%GO:0046685	RESPONSE TO ARSENIC-CONTAINING SUBSTANCE%GOBP%GO:0046685		17	0.32182413	0.78440195	0.78558874	0.96287745	1.0	1650	tags=29%, list=15%, signal=35%	
INFLAMMATORY BOWEL DISEASE SIGNALING%WIKIPATHWAYS_20250810%WP5198%HOMO SAPIENS	INFLAMMATORY BOWEL DISEASE SIGNALING%WIKIPATHWAYS_20250810%WP5198%HOMO SAPIENS		20	0.29460272	0.7842144	0.77319586	0.9628259	1.0	2377	tags=30%, list=22%, signal=38%	
FORMATION OF THE EARLY ELONGATION COMPLEX%REACTOME%R-HSA-113418.5	FORMATION OF THE EARLY ELONGATION COMPLEX%REACTOME%R-HSA-113418.5		30	0.2858099	0.78400034	0.8138298	0.96282625	1.0	3302	tags=30%, list=30%, signal=43%	
MRNA SPLICE SITE RECOGNITION%GOBP%GO:0006376	MRNA SPLICE SITE RECOGNITION%GOBP%GO:0006376		25	0.28324884	0.78379375	0.80944055	0.9628233	1.0	3098	tags=28%, list=28%, signal=39%	
PHOSPHATIDIC ACID METABOLIC PROCESS%GOBP%GO:0046473	PHOSPHATIDIC ACID METABOLIC PROCESS%GOBP%GO:0046473		22	0.29661953	0.78338283	0.79436153	0.96313286	1.0	1575	tags=23%, list=14%, signal=26%	
NEGATIVE REGULATION OF SIGNAL TRANSDUCTION BY P53 CLASS MEDIATOR%GOBP%GO:1901797	NEGATIVE REGULATION OF SIGNAL TRANSDUCTION BY P53 CLASS MEDIATOR%GOBP%GO:1901797		24	0.29394537	0.7828795	0.78313255	0.96360743	1.0	979	tags=8%, list=9%, signal=9%	
CILIARY LANDSCAPE%WIKIPATHWAYS_20250810%WP4352%HOMO SAPIENS	CILIARY LANDSCAPE%WIKIPATHWAYS_20250810%WP4352%HOMO SAPIENS		156	0.21029422	0.78249615	0.9341142	0.96389693	1.0	2623	tags=24%, list=24%, signal=31%	
POSITIVE REGULATION OF PATTERN RECOGNITION RECEPTOR SIGNALING PATHWAY%GOBP%GO:0062208	POSITIVE REGULATION OF PATTERN RECOGNITION RECEPTOR SIGNALING PATHWAY%GOBP%GO:0062208		56	0.2439291	0.78243285	0.83915025	0.96366465	1.0	2779	tags=29%, list=25%, signal=38%	
REGULATION OF NEURON DIFFERENTIATION%GOBP%GO:0045664	REGULATION OF NEURON DIFFERENTIATION%GOBP%GO:0045664		42	0.26162776	0.78215694	0.8398637	0.96375644	1.0	1610	tags=17%, list=15%, signal=19%	
MEMBRANE PROTEIN ECTODOMAIN PROTEOLYSIS%GOBP%GO:0006509	MEMBRANE PROTEIN ECTODOMAIN PROTEOLYSIS%GOBP%GO:0006509		19	0.3090058	0.7820634	0.754717	0.9635543	1.0	2853	tags=37%, list=26%, signal=50%	
OVERLAP BETWEEN SIGNAL TRANSDUCTION PATHWAYS CONTRIBUTING TO LMNA LAMINOPATHIES%WIKIPATHWAYS_20250810%WP4879%HOMO SAPIENS	OVERLAP BETWEEN SIGNAL TRANSDUCTION PATHWAYS CONTRIBUTING TO LMNA LAMINOPATHIES%WIKIPATHWAYS_20250810%WP4879%HOMO SAPIENS		32	0.26993442	0.78171235	0.7837838	0.9637989	1.0	3380	tags=47%, list=31%, signal=68%	
REGULATION OF TELOMERE MAINTENANCE VIA TELOMERASE%GOBP%GO:0032210	REGULATION OF TELOMERE MAINTENANCE VIA TELOMERASE%GOBP%GO:0032210		42	0.26037452	0.7816761	0.8296796	0.96350735	1.0	1288	tags=10%, list=12%, signal=11%	
POSITIVE REGULATION OF TRANSCRIPTION BY RNA POLYMERASE I%GOBP%GO:0045943	POSITIVE REGULATION OF TRANSCRIPTION BY RNA POLYMERASE I%GOBP%GO:0045943		29	0.2793904	0.7816098	0.80479455	0.9632613	1.0	2704	tags=31%, list=25%, signal=41%	
DOWNREGULATION OF SMAD2 3:SMAD4 TRANSCRIPTIONAL ACTIVITY%REACTOME DATABASE ID RELEASE 93%2173795	DOWNREGULATION OF SMAD2 3:SMAD4 TRANSCRIPTIONAL ACTIVITY%REACTOME DATABASE ID RELEASE 93%2173795		27	0.28569177	0.7810685	0.80921054	0.9637884	1.0	2269	tags=22%, list=21%, signal=28%	
4 HYDROXYTAMOXIFEN DEXAMETHASONE AND RETINOIC ACIDS REGULATION OF P27 EXPRESSION%WIKIPATHWAYS_20250810%WP3879%HOMO SAPIENS	4 HYDROXYTAMOXIFEN DEXAMETHASONE AND RETINOIC ACIDS REGULATION OF P27 EXPRESSION%WIKIPATHWAYS_20250810%WP3879%HOMO SAPIENS		18	0.3074585	0.7810528	0.7839286	0.9634716	1.0	4229	tags=44%, list=39%, signal=72%	
ACTIVATION OF GTPASE ACTIVITY%GOBP%GO:0090630	ACTIVATION OF GTPASE ACTIVITY%GOBP%GO:0090630		19	0.3060697	0.7810288	0.7870528	0.9631619	1.0	3523	tags=47%, list=32%, signal=70%	
RNA POLYMERASE II TRANSCRIPTION TERMINATION%REACTOME DATABASE ID RELEASE 93%73856	RNA POLYMERASE II TRANSCRIPTION TERMINATION%REACTOME DATABASE ID RELEASE 93%73856		62	0.23912236	0.78078955	0.85299146	0.9631986	1.0	1884	tags=15%, list=17%, signal=17%	
NEGATIVE REGULATION OF NOTCH SIGNALING PATHWAY%GOBP%GO:0045746	NEGATIVE REGULATION OF NOTCH SIGNALING PATHWAY%GOBP%GO:0045746		16	0.31364772	0.780653	0.7614841	0.9630893	1.0	2206	tags=31%, list=20%, signal=39%	
BIOLOGICAL PROCESS INVOLVED IN INTERACTION WITH HOST%GOBP%GO:0051701	BIOLOGICAL PROCESS INVOLVED IN INTERACTION WITH HOST%GOBP%GO:0051701		59	0.24076048	0.77954274	0.86012864	0.9645605	1.0	3024	tags=36%, list=28%, signal=49%	
INTEGRIN MEDIATED CELL ADHESION%WIKIPATHWAYS_20250810%WP185%HOMO SAPIENS	INTEGRIN MEDIATED CELL ADHESION%WIKIPATHWAYS_20250810%WP185%HOMO SAPIENS		53	0.24658301	0.77951634	0.85806453	0.9642618	1.0	1865	tags=17%, list=17%, signal=20%	
POSITIVE REGULATION OF ERBB SIGNALING PATHWAY%GOBP%GO:1901186	POSITIVE REGULATION OF ERBB SIGNALING PATHWAY%GOBP%GO:1901186		21	0.2986739	0.77937686	0.7937063	0.9641289	1.0	3277	tags=57%, list=30%, signal=81%	
DETECTION OF STIMULUS INVOLVED IN SENSORY PERCEPTION%GOBP%GO:0050906	DETECTION OF STIMULUS INVOLVED IN SENSORY PERCEPTION%GOBP%GO:0050906		17	0.3168481	0.778987	0.771836	0.9644171	1.0	1795	tags=24%, list=16%, signal=28%	
IL1%NETPATH%IL1	IL1%NETPATH%IL1		33	0.2706794	0.778853	0.8364888	0.9642912	1.0	1150	tags=15%, list=10%, signal=17%	
RAB GEFS EXCHANGE GTP FOR GDP ON RABS%REACTOME DATABASE ID RELEASE 93%8876198	RAB GEFS EXCHANGE GTP FOR GDP ON RABS%REACTOME DATABASE ID RELEASE 93%8876198		80	0.23003367	0.7788224	0.8877888	0.96399593	1.0	1802	tags=14%, list=16%, signal=16%	
DISEASES OF METABOLISM%REACTOME DATABASE ID RELEASE 93%5668914	DISEASES OF METABOLISM%REACTOME DATABASE ID RELEASE 93%5668914		146	0.2101179	0.77869153	0.9552906	0.96386516	1.0	2635	tags=25%, list=24%, signal=33%	
CELLULAR RESPONSE TO AMINO ACID STIMULUS%GOBP%GO:0071230	CELLULAR RESPONSE TO AMINO ACID STIMULUS%GOBP%GO:0071230		36	0.26609245	0.7782644	0.82960415	0.9641789	1.0	2072	tags=25%, list=19%, signal=31%	
HEPATOCYTE GROWTH FACTOR RECEPTOR SIGNALING%WIKIPATHWAYS_20250810%WP313%HOMO SAPIENS	HEPATOCYTE GROWTH FACTOR RECEPTOR SIGNALING%WIKIPATHWAYS_20250810%WP313%HOMO SAPIENS		26	0.28618544	0.77775663	0.77983195	0.96461475	1.0	3554	tags=42%, list=32%, signal=62%	
ENDODERM DIFFERENTIATION%WIKIPATHWAYS_20250810%WP2853%HOMO SAPIENS	ENDODERM DIFFERENTIATION%WIKIPATHWAYS_20250810%WP2853%HOMO SAPIENS		81	0.22872742	0.77753496	0.8957346	0.9646345	1.0	2377	tags=26%, list=22%, signal=33%	
POSITIVE REGULATION OF TRANSCRIPTION ELONGATION BY RNA POLYMERASE II%GOBP%GO:0032968	POSITIVE REGULATION OF TRANSCRIPTION ELONGATION BY RNA POLYMERASE II%GOBP%GO:0032968		46	0.25092024	0.77675664	0.82081914	0.9655581	1.0	4204	tags=43%, list=38%, signal=70%	
PID_ENDOTHELIN_PATHWAY%MSIGDB_C2%PID_ENDOTHELIN_PATHWAY	PID_ENDOTHELIN_PATHWAY%MSIGDB_C2%PID_ENDOTHELIN_PATHWAY		28	0.2778279	0.7767541	0.8122807	0.965218	1.0	1517	tags=18%, list=14%, signal=21%	
SPERMATOGENESIS%GOBP%GO:0007283	SPERMATOGENESIS%GOBP%GO:0007283		155	0.2069287	0.7760852	0.9535865	0.9659384	1.0	1377	tags=12%, list=13%, signal=13%	
POSITIVE REGULATION OF DNA REPAIR%GOBP%GO:0045739	POSITIVE REGULATION OF DNA REPAIR%GOBP%GO:0045739		116	0.21628018	0.77558655	0.9069069	0.966377	1.0	3659	tags=34%, list=33%, signal=51%	
BIOCARTA_RACCYCD_PATHWAY%MSIGDB_C2%BIOCARTA_RACCYCD_PATHWAY	BIOCARTA_RACCYCD_PATHWAY%MSIGDB_C2%BIOCARTA_RACCYCD_PATHWAY		21	0.29527095	0.7751085	0.80206543	0.9668034	1.0	3536	tags=43%, list=32%, signal=63%	
CELLULAR RESPONSE TO PEPTIDE HORMONE STIMULUS%GOBP%GO:0071375	CELLULAR RESPONSE TO PEPTIDE HORMONE STIMULUS%GOBP%GO:0071375		110	0.21739571	0.7750939	0.9329173	0.9664832	1.0	1182	tags=13%, list=11%, signal=14%	
RHOD GTPASE CYCLE%REACTOME DATABASE ID RELEASE 93%9013405	RHOD GTPASE CYCLE%REACTOME DATABASE ID RELEASE 93%9013405		42	0.25859496	0.77480245	0.8355049	0.9666059	1.0	2510	tags=29%, list=23%, signal=37%	
RESPONSE TO PEPTIDE HORMONE%GOBP%GO:0043434	RESPONSE TO PEPTIDE HORMONE%GOBP%GO:0043434		136	0.21042195	0.7747382	0.9568452	0.96636117	1.0	1182	tags=12%, list=11%, signal=13%	
RNA POLYMERASE II PREINITIATION COMPLEX ASSEMBLY%GOBP%GO:0051123	RNA POLYMERASE II PREINITIATION COMPLEX ASSEMBLY%GOBP%GO:0051123		41	0.2540134	0.7746397	0.8445596	0.9661694	1.0	3970	tags=41%, list=36%, signal=65%	
ENERGY METABOLISM%WIKIPATHWAYS_20250810%WP1541%HOMO SAPIENS	ENERGY METABOLISM%WIKIPATHWAYS_20250810%WP1541%HOMO SAPIENS		33	0.2660014	0.77447087	0.81680673	0.9660882	1.0	507	tags=9%, list=5%, signal=10%	
FAS SIGNALING PATHWAY%PANTHER PATHWAY%P00020	FAS SIGNALING PATHWAY%PANTHER PATHWAY%P00020		27	0.2766544	0.7735103	0.8098472	0.9672194	1.0	348	tags=7%, list=3%, signal=8%	
POSITIVE REGULATION OF DOUBLE-STRAND BREAK REPAIR VIA HOMOLOGOUS RECOMBINATION%GOBP%GO:1905168	POSITIVE REGULATION OF DOUBLE-STRAND BREAK REPAIR VIA HOMOLOGOUS RECOMBINATION%GOBP%GO:1905168		40	0.25592545	0.7726355	0.83870965	0.96824104	1.0	3619	tags=35%, list=33%, signal=52%	
POSITIVE REGULATION OF SMAD PROTEIN SIGNAL TRANSDUCTION%GOBP%GO:0060391	POSITIVE REGULATION OF SMAD PROTEIN SIGNAL TRANSDUCTION%GOBP%GO:0060391		19	0.30575606	0.77170396	0.7878788	0.96931046	1.0	2377	tags=32%, list=22%, signal=40%	
NEGATIVE REGULATION OF DNA-TEMPLATED TRANSCRIPTION, ELONGATION%GOBP%GO:0032785	NEGATIVE REGULATION OF DNA-TEMPLATED TRANSCRIPTION, ELONGATION%GOBP%GO:0032785		21	0.29614332	0.7708851	0.771529	0.9702553	1.0	131	tags=5%, list=1%, signal=5%	
RNA LOCALIZATION%GOBP%GO:0006403	RNA LOCALIZATION%GOBP%GO:0006403		111	0.21614923	0.77084184	0.9371069	0.96997184	1.0	1889	tags=14%, list=17%, signal=16%	
NEGATIVE REGULATION OF CANONICAL WNT SIGNALING PATHWAY%GOBP%GO:0090090	NEGATIVE REGULATION OF CANONICAL WNT SIGNALING PATHWAY%GOBP%GO:0090090		62	0.23785846	0.77058476	0.87066245	0.9700322	1.0	1272	tags=15%, list=12%, signal=16%	
PID_TELOMERASE_PATHWAY%MSIGDB_C2%PID_TELOMERASE_PATHWAY	PID_TELOMERASE_PATHWAY%MSIGDB_C2%PID_TELOMERASE_PATHWAY		51	0.24608701	0.7697722	0.86567163	0.97092366	1.0	2570	tags=25%, list=23%, signal=33%	
RNA POLYMERASE II TRANSCRIPTION INITIATION SURVEILLANCE%GOBP%GO:0160240	RNA POLYMERASE II TRANSCRIPTION INITIATION SURVEILLANCE%GOBP%GO:0160240		19	0.30559298	0.76963705	0.76785713	0.9707934	1.0	1354	tags=11%, list=12%, signal=12%	
DAG AND IP3 SIGNALING%REACTOME DATABASE ID RELEASE 93%1489509	DAG AND IP3 SIGNALING%REACTOME DATABASE ID RELEASE 93%1489509		28	0.2773627	0.76935863	0.8	0.9708652	1.0	2882	tags=43%, list=26%, signal=58%	
BIOCARTA_IL2_PATHWAY%MSIGDB_C2%BIOCARTA_IL2_PATHWAY	BIOCARTA_IL2_PATHWAY%MSIGDB_C2%BIOCARTA_IL2_PATHWAY		17	0.31002498	0.7689769	0.8	0.9711016	1.0	2587	tags=35%, list=24%, signal=46%	
LEPTIN SIGNALING%WIKIPATHWAYS_20250810%WP2034%HOMO SAPIENS	LEPTIN SIGNALING%WIKIPATHWAYS_20250810%WP2034%HOMO SAPIENS		57	0.23966824	0.76865226	0.86728394	0.9712311	1.0	2756	tags=23%, list=25%, signal=30%	
RNA STABILIZATION%GOBP%GO:0043489	RNA STABILIZATION%GOBP%GO:0043489		48	0.24326739	0.7675849	0.88245034	0.9724759	1.0	1115	tags=8%, list=10%, signal=9%	
HEME METABOLIC PROCESS%GOBP%GO:0042168	HEME METABOLIC PROCESS%GOBP%GO:0042168		25	0.27947956	0.767353	0.7855918	0.9724804	1.0	796	tags=12%, list=7%, signal=13%	
RISEDRONATE ACTION PATHWAY%PATHWHIZ%PW000272	RISEDRONATE ACTION PATHWAY%PATHWHIZ%PW000272		19	0.2970293	0.7672842	0.7794872	0.9722255	1.0	4108	tags=47%, list=37%, signal=76%	
APC-CDC20 MEDIATED DEGRADATION OF NEK2A%REACTOME%R-HSA-179409.5	APC-CDC20 MEDIATED DEGRADATION OF NEK2A%REACTOME%R-HSA-179409.5		26	0.27813628	0.7663219	0.81279254	0.973301	1.0	2755	tags=27%, list=25%, signal=36%	
DUAL INCISION IN GG-NER%REACTOME DATABASE ID RELEASE 93%5696400	DUAL INCISION IN GG-NER%REACTOME DATABASE ID RELEASE 93%5696400		38	0.26130423	0.7662803	0.849921	0.973022	1.0	3479	tags=34%, list=32%, signal=50%	
STEROL REGULATORY ELEMENT BINDING PROTEINS SREBP SIGNALING%WIKIPATHWAYS_20250810%WP1982%HOMO SAPIENS	STEROL REGULATORY ELEMENT BINDING PROTEINS SREBP SIGNALING%WIKIPATHWAYS_20250810%WP1982%HOMO SAPIENS		47	0.24818422	0.765971	0.8929712	0.9731703	1.0	3571	tags=28%, list=33%, signal=41%	
SIGNALING BY FGFR3%REACTOME%R-HSA-5654741.4	SIGNALING BY FGFR3%REACTOME%R-HSA-5654741.4		23	0.2866079	0.7658849	0.7967332	0.97295797	1.0	1654	tags=17%, list=15%, signal=20%	
SPLICEOSOMAL SNRNP ASSEMBLY%GOBP%GO:0000387	SPLICEOSOMAL SNRNP ASSEMBLY%GOBP%GO:0000387		38	0.25832415	0.7657761	0.8527005	0.9727753	1.0	2531	tags=26%, list=23%, signal=34%	
VASCULOGENESIS%GOBP%GO:0001570	VASCULOGENESIS%GOBP%GO:0001570		17	0.30428362	0.76576245	0.81294966	0.97245175	1.0	3094	tags=41%, list=28%, signal=57%	
POSITIVE REGULATION OF MRNA CATABOLIC PROCESS%GOBP%GO:0061014	POSITIVE REGULATION OF MRNA CATABOLIC PROCESS%GOBP%GO:0061014		77	0.22422759	0.7649996	0.90111643	0.9732562	1.0	2465	tags=19%, list=22%, signal=25%	
RMTS METHYLATE HISTONE ARGININES%REACTOME DATABASE ID RELEASE 93%3214858	RMTS METHYLATE HISTONE ARGININES%REACTOME DATABASE ID RELEASE 93%3214858		36	0.25710234	0.7647111	0.8171334	0.97335637	1.0	3055	tags=39%, list=28%, signal=54%	
LYSOSOMAL ACID LIPASE DEFICIENCY (WOLMAN DISEASE)%PATHWHIZ%PW000099	LYSOSOMAL ACID LIPASE DEFICIENCY (WOLMAN DISEASE)%PATHWHIZ%PW000099		19	0.2970293	0.7646194	0.8051282	0.97314817	1.0	4108	tags=47%, list=37%, signal=76%	
REGULATION OF LIPOPOLYSACCHARIDE-MEDIATED SIGNALING PATHWAY%GOBP%GO:0031664	REGULATION OF LIPOPOLYSACCHARIDE-MEDIATED SIGNALING PATHWAY%GOBP%GO:0031664		17	0.30617768	0.7642519	0.82531196	0.9733544	1.0	2694	tags=29%, list=25%, signal=39%	
REGULATION OF CDH1 GENE TRANSCRIPTION%REACTOME DATABASE ID RELEASE 93%9764560	REGULATION OF CDH1 GENE TRANSCRIPTION%REACTOME DATABASE ID RELEASE 93%9764560		52	0.2382333	0.7642135	0.8779343	0.9730753	1.0	1485	tags=15%, list=14%, signal=18%	
ALENDRONATE ACTION PATHWAY%PATHWHIZ%PW000137	ALENDRONATE ACTION PATHWAY%PATHWHIZ%PW000137		19	0.2970293	0.76375073	0.7893836	0.9734016	1.0	4108	tags=47%, list=37%, signal=76%	
DNA DAMAGE CHECKPOINT SIGNALING%GOBP%GO:0000077	DNA DAMAGE CHECKPOINT SIGNALING%GOBP%GO:0000077		78	0.22875538	0.7635966	0.8981763	0.9732867	1.0	3496	tags=32%, list=32%, signal=47%	
NEGATIVE REGULATION OF CELL CYCLE G2/M PHASE TRANSITION%GOBP%GO:1902750	NEGATIVE REGULATION OF CELL CYCLE G2/M PHASE TRANSITION%GOBP%GO:1902750		58	0.23812373	0.7631392	0.87396353	0.9736049	1.0	2051	tags=22%, list=19%, signal=27%	
TRANSFORMING GROWTH FACTOR BETA RECEPTOR SIGNALING PATHWAY%GOBP%GO:0007179	TRANSFORMING GROWTH FACTOR BETA RECEPTOR SIGNALING PATHWAY%GOBP%GO:0007179		48	0.2427969	0.7622631	0.87058824	0.9745507	1.0	2037	tags=23%, list=19%, signal=28%	
ESTABLISHMENT OR MAINTENANCE OF CELL POLARITY%GOBP%GO:0007163	ESTABLISHMENT OR MAINTENANCE OF CELL POLARITY%GOBP%GO:0007163		99	0.21980113	0.76218057	0.9378882	0.9743225	1.0	2700	tags=28%, list=25%, signal=37%	
CERIVASTATIN ACTION PATHWAY%PATHWHIZ%PW000271	CERIVASTATIN ACTION PATHWAY%PATHWHIZ%PW000271		19	0.2970293	0.76215136	0.7889273	0.9740294	1.0	4108	tags=47%, list=37%, signal=76%	
NEGATIVE REGULATION OF MRNA CATABOLIC PROCESS%GOBP%GO:1902373	NEGATIVE REGULATION OF MRNA CATABOLIC PROCESS%GOBP%GO:1902373		48	0.24304198	0.7621233	0.875817	0.9737263	1.0	1404	tags=10%, list=13%, signal=12%	
7Q11 23 COPY NUMBER VARIATION SYNDROME%WIKIPATHWAYS_20250810%WP4932%HOMO SAPIENS	7Q11 23 COPY NUMBER VARIATION SYNDROME%WIKIPATHWAYS_20250810%WP4932%HOMO SAPIENS		68	0.23045959	0.76171696	0.8944	0.9739851	1.0	2800	tags=29%, list=25%, signal=39%	
SMITH-LEMLI-OPITZ SYNDROME (SLOS)%PATHWHIZ%PW000095	SMITH-LEMLI-OPITZ SYNDROME (SLOS)%PATHWHIZ%PW000095		19	0.2970293	0.76150155	0.82196337	0.97394836	1.0	4108	tags=47%, list=37%, signal=76%	
PEPTIDE HORMONE PROCESSING%GOBP%GO:0016486	PEPTIDE HORMONE PROCESSING%GOBP%GO:0016486		19	0.2973373	0.7613778	0.8352745	0.97378963	1.0	1989	tags=32%, list=18%, signal=38%	
ROSUVASTATIN ACTION PATHWAY%SMPDB%SMP0000092	ROSUVASTATIN ACTION PATHWAY%SMPDB%SMP0000092		19	0.2970293	0.7611685	0.8058925	0.97375035	1.0	4108	tags=47%, list=37%, signal=76%	
POSITIVE REGULATION OF MITOCHONDRIAL FISSION%GOBP%GO:0090141	POSITIVE REGULATION OF MITOCHONDRIAL FISSION%GOBP%GO:0090141		15	0.3182824	0.76098627	0.78547853	0.9736759	1.0	2976	tags=40%, list=27%, signal=55%	
RNA POLYMERASE III TRANSCRIPTION INITIATION FROM TYPE 3 PROMOTER%REACTOME%R-HSA-76071.4	RNA POLYMERASE III TRANSCRIPTION INITIATION FROM TYPE 3 PROMOTER%REACTOME%R-HSA-76071.4		26	0.27975026	0.7607061	0.81206894	0.9737278	1.0	2199	tags=23%, list=20%, signal=29%	
RHOA SIGNALING PATHWAY%PATHWAY INTERACTION DATABASE NCI-NATURE CURATED DATA%RHOA SIGNALING PATHWAY	RHOA SIGNALING PATHWAY%PATHWAY INTERACTION DATABASE NCI-NATURE CURATED DATA%RHOA SIGNALING PATHWAY		38	0.25717378	0.76029015	0.8361204	0.9739872	1.0	986	tags=11%, list=9%, signal=12%	
MEVALONIC ACIDURIA%SMPDB%SMP0000510	MEVALONIC ACIDURIA%SMPDB%SMP0000510		19	0.2970293	0.76017606	0.8116883	0.9738006	1.0	4108	tags=47%, list=37%, signal=76%	
SPHINGOLIPID METABOLISM OVERVIEW%WIKIPATHWAYS_20250810%WP4725%HOMO SAPIENS	SPHINGOLIPID METABOLISM OVERVIEW%WIKIPATHWAYS_20250810%WP4725%HOMO SAPIENS		16	0.29972485	0.7599403	0.8066667	0.9738089	1.0	2015	tags=31%, list=18%, signal=38%	
PRAVASTATIN ACTION PATHWAY%SMPDB%SMP0000089	PRAVASTATIN ACTION PATHWAY%SMPDB%SMP0000089		19	0.2970293	0.75967216	0.80615944	0.97387046	1.0	4108	tags=47%, list=37%, signal=76%	
REGULATION OF RNA SPLICING%GOBP%GO:0043484	REGULATION OF RNA SPLICING%GOBP%GO:0043484		149	0.2049675	0.75940156	0.95864105	0.9739071	1.0	734	tags=7%, list=7%, signal=8%	
MECHANOREGULATION AND PATHOLOGY OF YAP TAZ VIA HIPPO AND NON HIPPO MECHANISMS%WIKIPATHWAYS_20250810%WP4534%HOMO SAPIENS	MECHANOREGULATION AND PATHOLOGY OF YAP TAZ VIA HIPPO AND NON HIPPO MECHANISMS%WIKIPATHWAYS_20250810%WP4534%HOMO SAPIENS		18	0.30248165	0.7592403	0.8180243	0.973804	1.0	3820	tags=39%, list=35%, signal=60%	
REGULATION OF CHOLESTEROL BIOSYNTHESIS BY SREBP (SREBF)%REACTOME DATABASE ID RELEASE 93%1655829	REGULATION OF CHOLESTEROL BIOSYNTHESIS BY SREBP (SREBF)%REACTOME DATABASE ID RELEASE 93%1655829		51	0.23930879	0.7590819	0.87102175	0.973679	1.0	3023	tags=20%, list=28%, signal=27%	
ALZHEIMER DISEASE-PRESENILIN PATHWAY%PANTHER PATHWAY%P00004	ALZHEIMER DISEASE-PRESENILIN PATHWAY%PANTHER PATHWAY%P00004		39	0.25264964	0.75896484	0.82788295	0.9734916	1.0	1356	tags=18%, list=12%, signal=20%	
CELLULAR RESPONSE TO GAMMA RADIATION%GOBP%GO:0071480	CELLULAR RESPONSE TO GAMMA RADIATION%GOBP%GO:0071480		15	0.31825188	0.7588647	0.7992895	0.97329336	1.0	2156	tags=20%, list=20%, signal=25%	
ZOLEDRONATE ACTION PATHWAY%PATHWHIZ%PW000270	ZOLEDRONATE ACTION PATHWAY%PATHWHIZ%PW000270		19	0.2970293	0.75882125	0.8205575	0.9730158	1.0	4108	tags=47%, list=37%, signal=76%	
MOTILE CILIUM ASSEMBLY%GOBP%GO:0044458	MOTILE CILIUM ASSEMBLY%GOBP%GO:0044458		24	0.28584313	0.7586333	0.8432056	0.97292745	1.0	2482	tags=25%, list=23%, signal=32%	
STEROID BIOSYNTHESIS%PATHWHIZ%PW000050	STEROID BIOSYNTHESIS%PATHWHIZ%PW000050		19	0.2970293	0.75838876	0.79620034	0.97293556	1.0	4108	tags=47%, list=37%, signal=76%	
HYPER-IGD SYNDROME%SMPDB%SMP0000509	HYPER-IGD SYNDROME%SMPDB%SMP0000509		19	0.2970293	0.7581976	0.8109029	0.97286755	1.0	4108	tags=47%, list=37%, signal=76%	
TRNA AMINOACYLATION%REACTOME%R-HSA-379724.3	TRNA AMINOACYLATION%REACTOME%R-HSA-379724.3		39	0.2550075	0.7580219	0.87908494	0.972773	1.0	3559	tags=41%, list=32%, signal=60%	
DESMOSTEROLOSIS%PATHWHIZ%PW000097	DESMOSTEROLOSIS%PATHWHIZ%PW000097		19	0.2970293	0.75789106	0.78809106	0.9726088	1.0	4108	tags=47%, list=37%, signal=76%	
G2 M DNA DAMAGE CHECKPOINT%REACTOME DATABASE ID RELEASE 93%69473	G2 M DNA DAMAGE CHECKPOINT%REACTOME DATABASE ID RELEASE 93%69473		66	0.23127967	0.7574747	0.9089431	0.9728375	1.0	3278	tags=36%, list=30%, signal=52%	
HYPERCHOLESTEROLEMIA%PATHWHIZ%PW000221	HYPERCHOLESTEROLEMIA%PATHWHIZ%PW000221		19	0.2970293	0.75716007	0.8215548	0.97291666	1.0	4108	tags=47%, list=37%, signal=76%	
ATM SIGNALING IN DEVELOPMENT AND DISEASE %WIKIPATHWAYS_20250810%WP3878%HOMO SAPIENS	ATM SIGNALING IN DEVELOPMENT AND DISEASE %WIKIPATHWAYS_20250810%WP3878%HOMO SAPIENS		35	0.25753158	0.75689614	0.8390411	0.97294164	1.0	2549	tags=29%, list=23%, signal=37%	
MITOCHONDRION LOCALIZATION%GOBP%GO:0051646	MITOCHONDRION LOCALIZATION%GOBP%GO:0051646		29	0.26713714	0.7566798	0.84514004	0.9728965	1.0	1309	tags=17%, list=12%, signal=20%	
BIOCARTA_ARENRF2_PATHWAY%MSIGDB_C2%BIOCARTA_ARENRF2_PATHWAY	BIOCARTA_ARENRF2_PATHWAY%MSIGDB_C2%BIOCARTA_ARENRF2_PATHWAY		15	0.3159315	0.75622314	0.82587063	0.9732016	1.0	1572	tags=27%, list=14%, signal=31%	
PIGMENT METABOLIC PROCESS%GOBP%GO:0042440	PIGMENT METABOLIC PROCESS%GOBP%GO:0042440		26	0.2755285	0.75603503	0.84254605	0.9731288	1.0	796	tags=12%, list=7%, signal=12%	
RHOBTB GTPASE CYCLE%REACTOME%R-HSA-9706574.4	RHOBTB GTPASE CYCLE%REACTOME%R-HSA-9706574.4		33	0.2669525	0.75589544	0.8568966	0.972988	1.0	2080	tags=21%, list=19%, signal=26%	
REGULATION OF P38-ALPHA AND P38-BETA%PATHWAY INTERACTION DATABASE NCI-NATURE CURATED DATA%REGULATION OF P38-ALPHA AND P38-BETA	REGULATION OF P38-ALPHA AND P38-BETA%PATHWAY INTERACTION DATABASE NCI-NATURE CURATED DATA%REGULATION OF P38-ALPHA AND P38-BETA		27	0.26679164	0.75582755	0.836394	0.9727431	1.0	919	tags=15%, list=8%, signal=16%	
IL6%NETPATH%IL6	IL6%NETPATH%IL6		49	0.23786525	0.75571585	0.9011532	0.97256047	1.0	3345	tags=33%, list=30%, signal=47%	
REGULATION OF HEMATOPOIETIC PROGENITOR CELL DIFFERENTIATION%GOBP%GO:1901532	REGULATION OF HEMATOPOIETIC PROGENITOR CELL DIFFERENTIATION%GOBP%GO:1901532		24	0.2820276	0.7556834	0.82086957	0.97227424	1.0	508	tags=8%, list=5%, signal=9%	
PID_FAS_PATHWAY%MSIGDB_C2%PID_FAS_PATHWAY	PID_FAS_PATHWAY%MSIGDB_C2%PID_FAS_PATHWAY		26	0.2750218	0.7554612	0.83843535	0.9722525	1.0	1526	tags=19%, list=14%, signal=22%	
EPITHELIAL TUBE MORPHOGENESIS%GOBP%GO:0060562	EPITHELIAL TUBE MORPHOGENESIS%GOBP%GO:0060562		60	0.23524687	0.75512373	0.90247935	0.9723951	1.0	3142	tags=38%, list=29%, signal=53%	
ESTABLISHMENT OF VESICLE LOCALIZATION%GOBP%GO:0051650	ESTABLISHMENT OF VESICLE LOCALIZATION%GOBP%GO:0051650		124	0.20787625	0.75411695	0.9627329	0.97345054	1.0	2714	tags=25%, list=25%, signal=33%	
IL3-MEDIATED SIGNALING EVENTS%PATHWAY INTERACTION DATABASE NCI-NATURE CURATED DATA%IL3-MEDIATED SIGNALING EVENTS	IL3-MEDIATED SIGNALING EVENTS%PATHWAY INTERACTION DATABASE NCI-NATURE CURATED DATA%IL3-MEDIATED SIGNALING EVENTS		23	0.28386247	0.75352067	0.82722515	0.97391796	1.0	3554	tags=52%, list=32%, signal=77%	
AEROBIC RESPIRATION%GOBP%GO:0009060	AEROBIC RESPIRATION%GOBP%GO:0009060		145	0.20289594	0.7532839	0.97650516	0.97390306	1.0	2393	tags=18%, list=22%, signal=23%	
REGULATION OF MICROTUBULE DEPOLYMERIZATION%GOBP%GO:0031114	REGULATION OF MICROTUBULE DEPOLYMERIZATION%GOBP%GO:0031114		18	0.29813382	0.7531541	0.8436945	0.9737395	1.0	412	tags=6%, list=4%, signal=6%	
FLUVASTATIN ACTION PATHWAY%PATHWHIZ%PW000274	FLUVASTATIN ACTION PATHWAY%PATHWHIZ%PW000274		19	0.2970293	0.7530067	0.81583476	0.97360367	1.0	4108	tags=47%, list=37%, signal=76%	
PAMIDRONATE ACTION PATHWAY%PATHWHIZ%PW000273	PAMIDRONATE ACTION PATHWAY%PATHWHIZ%PW000273		19	0.2970293	0.7529699	0.8351064	0.97331583	1.0	4108	tags=47%, list=37%, signal=76%	
ENERGY DERIVATION BY OXIDATION OF ORGANIC COMPOUNDS%GOBP%GO:0015980	ENERGY DERIVATION BY OXIDATION OF ORGANIC COMPOUNDS%GOBP%GO:0015980		183	0.19882976	0.7527955	0.9843305	0.9732121	1.0	2137	tags=17%, list=19%, signal=21%	
PID_MAPK_TRK_PATHWAY%MSIGDB_C2%PID_MAPK_TRK_PATHWAY	PID_MAPK_TRK_PATHWAY%MSIGDB_C2%PID_MAPK_TRK_PATHWAY		25	0.27281708	0.7526379	0.81403506	0.97309244	1.0	2484	tags=28%, list=23%, signal=36%	
CHOLESTERYL ESTER STORAGE DISEASE%SMPDB%SMP0000508	CHOLESTERYL ESTER STORAGE DISEASE%SMPDB%SMP0000508		19	0.2970293	0.75246936	0.8105263	0.9729926	1.0	4108	tags=47%, list=37%, signal=76%	
METABOLIC PATHWAYS OF FIBROBLASTS%WIKIPATHWAYS_20250810%WP5312%HOMO SAPIENS	METABOLIC PATHWAYS OF FIBROBLASTS%WIKIPATHWAYS_20250810%WP5312%HOMO SAPIENS		16	0.30752727	0.7507483	0.8119181	0.97493994	1.0	506	tags=13%, list=5%, signal=13%	
CHONDRODYSPLASIA PUNCTATA II, X-LINKED DOMINANT (CDPX2)%SMPDB%SMP0000388	CHONDRODYSPLASIA PUNCTATA II, X-LINKED DOMINANT (CDPX2)%SMPDB%SMP0000388		19	0.2970293	0.7507279	0.83972126	0.97463244	1.0	4108	tags=47%, list=37%, signal=76%	
CARDIAC HYPERTROPHIC RESPONSE%WIKIPATHWAYS_20250810%WP2795%HOMO SAPIENS	CARDIAC HYPERTROPHIC RESPONSE%WIKIPATHWAYS_20250810%WP2795%HOMO SAPIENS		38	0.2518961	0.7504548	0.86023295	0.9746759	1.0	2727	tags=26%, list=25%, signal=35%	
SPERMATID DEVELOPMENT%GOBP%GO:0007286	SPERMATID DEVELOPMENT%GOBP%GO:0007286		63	0.23143792	0.75018215	0.90515804	0.97467864	1.0	438	tags=6%, list=4%, signal=7%	
IBANDRONATE ACTION PATHWAY%SMPDB%SMP0000079	IBANDRONATE ACTION PATHWAY%SMPDB%SMP0000079		19	0.2970293	0.7494138	0.8172589	0.9753976	1.0	4108	tags=47%, list=37%, signal=76%	
REGULATION OF INTRINSIC APOPTOTIC SIGNALING PATHWAY BY P53 CLASS MEDIATOR%GOBP%GO:1902253	REGULATION OF INTRINSIC APOPTOTIC SIGNALING PATHWAY BY P53 CLASS MEDIATOR%GOBP%GO:1902253		19	0.29465652	0.74896294	0.8233276	0.97568846	1.0	556	tags=11%, list=5%, signal=11%	
LOVASTATIN ACTION PATHWAY%SMPDB%SMP0000099	LOVASTATIN ACTION PATHWAY%SMPDB%SMP0000099		19	0.2970293	0.7486647	0.8297491	0.9757444	1.0	4108	tags=47%, list=37%, signal=76%	
WOLMAN DISEASE%PATHWHIZ%PW000487	WOLMAN DISEASE%PATHWHIZ%PW000487		19	0.2970293	0.7478313	0.85524124	0.9764901	1.0	4108	tags=47%, list=37%, signal=76%	
REGULATION OF MITOCHONDRIAL TRANSLATION%GOBP%GO:0070129	REGULATION OF MITOCHONDRIAL TRANSLATION%GOBP%GO:0070129		20	0.28981334	0.7477168	0.8465517	0.9762998	1.0	2502	tags=25%, list=23%, signal=32%	
SIMVASTATIN ACTION PATHWAY%PATHWHIZ%PW000127	SIMVASTATIN ACTION PATHWAY%PATHWHIZ%PW000127		19	0.2970293	0.7474779	0.8163606	0.97628033	1.0	4108	tags=47%, list=37%, signal=76%	
SMOOTH MUSCLE CONTRACTION%REACTOME DATABASE ID RELEASE 93%445355	SMOOTH MUSCLE CONTRACTION%REACTOME DATABASE ID RELEASE 93%445355		29	0.26513025	0.7474178	0.8521739	0.97602576	1.0	3220	tags=41%, list=29%, signal=58%	
CHILD SYNDROME%PATHWHIZ%PW000096	CHILD SYNDROME%PATHWHIZ%PW000096		19	0.2970293	0.74631727	0.8324873	0.9771092	1.0	4108	tags=47%, list=37%, signal=76%	
BIOCARTA_NGF_PATHWAY%MSIGDB_C2%BIOCARTA_NGF_PATHWAY	BIOCARTA_NGF_PATHWAY%MSIGDB_C2%BIOCARTA_NGF_PATHWAY		16	0.30609804	0.74569774	0.8322148	0.97758955	1.0	489	tags=13%, list=4%, signal=13%	
VESICLE LOCALIZATION%GOBP%GO:0051648	VESICLE LOCALIZATION%GOBP%GO:0051648		127	0.20468861	0.74504805	0.9604863	0.9781168	1.0	2714	tags=24%, list=25%, signal=32%	
DETECTION OF EXTERNAL STIMULUS%GOBP%GO:0009581	DETECTION OF EXTERNAL STIMULUS%GOBP%GO:0009581		28	0.2663223	0.74483687	0.8445946	0.97807324	1.0	1414	tags=14%, list=13%, signal=16%	
VALIDATED TARGETS OF C-MYC TRANSCRIPTIONAL ACTIVATION%PATHWAY INTERACTION DATABASE NCI-NATURE CURATED DATA%VALIDATED TARGETS OF C-MYC TRANSCRIPTIONAL ACTIVATION	VALIDATED TARGETS OF C-MYC TRANSCRIPTIONAL ACTIVATION%PATHWAY INTERACTION DATABASE NCI-NATURE CURATED DATA%VALIDATED TARGETS OF C-MYC TRANSCRIPTIONAL ACTIVATION		72	0.22438237	0.7441456	0.9220779	0.97866505	1.0	3055	tags=39%, list=28%, signal=54%	
EPHRIN RECEPTOR SIGNALING PATHWAY%GOBP%GO:0048013	EPHRIN RECEPTOR SIGNALING PATHWAY%GOBP%GO:0048013		23	0.2793146	0.7440867	0.84102565	0.97840494	1.0	1865	tags=22%, list=17%, signal=26%	
AMINOGLYCAN BIOSYNTHETIC PROCESS%GOBP%GO:0006023	AMINOGLYCAN BIOSYNTHETIC PROCESS%GOBP%GO:0006023		18	0.29752418	0.7439632	0.8221831	0.97821134	1.0	824	tags=11%, list=8%, signal=12%	
NEGATIVE REGULATION OF UBIQUITIN-DEPENDENT PROTEIN CATABOLIC PROCESS%GOBP%GO:2000059	NEGATIVE REGULATION OF UBIQUITIN-DEPENDENT PROTEIN CATABOLIC PROCESS%GOBP%GO:2000059		41	0.24331987	0.74348974	0.88924557	0.9785109	1.0	1328	tags=15%, list=12%, signal=17%	
PID_FCER1_PATHWAY%MSIGDB_C2%PID_FCER1_PATHWAY	PID_FCER1_PATHWAY%MSIGDB_C2%PID_FCER1_PATHWAY		46	0.24414428	0.743393	0.9013378	0.97831297	1.0	1808	tags=20%, list=16%, signal=23%	
CONDENSATION OF PROPHASE CHROMOSOMES%REACTOME%R-HSA-2299718.4	CONDENSATION OF PROPHASE CHROMOSOMES%REACTOME%R-HSA-2299718.4		28	0.26708373	0.7432081	0.8573854	0.97820276	1.0	2243	tags=32%, list=20%, signal=40%	
ATORVASTATIN ACTION PATHWAY%SMPDB%SMP0000131	ATORVASTATIN ACTION PATHWAY%SMPDB%SMP0000131		19	0.2970293	0.7430169	0.8429054	0.9781168	1.0	4108	tags=47%, list=37%, signal=76%	
JNK CASCADE%GOBP%GO:0007254	JNK CASCADE%GOBP%GO:0007254		24	0.27350473	0.7424803	0.84551495	0.97844636	1.0	34	tags=4%, list=0%, signal=4%	
PLASMA LIPOPROTEIN CLEARANCE%REACTOME%R-HSA-8964043.3	PLASMA LIPOPROTEIN CLEARANCE%REACTOME%R-HSA-8964043.3		25	0.2801654	0.7417565	0.841637	0.97901624	1.0	2184	tags=32%, list=20%, signal=40%	
PURINE RIBONUCLEOSIDE TRIPHOSPHATE METABOLIC PROCESS%GOBP%GO:0009205	PURINE RIBONUCLEOSIDE TRIPHOSPHATE METABOLIC PROCESS%GOBP%GO:0009205		124	0.20725538	0.74139154	0.95267177	0.97914606	1.0	2390	tags=19%, list=22%, signal=23%	
CHOLESTEROL METABOLISM WITH BLOCH AND KANDUTSCH RUSSELL PATHWAYS%WIKIPATHWAYS_20250810%WP4718%HOMO SAPIENS	CHOLESTEROL METABOLISM WITH BLOCH AND KANDUTSCH RUSSELL PATHWAYS%WIKIPATHWAYS_20250810%WP4718%HOMO SAPIENS		33	0.25958243	0.7412894	0.86477464	0.97893137	1.0	3119	tags=33%, list=28%, signal=46%	
ENDOSOME TO LYSOSOME TRANSPORT%GOBP%GO:0008333	ENDOSOME TO LYSOSOME TRANSPORT%GOBP%GO:0008333		55	0.23509493	0.74124515	0.9162393	0.97865164	1.0	3024	tags=33%, list=28%, signal=45%	
DISORDERS OF MITOCHONDRIAL HOMEOSTATIS DYNAMICS PROTEIN IMPORT AND QUALITY CONTROL%WIKIPATHWAYS_20250810%WP5504%HOMO SAPIENS	DISORDERS OF MITOCHONDRIAL HOMEOSTATIS DYNAMICS PROTEIN IMPORT AND QUALITY CONTROL%WIKIPATHWAYS_20250810%WP5504%HOMO SAPIENS		49	0.23861134	0.7412396	0.9170897	0.97832274	1.0	2172	tags=22%, list=20%, signal=28%	
NEGATIVE REGULATION OF G2/M TRANSITION OF MITOTIC CELL CYCLE%GOBP%GO:0010972	NEGATIVE REGULATION OF G2/M TRANSITION OF MITOTIC CELL CYCLE%GOBP%GO:0010972		56	0.23232163	0.7393844	0.902439	0.9802923	1.0	3654	tags=41%, list=33%, signal=61%	
PID_BARD1_PATHWAY%MSIGDB_C2%PID_BARD1_PATHWAY	PID_BARD1_PATHWAY%MSIGDB_C2%PID_BARD1_PATHWAY		25	0.27368754	0.7393244	0.83986926	0.9800273	1.0	3796	tags=40%, list=35%, signal=61%	
METABOTROPIC GLUTAMATE RECEPTOR GROUP II PATHWAY%PANTHER PATHWAY%P00040	METABOTROPIC GLUTAMATE RECEPTOR GROUP II PATHWAY%PANTHER PATHWAY%P00040		24	0.2706524	0.73921055	0.8405546	0.97984385	1.0	2388	tags=29%, list=22%, signal=37%	
IL6 SIGNALING%WIKIPATHWAYS_20250810%WP364%HOMO SAPIENS	IL6 SIGNALING%WIKIPATHWAYS_20250810%WP364%HOMO SAPIENS		33	0.26047176	0.73875326	0.8636364	0.98008317	1.0	1855	tags=21%, list=17%, signal=25%	
PROTEIN METHYLATION%GOBP%GO:0006479	PROTEIN METHYLATION%GOBP%GO:0006479		35	0.24974015	0.7385854	0.86971235	0.9799495	1.0	2900	tags=34%, list=26%, signal=46%	
DYRK1A INVOLVEMENT REGARDING CELL PROLIFERATION IN BRAIN DEVELOPMENT%WIKIPATHWAYS_20250810%WP5180%HOMO SAPIENS	DYRK1A INVOLVEMENT REGARDING CELL PROLIFERATION IN BRAIN DEVELOPMENT%WIKIPATHWAYS_20250810%WP5180%HOMO SAPIENS		43	0.23793423	0.73830193	0.89788735	0.97996056	1.0	3035	tags=30%, list=28%, signal=42%	
MITOCHONDRIAL PROTEIN DEGRADATION%REACTOME%R-HSA-9837999.2	MITOCHONDRIAL PROTEIN DEGRADATION%REACTOME%R-HSA-9837999.2		91	0.21268128	0.73789936	0.95933735	0.9801486	1.0	2172	tags=16%, list=20%, signal=20%	
REGULATION OF ENDOGENOUS RETROELEMENTS BY PIWI-INTERACTING RNAS (PIRNAS)%REACTOME%R-HSA-9845323.1	REGULATION OF ENDOGENOUS RETROELEMENTS BY PIWI-INTERACTING RNAS (PIRNAS)%REACTOME%R-HSA-9845323.1		49	0.23895954	0.7376349	0.9048387	0.9801422	1.0	1213	tags=14%, list=11%, signal=16%	
VPR-MEDIATED NUCLEAR IMPORT OF PICS%REACTOME%R-HSA-180910.4	VPR-MEDIATED NUCLEAR IMPORT OF PICS%REACTOME%R-HSA-180910.4		31	0.25639853	0.73620784	0.88216037	0.9815343	1.0	3521	tags=35%, list=32%, signal=52%	
PHOSPHOLIPID CATABOLIC PROCESS%GOBP%GO:0009395	PHOSPHOLIPID CATABOLIC PROCESS%GOBP%GO:0009395		21	0.27857715	0.73617876	0.8440208	0.98123634	1.0	986	tags=14%, list=9%, signal=16%	
MIRNA-MEDIATED POST-TRANSCRIPTIONAL GENE SILENCING%GOBP%GO:0035195	MIRNA-MEDIATED POST-TRANSCRIPTIONAL GENE SILENCING%GOBP%GO:0035195		26	0.26711276	0.73612046	0.8717504	0.9809791	1.0	1933	tags=19%, list=18%, signal=23%	
POSITIVE REGULATION OF NUCLEOCYTOPLASMIC TRANSPORT%GOBP%GO:0046824	POSITIVE REGULATION OF NUCLEOCYTOPLASMIC TRANSPORT%GOBP%GO:0046824		41	0.24278596	0.7356781	0.9034942	0.9811734	1.0	4112	tags=46%, list=37%, signal=74%	
CHOLESTEROL BIOSYNTHESIS PATHWAY IN HEPATOCYTES%WIKIPATHWAYS_20250810%WP5329%HOMO SAPIENS	CHOLESTEROL BIOSYNTHESIS PATHWAY IN HEPATOCYTES%WIKIPATHWAYS_20250810%WP5329%HOMO SAPIENS		28	0.26032382	0.7348746	0.86535305	0.98181653	1.0	1545	tags=18%, list=14%, signal=21%	
SIGNALING BY TGFBR3%REACTOME DATABASE ID RELEASE 93%9839373	SIGNALING BY TGFBR3%REACTOME DATABASE ID RELEASE 93%9839373		36	0.24995387	0.7348383	0.892437	0.98152214	1.0	1396	tags=17%, list=13%, signal=19%	
RRNA PROCESSING IN THE MITOCHONDRION%REACTOME%R-HSA-8868766.4	RRNA PROCESSING IN THE MITOCHONDRION%REACTOME%R-HSA-8868766.4		15	0.3053357	0.7345764	0.8217469	0.98150927	1.0	1522	tags=13%, list=14%, signal=15%	
REGULATION OF PROTEIN MATURATION%GOBP%GO:1903317	REGULATION OF PROTEIN MATURATION%GOBP%GO:1903317		25	0.26980892	0.73454064	0.8726655	0.9812147	1.0	1544	tags=20%, list=14%, signal=23%	
FATTY ACID AND LIPOPROTEIN TRANSPORT IN HEPATOCYTES%WIKIPATHWAYS_20250810%WP5323%HOMO SAPIENS	FATTY ACID AND LIPOPROTEIN TRANSPORT IN HEPATOCYTES%WIKIPATHWAYS_20250810%WP5323%HOMO SAPIENS		20	0.2841083	0.7342265	0.86564624	0.9812652	1.0	3412	tags=50%, list=31%, signal=72%	
SPERMATID DIFFERENTIATION%GOBP%GO:0048515	SPERMATID DIFFERENTIATION%GOBP%GO:0048515		65	0.2245434	0.7340699	0.9296	0.98112553	1.0	438	tags=6%, list=4%, signal=6%	
NEGATIVE REGULATION OF PROTEOLYSIS%GOBP%GO:0045861	NEGATIVE REGULATION OF PROTEOLYSIS%GOBP%GO:0045861		77	0.21711887	0.7335349	0.9517685	0.98140746	1.0	1408	tags=14%, list=13%, signal=16%	
POSITIVE REGULATION OF TRANSMEMBRANE RECEPTOR PROTEIN SERINE/THREONINE KINASE SIGNALING PATHWAY%GOBP%GO:0090100	POSITIVE REGULATION OF TRANSMEMBRANE RECEPTOR PROTEIN SERINE/THREONINE KINASE SIGNALING PATHWAY%GOBP%GO:0090100		47	0.23413104	0.73268604	0.92561984	0.98207176	1.0	1220	tags=15%, list=11%, signal=17%	
EUKARYOTIC TRANSCRIPTION INITIATION%WIKIPATHWAYS_20250810%WP405%HOMO SAPIENS	EUKARYOTIC TRANSCRIPTION INITIATION%WIKIPATHWAYS_20250810%WP405%HOMO SAPIENS		28	0.2636887	0.73266023	0.8678261	0.9817718	1.0	158	tags=4%, list=1%, signal=4%	
FORMATION OF HIV-1 ELONGATION COMPLEX CONTAINING HIV-1 TAT%REACTOME%R-HSA-167200.5	FORMATION OF HIV-1 ELONGATION COMPLEX CONTAINING HIV-1 TAT%REACTOME%R-HSA-167200.5		39	0.24359426	0.7324067	0.8871795	0.98175454	1.0	3720	tags=31%, list=34%, signal=46%	
AMINO SUGAR METABOLIC PROCESS%GOBP%GO:0006040	AMINO SUGAR METABOLIC PROCESS%GOBP%GO:0006040		25	0.26855254	0.73219377	0.8490879	0.98167104	1.0	1819	tags=20%, list=17%, signal=24%	
HYPOXIC AND OXYGEN HOMEOSTASIS REGULATION OF HIF-1-ALPHA%PATHWAY INTERACTION DATABASE NCI-NATURE CURATED DATA%HYPOXIC AND OXYGEN HOMEOSTASIS REGULATION OF HIF-1-ALPHA	HYPOXIC AND OXYGEN HOMEOSTASIS REGULATION OF HIF-1-ALPHA%PATHWAY INTERACTION DATABASE NCI-NATURE CURATED DATA%HYPOXIC AND OXYGEN HOMEOSTASIS REGULATION OF HIF-1-ALPHA		17	0.28953204	0.7320373	0.8593482	0.98152655	1.0	238	tags=6%, list=2%, signal=6%	
MICROTUBULE ANCHORING%GOBP%GO:0034453	MICROTUBULE ANCHORING%GOBP%GO:0034453		18	0.29130372	0.7316508	0.83788395	0.9816475	1.0	2446	tags=22%, list=22%, signal=29%	
REGULATION OF PROTEIN PROCESSING%GOBP%GO:0070613	REGULATION OF PROTEIN PROCESSING%GOBP%GO:0070613		23	0.26991087	0.731556	0.85690236	0.98142135	1.0	782	tags=13%, list=7%, signal=14%	
CILIUM MOVEMENT%GOBP%GO:0003341	CILIUM MOVEMENT%GOBP%GO:0003341		61	0.22741061	0.7314791	0.91451615	0.98119056	1.0	2482	tags=20%, list=23%, signal=25%	
GNAQ P R183Q DRIVES CAPILLARY MALFORMATION%WIKIPATHWAYS_20250810%WP5501%HOMO SAPIENS	GNAQ P R183Q DRIVES CAPILLARY MALFORMATION%WIKIPATHWAYS_20250810%WP5501%HOMO SAPIENS		18	0.28829908	0.7303645	0.85273975	0.9822029	1.0	1517	tags=17%, list=14%, signal=19%	
REGULATION OF SPINDLE ORGANIZATION%GOBP%GO:0090224	REGULATION OF SPINDLE ORGANIZATION%GOBP%GO:0090224		36	0.24795933	0.73024315	0.88244766	0.9820126	1.0	1970	tags=19%, list=18%, signal=24%	
REGULATION OF TELOMERE MAINTENANCE VIA TELOMERE LENGTHENING%GOBP%GO:1904356	REGULATION OF TELOMERE MAINTENANCE VIA TELOMERE LENGTHENING%GOBP%GO:1904356		46	0.23690666	0.7298262	0.9080068	0.98214996	1.0	1288	tags=9%, list=12%, signal=10%	
REGULATION OF NECROPTOTIC PROCESS%GOBP%GO:0060544	REGULATION OF NECROPTOTIC PROCESS%GOBP%GO:0060544		17	0.29442406	0.72978115	0.83157897	0.98186857	1.0	3488	tags=41%, list=32%, signal=60%	
RESPONSE OF ENDOTHELIAL CELLS TO SHEAR STRESS%REACTOME DATABASE ID RELEASE 93%9860931	RESPONSE OF ENDOTHELIAL CELLS TO SHEAR STRESS%REACTOME DATABASE ID RELEASE 93%9860931		63	0.22450873	0.7296159	0.9459459	0.9817338	1.0	2120	tags=19%, list=19%, signal=23%	
NEGATIVE REGULATION OF PROTEIN UBIQUITINATION%GOBP%GO:0031397	NEGATIVE REGULATION OF PROTEIN UBIQUITINATION%GOBP%GO:0031397		53	0.23045811	0.72935414	0.9217252	0.9817296	1.0	2768	tags=28%, list=25%, signal=38%	
NEGATIVE REGULATION OF ENDOTHELIAL CELL MIGRATION%GOBP%GO:0010596	NEGATIVE REGULATION OF ENDOTHELIAL CELL MIGRATION%GOBP%GO:0010596		25	0.27158847	0.7289699	0.86019737	0.98187315	1.0	3142	tags=40%, list=29%, signal=56%	
IL17 SIGNALING%WIKIPATHWAYS_20250810%WP2112%HOMO SAPIENS	IL17 SIGNALING%WIKIPATHWAYS_20250810%WP2112%HOMO SAPIENS		20	0.2858582	0.7287567	0.8549488	0.9817871	1.0	715	tags=10%, list=7%, signal=11%	
REGULATION OF SPINDLE ASSEMBLY%GOBP%GO:0090169	REGULATION OF SPINDLE ASSEMBLY%GOBP%GO:0090169		26	0.2616119	0.72865736	0.86587435	0.9815669	1.0	1970	tags=23%, list=18%, signal=28%	
DETECTION OF ABIOTIC STIMULUS%GOBP%GO:0009582	DETECTION OF ABIOTIC STIMULUS%GOBP%GO:0009582		29	0.2610129	0.7283733	0.8787879	0.98156214	1.0	1414	tags=14%, list=13%, signal=16%	
POSITIVE REGULATION OF ORGANELLE ASSEMBLY%GOBP%GO:1902117	POSITIVE REGULATION OF ORGANELLE ASSEMBLY%GOBP%GO:1902117		61	0.22409357	0.72817564	0.95049506	0.9814704	1.0	1405	tags=15%, list=13%, signal=17%	
RNA-TEMPLATED DNA BIOSYNTHETIC PROCESS%GOBP%GO:0006278	RNA-TEMPLATED DNA BIOSYNTHETIC PROCESS%GOBP%GO:0006278		20	0.27658716	0.72762775	0.84110534	0.9817347	1.0	932	tags=10%, list=8%, signal=11%	
RIBOSOME ASSEMBLY%GOBP%GO:0042255	RIBOSOME ASSEMBLY%GOBP%GO:0042255		55	0.22879669	0.72736084	0.91525424	0.9817062	1.0	1161	tags=11%, list=11%, signal=12%	
RESPONSE TO AMINO ACID%GOBP%GO:0043200	RESPONSE TO AMINO ACID%GOBP%GO:0043200		38	0.24680404	0.7270841	0.8923841	0.9816957	1.0	3343	tags=39%, list=30%, signal=57%	
POSITIVE REGULATION OF DOUBLE-STRAND BREAK REPAIR%GOBP%GO:2000781	POSITIVE REGULATION OF DOUBLE-STRAND BREAK REPAIR%GOBP%GO:2000781		84	0.21358828	0.72686654	0.96278316	0.9816173	1.0	2190	tags=17%, list=20%, signal=21%	
TRNA METABOLIC PROCESS%GOBP%GO:0006399	TRNA METABOLIC PROCESS%GOBP%GO:0006399		172	0.19212672	0.7266899	0.988006	0.9814936	1.0	2371	tags=17%, list=22%, signal=22%	
HIV TRANSCRIPTION ELONGATION%REACTOME%R-HSA-167169.4	HIV TRANSCRIPTION ELONGATION%REACTOME%R-HSA-167169.4		39	0.24359426	0.7266131	0.89948004	0.9812493	1.0	3720	tags=31%, list=34%, signal=46%	
NEGATIVE REGULATION OF ACTIN FILAMENT BUNDLE ASSEMBLY%GOBP%GO:0032232	NEGATIVE REGULATION OF ACTIN FILAMENT BUNDLE ASSEMBLY%GOBP%GO:0032232		16	0.29376298	0.726279	0.83451957	0.981291	1.0	1625	tags=25%, list=15%, signal=29%	
TURBULENT (OSCILLATORY, DISTURBED) FLOW SHEAR STRESS ACTIVATES SIGNALING BY PIEZO1 AND INTEGRINS IN ENDOTHELIAL CELLS%REACTOME%R-HSA-9860927.2	TURBULENT (OSCILLATORY, DISTURBED) FLOW SHEAR STRESS ACTIVATES SIGNALING BY PIEZO1 AND INTEGRINS IN ENDOTHELIAL CELLS%REACTOME%R-HSA-9860927.2		24	0.26802263	0.72619087	0.8527828	0.9810582	1.0	1453	tags=13%, list=13%, signal=14%	
REGULATORY NCRNA-MEDIATED POST-TRANSCRIPTIONAL GENE SILENCING%GOBP%GO:0035194	REGULATORY NCRNA-MEDIATED POST-TRANSCRIPTIONAL GENE SILENCING%GOBP%GO:0035194		33	0.24792123	0.72555333	0.8913044	0.9814624	1.0	4134	tags=39%, list=38%, signal=63%	
INSULIN PROCESSING%REACTOME%R-HSA-264876.7	INSULIN PROCESSING%REACTOME%R-HSA-264876.7		16	0.3011737	0.7255315	0.84102565	0.981155	1.0	1989	tags=13%, list=18%, signal=15%	
PROTEIN BRANCHED POLYUBIQUITINATION%GOBP%GO:0141198	PROTEIN BRANCHED POLYUBIQUITINATION%GOBP%GO:0141198		19	0.28678724	0.7254066	0.8752108	0.9809648	1.0	2755	tags=26%, list=25%, signal=35%	
REGULATION OF TP53 ACTIVITY THROUGH ACETYLATION%REACTOME DATABASE ID RELEASE 93%6804758	REGULATION OF TP53 ACTIVITY THROUGH ACETYLATION%REACTOME DATABASE ID RELEASE 93%6804758		29	0.26008505	0.7238647	0.8628099	0.9823203	1.0	3881	tags=34%, list=35%, signal=53%	
REGULATION OF CARDIAC MUSCLE CONTRACTION%GOBP%GO:0055117	REGULATION OF CARDIAC MUSCLE CONTRACTION%GOBP%GO:0055117		29	0.25876597	0.72319496	0.8978583	0.9827186	1.0	1583	tags=24%, list=14%, signal=28%	
PID_VEGFR1_2_PATHWAY%MSIGDB_C2%PID_VEGFR1_2_PATHWAY	PID_VEGFR1_2_PATHWAY%MSIGDB_C2%PID_VEGFR1_2_PATHWAY		47	0.23355316	0.72209835	0.90268457	0.9835792	1.0	1100	tags=13%, list=10%, signal=14%	
DNA MODIFICATION%GOBP%GO:0006304	DNA MODIFICATION%GOBP%GO:0006304		21	0.27522662	0.72196245	0.8681898	0.9833894	1.0	1006	tags=14%, list=9%, signal=16%	
LKB1 SIGNALING EVENTS%PATHWAY INTERACTION DATABASE NCI-NATURE CURATED DATA%LKB1 SIGNALING EVENTS	LKB1 SIGNALING EVENTS%PATHWAY INTERACTION DATABASE NCI-NATURE CURATED DATA%LKB1 SIGNALING EVENTS		36	0.24841776	0.7206064	0.884808	0.9845309	1.0	1561	tags=17%, list=14%, signal=19%	
PID_FANCONI_PATHWAY%MSIGDB_C2%PID_FANCONI_PATHWAY	PID_FANCONI_PATHWAY%MSIGDB_C2%PID_FANCONI_PATHWAY		36	0.2453775	0.720532	0.91457283	0.98427844	1.0	3453	tags=31%, list=31%, signal=44%	
TAT-MEDIATED ELONGATION OF THE HIV-1 TRANSCRIPT%REACTOME%R-HSA-167246.4	TAT-MEDIATED ELONGATION OF THE HIV-1 TRANSCRIPT%REACTOME%R-HSA-167246.4		39	0.24359426	0.71967936	0.9166667	0.98490405	1.0	3720	tags=31%, list=34%, signal=46%	
MRNA CAPPING%REACTOME DATABASE ID RELEASE 93%72086	MRNA CAPPING%REACTOME DATABASE ID RELEASE 93%72086		26	0.26247394	0.7194835	0.8888889	0.98476577	1.0	3302	tags=27%, list=30%, signal=38%	
ENERGY RESERVE METABOLIC PROCESS%GOBP%GO:0006112	ENERGY RESERVE METABOLIC PROCESS%GOBP%GO:0006112		28	0.2583419	0.718982	0.87219346	0.9849603	1.0	3934	tags=54%, list=36%, signal=83%	
SUMOYLATION OF CHROMATIN ORGANIZATION PROTEINS%REACTOME%R-HSA-4551638.7	SUMOYLATION OF CHROMATIN ORGANIZATION PROTEINS%REACTOME%R-HSA-4551638.7		49	0.23552258	0.7188359	0.9233279	0.9847809	1.0	4225	tags=45%, list=38%, signal=73%	
SIGNALING BY FGFR1%REACTOME DATABASE ID RELEASE 93%5654736	SIGNALING BY FGFR1%REACTOME DATABASE ID RELEASE 93%5654736		26	0.2567483	0.71832454	0.8942953	0.9849889	1.0	1654	tags=15%, list=15%, signal=18%	
PROTEIN ALKYLATION%GOBP%GO:0008213	PROTEIN ALKYLATION%GOBP%GO:0008213		35	0.24974015	0.7183231	0.8918919	0.98466116	1.0	2900	tags=34%, list=26%, signal=46%	
HISTONE MODIFICATIONS%WIKIPATHWAYS_20250810%WP2369%HOMO SAPIENS	HISTONE MODIFICATIONS%WIKIPATHWAYS_20250810%WP2369%HOMO SAPIENS		35	0.24653724	0.71767294	0.9279732	0.9850439	1.0	3213	tags=29%, list=29%, signal=40%	
RAB GERANYLGERANYLATION%REACTOME DATABASE ID RELEASE 93%8873719	RAB GERANYLGERANYLATION%REACTOME DATABASE ID RELEASE 93%8873719		47	0.23168547	0.7176278	0.9300341	0.9847596	1.0	2129	tags=19%, list=19%, signal=24%	
REGULATION OF CAMP/PKA SIGNAL TRANSDUCTION%GOBP%GO:0141161	REGULATION OF CAMP/PKA SIGNAL TRANSDUCTION%GOBP%GO:0141161		22	0.2720435	0.71745974	0.87561375	0.9846041	1.0	830	tags=14%, list=8%, signal=15%	
NEGATIVE REGULATION OF SMOOTHENED SIGNALING PATHWAY%GOBP%GO:0045879	NEGATIVE REGULATION OF SMOOTHENED SIGNALING PATHWAY%GOBP%GO:0045879		17	0.28829536	0.7163317	0.8797251	0.98544425	1.0	2634	tags=35%, list=24%, signal=46%	
PROTEIN POLYMERIZATION%GOBP%GO:0051258	PROTEIN POLYMERIZATION%GOBP%GO:0051258		66	0.22045517	0.71578336	0.9557377	0.985692	1.0	2999	tags=26%, list=27%, signal=35%	
NUCLEOTIDE-BINDING DOMAIN, LEUCINE RICH REPEAT CONTAINING RECEPTOR (NLR) SIGNALING PATHWAYS%REACTOME%R-HSA-168643.3	NUCLEOTIDE-BINDING DOMAIN, LEUCINE RICH REPEAT CONTAINING RECEPTOR (NLR) SIGNALING PATHWAYS%REACTOME%R-HSA-168643.3		47	0.22987679	0.71461517	0.9200652	0.98657334	1.0	2553	tags=23%, list=23%, signal=30%	
NEGATIVE REGULATION OF FAT CELL DIFFERENTIATION%GOBP%GO:0045599	NEGATIVE REGULATION OF FAT CELL DIFFERENTIATION%GOBP%GO:0045599		22	0.26884332	0.71416605	0.88379705	0.9867144	1.0	3846	tags=32%, list=35%, signal=49%	
RNA SURVEILLANCE%GOBP%GO:0071025	RNA SURVEILLANCE%GOBP%GO:0071025		38	0.23831998	0.7138214	0.89897263	0.9867305	1.0	1354	tags=11%, list=12%, signal=12%	
REGULATION OF UBIQUITIN-PROTEIN TRANSFERASE ACTIVITY%GOBP%GO:0051438	REGULATION OF UBIQUITIN-PROTEIN TRANSFERASE ACTIVITY%GOBP%GO:0051438		16	0.2897885	0.71374923	0.85958904	0.9864801	1.0	1938	tags=25%, list=18%, signal=30%	
FGF SIGNALING PATHWAY%PATHWAY INTERACTION DATABASE NCI-NATURE CURATED DATA%FGF SIGNALING PATHWAY	FGF SIGNALING PATHWAY%PATHWAY INTERACTION DATABASE NCI-NATURE CURATED DATA%FGF SIGNALING PATHWAY		33	0.24451222	0.7128588	0.9129693	0.9870489	1.0	1752	tags=24%, list=16%, signal=29%	
AXON GUIDANCE%WIKIPATHWAYS_20250810%WP5289%HOMO SAPIENS	AXON GUIDANCE%WIKIPATHWAYS_20250810%WP5289%HOMO SAPIENS		34	0.24265781	0.7121715	0.91952056	0.98739433	1.0	2507	tags=26%, list=23%, signal=34%	
ENDOTHELIAL CELL DIFFERENTIATION%GOBP%GO:0045446	ENDOTHELIAL CELL DIFFERENTIATION%GOBP%GO:0045446		32	0.24908073	0.7121528	0.89830506	0.98708534	1.0	1724	tags=19%, list=16%, signal=22%	
CHOLESTEROL METABOLISM%WIKIPATHWAYS_20250810%WP5304%HOMO SAPIENS	CHOLESTEROL METABOLISM%WIKIPATHWAYS_20250810%WP5304%HOMO SAPIENS		37	0.2412556	0.7116465	0.8967136	0.98726875	1.0	3119	tags=30%, list=28%, signal=41%	
5HT1 TYPE RECEPTOR MEDIATED SIGNALING PATHWAY%PANTHER PATHWAY%P04373	5HT1 TYPE RECEPTOR MEDIATED SIGNALING PATHWAY%PANTHER PATHWAY%P04373		18	0.28180364	0.7112497	0.8726968	0.9873311	1.0	2388	tags=33%, list=22%, signal=43%	
TELOMERE MAINTENANCE VIA TELOMERASE%GOBP%GO:0007004	TELOMERE MAINTENANCE VIA TELOMERASE%GOBP%GO:0007004		20	0.27658716	0.7109697	0.86401325	0.98727447	1.0	932	tags=10%, list=8%, signal=11%	
PROTEIN-RNA COMPLEX ASSEMBLY%GOBP%GO:0022618	PROTEIN-RNA COMPLEX ASSEMBLY%GOBP%GO:0022618		180	0.18921006	0.7105484	0.9881129	0.98737115	1.0	2531	tags=18%, list=23%, signal=23%	
FBXL10 ENHANCEMENT OF MAP ERK SIGNALING IN DIFFUSE LARGE B CELL LYMPHOMA%WIKIPATHWAYS_20250810%WP4553%HOMO SAPIENS	FBXL10 ENHANCEMENT OF MAP ERK SIGNALING IN DIFFUSE LARGE B CELL LYMPHOMA%WIKIPATHWAYS_20250810%WP4553%HOMO SAPIENS		15	0.29447126	0.71023315	0.8648649	0.98735356	1.0	1213	tags=13%, list=11%, signal=15%	
REGULATION OF MICROTUBULE-BASED PROCESS%GOBP%GO:0032886	REGULATION OF MICROTUBULE-BASED PROCESS%GOBP%GO:0032886		156	0.19043575	0.70929295	0.99115044	0.9878996	1.0	1970	tags=12%, list=18%, signal=14%	
MITOCHONDRIAL TRNA AMINOACYLATION%REACTOME DATABASE ID RELEASE 93%379726	MITOCHONDRIAL TRNA AMINOACYLATION%REACTOME DATABASE ID RELEASE 93%379726		18	0.28303012	0.7087052	0.8607595	0.98813206	1.0	3559	tags=44%, list=32%, signal=66%	
TELOMERE MAINTENANCE VIA TELOMERE LENGTHENING%GOBP%GO:0010833	TELOMERE MAINTENANCE VIA TELOMERE LENGTHENING%GOBP%GO:0010833		25	0.26038334	0.7084816	0.8902439	0.98801756	1.0	1288	tags=12%, list=12%, signal=14%	
IKK COMPLEX RECRUITMENT MEDIATED BY RIP1%REACTOME DATABASE ID RELEASE 93%937041	IKK COMPLEX RECRUITMENT MEDIATED BY RIP1%REACTOME DATABASE ID RELEASE 93%937041		18	0.28011587	0.7080972	0.8890815	0.98807114	1.0	2269	tags=22%, list=21%, signal=28%	
FABRY DISEASE%SMPDB%SMP0000525	FABRY DISEASE%SMPDB%SMP0000525		16	0.28493133	0.7075915	0.87628865	0.9882297	1.0	1808	tags=19%, list=16%, signal=22%	
CYTOSOLIC TRNA AMINOACYLATION%REACTOME%R-HSA-379716.3	CYTOSOLIC TRNA AMINOACYLATION%REACTOME%R-HSA-379716.3		24	0.26553246	0.70715207	0.87171054	0.9883224	1.0	1353	tags=17%, list=12%, signal=19%	
VESICLE DOCKING INVOLVED IN EXOCYTOSIS%GOBP%GO:0006904	VESICLE DOCKING INVOLVED IN EXOCYTOSIS%GOBP%GO:0006904		24	0.2650675	0.7063863	0.88095236	0.98873514	1.0	2149	tags=25%, list=20%, signal=31%	
POSITIVE REGULATION OF DNA-TEMPLATED TRANSCRIPTION, ELONGATION%GOBP%GO:0032786	POSITIVE REGULATION OF DNA-TEMPLATED TRANSCRIPTION, ELONGATION%GOBP%GO:0032786		54	0.22145203	0.70548624	0.9501661	0.9892634	1.0	4204	tags=39%, list=38%, signal=63%	
STEROL BIOSYNTHETIC PROCESS%GOBP%GO:0016126	STEROL BIOSYNTHETIC PROCESS%GOBP%GO:0016126		27	0.25231713	0.7049032	0.90387857	0.9895062	1.0	85	tags=4%, list=1%, signal=4%	
FANCONI ANEMIA PATHWAY%REACTOME DATABASE ID RELEASE 93%6783310	FANCONI ANEMIA PATHWAY%REACTOME DATABASE ID RELEASE 93%6783310		33	0.24475728	0.70483345	0.91749173	0.98923486	1.0	2673	tags=21%, list=24%, signal=28%	
INNER EAR DEVELOPMENT%GOBP%GO:0048839	INNER EAR DEVELOPMENT%GOBP%GO:0048839		17	0.28157684	0.7047626	0.8661845	0.98897207	1.0	1233	tags=24%, list=11%, signal=26%	
TRANSCRIPTION PREINITIATION COMPLEX ASSEMBLY%GOBP%GO:0070897	TRANSCRIPTION PREINITIATION COMPLEX ASSEMBLY%GOBP%GO:0070897		44	0.2301674	0.7043605	0.9248366	0.98902315	1.0	3970	tags=41%, list=36%, signal=64%	
ESTABLISHMENT OF MITOCHONDRION LOCALIZATION%GOBP%GO:0051654	ESTABLISHMENT OF MITOCHONDRION LOCALIZATION%GOBP%GO:0051654		15	0.29112828	0.70420223	0.8649123	0.98884887	1.0	2707	tags=33%, list=25%, signal=44%	
PROTEIN-RNA COMPLEX ORGANIZATION%GOBP%GO:0071826	PROTEIN-RNA COMPLEX ORGANIZATION%GOBP%GO:0071826		189	0.18290016	0.7033834	0.99712646	0.9892932	1.0	2531	tags=19%, list=23%, signal=24%	
PID_PI3K_PLC_TRK_PATHWAY%MSIGDB_C2%PID_PI3K_PLC_TRK_PATHWAY	PID_PI3K_PLC_TRK_PATHWAY%MSIGDB_C2%PID_PI3K_PLC_TRK_PATHWAY		21	0.27591613	0.7031655	0.8935018	0.98916584	1.0	3554	tags=52%, list=32%, signal=77%	
KRABBE DISEASE%PATHWHIZ%PW000502	KRABBE DISEASE%PATHWHIZ%PW000502		16	0.28493133	0.70298934	0.8684211	0.9890066	1.0	1808	tags=19%, list=16%, signal=22%	
DEADENYLATION-DEPENDENT MRNA DECAY%REACTOME%R-HSA-429914.4	DEADENYLATION-DEPENDENT MRNA DECAY%REACTOME%R-HSA-429914.4		55	0.2206427	0.7029222	0.9483333	0.98874724	1.0	2465	tags=18%, list=22%, signal=23%	
4P16 3 COPY NUMBER VARIATION%WIKIPATHWAYS_20250810%WP5365%HOMO SAPIENS	4P16 3 COPY NUMBER VARIATION%WIKIPATHWAYS_20250810%WP5365%HOMO SAPIENS		22	0.2672578	0.70241946	0.8701754	0.98888624	1.0	3971	tags=45%, list=36%, signal=71%	
TRANSCRIPTIONAL ACTIVATION OF MITOCHONDRIAL BIOGENESIS%REACTOME%R-HSA-2151201.4	TRANSCRIPTIONAL ACTIVATION OF MITOCHONDRIAL BIOGENESIS%REACTOME%R-HSA-2151201.4		45	0.23284627	0.70200914	0.9352751	0.98895353	1.0	2623	tags=27%, list=24%, signal=35%	
METACHROMATIC LEUKODYSTROPHY (MLD)%SMPDB%SMP0000347	METACHROMATIC LEUKODYSTROPHY (MLD)%SMPDB%SMP0000347		16	0.28493133	0.70173496	0.86860067	0.98887557	1.0	1808	tags=19%, list=16%, signal=22%	
GLOBOID CELL LEUKODYSTROPHY%PATHWHIZ%PW000202	GLOBOID CELL LEUKODYSTROPHY%PATHWHIZ%PW000202		16	0.28493133	0.7016778	0.87713313	0.9885996	1.0	1808	tags=19%, list=16%, signal=22%	
COPII VESICLE COATING%GOBP%GO:0048208	COPII VESICLE COATING%GOBP%GO:0048208		21	0.26151142	0.7015004	0.89625853	0.9884379	1.0	4155	tags=48%, list=38%, signal=76%	
TRANSLATIONAL ELONGATION%GOBP%GO:0006414	TRANSLATIONAL ELONGATION%GOBP%GO:0006414		50	0.2245399	0.7013149	0.94233936	0.9882734	1.0	2440	tags=20%, list=22%, signal=26%	
PID_FAK_PATHWAY%MSIGDB_C2%PID_FAK_PATHWAY	PID_FAK_PATHWAY%MSIGDB_C2%PID_FAK_PATHWAY		39	0.23275617	0.6999107	0.92635024	0.98919594	1.0	3554	tags=41%, list=32%, signal=60%	
MIDBODY ABSCISSION%GOBP%GO:0061952	MIDBODY ABSCISSION%GOBP%GO:0061952		21	0.2676683	0.697518	0.89672977	0.9910546	1.0	2448	tags=24%, list=22%, signal=31%	
SPHINGOLIPID METABOLISM%SMPDB%SMP0000034	SPHINGOLIPID METABOLISM%SMPDB%SMP0000034		16	0.28493133	0.69750863	0.88850176	0.99073714	1.0	1808	tags=19%, list=16%, signal=22%	
CELLULAR RESPIRATION%GOBP%GO:0045333	CELLULAR RESPIRATION%GOBP%GO:0045333		154	0.18981282	0.6969665	0.98818314	0.99090916	1.0	2393	tags=18%, list=22%, signal=22%	
REGULATION OF CYTOPLASMIC TRANSLATION%GOBP%GO:2000765	REGULATION OF CYTOPLASMIC TRANSLATION%GOBP%GO:2000765		29	0.24810316	0.69664997	0.8991453	0.99084973	1.0	806	tags=7%, list=7%, signal=7%	
NEGATIVE REGULATION OF EPITHELIAL TO MESENCHYMAL TRANSITION%GOBP%GO:0010719	NEGATIVE REGULATION OF EPITHELIAL TO MESENCHYMAL TRANSITION%GOBP%GO:0010719		19	0.27111396	0.6965519	0.9039451	0.9906069	1.0	1531	tags=16%, list=14%, signal=18%	
GAUCHER DISEASE%PATHWHIZ%PW000201	GAUCHER DISEASE%PATHWHIZ%PW000201		16	0.28493133	0.6965015	0.8804921	0.99032307	1.0	1808	tags=19%, list=16%, signal=22%	
STING PATHWAY IN KAWASAKI LIKE DISEASE AND COVID 19%WIKIPATHWAYS_20250810%WP4961%HOMO SAPIENS	STING PATHWAY IN KAWASAKI LIKE DISEASE AND COVID 19%WIKIPATHWAYS_20250810%WP4961%HOMO SAPIENS		16	0.2854822	0.6964742	0.8616667	0.99002314	1.0	2727	tags=38%, list=25%, signal=50%	
MITOCHONDRIAL TRNA PROCESSING%GOBP%GO:0090646	MITOCHONDRIAL TRNA PROCESSING%GOBP%GO:0090646		16	0.2816976	0.69603056	0.86452764	0.99007547	1.0	2763	tags=25%, list=25%, signal=33%	
POSITIVE REGULATION OF MITOPHAGY%GOBP%GO:1901526	POSITIVE REGULATION OF MITOPHAGY%GOBP%GO:1901526		15	0.28796855	0.69549185	0.877551	0.9902082	1.0	1225	tags=20%, list=11%, signal=22%	
VESICLE TARGETING, ROUGH ER TO CIS-GOLGI%GOBP%GO:0048207	VESICLE TARGETING, ROUGH ER TO CIS-GOLGI%GOBP%GO:0048207		21	0.26151142	0.69424987	0.87852114	0.99096453	1.0	4155	tags=48%, list=38%, signal=76%	
PROLACTIN SIGNALING%WIKIPATHWAYS_20250810%WP2037%HOMO SAPIENS	PROLACTIN SIGNALING%WIKIPATHWAYS_20250810%WP2037%HOMO SAPIENS		58	0.21171013	0.69309187	0.9559322	0.9916516	1.0	3077	tags=33%, list=28%, signal=45%	
INTERLEUKIN-37 SIGNALING%REACTOME DATABASE ID RELEASE 93%9008059	INTERLEUKIN-37 SIGNALING%REACTOME DATABASE ID RELEASE 93%9008059		19	0.2672905	0.6930459	0.8731884	0.9913613	1.0	3846	tags=42%, list=35%, signal=65%	
BUDDING AND MATURATION OF HIV VIRION%REACTOME%R-HSA-162588.4	BUDDING AND MATURATION OF HIV VIRION%REACTOME%R-HSA-162588.4		25	0.25549397	0.69282544	0.89597315	0.9912281	1.0	3024	tags=32%, list=28%, signal=44%	
RESPONSE TO STEROID HORMONE%GOBP%GO:0048545	RESPONSE TO STEROID HORMONE%GOBP%GO:0048545		71	0.20854108	0.6924799	0.96629214	0.9911941	1.0	2521	tags=24%, list=23%, signal=31%	
ENTRAINMENT OF CIRCADIAN CLOCK BY PHOTOPERIOD%GOBP%GO:0043153	ENTRAINMENT OF CIRCADIAN CLOCK BY PHOTOPERIOD%GOBP%GO:0043153		18	0.27559382	0.6919301	0.8841567	0.9913357	1.0	131	tags=6%, list=1%, signal=6%	
EMBRYONIC HEART TUBE MORPHOGENESIS%GOBP%GO:0003143	EMBRYONIC HEART TUBE MORPHOGENESIS%GOBP%GO:0003143		19	0.26794094	0.69176906	0.8985765	0.9911481	1.0	3142	tags=37%, list=29%, signal=52%	
NUCLEOTIDE EXCISION REPAIR IN XERODERMA PIGMENTOSUM %WIKIPATHWAYS_20250810%WP5114%HOMO SAPIENS	NUCLEOTIDE EXCISION REPAIR IN XERODERMA PIGMENTOSUM %WIKIPATHWAYS_20250810%WP5114%HOMO SAPIENS		42	0.22986726	0.6914552	0.9218241	0.99108064	1.0	3479	tags=29%, list=32%, signal=42%	
TRANSLOCATION OF SLC2A4 (GLUT4) TO THE PLASMA MEMBRANE%REACTOME%R-HSA-1445148.4	TRANSLOCATION OF SLC2A4 (GLUT4) TO THE PLASMA MEMBRANE%REACTOME%R-HSA-1445148.4		48	0.21788508	0.69062	0.95941556	0.99144423	1.0	2623	tags=23%, list=24%, signal=30%	
FORMATION OF HIV ELONGATION COMPLEX IN THE ABSENCE OF HIV TAT%REACTOME%R-HSA-167152.5	FORMATION OF HIV ELONGATION COMPLEX IN THE ABSENCE OF HIV TAT%REACTOME%R-HSA-167152.5		41	0.22728539	0.6900559	0.9415808	0.99157375	1.0	3720	tags=29%, list=34%, signal=44%	
REGULATION OF LIPID METABOLISM BY PPARALPHA%REACTOME%R-HSA-400206.8	REGULATION OF LIPID METABOLISM BY PPARALPHA%REACTOME%R-HSA-400206.8		87	0.19953226	0.6880964	0.984	0.9928856	1.0	2854	tags=25%, list=26%, signal=34%	
IL4 SIGNALING%WIKIPATHWAYS_20250810%WP395%HOMO SAPIENS	IL4 SIGNALING%WIKIPATHWAYS_20250810%WP395%HOMO SAPIENS		38	0.23566844	0.68791044	0.93344426	0.99271727	1.0	1855	tags=21%, list=17%, signal=25%	
GLYCOGEN METABOLIC PROCESS%GOBP%GO:0005977	GLYCOGEN METABOLIC PROCESS%GOBP%GO:0005977		26	0.24976431	0.68696314	0.8994709	0.99315983	1.0	3934	tags=54%, list=36%, signal=84%	
PPARA ACTIVATES GENE EXPRESSION%REACTOME%R-HSA-1989781.6	PPARA ACTIVATES GENE EXPRESSION%REACTOME%R-HSA-1989781.6		86	0.1998298	0.6850287	0.9824	0.99438894	1.0	2854	tags=26%, list=26%, signal=34%	
PHOTOPERIODISM%GOBP%GO:0009648	PHOTOPERIODISM%GOBP%GO:0009648		19	0.27200085	0.6843183	0.9028961	0.99460286	1.0	131	tags=5%, list=1%, signal=5%	
GLUCAN METABOLIC PROCESS%GOBP%GO:0044042	GLUCAN METABOLIC PROCESS%GOBP%GO:0044042		26	0.24976431	0.68410236	0.9132653	0.9944461	1.0	3934	tags=54%, list=36%, signal=84%	
REGULATION OF DOUBLE-STRAND BREAK REPAIR VIA HOMOLOGOUS RECOMBINATION%GOBP%GO:0010569	REGULATION OF DOUBLE-STRAND BREAK REPAIR VIA HOMOLOGOUS RECOMBINATION%GOBP%GO:0010569		74	0.20407182	0.6817714	0.9732704	0.99594855	1.0	3678	tags=32%, list=33%, signal=48%	
BIOCARTA_CASPASE_PATHWAY%MSIGDB_C2%BIOCARTA_CASPASE_PATHWAY	BIOCARTA_CASPASE_PATHWAY%MSIGDB_C2%BIOCARTA_CASPASE_PATHWAY		17	0.27048227	0.67881995	0.886121	0.9978672	1.0	122	tags=6%, list=1%, signal=6%	
MELANOSOME ORGANIZATION%GOBP%GO:0032438	MELANOSOME ORGANIZATION%GOBP%GO:0032438		31	0.23860802	0.67846376	0.927242	0.9978213	1.0	2137	tags=26%, list=19%, signal=32%	
DISASSEMBLY OF THE DESTRUCTION COMPLEX AND RECRUITMENT OF AXIN TO THE MEMBRANE%REACTOME DATABASE ID RELEASE 93%4641262	DISASSEMBLY OF THE DESTRUCTION COMPLEX AND RECRUITMENT OF AXIN TO THE MEMBRANE%REACTOME DATABASE ID RELEASE 93%4641262		25	0.2518085	0.6764685	0.91225165	0.99897575	1.0	1494	tags=16%, list=14%, signal=18%	
REGULATION OF POST-TRANSLATIONAL PROTEIN MODIFICATION%GOBP%GO:1901873	REGULATION OF POST-TRANSLATIONAL PROTEIN MODIFICATION%GOBP%GO:1901873		164	0.18133762	0.6758935	0.99701494	0.9990718	1.0	2768	tags=25%, list=25%, signal=33%	
PID_VEGFR1_PATHWAY%MSIGDB_C2%PID_VEGFR1_PATHWAY	PID_VEGFR1_PATHWAY%MSIGDB_C2%PID_VEGFR1_PATHWAY		16	0.2810521	0.67583555	0.8772803	0.99878526	1.0	3536	tags=50%, list=32%, signal=74%	
DEFECTIVE PYROPTOSIS%REACTOME DATABASE ID RELEASE 93%9710421	DEFECTIVE PYROPTOSIS%REACTOME DATABASE ID RELEASE 93%9710421		29	0.24188977	0.6756821	0.9182692	0.99857146	1.0	1343	tags=17%, list=12%, signal=20%	
REGULATION OF DENDRITIC SPINE DEVELOPMENT%GOBP%GO:0060998	REGULATION OF DENDRITIC SPINE DEVELOPMENT%GOBP%GO:0060998		18	0.2693543	0.6754476	0.91752577	0.9984253	1.0	1993	tags=33%, list=18%, signal=41%	
ACTIVATED TAK1 MEDIATES P38 MAPK ACTIVATION%REACTOME DATABASE ID RELEASE 93%450302	ACTIVATED TAK1 MEDIATES P38 MAPK ACTIVATION%REACTOME DATABASE ID RELEASE 93%450302		17	0.2711416	0.67410433	0.8996599	0.9990648	1.0	841	tags=12%, list=8%, signal=13%	
INTERACTIONS OF VPR WITH HOST CELLULAR PROTEINS%REACTOME%R-HSA-176033.4	INTERACTIONS OF VPR WITH HOST CELLULAR PROTEINS%REACTOME%R-HSA-176033.4		33	0.23021159	0.67383313	0.94813615	0.99894637	1.0	3521	tags=33%, list=32%, signal=49%	
POSITIVE REGULATION OF HORMONE SECRETION%GOBP%GO:0046887	POSITIVE REGULATION OF HORMONE SECRETION%GOBP%GO:0046887		35	0.23241915	0.6737327	0.93264246	0.99869615	1.0	2235	tags=20%, list=20%, signal=25%	
FC-EPSILON RECEPTOR SIGNALING PATHWAY%GOBP%GO:0038095	FC-EPSILON RECEPTOR SIGNALING PATHWAY%GOBP%GO:0038095		21	0.25876367	0.6734239	0.8980263	0.99859256	1.0	1380	tags=14%, list=13%, signal=16%	
PIGMENT GRANULE ORGANIZATION%GOBP%GO:0048753	PIGMENT GRANULE ORGANIZATION%GOBP%GO:0048753		31	0.23860802	0.6733217	0.92529714	0.9983365	1.0	2137	tags=26%, list=19%, signal=32%	
REGULATION OF RESPONSE TO TUMOR CELL%GOBP%GO:0002834	REGULATION OF RESPONSE TO TUMOR CELL%GOBP%GO:0002834		19	0.26079687	0.67263526	0.91034484	0.9985139	1.0	2377	tags=26%, list=22%, signal=34%	
FGFR3 SIGNALING IN CHONDROCYTE PROLIFERATION AND TERMINAL DIFFERENTIATION%WIKIPATHWAYS_20250810%WP4767%HOMO SAPIENS	FGFR3 SIGNALING IN CHONDROCYTE PROLIFERATION AND TERMINAL DIFFERENTIATION%WIKIPATHWAYS_20250810%WP4767%HOMO SAPIENS		18	0.26848814	0.67235786	0.9080068	0.99839395	1.0	2484	tags=28%, list=23%, signal=36%	
MIRNA REGULATION OF P53 PATHWAY IN PROSTATE CANCER%WIKIPATHWAYS_20250810%WP3982%HOMO SAPIENS	MIRNA REGULATION OF P53 PATHWAY IN PROSTATE CANCER%WIKIPATHWAYS_20250810%WP3982%HOMO SAPIENS		17	0.2736074	0.6713828	0.9245902	0.9987466	1.0	3790	tags=41%, list=35%, signal=63%	
HALLMARK_CHOLESTEROL_HOMEOSTASIS%MSIGDBHALLMARK%HALLMARK_CHOLESTEROL_HOMEOSTASIS	HALLMARK_CHOLESTEROL_HOMEOSTASIS%MSIGDBHALLMARK%HALLMARK_CHOLESTEROL_HOMEOSTASIS		48	0.21586213	0.6710355	0.96	0.99866635	1.0	2002	tags=19%, list=18%, signal=23%	
RETICULOPHAGY%GOBP%GO:0061709	RETICULOPHAGY%GOBP%GO:0061709		21	0.25900662	0.67080384	0.90604025	0.998485	1.0	1413	tags=14%, list=13%, signal=16%	
PID_NETRIN_PATHWAY%MSIGDB_C2%PID_NETRIN_PATHWAY	PID_NETRIN_PATHWAY%MSIGDB_C2%PID_NETRIN_PATHWAY		20	0.25673172	0.67041886	0.91709846	0.9983995	1.0	3536	tags=30%, list=32%, signal=44%	
SIGNALING EVENTS MEDIATED BY STEM CELL FACTOR RECEPTOR (C-KIT)%PATHWAY INTERACTION DATABASE NCI-NATURE CURATED DATA%SIGNALING EVENTS MEDIATED BY STEM CELL FACTOR RECEPTOR (C-KIT)	SIGNALING EVENTS MEDIATED BY STEM CELL FACTOR RECEPTOR (C-KIT)%PATHWAY INTERACTION DATABASE NCI-NATURE CURATED DATA%SIGNALING EVENTS MEDIATED BY STEM CELL FACTOR RECEPTOR (C-KIT)		47	0.217914	0.6694751	0.9609756	0.9987295	1.0	1453	tags=19%, list=13%, signal=22%	
HALLMARK_REACTIVE_OXYGEN_SPECIES_PATHWAY%MSIGDBHALLMARK%HALLMARK_REACTIVE_OXYGEN_SPECIES_PATHWAY	HALLMARK_REACTIVE_OXYGEN_SPECIES_PATHWAY%MSIGDBHALLMARK%HALLMARK_REACTIVE_OXYGEN_SPECIES_PATHWAY		30	0.23515773	0.6694579	0.93536806	0.9984188	1.0	2094	tags=17%, list=19%, signal=21%	
IL1 SIGNALING%WIKIPATHWAYS_20250810%WP195%HOMO SAPIENS	IL1 SIGNALING%WIKIPATHWAYS_20250810%WP195%HOMO SAPIENS		39	0.2222528	0.66908723	0.9486755	0.9983424	1.0	3345	tags=36%, list=30%, signal=51%	
DICARBOXYLIC ACID METABOLIC PROCESS%GOBP%GO:0043648	DICARBOXYLIC ACID METABOLIC PROCESS%GOBP%GO:0043648		54	0.21029094	0.6689684	0.9698492	0.9980997	1.0	2935	tags=28%, list=27%, signal=38%	
DNA REPAIR PATHWAYS FULL NETWORK%WIKIPATHWAYS_20250810%WP4946%HOMO SAPIENS	DNA REPAIR PATHWAYS FULL NETWORK%WIKIPATHWAYS_20250810%WP4946%HOMO SAPIENS		88	0.19473243	0.6689332	0.99068326	0.9978033	1.0	3796	tags=30%, list=35%, signal=45%	
REGULATION OF ISOTYPE SWITCHING%GOBP%GO:0045191	REGULATION OF ISOTYPE SWITCHING%GOBP%GO:0045191		16	0.27005136	0.66831124	0.9035088	0.99791276	1.0	3626	tags=31%, list=33%, signal=47%	
CYTOPLASMIC TRANSLATIONAL INITIATION%GOBP%GO:0002183	CYTOPLASMIC TRANSLATIONAL INITIATION%GOBP%GO:0002183		37	0.22697507	0.667505	0.94127244	0.99814695	1.0	2144	tags=22%, list=20%, signal=27%	
SIGNALING BY FGFR1 IN DISEASE%REACTOME%R-HSA-5655302.4	SIGNALING BY FGFR1 IN DISEASE%REACTOME%R-HSA-5655302.4		25	0.24087551	0.66727483	0.9385965	0.99798346	1.0	3536	tags=44%, list=32%, signal=65%	
PID_LKB1_PATHWAY%MSIGDB_C2%PID_LKB1_PATHWAY	PID_LKB1_PATHWAY%MSIGDB_C2%PID_LKB1_PATHWAY		30	0.22905867	0.6671937	0.94608694	0.9977155	1.0	2620	tags=27%, list=24%, signal=35%	
TRNA PROCESSING IN THE NUCLEUS%REACTOME%R-HSA-6784531.6	TRNA PROCESSING IN THE NUCLEUS%REACTOME%R-HSA-6784531.6		54	0.20935203	0.6669315	0.9763113	0.997571	1.0	3521	tags=35%, list=32%, signal=52%	
TSLP%NETPATH%TSLP	TSLP%NETPATH%TSLP		16	0.27586642	0.6658808	0.9092437	0.99796647	1.0	1902	tags=19%, list=17%, signal=23%	
CELLULAR RESPONSE TO ACID CHEMICAL%GOBP%GO:0071229	CELLULAR RESPONSE TO ACID CHEMICAL%GOBP%GO:0071229		40	0.22155905	0.6656104	0.95117843	0.9978276	1.0	2072	tags=23%, list=19%, signal=28%	
GLUCAGON SIGNALING IN METABOLIC REGULATION%REACTOME DATABASE ID RELEASE 93%163359	GLUCAGON SIGNALING IN METABOLIC REGULATION%REACTOME DATABASE ID RELEASE 93%163359		18	0.26276776	0.6642277	0.89528793	0.99842125	1.0	1749	tags=22%, list=16%, signal=26%	
FAS SIGNALING PATHWAY ( CD95 )%PATHWHIZ%PW070709	FAS SIGNALING PATHWAY ( CD95 )%PATHWHIZ%PW070709		28	0.2424546	0.66393286	0.9422067	0.99828774	1.0	3950	tags=46%, list=36%, signal=72%	
POSITIVE REGULATION OF DNA RECOMBINATION%GOBP%GO:0045911	POSITIVE REGULATION OF DNA RECOMBINATION%GOBP%GO:0045911		55	0.20968719	0.6637047	0.9790323	0.9981197	1.0	3619	tags=31%, list=33%, signal=46%	
SIGNALING BY FGFR4%REACTOME%R-HSA-5654743.4	SIGNALING BY FGFR4%REACTOME%R-HSA-5654743.4		22	0.24663746	0.6636819	0.9159935	0.9978115	1.0	561	tags=9%, list=5%, signal=10%	
POSITIVE REGULATION OF ERYTHROCYTE DIFFERENTIATION%GOBP%GO:0045648	POSITIVE REGULATION OF ERYTHROCYTE DIFFERENTIATION%GOBP%GO:0045648		24	0.24415183	0.66307485	0.9493243	0.9978952	1.0	1975	tags=29%, list=18%, signal=35%	
STEM CELL DEVELOPMENT%GOBP%GO:0048864	STEM CELL DEVELOPMENT%GOBP%GO:0048864		25	0.24418229	0.661704	0.9494098	0.9984801	1.0	2090	tags=24%, list=19%, signal=30%	
NEGATIVE REGULATION OF RNA CATABOLIC PROCESS%GOBP%GO:1902369	NEGATIVE REGULATION OF RNA CATABOLIC PROCESS%GOBP%GO:1902369		59	0.20400126	0.6611644	0.968595	0.9984992	1.0	1404	tags=8%, list=13%, signal=10%	
CENTROSOME CYCLE%GOBP%GO:0007098	CENTROSOME CYCLE%GOBP%GO:0007098		78	0.19631813	0.66035795	0.98407644	0.9987069	1.0	2619	tags=22%, list=24%, signal=28%	
CELLULAR PIGMENTATION%GOBP%GO:0033059	CELLULAR PIGMENTATION%GOBP%GO:0033059		45	0.214817	0.6599886	0.959596	0.9986177	1.0	2137	tags=20%, list=19%, signal=25%	
TRANSCRIPTION REGULATION BY BZIP TRANSCRIPTION FACTOR%PANTHER PATHWAY%P00055	TRANSCRIPTION REGULATION BY BZIP TRANSCRIPTION FACTOR%PANTHER PATHWAY%P00055		38	0.22037372	0.6595444	0.9414716	0.9985749	1.0	3658	tags=34%, list=33%, signal=51%	
REGULATION OF PROGRAMMED NECROTIC CELL DEATH%GOBP%GO:0062098	REGULATION OF PROGRAMMED NECROTIC CELL DEATH%GOBP%GO:0062098		18	0.2631743	0.6580063	0.92280704	0.99922806	1.0	3488	tags=39%, list=32%, signal=57%	
MICROTUBULE BUNDLE FORMATION%GOBP%GO:0001578	MICROTUBULE BUNDLE FORMATION%GOBP%GO:0001578		52	0.20991392	0.6574787	0.97448164	0.99923396	1.0	2482	tags=19%, list=23%, signal=25%	
REGULATION OF TRANSCRIPTION ELONGATION BY RNA POLYMERASE II%GOBP%GO:0034243	REGULATION OF TRANSCRIPTION ELONGATION BY RNA POLYMERASE II%GOBP%GO:0034243		78	0.19493638	0.6547506	0.9920509	1.0	1.0	3079	tags=23%, list=28%, signal=32%	
POSITIVE REGULATION OF TRANSLATION%GOBP%GO:0045727	POSITIVE REGULATION OF TRANSLATION%GOBP%GO:0045727		93	0.18962507	0.6545792	0.9925816	1.0	1.0	2502	tags=16%, list=23%, signal=21%	
NEURAL CREST CELL DEVELOPMENT%GOBP%GO:0014032	NEURAL CREST CELL DEVELOPMENT%GOBP%GO:0014032		24	0.24449763	0.6543728	0.9198036	1.0	1.0	2090	tags=25%, list=19%, signal=31%	
POSITIVE REGULATION OF STEM CELL POPULATION MAINTENANCE%GOBP%GO:1902459	POSITIVE REGULATION OF STEM CELL POPULATION MAINTENANCE%GOBP%GO:1902459		40	0.21851148	0.65332973	0.95454544	1.0	1.0	1699	tags=15%, list=15%, signal=18%	
RNA POL II CTD PHOSPHORYLATION AND INTERACTION WITH CE%REACTOME%R-HSA-77075.4	RNA POL II CTD PHOSPHORYLATION AND INTERACTION WITH CE%REACTOME%R-HSA-77075.4		24	0.23994374	0.6515407	0.9292929	1.0	1.0	158	tags=4%, list=1%, signal=4%	
RHOG GTPASE CYCLE%REACTOME DATABASE ID RELEASE 93%9013408	RHOG GTPASE CYCLE%REACTOME DATABASE ID RELEASE 93%9013408		58	0.20678777	0.6508959	0.97496086	1.0	1.0	1534	tags=12%, list=14%, signal=14%	
ENTEROCYTE CHOLESTEROL METABOLISM%WIKIPATHWAYS_20250810%WP5333%HOMO SAPIENS	ENTEROCYTE CHOLESTEROL METABOLISM%WIKIPATHWAYS_20250810%WP5333%HOMO SAPIENS		24	0.24291942	0.6479114	0.9349315	1.0	1.0	4332	tags=46%, list=39%, signal=76%	
NUCLEOSIDE MONOPHOSPHATE BIOSYNTHETIC PROCESS%GOBP%GO:0009124	NUCLEOSIDE MONOPHOSPHATE BIOSYNTHETIC PROCESS%GOBP%GO:0009124		23	0.245706	0.6475446	0.947644	1.0	1.0	264	tags=4%, list=2%, signal=4%	
SIGNALING BY CYTOSOLIC FGFR1 FUSION MUTANTS%REACTOME%R-HSA-1839117.4	SIGNALING BY CYTOSOLIC FGFR1 FUSION MUTANTS%REACTOME%R-HSA-1839117.4		16	0.26475346	0.6463034	0.9219858	1.0	1.0	3536	tags=50%, list=32%, signal=74%	
RNA POLYMERASE III TRANSCRIPTION INITIATION FROM TYPE 1 PROMOTER%REACTOME%R-HSA-76061.4	RNA POLYMERASE III TRANSCRIPTION INITIATION FROM TYPE 1 PROMOTER%REACTOME%R-HSA-76061.4		27	0.23280282	0.6459226	0.9592834	1.0	1.0	3129	tags=26%, list=28%, signal=36%	
VIRAL RELEASE FROM HOST CELL%GOBP%GO:0019076	VIRAL RELEASE FROM HOST CELL%GOBP%GO:0019076		22	0.24151766	0.6453344	0.9426087	1.0	1.0	3024	tags=32%, list=28%, signal=44%	
NUCLEAR MEMBRANE REASSEMBLY%GOBP%GO:0031468	NUCLEAR MEMBRANE REASSEMBLY%GOBP%GO:0031468		22	0.24303365	0.6446837	0.92253524	1.0	1.0	2937	tags=27%, list=27%, signal=37%	
NEGATIVE REGULATION OF CATALYTIC ACTIVITY%GOBP%GO:0043086	NEGATIVE REGULATION OF CATALYTIC ACTIVITY%GOBP%GO:0043086		101	0.1855523	0.6445458	0.9905213	1.0	1.0	1332	tags=10%, list=12%, signal=11%	
EPH-EPHRIN MEDIATED REPULSION OF CELLS%REACTOME%R-HSA-3928665.5	EPH-EPHRIN MEDIATED REPULSION OF CELLS%REACTOME%R-HSA-3928665.5		31	0.22368233	0.64427006	0.95084745	1.0	1.0	1414	tags=13%, list=13%, signal=15%	
REGULATION OF TUMOR NECROSIS FACTOR-MEDIATED SIGNALING PATHWAY%GOBP%GO:0010803	REGULATION OF TUMOR NECROSIS FACTOR-MEDIATED SIGNALING PATHWAY%GOBP%GO:0010803		40	0.21790591	0.6435062	0.96351576	1.0	1.0	3538	tags=43%, list=32%, signal=62%	
POSITIVE REGULATION OF CILIUM ASSEMBLY%GOBP%GO:0045724	POSITIVE REGULATION OF CILIUM ASSEMBLY%GOBP%GO:0045724		21	0.24365214	0.6431534	0.92833334	1.0	1.0	1307	tags=14%, list=12%, signal=16%	
MITOTIC CYTOKINESIS%GOBP%GO:0000281	MITOTIC CYTOKINESIS%GOBP%GO:0000281		77	0.18997195	0.64189726	0.98294574	1.0	1.0	2538	tags=21%, list=23%, signal=27%	
REGULATION OF RIG-I SIGNALING PATHWAY%GOBP%GO:0039535	REGULATION OF RIG-I SIGNALING PATHWAY%GOBP%GO:0039535		17	0.25614232	0.6417211	0.9357798	1.0	1.0	2983	tags=29%, list=27%, signal=40%	
N-CADHERIN SIGNALING EVENTS%PATHWAY INTERACTION DATABASE NCI-NATURE CURATED DATA%N-CADHERIN SIGNALING EVENTS	N-CADHERIN SIGNALING EVENTS%PATHWAY INTERACTION DATABASE NCI-NATURE CURATED DATA%N-CADHERIN SIGNALING EVENTS		28	0.23283292	0.64080536	0.9604131	1.0	1.0	3566	tags=39%, list=32%, signal=58%	
REGULATION OF DNA-TEMPLATED TRANSCRIPTION ELONGATION%GOBP%GO:0032784	REGULATION OF DNA-TEMPLATED TRANSCRIPTION ELONGATION%GOBP%GO:0032784		89	0.18525377	0.6403304	0.99378884	1.0	1.0	3079	tags=21%, list=28%, signal=29%	
FORMATION OF TC-NER PRE-INCISION COMPLEX%REACTOME%R-HSA-6781823.4	FORMATION OF TC-NER PRE-INCISION COMPLEX%REACTOME%R-HSA-6781823.4		48	0.20833936	0.63951737	0.9830221	1.0	1.0	3335	tags=29%, list=30%, signal=42%	
RNA POL II CTD PHOSPHORYLATION AND INTERACTION WITH CE DURING HIV INFECTION%REACTOME%R-HSA-167160.4	RNA POL II CTD PHOSPHORYLATION AND INTERACTION WITH CE DURING HIV INFECTION%REACTOME%R-HSA-167160.4		24	0.23994374	0.6391193	0.94536424	1.0	1.0	158	tags=4%, list=1%, signal=4%	
TP53 REGULATES METABOLIC GENES%REACTOME%R-HSA-5628897.6	TP53 REGULATES METABOLIC GENES%REACTOME%R-HSA-5628897.6		68	0.19617553	0.63852274	0.988959	1.0	1.0	1561	tags=10%, list=14%, signal=12%	
AXONEME ASSEMBLY%GOBP%GO:0035082	AXONEME ASSEMBLY%GOBP%GO:0035082		34	0.22329773	0.6381477	0.9558574	1.0	1.0	2482	tags=18%, list=23%, signal=23%	
MEIOSIS%REACTOME%R-HSA-1500620.4	MEIOSIS%REACTOME%R-HSA-1500620.4		61	0.19679652	0.63755774	0.99513775	1.0	1.0	2962	tags=26%, list=27%, signal=36%	
EXIT FROM HOST CELL%GOBP%GO:0035891	EXIT FROM HOST CELL%GOBP%GO:0035891		22	0.24151766	0.63740146	0.9330986	1.0	1.0	3024	tags=32%, list=28%, signal=44%	
POSITIVE REGULATION OF MRNA METABOLIC PROCESS%GOBP%GO:1903313	POSITIVE REGULATION OF MRNA METABOLIC PROCESS%GOBP%GO:1903313		94	0.18412097	0.6366816	0.993865	1.0	1.0	3766	tags=30%, list=34%, signal=45%	
NEGATIVE REGULATION OF CAMP/PKA SIGNAL TRANSDUCTION%GOBP%GO:0141162	NEGATIVE REGULATION OF CAMP/PKA SIGNAL TRANSDUCTION%GOBP%GO:0141162		18	0.24709865	0.6365576	0.93333334	1.0	1.0	3256	tags=44%, list=30%, signal=63%	
MICROTUBULE POLYMERIZATION OR DEPOLYMERIZATION%GOBP%GO:0031109	MICROTUBULE POLYMERIZATION OR DEPOLYMERIZATION%GOBP%GO:0031109		43	0.21127948	0.6362574	0.9671848	1.0	1.0	2630	tags=23%, list=24%, signal=30%	
GROWTH HORMONE SIGNALING PATHWAY%PATHWHIZ%PW064811	GROWTH HORMONE SIGNALING PATHWAY%PATHWHIZ%PW064811		18	0.25404465	0.6351905	0.9416961	1.0	1.0	2756	tags=33%, list=25%, signal=44%	
RNA POLYMERASE III TRANSCRIPTION INITIATION FROM TYPE 2 PROMOTER%REACTOME%R-HSA-76066.4	RNA POLYMERASE III TRANSCRIPTION INITIATION FROM TYPE 2 PROMOTER%REACTOME%R-HSA-76066.4		26	0.23539963	0.6344843	0.9380379	1.0	1.0	3129	tags=27%, list=28%, signal=38%	
REGULATION OF FATTY ACID TRANSPORT%GOBP%GO:2000191	REGULATION OF FATTY ACID TRANSPORT%GOBP%GO:2000191		15	0.26297367	0.6342763	0.92294806	1.0	1.0	3209	tags=47%, list=29%, signal=66%	
NEURAL CREST CELL DIFFERENTIATION%GOBP%GO:0014033	NEURAL CREST CELL DIFFERENTIATION%GOBP%GO:0014033		27	0.22840294	0.6342542	0.9563025	1.0	1.0	2090	tags=22%, list=19%, signal=27%	
FGFR1 MUTANT RECEPTOR ACTIVATION%REACTOME DATABASE ID RELEASE 93%1839124	FGFR1 MUTANT RECEPTOR ACTIVATION%REACTOME DATABASE ID RELEASE 93%1839124		19	0.25127238	0.6338314	0.93650794	1.0	1.0	3536	tags=47%, list=32%, signal=70%	
COVID 19 STRUCTURAL COVERAGE MAP%WIKIPATHWAYS_20250810%WP5145%HOMO SAPIENS	COVID 19 STRUCTURAL COVERAGE MAP%WIKIPATHWAYS_20250810%WP5145%HOMO SAPIENS		16	0.2548147	0.63275075	0.9286988	1.0	1.0	1914	tags=25%, list=17%, signal=30%	
INHIBITION OF THE PROTEOLYTIC ACTIVITY OF APC C REQUIRED FOR THE ONSET OF ANAPHASE BY MITOTIC SPINDLE CHECKPOINT COMPONENTS%REACTOME%R-HSA-141405.6	INHIBITION OF THE PROTEOLYTIC ACTIVITY OF APC C REQUIRED FOR THE ONSET OF ANAPHASE BY MITOTIC SPINDLE CHECKPOINT COMPONENTS%REACTOME%R-HSA-141405.6		21	0.23972172	0.6302363	0.9535655	1.0	1.0	2755	tags=24%, list=25%, signal=32%	
REGULATION OF MITOTIC SPINDLE ORGANIZATION%GOBP%GO:0060236	REGULATION OF MITOTIC SPINDLE ORGANIZATION%GOBP%GO:0060236		33	0.21644533	0.6300945	0.9623568	1.0	1.0	3626	tags=36%, list=33%, signal=54%	
SIGNALING EVENTS MEDIATED BY FOCAL ADHESION KINASE%PATHWAY INTERACTION DATABASE NCI-NATURE CURATED DATA%SIGNALING EVENTS MEDIATED BY FOCAL ADHESION KINASE	SIGNALING EVENTS MEDIATED BY FOCAL ADHESION KINASE%PATHWAY INTERACTION DATABASE NCI-NATURE CURATED DATA%SIGNALING EVENTS MEDIATED BY FOCAL ADHESION KINASE		47	0.20477848	0.62906903	0.96649915	1.0	1.0	3554	tags=36%, list=32%, signal=53%	
BIOCARTA_FAS_PATHWAY%MSIGDB_C2%BIOCARTA_FAS_PATHWAY	BIOCARTA_FAS_PATHWAY%MSIGDB_C2%BIOCARTA_FAS_PATHWAY		23	0.23358667	0.62889093	0.9559322	1.0	1.0	3510	tags=39%, list=32%, signal=57%	
SUMOYLATION OF TRANSCRIPTION COFACTORS%REACTOME DATABASE ID RELEASE 93%3899300	SUMOYLATION OF TRANSCRIPTION COFACTORS%REACTOME DATABASE ID RELEASE 93%3899300		39	0.20977631	0.6253294	0.96732026	1.0	1.0	3664	tags=33%, list=33%, signal=50%	
LATE ENDOSOME TO VACUOLE TRANSPORT VIA MULTIVESICULAR BODY SORTING PATHWAY%GOBP%GO:0032511	LATE ENDOSOME TO VACUOLE TRANSPORT VIA MULTIVESICULAR BODY SORTING PATHWAY%GOBP%GO:0032511		23	0.23329207	0.6251272	0.95673877	1.0	1.0	3024	tags=39%, list=28%, signal=54%	
N-GLYCAN ANTENNAE ELONGATION IN THE MEDIAL TRANS-GOLGI%REACTOME DATABASE ID RELEASE 93%975576	N-GLYCAN ANTENNAE ELONGATION IN THE MEDIAL TRANS-GOLGI%REACTOME DATABASE ID RELEASE 93%975576		17	0.2539806	0.62502915	0.92431563	1.0	1.0	2056	tags=24%, list=19%, signal=29%	
REGULATION OF STEROL BIOSYNTHETIC PROCESS%GOBP%GO:0106118	REGULATION OF STEROL BIOSYNTHETIC PROCESS%GOBP%GO:0106118		19	0.24163064	0.623952	0.95384616	1.0	1.0	3361	tags=37%, list=31%, signal=53%	
INACTIVATION OF APC C VIA DIRECT INHIBITION OF THE APC C COMPLEX%REACTOME DATABASE ID RELEASE 93%141430	INACTIVATION OF APC C VIA DIRECT INHIBITION OF THE APC C COMPLEX%REACTOME DATABASE ID RELEASE 93%141430		21	0.23972172	0.6237636	0.9455782	1.0	1.0	2755	tags=24%, list=25%, signal=32%	
NEURAL TUBE CLOSURE%GOBP%GO:0001843	NEURAL TUBE CLOSURE%GOBP%GO:0001843		23	0.23167022	0.6225194	0.95174706	1.0	1.0	3083	tags=39%, list=28%, signal=54%	
SULFUR COMPOUND CATABOLIC PROCESS%GOBP%GO:0044273	SULFUR COMPOUND CATABOLIC PROCESS%GOBP%GO:0044273		20	0.2452289	0.6214325	0.94454384	1.0	1.0	2539	tags=25%, list=23%, signal=32%	
REGULATION OF CHOLESTEROL BIOSYNTHETIC PROCESS%GOBP%GO:0045540	REGULATION OF CHOLESTEROL BIOSYNTHETIC PROCESS%GOBP%GO:0045540		19	0.24163064	0.62142235	0.9543147	1.0	1.0	3361	tags=37%, list=31%, signal=53%	
TUBE CLOSURE%GOBP%GO:0060606	TUBE CLOSURE%GOBP%GO:0060606		23	0.23167022	0.6201393	0.95357144	1.0	1.0	3083	tags=39%, list=28%, signal=54%	
CYTOSOLIC DNA SENSING PATHWAY%WIKIPATHWAYS_20250810%WP4655%HOMO SAPIENS	CYTOSOLIC DNA SENSING PATHWAY%WIKIPATHWAYS_20250810%WP4655%HOMO SAPIENS		42	0.20295876	0.6190242	0.98341626	1.0	1.0	2727	tags=24%, list=25%, signal=32%	
POLYSACCHARIDE METABOLIC PROCESS%GOBP%GO:0005976	POLYSACCHARIDE METABOLIC PROCESS%GOBP%GO:0005976		28	0.2192206	0.6190073	0.95966387	1.0	1.0	3934	tags=50%, list=36%, signal=78%	
SNRNA METABOLIC PROCESS%GOBP%GO:0016073	SNRNA METABOLIC PROCESS%GOBP%GO:0016073		53	0.1959029	0.61812663	0.99006623	1.0	1.0	1354	tags=9%, list=12%, signal=11%	
HIV-1 NEF: NEGATIVE EFFECTOR OF FAS AND TNF-ALPHA%PATHWAY INTERACTION DATABASE NCI-NATURE CURATED DATA%HIV-1 NEF: NEGATIVE EFFECTOR OF FAS AND TNF-ALPHA	HIV-1 NEF: NEGATIVE EFFECTOR OF FAS AND TNF-ALPHA%PATHWAY INTERACTION DATABASE NCI-NATURE CURATED DATA%HIV-1 NEF: NEGATIVE EFFECTOR OF FAS AND TNF-ALPHA		30	0.21571559	0.6177572	0.96133566	1.0	1.0	1349	tags=10%, list=12%, signal=11%	
EMBRYONIC EPITHELIAL TUBE FORMATION%GOBP%GO:0001838	EMBRYONIC EPITHELIAL TUBE FORMATION%GOBP%GO:0001838		24	0.22803596	0.616911	0.9486726	1.0	1.0	3083	tags=38%, list=28%, signal=52%	
SLC25A46 PATHWAY%WIKIPATHWAYS_20250810%WP5521%HOMO SAPIENS	SLC25A46 PATHWAY%WIKIPATHWAYS_20250810%WP5521%HOMO SAPIENS		16	0.25212225	0.6131875	0.94584835	1.0	1.0	3588	tags=38%, list=33%, signal=56%	
TARGET OF RAPAMYCIN SIGNALING%WIKIPATHWAYS_20250810%WP1471%HOMO SAPIENS	TARGET OF RAPAMYCIN SIGNALING%WIKIPATHWAYS_20250810%WP1471%HOMO SAPIENS		29	0.21644332	0.61314446	0.97619045	1.0	1.0	117	tags=3%, list=1%, signal=3%	
NEURAL TUBE FORMATION%GOBP%GO:0001841	NEURAL TUBE FORMATION%GOBP%GO:0001841		23	0.23167022	0.6126183	0.964467	1.0	1.0	3083	tags=39%, list=28%, signal=54%	
BIOCARTA_DEATH_PATHWAY%MSIGDB_C2%BIOCARTA_DEATH_PATHWAY	BIOCARTA_DEATH_PATHWAY%MSIGDB_C2%BIOCARTA_DEATH_PATHWAY		22	0.23537506	0.6123403	0.9609508	1.0	1.0	2339	tags=23%, list=21%, signal=29%	
PRIMARY NEURAL TUBE FORMATION%GOBP%GO:0014020	PRIMARY NEURAL TUBE FORMATION%GOBP%GO:0014020		23	0.23167022	0.61227524	0.9667832	1.0	1.0	3083	tags=39%, list=28%, signal=54%	
EPITHELIAL TUBE FORMATION%GOBP%GO:0072175	EPITHELIAL TUBE FORMATION%GOBP%GO:0072175		25	0.22498864	0.6108956	0.97068405	1.0	1.0	3083	tags=36%, list=28%, signal=50%	
COMPLEX IV ASSEMBLY%REACTOME%R-HSA-9864848.2	COMPLEX IV ASSEMBLY%REACTOME%R-HSA-9864848.2		38	0.20448565	0.60966283	0.979346	1.0	1.0	1701	tags=8%, list=15%, signal=9%	
GLYCOSYL COMPOUND BIOSYNTHETIC PROCESS%GOBP%GO:1901659	GLYCOSYL COMPOUND BIOSYNTHETIC PROCESS%GOBP%GO:1901659		18	0.24281082	0.6095021	0.9557823	1.0	1.0	1305	tags=17%, list=12%, signal=19%	
DETERMINATION OF HEART LEFT/RIGHT ASYMMETRY%GOBP%GO:0061371	DETERMINATION OF HEART LEFT/RIGHT ASYMMETRY%GOBP%GO:0061371		17	0.24522215	0.60754013	0.9400685	1.0	1.0	3142	tags=35%, list=29%, signal=49%	
RAC PROTEIN SIGNAL TRANSDUCTION%GOBP%GO:0016601	RAC PROTEIN SIGNAL TRANSDUCTION%GOBP%GO:0016601		16	0.24768566	0.6066124	0.938704	1.0	1.0	882	tags=13%, list=8%, signal=14%	
POSITIVE REGULATION OF NLRP3 INFLAMMASOME COMPLEX ASSEMBLY%GOBP%GO:1900227	POSITIVE REGULATION OF NLRP3 INFLAMMASOME COMPLEX ASSEMBLY%GOBP%GO:1900227		23	0.22469626	0.60601646	0.96	1.0	1.0	3012	tags=30%, list=27%, signal=42%	
CILIUM MOVEMENT INVOLVED IN CELL MOTILITY%GOBP%GO:0060294	CILIUM MOVEMENT INVOLVED IN CELL MOTILITY%GOBP%GO:0060294		50	0.19137785	0.605659	0.98876405	1.0	1.0	2482	tags=20%, list=23%, signal=26%	
REGULATION OF PROTEIN POLYUBIQUITINATION%GOBP%GO:1902914	REGULATION OF PROTEIN POLYUBIQUITINATION%GOBP%GO:1902914		17	0.2476706	0.6038428	0.96020764	1.0	1.0	3264	tags=35%, list=30%, signal=50%	
HDMS DEMETHYLATE HISTONES%REACTOME DATABASE ID RELEASE 93%3214842	HDMS DEMETHYLATE HISTONES%REACTOME DATABASE ID RELEASE 93%3214842		23	0.22677456	0.6037178	0.95278245	1.0	1.0	2873	tags=26%, list=26%, signal=35%	
HEART LOOPING%GOBP%GO:0001947	HEART LOOPING%GOBP%GO:0001947		16	0.24698722	0.6026223	0.92542374	1.0	1.0	3142	tags=38%, list=29%, signal=52%	
DNA-TEMPLATED TRANSCRIPTION INITIATION%GOBP%GO:0006352	DNA-TEMPLATED TRANSCRIPTION INITIATION%GOBP%GO:0006352		142	0.16292089	0.6024092	1.0	1.0	1.0	3190	tags=23%, list=29%, signal=31%	
VESICLE TARGETING%GOBP%GO:0006903	VESICLE TARGETING%GOBP%GO:0006903		55	0.18724872	0.6016838	0.99159664	1.0	1.0	3157	tags=31%, list=29%, signal=43%	
REGULATION OF AMIDE METABOLIC PROCESS%GOBP%GO:0034248	REGULATION OF AMIDE METABOLIC PROCESS%GOBP%GO:0034248		46	0.19408247	0.60026306	0.9899666	1.0	1.0	1658	tags=15%, list=15%, signal=18%	
INTRACELLULAR SIGNALLING THROUGH ADENOSINE RECEPTOR A2A AND ADENOSINE%SMPDB%SMP0000320	INTRACELLULAR SIGNALLING THROUGH ADENOSINE RECEPTOR A2A AND ADENOSINE%SMPDB%SMP0000320		33	0.20604907	0.5979184	0.9767442	1.0	1.0	1902	tags=18%, list=17%, signal=22%	
PYRUVATE DEHYDROGENASE COMPLEX DEFICIENCY%PATHWHIZ%PW000117	PYRUVATE DEHYDROGENASE COMPLEX DEFICIENCY%PATHWHIZ%PW000117		16	0.23454587	0.59629405	0.95767194	1.0	1.0	460	tags=6%, list=4%, signal=7%	
INTERSTRAND CROSS-LINK REPAIR%GOBP%GO:0036297	INTERSTRAND CROSS-LINK REPAIR%GOBP%GO:0036297		38	0.20206991	0.5962711	0.9808	1.0	1.0	3796	tags=32%, list=35%, signal=48%	
REGULATION OF NLRP3 INFLAMMASOME COMPLEX ASSEMBLY%GOBP%GO:1900225	REGULATION OF NLRP3 INFLAMMASOME COMPLEX ASSEMBLY%GOBP%GO:1900225		33	0.20187038	0.5946715	0.9825784	1.0	1.0	3012	tags=24%, list=27%, signal=33%	
MAPK CASCADE%WIKIPATHWAYS_20250810%WP422%HOMO SAPIENS	MAPK CASCADE%WIKIPATHWAYS_20250810%WP422%HOMO SAPIENS		26	0.21550983	0.59432733	0.968595	1.0	1.0	146	tags=4%, list=1%, signal=4%	
ACTIVATION OF THE PRE-REPLICATIVE COMPLEX%REACTOME%R-HSA-68962.6	ACTIVATION OF THE PRE-REPLICATIVE COMPLEX%REACTOME%R-HSA-68962.6		33	0.20334795	0.5936284	0.9775862	1.0	1.0	3198	tags=30%, list=29%, signal=43%	
TRNA WOBBLE URIDINE MODIFICATION%GOBP%GO:0002098	TRNA WOBBLE URIDINE MODIFICATION%GOBP%GO:0002098		15	0.24558504	0.5922498	0.9616027	1.0	1.0	1197	tags=13%, list=11%, signal=15%	
NEGATIVE REGULATION OF PROTEIN KINASE ACTIVITY%GOBP%GO:0006469	NEGATIVE REGULATION OF PROTEIN KINASE ACTIVITY%GOBP%GO:0006469		50	0.18652494	0.5914677	0.99667776	1.0	1.0	1332	tags=10%, list=12%, signal=11%	
POSITIVE REGULATION OF INFLAMMASOME-MEDIATED SIGNALING PATHWAY%GOBP%GO:0141087	POSITIVE REGULATION OF INFLAMMASOME-MEDIATED SIGNALING PATHWAY%GOBP%GO:0141087		24	0.2169925	0.5898795	0.95966387	1.0	1.0	3012	tags=29%, list=27%, signal=40%	
RESPONSE TO GROWTH HORMONE%GOBP%GO:0060416	RESPONSE TO GROWTH HORMONE%GOBP%GO:0060416		16	0.23640232	0.58870494	0.95621717	1.0	1.0	3345	tags=38%, list=30%, signal=54%	
BIOCARTA_GSK3_PATHWAY%MSIGDB_C2%BIOCARTA_GSK3_PATHWAY	BIOCARTA_GSK3_PATHWAY%MSIGDB_C2%BIOCARTA_GSK3_PATHWAY		15	0.24384363	0.58664733	0.96200347	1.0	1.0	1199	tags=13%, list=11%, signal=15%	
DEGRADATION OF BETA CATENIN%PATHWAY INTERACTION DATABASE NCI-NATURE CURATED DATA%DEGRADATION OF BETA CATENIN	DEGRADATION OF BETA CATENIN%PATHWAY INTERACTION DATABASE NCI-NATURE CURATED DATA%DEGRADATION OF BETA CATENIN		15	0.24140137	0.5847222	0.9737274	1.0	1.0	4174	tags=47%, list=38%, signal=75%	
LATE ENDOSOME TO LYSOSOME TRANSPORT%GOBP%GO:1902774	LATE ENDOSOME TO LYSOSOME TRANSPORT%GOBP%GO:1902774		16	0.2343432	0.58352005	0.9653979	1.0	1.0	1970	tags=19%, list=18%, signal=23%	
SPERM MOTILITY%GOBP%GO:0097722	SPERM MOTILITY%GOBP%GO:0097722		44	0.19001795	0.58318645	0.98811543	1.0	1.0	2482	tags=20%, list=23%, signal=26%	
TYPE 2 PAPILLARY RENAL CELL CARCINOMA%WIKIPATHWAYS_20250810%WP4241%HOMO SAPIENS	TYPE 2 PAPILLARY RENAL CELL CARCINOMA%WIKIPATHWAYS_20250810%WP4241%HOMO SAPIENS		19	0.22514494	0.58267075	0.9633508	1.0	1.0	4490	tags=63%, list=41%, signal=107%	
PYRUVATE DECARBOXYLASE E1 COMPONENT DEFICIENCY (PDHE1 DEFICIENCY)%SMPDB%SMP0000334	PYRUVATE DECARBOXYLASE E1 COMPONENT DEFICIENCY (PDHE1 DEFICIENCY)%SMPDB%SMP0000334		16	0.23454587	0.58201367	0.9467354	1.0	1.0	460	tags=6%, list=4%, signal=7%	
PYRUVATE KINASE DEFICIENCY%PATHWHIZ%PW000535	PYRUVATE KINASE DEFICIENCY%PATHWHIZ%PW000535		16	0.23454587	0.5818478	0.9584775	1.0	1.0	460	tags=6%, list=4%, signal=7%	
MITOCHONDRIAL CYTOCHROME C OXIDASE ASSEMBLY%GOBP%GO:0033617	MITOCHONDRIAL CYTOCHROME C OXIDASE ASSEMBLY%GOBP%GO:0033617		22	0.21858892	0.5812517	0.9703833	1.0	1.0	2779	tags=23%, list=25%, signal=30%	
PRIMARY HYPEROXALURIA II, PH2%SMPDB%SMP0000558	PRIMARY HYPEROXALURIA II, PH2%SMPDB%SMP0000558		16	0.23454587	0.58051217	0.96133566	1.0	1.0	460	tags=6%, list=4%, signal=7%	
EMBRYONIC HEART TUBE DEVELOPMENT%GOBP%GO:0035050	EMBRYONIC HEART TUBE DEVELOPMENT%GOBP%GO:0035050		21	0.21971905	0.57954913	0.96672505	1.0	1.0	1987	tags=24%, list=18%, signal=29%	
REGULATION OF NUCLEAR-TRANSCRIBED MRNA POLY(A) TAIL SHORTENING%GOBP%GO:0060211	REGULATION OF NUCLEAR-TRANSCRIBED MRNA POLY(A) TAIL SHORTENING%GOBP%GO:0060211		15	0.23730853	0.5782972	0.9721739	1.0	1.0	3598	tags=40%, list=33%, signal=59%	
LEIGH SYNDROME%SMPDB%SMP0000196	LEIGH SYNDROME%SMPDB%SMP0000196		16	0.23454587	0.57817894	0.95719177	1.0	1.0	460	tags=6%, list=4%, signal=7%	
PYRUVATE METABOLISM%PATHWHIZ%PW000054	PYRUVATE METABOLISM%PATHWHIZ%PW000054		16	0.23454587	0.5778517	0.95309883	1.0	1.0	460	tags=6%, list=4%, signal=7%	
MISMATCH REPAIR%GOBP%GO:0006298	MISMATCH REPAIR%GOBP%GO:0006298		24	0.21166362	0.5773477	0.98045605	1.0	1.0	3546	tags=33%, list=32%, signal=49%	
FLAGELLATED SPERM MOTILITY%GOBP%GO:0030317	FLAGELLATED SPERM MOTILITY%GOBP%GO:0030317		44	0.19001795	0.5765415	0.99671054	1.0	1.0	2482	tags=20%, list=23%, signal=26%	
PID_ALK1_PATHWAY%MSIGDB_C2%PID_ALK1_PATHWAY	PID_ALK1_PATHWAY%MSIGDB_C2%PID_ALK1_PATHWAY		16	0.23686972	0.5753702	0.9658887	1.0	1.0	3194	tags=38%, list=29%, signal=53%	
RESPIRATORY CHAIN COMPLEX IV ASSEMBLY%GOBP%GO:0008535	RESPIRATORY CHAIN COMPLEX IV ASSEMBLY%GOBP%GO:0008535		26	0.21172664	0.57472664	0.9896552	1.0	1.0	2779	tags=23%, list=25%, signal=31%	
DEADENYLATION OF MRNA%REACTOME DATABASE ID RELEASE 93%429947	DEADENYLATION OF MRNA%REACTOME DATABASE ID RELEASE 93%429947		25	0.20973985	0.57143855	0.979346	1.0	1.0	2282	tags=20%, list=21%, signal=25%	
U2-TYPE PRESPLICEOSOME ASSEMBLY%GOBP%GO:1903241	U2-TYPE PRESPLICEOSOME ASSEMBLY%GOBP%GO:1903241		25	0.2098242	0.56981725	0.9768595	1.0	1.0	3771	tags=28%, list=34%, signal=43%	
REGULATION OF TELOMERE MAINTENANCE%GOBP%GO:0032204	REGULATION OF TELOMERE MAINTENANCE%GOBP%GO:0032204		98	0.1627683	0.5680171	1.0	1.0	1.0	1328	tags=8%, list=12%, signal=9%	
REGUCALCIN IN PROXIMAL TUBULE EPITHELIAL KIDNEY CELLS%WIKIPATHWAYS_20250810%WP4838%HOMO SAPIENS	REGUCALCIN IN PROXIMAL TUBULE EPITHELIAL KIDNEY CELLS%WIKIPATHWAYS_20250810%WP4838%HOMO SAPIENS		20	0.22097589	0.56699145	0.9667774	1.0	1.0	3790	tags=45%, list=35%, signal=69%	
PI3K CASCADE%REACTOME DATABASE ID RELEASE 93%109704	PI3K CASCADE%REACTOME DATABASE ID RELEASE 93%109704		16	0.22957715	0.5643151	0.97508895	1.0	1.0	791	tags=13%, list=7%, signal=13%	
SPLICEOSOMAL COMPLEX ASSEMBLY%GOBP%GO:0000245	SPLICEOSOMAL COMPLEX ASSEMBLY%GOBP%GO:0000245		66	0.1715647	0.5591969	0.99838185	1.0	1.0	3864	tags=26%, list=35%, signal=39%	
MICROTUBULE ORGANIZING CENTER ORGANIZATION%GOBP%GO:0031023	MICROTUBULE ORGANIZING CENTER ORGANIZATION%GOBP%GO:0031023		87	0.16334084	0.5574394	1.0	1.0	1.0	2619	tags=20%, list=24%, signal=25%	
RND3 GTPASE CYCLE%REACTOME DATABASE ID RELEASE 93%9696264	RND3 GTPASE CYCLE%REACTOME DATABASE ID RELEASE 93%9696264		32	0.19173288	0.55688286	0.98657715	1.0	1.0	3345	tags=31%, list=30%, signal=45%	
CXCR4 SIGNALING PATHWAY%SMPDB%SMP0064625	CXCR4 SIGNALING PATHWAY%SMPDB%SMP0064625		15	0.23288436	0.556876	0.9616725	1.0	1.0	2970	tags=33%, list=27%, signal=46%	
NEGATIVE REGULATION OF KINASE ACTIVITY%GOBP%GO:0033673	NEGATIVE REGULATION OF KINASE ACTIVITY%GOBP%GO:0033673		54	0.17573366	0.55681664	0.9983022	1.0	1.0	1332	tags=9%, list=12%, signal=10%	
POSITIVE REGULATION OF CHROMOSOME ORGANIZATION%GOBP%GO:2001252	POSITIVE REGULATION OF CHROMOSOME ORGANIZATION%GOBP%GO:2001252		92	0.15955192	0.5559473	1.0	1.0	1.0	1872	tags=13%, list=17%, signal=16%	
TRANSCRIPTION OF THE HIV GENOME%REACTOME%R-HSA-167172.4	TRANSCRIPTION OF THE HIV GENOME%REACTOME%R-HSA-167172.4		61	0.1720626	0.55464685	1.0	1.0	1.0	3308	tags=21%, list=30%, signal=30%	
MITOCHONDRIAL RNA METABOLIC PROCESS%GOBP%GO:0000959	MITOCHONDRIAL RNA METABOLIC PROCESS%GOBP%GO:0000959		50	0.17526469	0.54928875	0.99834436	1.0	1.0	2432	tags=20%, list=22%, signal=26%	
ISOPRENOID BIOSYNTHETIC PROCESS%GOBP%GO:0008299	ISOPRENOID BIOSYNTHETIC PROCESS%GOBP%GO:0008299		15	0.22838299	0.54614383	0.9766187	1.0	1.0	1490	tags=13%, list=14%, signal=15%	
CILIUM-DEPENDENT CELL MOTILITY%GOBP%GO:0060285	CILIUM-DEPENDENT CELL MOTILITY%GOBP%GO:0060285		52	0.17213202	0.5419529	0.9966997	1.0	1.0	2482	tags=19%, list=23%, signal=25%	
POSITIVE REGULATION OF DNA BIOSYNTHETIC PROCESS%GOBP%GO:2000573	POSITIVE REGULATION OF DNA BIOSYNTHETIC PROCESS%GOBP%GO:2000573		34	0.18653817	0.5418533	0.9910873	1.0	1.0	3278	tags=29%, list=30%, signal=42%	
CENTROSOME DUPLICATION%GOBP%GO:0051298	CENTROSOME DUPLICATION%GOBP%GO:0051298		33	0.18680005	0.5400204	0.9905512	1.0	1.0	2609	tags=21%, list=24%, signal=28%	
TNF RELATED WEAK INDUCER OF APOPTOSIS TWEAK SIGNALING%WIKIPATHWAYS_20250810%WP2036%HOMO SAPIENS	TNF RELATED WEAK INDUCER OF APOPTOSIS TWEAK SIGNALING%WIKIPATHWAYS_20250810%WP2036%HOMO SAPIENS		31	0.18847466	0.5391046	0.99491525	1.0	1.0	3432	tags=29%, list=31%, signal=42%	
HALLMARK_NOTCH_SIGNALING%MSIGDBHALLMARK%HALLMARK_NOTCH_SIGNALING	HALLMARK_NOTCH_SIGNALING%MSIGDBHALLMARK%HALLMARK_NOTCH_SIGNALING		19	0.21062396	0.5385159	0.987034	1.0	1.0	1860	tags=16%, list=17%, signal=19%	
CILIUM OR FLAGELLUM-DEPENDENT CELL MOTILITY%GOBP%GO:0001539	CILIUM OR FLAGELLUM-DEPENDENT CELL MOTILITY%GOBP%GO:0001539		52	0.17213202	0.5356535	0.99835795	1.0	1.0	2482	tags=19%, list=23%, signal=25%	
BDNF TRKB SIGNALING%WIKIPATHWAYS_20250810%WP3676%HOMO SAPIENS	BDNF TRKB SIGNALING%WIKIPATHWAYS_20250810%WP3676%HOMO SAPIENS		21	0.20108867	0.5355169	0.9846678	1.0	1.0	1752	tags=14%, list=16%, signal=17%	
STRESS GRANULE ASSEMBLY%GOBP%GO:0034063	STRESS GRANULE ASSEMBLY%GOBP%GO:0034063		23	0.19990459	0.5330294	0.99674267	1.0	1.0	3151	tags=30%, list=29%, signal=43%	
RNA POLYMERASE II HIV PROMOTER ESCAPE%REACTOME%R-HSA-167162.5	RNA POLYMERASE II HIV PROMOTER ESCAPE%REACTOME%R-HSA-167162.5		39	0.17509446	0.5326289	0.99673736	1.0	1.0	3302	tags=21%, list=30%, signal=29%	
RNA POLYMERASE II TRANSCRIPTION INITIATION AND PROMOTER CLEARANCE%REACTOME%R-HSA-76042.5	RNA POLYMERASE II TRANSCRIPTION INITIATION AND PROMOTER CLEARANCE%REACTOME%R-HSA-76042.5		39	0.17509446	0.532273	0.99306756	1.0	1.0	3302	tags=21%, list=30%, signal=29%	
BIOCARTA_VEGF_PATHWAY%MSIGDB_C2%BIOCARTA_VEGF_PATHWAY	BIOCARTA_VEGF_PATHWAY%MSIGDB_C2%BIOCARTA_VEGF_PATHWAY		19	0.21002865	0.5316729	0.98284733	1.0	1.0	3536	tags=42%, list=32%, signal=62%	
HCMV INFECTION%REACTOME DATABASE ID RELEASE 93%9609646	HCMV INFECTION%REACTOME DATABASE ID RELEASE 93%9609646		85	0.15498672	0.52959204	1.0	1.0	1.0	2537	tags=20%, list=23%, signal=26%	
REGULATION OF INFLAMMASOME-MEDIATED SIGNALING PATHWAY%GOBP%GO:0141085	REGULATION OF INFLAMMASOME-MEDIATED SIGNALING PATHWAY%GOBP%GO:0141085		36	0.17912544	0.5280498	1.0	1.0	1.0	3012	tags=22%, list=27%, signal=31%	
RNA POLYMERASE II TRANSCRIPTION PRE-INITIATION AND PROMOTER OPENING%REACTOME%R-HSA-73779.4	RNA POLYMERASE II TRANSCRIPTION PRE-INITIATION AND PROMOTER OPENING%REACTOME%R-HSA-73779.4		39	0.17509446	0.5272914	0.99834436	1.0	1.0	3302	tags=21%, list=30%, signal=29%	
RNA POLYMERASE II TRANSCRIPTION INITIATION%REACTOME%R-HSA-75953.4	RNA POLYMERASE II TRANSCRIPTION INITIATION%REACTOME%R-HSA-75953.4		39	0.17509446	0.5268291	0.99655765	1.0	1.0	3302	tags=21%, list=30%, signal=29%	
RNA POLYMERASE II PROMOTER ESCAPE%REACTOME DATABASE ID RELEASE 93%73776	RNA POLYMERASE II PROMOTER ESCAPE%REACTOME DATABASE ID RELEASE 93%73776		39	0.17509446	0.52494967	0.9951535	1.0	1.0	3302	tags=21%, list=30%, signal=29%	
JNK (C-JUN KINASES) PHOSPHORYLATION AND ACTIVATION MEDIATED BY ACTIVATED HUMAN TAK1%REACTOME DATABASE ID RELEASE 93%450321	JNK (C-JUN KINASES) PHOSPHORYLATION AND ACTIVATION MEDIATED BY ACTIVATED HUMAN TAK1%REACTOME DATABASE ID RELEASE 93%450321		15	0.21461032	0.52374154	0.9895652	1.0	1.0	3549	tags=40%, list=32%, signal=59%	
PROTEIN LOCALIZATION TO SITE OF DOUBLE-STRAND BREAK%GOBP%GO:1990166	PROTEIN LOCALIZATION TO SITE OF DOUBLE-STRAND BREAK%GOBP%GO:1990166		15	0.21882266	0.52277774	0.9882155	1.0	1.0	3718	tags=40%, list=34%, signal=60%	
HIV TRANSCRIPTION INITIATION%REACTOME%R-HSA-167161.4	HIV TRANSCRIPTION INITIATION%REACTOME%R-HSA-167161.4		39	0.17509446	0.5212182	0.9967213	1.0	1.0	3302	tags=21%, list=30%, signal=29%	
PROCESSING OF CAPPED INTRONLESS PRE-MRNA%REACTOME DATABASE ID RELEASE 93%75067	PROCESSING OF CAPPED INTRONLESS PRE-MRNA%REACTOME DATABASE ID RELEASE 93%75067		28	0.18474586	0.52069587	0.99119717	1.0	1.0	2158	tags=18%, list=20%, signal=22%	
FORMATION OF WDR5-CONTAINING HISTONE-MODIFYING COMPLEXES%REACTOME%R-HSA-9772755.2	FORMATION OF WDR5-CONTAINING HISTONE-MODIFYING COMPLEXES%REACTOME%R-HSA-9772755.2		41	0.17175102	0.5195503	0.99835527	1.0	1.0	3213	tags=27%, list=29%, signal=38%	
MTOR SIGNALING PATHWAY%PATHWAY INTERACTION DATABASE NCI-NATURE CURATED DATA%MTOR SIGNALING PATHWAY	MTOR SIGNALING PATHWAY%PATHWAY INTERACTION DATABASE NCI-NATURE CURATED DATA%MTOR SIGNALING PATHWAY		63	0.15729752	0.5113386	0.99838185	1.0	1.0	2620	tags=17%, list=24%, signal=23%	
REGULATION OF DNA DAMAGE CHECKPOINT%GOBP%GO:2000001	REGULATION OF DNA DAMAGE CHECKPOINT%GOBP%GO:2000001		18	0.20095994	0.5111578	0.9931857	1.0	1.0	3576	tags=33%, list=33%, signal=49%	
TP53 REGULATES TRANSCRIPTION OF DNA REPAIR GENES%REACTOME%R-HSA-6796648.5	TP53 REGULATES TRANSCRIPTION OF DNA REPAIR GENES%REACTOME%R-HSA-6796648.5		58	0.15414925	0.50557625	1.0	1.0	1.0	3308	tags=24%, list=30%, signal=34%	
HEDGEHOG%NETPATH%HEDGEHOG	HEDGEHOG%NETPATH%HEDGEHOG		15	0.20671782	0.5037176	0.9843206	1.0	1.0	3194	tags=33%, list=29%, signal=47%	
ACTIVATION OF GENE EXPRESSION BY SREBF (SREBP)%REACTOME%R-HSA-2426168.5	ACTIVATION OF GENE EXPRESSION BY SREBF (SREBP)%REACTOME%R-HSA-2426168.5		38	0.16952547	0.4969255	0.998374	1.0	1.0	2833	tags=18%, list=26%, signal=25%	
NADH DEHYDROGENASE COMPLEX ASSEMBLY%GOBP%GO:0010257	NADH DEHYDROGENASE COMPLEX ASSEMBLY%GOBP%GO:0010257		37	0.16572236	0.49580282	1.0	1.0	1.0	3177	tags=32%, list=29%, signal=45%	
HEDGEHOG%IOB%HEDGEHOG	HEDGEHOG%IOB%HEDGEHOG		15	0.20671782	0.49048525	0.99276674	1.0	1.0	3194	tags=33%, list=29%, signal=47%	
MITOCHONDRIAL RESPIRATORY CHAIN COMPLEX I ASSEMBLY%GOBP%GO:0032981	MITOCHONDRIAL RESPIRATORY CHAIN COMPLEX I ASSEMBLY%GOBP%GO:0032981		37	0.16572236	0.49032825	1.0	1.0	1.0	3177	tags=32%, list=29%, signal=45%	
TRNA THREONYLCARBAMOYLADENOSINE METABOLIC PROCESS%GOBP%GO:0070525	TRNA THREONYLCARBAMOYLADENOSINE METABOLIC PROCESS%GOBP%GO:0070525		17	0.1903182	0.47623152	0.98761064	1.0	1.0	2295	tags=18%, list=21%, signal=22%	
REGULATION OF MECP2 EXPRESSION AND ACTIVITY%REACTOME%R-HSA-9022692.2	REGULATION OF MECP2 EXPRESSION AND ACTIVITY%REACTOME%R-HSA-9022692.2		24	0.17545252	0.47507456	0.99836063	1.0	1.0	3818	tags=42%, list=35%, signal=64%	
TRAIL%IOB%TRAIL	TRAIL%IOB%TRAIL		39	0.1591969	0.4726466	0.9984326	1.0	1.0	1578	tags=10%, list=14%, signal=12%	
REGULATION OF MITOCHONDRIAL GENE EXPRESSION%GOBP%GO:0062125	REGULATION OF MITOCHONDRIAL GENE EXPRESSION%GOBP%GO:0062125		28	0.16568856	0.4623263	0.99667776	1.0	1.0	2502	tags=18%, list=23%, signal=23%	
MELANOSOME LOCALIZATION%GOBP%GO:0032400	MELANOSOME LOCALIZATION%GOBP%GO:0032400		15	0.18645144	0.45764208	0.9930192	1.0	1.0	8937	tags=100%, list=81%, signal=536%	
ALCOHOL BIOSYNTHETIC PROCESS%GOBP%GO:0046165	ALCOHOL BIOSYNTHETIC PROCESS%GOBP%GO:0046165		52	0.14351983	0.45424184	1.0	1.0	1.0	2643	tags=21%, list=24%, signal=28%	
PIGMENT GRANULE LOCALIZATION%GOBP%GO:0051875	PIGMENT GRANULE LOCALIZATION%GOBP%GO:0051875		15	0.18645144	0.45336917	0.9913793	1.0	1.0	8937	tags=100%, list=81%, signal=536%	
REGULATION OF NUCLEAR-TRANSCRIBED MRNA CATABOLIC PROCESS, DEADENYLATION-DEPENDENT DECAY%GOBP%GO:1900151	REGULATION OF NUCLEAR-TRANSCRIBED MRNA CATABOLIC PROCESS, DEADENYLATION-DEPENDENT DECAY%GOBP%GO:1900151		23	0.16781604	0.45207104	0.9967533	1.0	1.0	1404	tags=9%, list=13%, signal=10%	
MYOBLAST DIFFERENTIATION%GOBP%GO:0045445	MYOBLAST DIFFERENTIATION%GOBP%GO:0045445		15	0.17963113	0.4411527	1.0	1.0	1.0	1724	tags=13%, list=16%, signal=16%	
POSITIVE REGULATION OF TRANSCRIPTION INITIATION BY RNA POLYMERASE II%GOBP%GO:0060261	POSITIVE REGULATION OF TRANSCRIPTION INITIATION BY RNA POLYMERASE II%GOBP%GO:0060261		47	0.13937202	0.43967065	1.0	1.0	1.0	4296	tags=36%, list=39%, signal=59%	
POSITIVE REGULATION OF MICROTUBULE POLYMERIZATION%GOBP%GO:0031116	POSITIVE REGULATION OF MICROTUBULE POLYMERIZATION%GOBP%GO:0031116		19	0.16814137	0.43317753	0.9947461	0.99997944	1.0	2999	tags=21%, list=27%, signal=29%	
CHOLESTEROL BIOSYNTHESIS%REACTOME DATABASE ID RELEASE 93%191273	CHOLESTEROL BIOSYNTHESIS%REACTOME DATABASE ID RELEASE 93%191273		23	0.15567067	0.418901	0.9982143	0.9999844	1.0	4332	tags=48%, list=39%, signal=79%	
PROCESSING OF INTRONLESS PRE-MRNAS%REACTOME%R-HSA-77595.4	PROCESSING OF INTRONLESS PRE-MRNAS%REACTOME%R-HSA-77595.4		19	0.1595647	0.40692496	1.0	0.9998833	1.0	2158	tags=16%, list=20%, signal=20%	
POSITIVE REGULATION OF MICROTUBULE POLYMERIZATION OR DEPOLYMERIZATION%GOBP%GO:0031112	POSITIVE REGULATION OF MICROTUBULE POLYMERIZATION OR DEPOLYMERIZATION%GOBP%GO:0031112		21	0.13715474	0.35543057	1.0	0.9999458	1.0	2999	tags=19%, list=27%, signal=26%	
